:10000000C81B0320C5220100DBDD0300B122010073
:10001000B1220100B1220100B1220100B122010090
:10002000000000000000000000000000FD220100B0
:10003000B122010000000000D1240100B122010022
:1000400055250100552501005525010055250100C4
:1000500055250100552501005525010055250100B4
:1000600055250100552501005525010055250100A4
:100070005525010055250100552501005525010094
:100080005525010055250100552501005525010084
:100090005525010055250100552501005525010074
:1000A0005525010055250100552501005525010064
:1000B0005525010055250100552501005525010054
:1000C0005525010055250100552501005525010044
:1000D0005525010055250100552501005525010034
:1000E0005525010055250100552501005525010024
:1000F0005525010055250100552501005525010014
:100100005525010055250100552501005525010003
:1001100055250100552501005525010055250100F3
:1001200055250100552501005525010055250100E3
:1001300055250100552501005525010055250100D3
:1001400055250100552501005525010055250100C3
:1001500055250100552501005525010055250100B3
:1001600055250100552501005525010055250100A3
:100170005525010055250100552501005525010093
:100180005525010055250100552501005525010083
:100190005525010055250100552501005525010073
:1001A0005525010055250100552501005525010063
:1001B0005525010055250100552501005525010053
:1001C0005525010055250100552501005525010043
:1001D0005525010055250100552501005525010033
:1001E0005525010055250100552501005525010023
:1001F0005525010055250100552501005525010013
:100200005525010055250100552501005525010002
:1002100055250100552501005525010055250100F2
:1002200055250100552501005525010055250100E2
:1002300055250100552501005525010055250100D2
:1002400055250100552501005525010055250100C2
:1002500055250100552501005525010055250100B2
:100260005525010055250100797102005525010031
:100270005525010055250100552501005525010092
:100280005525010055250100552501005525010082
:100290005525010055250100552501005525010072
:1002A0005525010055250100552501005525010062
:1002B0005525010055250100552501005525010052
:1002C0005525010055250100552501005525010042
:1002D0005525010055250100552501005525010032
:1002E0005525010055250100552501005525010022
:1002F0005525010055250100552501005525010012
:100300005525010055250100552501005525010001
:1003100055250100552501005525010055250100F1
:1003200055250100552501005525010055250100E1
:1003300055250100552501005525010055250100D1
:1003400055250100552501005525010055250100C1
:1003500055250100552501005525010055250100B1
:1003600055250100552501005525010055250100A1
:100370005525010055250100552501005525010091
:100380005525010055250100552501005525010081
:100390005525010055250100552501005525010071
:1003A0005525010055250100552501005525010061
:1003B0005525010055250100552501005525010051
:1003C0005525010055250100552501005525010041
:1003D0005525010055250100552501005525010031
:1003E0005525010055250100552501005525010021
:1003F0005525010055250100552501005525010011
:100400005525010055250100552501005525010000
:1004100055250100552501005525010055250100F0
:1004200055250100552501005525010055250100E0
:1004300055250100552501005525010055250100D0
:1004400055250100552501005525010055250100C0
:1004500055250100552501005525010055250100B0
:1004600055250100552501005525010055250100A0
:0C0470005525010055250100552501000F
:1004800081F0004102E000BF83F0004330B54FEA45
:1004900041044FEA430594EA050F08BF90EA020FB2
:1004A0001FBF54EA000C55EA020C7FEA645C7FEA45
:1004B000655C00F0E2804FEA5454D4EB5555B8BF68
:1004C0006D420CDD2C4480EA020281EA030382EAD9
:1004D000000083EA010180EA020281EA0303362D6B
:1004E00088BF30BD11F0004F4FEA01314FF4801C3E
:1004F0004CEA113102D0404261EB410113F0004F50
:100500004FEA03334CEA133302D0524263EB430306
:1005100094EA050F00F0A780A4F10104D5F1200EA4
:100520000DDB02FA0EFC22FA05F2801841F10001FF
:1005300003FA0EF2801843FA05F359410EE0A5F1D3
:1005400020050EF1200E012A03FA0EFC28BF4CF004
:10055000020C43FA05F3C01851EBE37101F00045BA
:1005600007D54FF0000EDCF1000C7EEB00006EEBC7
:100570000101B1F5801F1BD3B1F5001F0CD3490851
:100580005FEA30004FEA3C0C04F101044FEA4452A8
:1005900012F5800F80F09A80BCF1004F08BF5FEA2F
:1005A000500C50F1000041EB045141EA050130BD0F
:1005B0005FEA4C0C404141EB0101013C28BFB1F521
:1005C000801FE9D291F0000F04BF01460020B1FA6C
:1005D00081F308BF2033A3F10B03B3F120020CDA3F
:1005E0000C3208DD02F1140CC2F10C0201FA0CF01D
:1005F00021FA02F10CE002F11402D8BFC2F1200C82
:1006000001FA02F120FA0CFCDCBF41EA0C01904037
:10061000E41AA2BF01EB0451294330BD6FEA040480
:100620001F3C1CDA0C340EDC04F11404C4F120026B
:1006300020FA04F001FA02F340EA030021FA04F37D
:1006400045EA030130BDC4F10C04C4F1200220FAD4
:1006500002F001FA04F340EA0300294630BD21FA12
:1006600004F0294630BD94F0000F83F4801306BFD8
:1006700081F480110134013D4EE77FEA645C18BFCC
:100680007FEA655C29D094EA050F08BF90EA020F63
:1006900005D054EA000C04BF1946104630BD91EA5B
:1006A000030F1EBF0021002030BD5FEA545C05D15E
:1006B0004000494128BF41F0004130BD14F580049D
:1006C0003CBF01F5801130BD01F0004545F0FE4111
:1006D00041F470014FF0000030BD7FEA645C1ABF46
:1006E000194610467FEA655C1CBF0B46024650EA7D
:1006F000013406BF52EA033591EA030F41F40021A9
:1007000030BD00BF90F0000F04BF0021704730B52E
:100710004FF4806404F132044FF000054FF0000103
:1007200050E700BF90F0000F04BF0021704730B5C4
:100730004FF4806404F1320410F0004548BF404299
:100740004FF000013EE700BF42004FEAE2014FEAEE
:1007500031014FEA02701FBF12F07F4393F07F4FC9
:1007600081F06051704732F07F4208BF704793F0CC
:100770007F4F04BF41F40021704730B54FF46074DF
:1007800001F0004521F000411CE700BF50EA0102E2
:1007900008BF704730B54FF000050AE050EA01028B
:1007A00008BF704730B511F0004502D5404261EBFB
:1007B00041014FF4806404F132045FEA915C3FF43C
:1007C000D8AE4FF003025FEADC0C18BF03325FEAD9
:1007D000DC0C18BF033202EBDC02C2F1200300FA8A
:1007E00003FC20FA02F001FA03FE40EA0E0021FAAF
:1007F00002F11444BDE600BF70B54FF0FF0C4CF49D
:10080000E06C1CEA11541DBF1CEA135594EA0C0F4E
:1008100095EA0C0F00F0DEF82C4481EA030621EA89
:100820004C5123EA4C5350EA013518BF52EA0335C4
:1008300041F4801143F4801338D0A0FB02CE4FF076
:100840000005E1FB02E506F00042E0FB03E54FF0A6
:100850000006E1FB03569CF0000F18BF4EF0010E9E
:10086000A4F1FF04B6F5007F64F5407404D25FEA9A
:100870004E0E6D4146EB060642EAC62141EA55514D
:100880004FEAC52040EA5E504FEACE2EB4F1FD0C8F
:1008900088BFBCF5E06F1ED8BEF1004F08BF5FEA0D
:1008A000500E50F1000041EB045170BD06F00046BF
:1008B00046EA010140EA020081EA0301B4EB5C046C
:1008C000C2BFD4EB0C0541EA045170BD41F4801164
:1008D0004FF0000E013C00F3AB8014F1360FDEBF89
:1008E000002001F0004170BDC4F10004203C35DA65
:1008F0000C341BDC04F11404C4F1200500FA05F3E8
:1009000020FA04F001FA05F240EA020001F0004288
:1009100021F0004110EBD37021FA04F642EB0601FE
:100920005EEA430E08BF20EAD37070BDC4F10C0428
:10093000C4F1200500FA04F320FA05F001FA04F2EC
:1009400040EA020001F0004110EBD37041F10001D8
:100950005EEA430E08BF20EAD37070BDC4F12005E3
:1009600000FA05F24EEA020E20FA04F301FA05F24B
:1009700043EA020321FA04F001F0004121FA04F2F3
:1009800020EA020000EBD3705EEA430E08BF20EAC3
:10099000D37070BD94F0000F0FD101F000464000FD
:1009A00041EB010111F4801F08BF013CF7D041EA7F
:1009B000060195F0000F18BF704703F00046520083
:1009C00043EB030313F4801F08BF013DF7D043EA54
:1009D0000603704794EA0C0F0CEA135518BF95EA0A
:1009E0000C0F0CD050EA410618BF52EA4306D1D191
:1009F00081EA030101F000414FF0000070BD50EAB0
:100A0000410606BF1046194652EA430619D094EA39
:100A10000C0F02D150EA013613D195EA0C0F05D123
:100A200052EA03361CBF104619460AD181EA030177
:100A300001F0004141F0FE4141F470014FF000002F
:100A400070BD41F0FE4141F4780170BD70B54FF0CA
:100A5000FF0C4CF4E06C1CEA11541DBF1CEA13554A
:100A600094EA0C0F95EA0C0F00F0A7F8A4EB05042C
:100A700081EA030E52EA03354FEA013100F0888023
:100A80004FEA03334FF0805545EA131343EA1263EC
:100A90004FEA022245EA111545EA10654FEA0026A1
:100AA0000EF000419D4208BF964244F1FD0404F55A
:100AB000407402D25B084FEA3202B61A65EB0305B6
:100AC0005B084FEA32024FF480104FF4002CB6EB73
:100AD000020E75EB030E22BFB61A754640EA0C00F3
:100AE0005B084FEA3202B6EB020E75EB030E22BF33
:100AF000B61A754640EA5C005B084FEA3202B6EB74
:100B0000020E75EB030E22BFB61A754640EA9C0032
:100B10005B084FEA3202B6EB020E75EB030E22BF02
:100B2000B61A754640EADC0055EA060E18D04FEAC0
:100B3000051545EA16754FEA06164FEAC30343EA60
:100B400052734FEAC2025FEA1C1CC0D111F4801F2D
:100B50000BD141EA00014FF000004FF0004CB6E726
:100B600011F4801F04BF01430020B4F1FD0C88BFC5
:100B7000BCF5E06F3FF6AFAEB5EB030C04BFB6EBD0
:100B8000020C5FEA500C50F1000041EB045170BDC3
:100B90000EF0004E4EEA113114EB5C04C2BFD4EBF0
:100BA0000C0541EA045170BD41F480114FF0000E74
:100BB000013C90E645EA060E8DE60CEA135594EAF0
:100BC0000C0F08BF95EA0C0F3FF43BAF94EA0C0FF3
:100BD0000AD150EA01347FF434AF95EA0C0F7FF468
:100BE00025AF104619462CE795EA0C0F06D152EABC
:100BF00003353FF4FDAE1046194622E750EA4106A0
:100C000018BF52EA43067FF4C5AE50EA41047FF4B0
:100C10000DAF52EA43057FF4EBAE12E74FF0FF3C15
:100C200006E000BF4FF0010C02E000BF4FF0010CE6
:100C30004DF804CD4FEA410C7FEA6C5C4FEA430C5F
:100C400018BF7FEA6C5C1BD001B050EA410C0CBFAE
:100C500052EA430C91EA030F02BF90EA020F002010
:100C6000704710F1000F91EA030F58BF994208BF77
:100C700090422CBFD8176FEAE37040F00100704734
:100C80004FEA410C7FEA6C5C02D150EA013C07D18B
:100C90004FEA430C7FEA6C5CD6D152EA033CD3D0D6
:100CA0005DF8040B704700BF8446104662468C46D0
:100CB0001946634600E000BF01B5FFF7B7FF002803
:100CC00048BF10F1000F01BD4DF808EDFFF7F4FF2C
:100CD0000CBF012000205DF808FB00BF4DF808EDB7
:100CE000FFF7EAFF34BF012000205DF808FB00BFDA
:100CF0004DF808EDFFF7E0FF94BF012000205DF8FC
:100D000008FB00BF4DF808EDFFF7CEFF94BF0120B0
:100D100000205DF808FB00BF4DF808EDFFF7C4FFA9
:100D200034BF012000205DF808FB00BF4FEA4102FC
:100D300012F5001215D211D56FF47873B3EB62522D
:100D400012D94FEAC12343F0004343EA505311F054
:100D5000004F23FA02F018BF404270474FF00000E6
:100D6000704750EA013005D111F0004008BF6FF024
:100D7000004070474FF00000704700BF4FEA41024B
:100D8000B2F1E04324BFB3F5001CDCF1FE5C0DD9E9
:100D900001F0004C4FEAC0024CEA5070B2F1004F33
:100DA00040EB830008BF20F00100704711F0804F36
:100DB00021D113F13872BCBF01F00040704741F4FB
:100DC00080114FEA5252C2F11802C2F1200C10FAFF
:100DD0000CF320FA02F018BF40F001004FEAC123E3
:100DE0004FEAD32303FA0CFC40EA0C0023FA02F387
:100DF0004FEA4303CCE77FEA625307D150EA01335D
:100E00001EBF4FF0FE4040F44000704701F000402C
:100E100040F0FE4040F40000704700BF80F000400A
:100E200002E000BF81F0004142001FBF5FEA4103C2
:100E300092EA030F7FEA226C7FEA236C6AD04FEAC2
:100E40001262D2EB1363C1BFD21841404840414007
:100E5000B8BF5B42192B88BF704710F0004F40F4B9
:100E6000000020F07F4018BF404211F0004F41F4D5
:100E7000000121F07F4118BF494292EA030F3FD0A1
:100E8000A2F1010241FA03FC10EB0C00C3F12003B4
:100E900001FA03F100F0004302D5494260EB400043
:100EA000B0F5000F13D3B0F1807F06D340084FEAAE
:100EB000310102F10102FE2A51D2B1F1004F40EBA3
:100EC000C25008BF20F0010040EA0300704749000B
:100ED00040EB0000013A28BFB0F5000FEDD2B0FAA8
:100EE00080FCACF1080CB2EB0C0200FA0CF0AABFCB
:100EF00000EBC25052421843BCBFD0401843704769
:100F000092F0000F81F4000106BF80F4000001326E
:100F1000013BB5E74FEA41037FEA226C18BF7FEA45
:100F2000236C21D092EA030F04D092F0000F08BF87
:100F30000846704790EA010F1CBF0020704712F06E
:100F40007F4F04D1400028BF40F00040704712F1AD
:100F500000723CBF00F50000704700F0004343F012
:100F6000FE4040F4000070477FEA226216BF084648
:100F70007FEA23630146420206BF5FEA412390EA0B
:100F8000010F40F4800070474FF0000304E000BF01
:100F900010F0004348BF40425FEA000C08BF7047B2
:100FA00043F0964301464FF000001CE050EA010276
:100FB00008BF70474FF000030AE000BF50EA01028B
:100FC00008BF704711F0004302D5404261EB410178
:100FD0005FEA010C02BF84460146002043F0B6439D
:100FE00008BFA3F18053A3F50003BCFA8CF2083AC2
:100FF000A3EBC25310DB01FA02FC634400FA02FCCB
:10100000C2F12002BCF1004F20FA02F243EB0200D1
:1010100008BF20F00100704702F1200201FA02FC33
:10102000C2F1200250EA4C0021FA02F243EB020026
:1010300008BF20EADC7070474FF0FF0C1CEAD0526A
:101040001EBF1CEAD15392EA0C0F93EA0C0F6FD02B
:101050001A4480EA010C400218BF5FEA41211ED009
:101060004FF0006343EA501043EA5111A0FB0131F5
:101070000CF00040B1F5000F3EBF490041EAD371CA
:101080005B0040EA010062F17F02FD2A1DD8B3F146
:10109000004F40EBC25008BF20F00100704790F0B5
:1010A000000F0CF0004C08BF49024CEA502040EA07
:1010B00051207F3AC2BFD2F1FF0340EAC2507047CD
:1010C00040F400004FF00003013A5DDC12F1190F0B
:1010D000DCBF00F000407047C2F10002410021FA7D
:1010E00002F1C2F1200200FA02FC5FEA310040F195
:1010F000000053EA4C0308BF20EADC70704792F00E
:10110000000F00F0004C02BF400010F4000F013A45
:10111000F9D040EA0C0093F0000F01F0004C02BF40
:10112000490011F4000F013BF9D041EA0C018FE7AF
:101130000CEAD15392EA0C0F18BF93EA0C0F0AD0B5
:1011400030F0004C18BF31F0004CD8D180EA0100DB
:1011500000F00040704790F0000F17BF90F0004F74
:10116000084691F0000F91F0004F14D092EA0C0F56
:1011700001D142020FD193EA0C0F03D14B0218BFE9
:10118000084608D180EA010000F0004040F0FE402F
:1011900040F40000704740F0FE4040F440007047CB
:1011A0004FF0FF0C1CEAD0521EBF1CEAD15392EA4A
:1011B0000C0F93EA0C0F69D0A2EB030280EA010C3A
:1011C00049024FEA402037D04FF0805343EA1111D3
:1011D00043EA10130CF000408B4238BF5B0042F131
:1011E0007D024FF4000C8B4224BF5B1A40EA0C00D6
:1011F000B3EB510F24BFA3EB510340EA5C00B3EB08
:10120000910F24BFA3EB910340EA9C00B3EBD10FF5
:1012100024BFA3EBD10340EADC001B0118BF5FEA47
:101220001C1CE0D1FD2A3FF650AF8B4240EBC25070
:1012300008BF20F0010070470CF0004C4CEA502031
:101240007F32C2BFD2F1FF0340EAC250704740F480
:1012500000004FF00003013A37E792F0000F00F072
:10126000004C02BF400010F4000F013AF9D040EAF0
:101270000C0093F0000F01F0004C02BF490011F484
:10128000000F013BF9D041EA0C0195E70CEAD1537C
:1012900092EA0C0F08D142027FF47DAF93EA0C0F63
:1012A0007FF470AF084676E793EA0C0F04D14B0247
:1012B0003FF44CAF08466EE730F0004C18BF31F0F9
:1012C000004CCAD130F000427FF45CAF31F00043F3
:1012D0007FF43CAF5FE700BF4FF0FF3C06E000BF8C
:1012E0004FF0010C02E000BF4FF0010C4DF804CDAF
:1012F0004FEA40024FEA41037FEA226C18BF7FEABF
:10130000236C11D001B052EA530C18BF90EA010FC0
:1013100058BFB2EB030088BFC81738BF6FEAE1704F
:1013200018BF40F0010070477FEA226C02D15FEAEB
:10133000402C05D17FEA236CE4D15FEA412CE1D057
:101340005DF8040B704700BF844608466146FFE71E
:101350000FB5FFF7C9FF002848BF10F1000F0FBD00
:101360004DF808EDFFF7F4FF0CBF012000205DF8F9
:1013700008FB00BF4DF808EDFFF7EAFF34BF01207E
:1013800000205DF808FB00BF4DF808EDFFF7E0FF17
:1013900094BF012000205DF808FB00BF4DF808ED68
:1013A000FFF7D2FF94BF012000205DF808FB00BFCB
:1013B0004DF808EDFFF7C8FF34BF012000205DF8AD
:1013C00008FB00BF4FEA4002B2F1FE4F0FD34FF0CF
:1013D0009E03B3EB12620DD94FEA002343F00043A2
:1013E00010F0004F23FA02F018BF404270474FF050
:1013F0000000704712F1610F01D1420205D110F0D7
:10140000004008BF6FF0004070474FF00000704789
:1014100042000ED2B2F1FE4F0BD34FF09E03B3EB5E
:10142000126209D44FEA002343F0004323FA02F08A
:1014300070474FF00000704712F1610F01D1420276
:1014400002D14FF0FF3070474FF00000704700BFEF
:101450007BB972B90029BEBF00204FF0004106E001
:1014600008BF00281CBF6FF000414FF0FF3000F0B4
:1014700077B8ADF1080C6DE904CE002909DB002B2B
:101480001ADB00F0CFF8DDF804E0DDE9022304B058
:101490007047404261EB4101002B1BDB00F0C2F8BA
:1014A000DDF804E0DDE9022304B0404261EB4101D4
:1014B000524263EB43037047524263EB430300F035
:1014C000B1F8DDF804E0DDE9022304B0404261EB4D
:1014D00041017047524263EB430300F0A3F8DDF88B
:1014E00004E0DDE9022304B0524263EB430370479A
:1014F00053B94AB9002908BF00281CBF4FF0FF317B
:101500004FF0FF3000F02CB8ADF1080C6DE904CEBF
:1015100000F088F8DDF804E0DDE9022304B070474C
:10152000D0B5FFF711F900220B4B06460F46FFF727
:1015300063F900F017F80446FFF7E4F80022074BC0
:10154000FFF75AF902460B4630463946FEF79CFF34
:1015500000F008F82146D0BD0000F03D0000F04149
:10156000704700BF4A0011D212F5001211D20DD5FA
:101570006FF47873B3EB62520ED44FEAC12343F099
:10158000004343EA505323FA02F070474FF0000043
:10159000704750EA013002D14FF0FF3070474FF0F2
:1015A0000000704710F8012B11F8013B012A28BFF9
:1015B0009A42F7D0D01A7047034611F8012B03F86E
:1015C000012B002AF9D17047034613F8012B002A9A
:1015D000FBD1181A01387047430803F05533C01A7D
:1015E00000F03333800800F0333018444FF00133FB
:1015F00000EB101000F00F305843000E704710B58C
:1016000000210446FFF7B6FE20B92046BDE8104091
:10161000FFF786BF04F10040FFF782FF404261EB15
:10162000410110BD2DE9F0478C468E46089E1546B7
:1016300004461946002B40F0D080724547D9B2FAD3
:1016400082F74FB1C7F120030EFA07FCBD40BC4042
:1016500020FA03F343EA0C0C4FEA154EA8B2230C10
:10166000BCFBFEF80EFB18CC08FB00F943EA0C4368
:10167000994528D9EB1808F1FF3204D2994502D9CF
:10168000A8F102022B44A3EB0903A4B2B3FBFEFCB6
:101690000EFB1C330CFB00F044EA0344A04214D9B7
:1016A0002C190CF1FF3304D2A04202D9ACF1020391
:1016B0002C44241A43EA02401EB1FC40002334604B
:1016C0007360BDE8F0874246DDE76346F1E7002A34
:1016D00079D0B2FA82F3002B3FD01946C1F1200332
:1016E00002FA01F500FA01F42EFA03F20EFA01FEF5
:1016F00020FA03F3AFB243EA0E034FEA154EB2FBF2
:10170000FEFC0EFB1C201A0C0CFB07F842EA004200
:1017100090455AD9AA180CF1FF3004D2904502D94D
:10172000ACF102002A44A2EB08029BB2B2FBFEFC21
:101730000EFB1C220CFB07F743EA02439F4246D9EB
:10174000EB180CF1FF3204D29F4202D9ACF1020235
:101750002B44DB1B42EA004202E0AEEB0203012213
:101760004FEA154EAFB2200CB3FBFEFC0EFB1C3350
:101770000CFB07F840EA034398452AD9EB180CF113
:10178000FF3004D2984502D9ACF102002B44A3EB00
:101790000803A4B2B3FBFEFC0EFB1C330CFB07F7E3
:1017A00044EA0344A74216D92C190CF1FF3304D2A2
:1017B000A74202D9ACF102032C44E41B43EA0040E7
:1017C0000F46114678E71F2188E76046ABE762467F
:1017D000BFE76046DBE76346EFE7734506D916B916
:1017E000002108466DE7C6E9000EF9E7B3FA83F772
:1017F00087B9734501D3824207D8841A6EEB03037D
:1018000001209C461EB900215BE73846FAE7C6E98D
:10181000004CF8E7C7F1200CBB4000FA07F422FAAD
:101820000CF520FA0CF1BA401D432EFA0CF30EFA17
:1018300007FE4FEA154941EA0E011FFA85FEB3FB88
:10184000F9F809FB18300B0C08FB0EFA43EA0043C9
:101850009A4540D9EB1808F1FF3004D29A4502D9D5
:10186000A8F102002B44A3EB0A0389B2B3FBF9F8F9
:1018700009FB183308FB0EFE41EA03418E452CD9C3
:10188000691808F1FF3304D28E4502D9A8F102038A
:10189000294443EA0040A1EB0E01A0FB0298414518
:1018A000CE46434602D306D14C4504D20138B9EBAB
:1018B000020E68EB0503002EA5D0B4EB0E0261EB1F
:1018C000030101FA0CFC22FA07F3F9404CEA030386
:1018D000C6E9003197E74046C5E74346D9E700002F
:1018E00070B592B00C4638F018FD30B920462A4940
:1018F00012B0BDE87040FFF75FBE07A838F023FDC7
:101900009DF81C300AA8022B96BF244A244D52F899
:10191000235038F010FDBDF81E6008B3DDE90C015E
:10192000FEF73CFF1AA3D3E90023FFF78FF8CDE9B8
:101930000401DDE90A01FEF731FF15A3D3E9002315
:10194000FFF784F8089BCDE90201CDE900634FF46D
:1019500080712B462046134A35F0ACF912B070BDA9
:10196000099B4BB1CDE900634FF480712B462046B3
:101970000D4A35F09FF9F1E72B464FF48071204670
:101980000A4A009635F096F9E8E700BFAFF3008009
:101990000000000065CDCD4195C904009C8E040077
:1019A00076E10400A1C70400D3C70400F7C7040010
:1019B0002DE9F04F8DB002AFD7E91456012D9246B4
:1019C00076F10002804689469B4630DBC7F804D09A
:1019D00088B002AC644904F1140038F04FFF0222D1
:1019E00007F1080104F11800C7E9025638F01DFF9D
:1019F00004232246BB6042F8103F00234FF40351FA
:101A00005A480FF03BF92946D7F804D0584838F027
:101A100037FC01200EF010F9564BD3E8EF2FC3E846
:101A2000E15F0029F9D14FF4007005F0DBFF524C63
:101A30004246D4E950014B46FFF746F938B1D4E9A4
:101A4000520152465B46FFF73FF9002866D14946EE
:101A5000C4E95089C4E952AB4046FFF767F95946DB
:101A600006465046FFF762F9C7F804D08AB005462B
:101A700002AC424904F1140038F000FF012207F1E2
:101A8000080104F11800BE6038F0CFFE3046FEF7C2
:101A900049FE02460B4640464946FEF7F5FC30A398
:101AA000D3E90023FEF7A8FEFFF740F90028B8BFEE
:101AB0004042012207F10801B86004F11C0038F02F
:101AC000B4FE04F12000BD6038F0AFFE2846FEF7FA
:101AD00029FE02460B4650465946FEF7D5FC20A388
:101AE000D3E90023FEF788FEFFF720F90028B8BFEE
:101AF0004042B860012207F1080104F1240038F0E7
:101B000094FE06232246BB6042F8103F00234FF4A8
:101B1000435116480FF0B2F8D7F804D007F1080087
:101B200038F0FFFB0022164B50465946FEF764FE84
:101B3000FFF7FCF800220446114B40464946FEF7E9
:101B40005BFEFFF7F3F8BB69397F02460093012083
:101B500023460DF0E3FF2C37BD46BDE8F08F00BFF4
:101B60000000000080842E41D9CA0400A88304002C
:101B7000606802208068022068700120F5CA0400B5
:101B800000408F400000000030B50D46194640F27D
:101B900001138FB00446CDE90135104610A3D3E9F7
:101BA0000023FEF729FEFFF7C1F80DA3D3E90023B8
:101BB0000390DDE91201FEF71FFEFFF7B7F80023DF
:101BC000049006A901A8059338F0D4FB06AA0346A1
:101BD00004F50171204637F085FB0FB030BD00BF22
:101BE0000000000080842E412DE9F04F00F5B03751
:101BF000D7F88C020C4616469BB000B180474FF0D8
:101C00000A087423B0FBF8F001256370B207C0F333
:101C100007232570A370E07040F1CF8038F07BFB84
:101C2000002800F0978008A838F085FB002800F015
:101C30009180DDE908018823854A257163710023BD
:101C4000FFF706FC00230546DDE90A01804AFFF79D
:101C5000FFFB0C9BC5F3074C93FBF8F3C5F3072779
:101C6000C0F30748C0F3072EC3F30742C3F30721AD
:101C7000EDB2C0B2DBB225720F2584F806C0E77161
:101C800084F8098084F80AE0E07222736173A37318
:101C9000730753D503A805F0EBF800283AD19DF857
:101CA0001C30002B00F08B800123635567236619DD
:101CB000684903987370FFF7BFF9FFF783FBEB1CCC
:101CC000C0F30722B2700435E0549DF81D306BB1AB
:101CD0000123682204996355631908465A70FFF777
:101CE000A3F8FFF795FBAE1CA05503359DF81E30F9
:101CF00083B10123635573236619737055490598A1
:101D0000FFF79AF9FFF784FBEB1CC0F30722B270D0
:101D10000435E05438F024FB80B108A838F022FBE9
:101D2000814658B94FF0020874224FF0750A4FF0FF
:101D3000800B9DF8603008AF4B454CDC38F0EBFA77
:101D400020B138F0EAFA08B138F0FCFA28461BB0A6
:101D5000BDE8F08F0022D7E950010023FEF7B4FF61
:101D600030B1D7E9520100220023FEF7ADFF20BBBE
:101D70000123237188236371D7E9500132A3D3E98A
:101D80000023FEF739FDFEF7D1FF2FA3D3E900238F
:101D90000546D7E95201FEF72FFDFEF7C7FF0022E7
:101DA000C5F3074CC5F30727C0F30748C0F3072E58
:101DB00011461346EDB2C0B25DE7042568E79DF811
:101DC0001F30002B81D001236355672366192149F9
:101DD000069873706FE7397B89B3661904F805803C
:101DE0001D49727038680193FFF726F9FFF710FB61
:101DF000C0F30721B170F070184986F80480786844
:101E000086F805A0FFF718F9FFF702FBC0F30721DA
:101E1000B171F07186F80880B86886F809B0FFF7EC
:101E2000F7FA742205F10B01C0F3072C08F1010841
:101E3000019B86F80AC00C3560545FFA88F809F1F6
:101E40000109103778E700BF000000000088C34098
:101E5000A0860100000020410000C84200007A4432
:101E60002DE9F04FE1B004460D46164604AF002AB6
:101E70004ED03AF042FC8146002840F0E08095F8D0
:101E8000008008F1FF33402B42D8DFE813F0470011
:101E90009C032804DA00D105E6055204A9043301A5
:101EA0006604CC043605D5015105B8013A034D034B
:101EB0008F03BC064F0272062406930625086D08A0
:101EC0009008CC08FA080309E401F6010F02200784
:101ED00044076307B3070007D3060C09E7093B0A69
:101EE000C009460641004100410041004100410057
:101EF0004D09A006790941009B0A2F0B7D02130CA6
:101F0000420B5C0B7F0BA30BB30BCC0A020B5B0CDD
:101F1000002007F5BA77BD46BDE8F08F072E01D83F
:101F200006217CE14FF0000804F5B03504F50033DC
:101F300085F8988204F5043683F8BC8FD6F8080734
:101F400018B13AF00BFDC6F808870023C6F80C3725
:101F5000C6F810370123204686F8F6393AF09EFB82
:101F600040F20513A7F8B83095F8643107F1BC06C4
:101F700087F8BA30162304F5097C87F8BB3004F5DE
:101F80000173324618685968083303C26345164620
:101F9000F7D1D5E95201CCA3D3E90023FEF72CFCFD
:101FA000FEF7C4FEC8A3D3E900230646D5E95001D5
:101FB000FEF722FCFEF7BAFE95F88F3195F8302235
:101FC00087F8E43095F8A031C7E9370687F8E5309F
:101FD00095F82F32D5F860019B0043EA021395F87B
:101FE0002E22BB49134387F8E63095F82D3205F5CC
:101FF0008E7587F8E730FFF71FF8FFF709FAB44945
:10200000C7F8E800686FFFF717F8FFF701FAB5F8AF
:1020100070301F21C7F8EC002846A7F8F03044F0D4
:10202000DBFE06460246294607F1F20044F04CFE6C
:1020300006F13A0207F1B801204639F0ADFE012061
:1020400067E704F5B03898F898320BB10421E6E060
:10205000042E3CD9681C39F0EBFCC8F8AC0204F53E
:10206000A032D2F8942BC8F8A02298F8762232B188
:1020700004F50433D3F83039003B18BF01230025A1
:102080002E4688F8A432D8F8A032AB4221DC0222D6
:1020900098F8A43287F8B82033441A0A87F8BA208F
:1020A0001A0C87F8B93087F8BB201B0E0522204692
:1020B00007F1B80187F8BC3039F06EFE0023C8F88C
:1020C0009C32C8F8A832012388F89832B7E718463E
:1020D000C3E707F1B80036F000FF2946204607F1B4
:1020E000B80239F065FB18B197F8F83003B1013642
:1020F0000135C8E7872E7FF613AF6B1C19462022E7
:102100002046994639F08BFA804607F1B80036F040
:10211000E4FE4B4607F1B80C05F1210E6246186843
:102120005968083303C273459446F7D195F82130B6
:1021300007F1FC0C87F8F83095F8223005F1640EB1
:1021400087F8F93095F8233087F8FA3005F1240341
:10215000624618685968083303C273459446F7D13C
:1021600007F1D80C05F1840E6246186859680833E7
:1021700003C273459446F7D10022184687F8F7202A
:1021800039F056FCC7E95122C7F83C01A06E03683C
:102190001B6898478F2EC7F8400113D905F18800B6
:1021A00039F046FCC7F8440105F18C0039F040FCD9
:1021B000932EC7F8480105D905F1900039F038FC95
:1021C000C7F840010023C7F84C3187F8FB30B8F15D
:1021D000000F0BD0B8224046B91844F075FD2046D8
:1021E00039F09DFD204639F0E8FD28E7204607F14B
:1021F000B80139F031FA0028F1D103210FE0202E87
:102200007FF68EAE013529462022204639F007FAA6
:10221000014618B1204639F033FA20B90221204690
:1022200039F0D6FD0BE704F5B03320222946D3F868
:10223000800238F020FDD2E7202E7FF671AE691CB7
:102240002022204639F0EBF901460028E6D020464E
:1022500039F0E1F9C3E7202E7FF662AE691C202237
:10226000204639F0DCF901460028D7D0032207F1D7
:10227000B80039F083FE0246DCE6012E3FF450AE92
:102280006B78272B3FF64CAEA06D03681B68984710
:10229000204639F00CFF2046697839F0BFFE00284F
:1022A0003FF4D4AE204639F002FFC8E6012E3FF4D9
:1022B00037AE95F80180B8F1270F3FF631AE412EC9
:1022C00008D90121ABE700BF0000000080842E4147
:1022D00000007A44312E7FF623AEAE1C07F1D903FD
:1022E00005F1220256F8041B964243F8041BF9D16B
:1022F0000021102207F1C90087F8F810323544F0A8
:1023000009FD07F1B90356F8042BAE4243F8042B3C
:10231000F9D14146204607F1B80208F013FA002827
:102320003FF47CAF204639F00FFD5BE70C2304F54A
:10233000B035D5F88C0287F8B83000B1804787F8FF
:10234000B900000A87F8BA00D5F8800207F08EFEBF
:10235000030A87F8BB0087F8BC30030C000E87F82F
:10236000BE00D5F8800287F8BD3007F09BFE030A57
:1023700087F8C030030C87F8BF0087F8C130000E23
:102380000B2287F8C20055E6012E3FF4C9AD6B78E9
:102390004BBB1823A7F8B83004F5B033D3F88C0240
:1023A00000B18047A7F8BA00A06D03681B68984782
:1023B0004FF47A73B0FBF3F0002387F8BF30B4F822
:1023C0006030A7F8BC00E56D000C87F8BE00A7F8E8
:1023D000C0302B68A06D1E6903681B6898470146D2
:1023E0002846B047CCE7012B36D14FF48C73606D93
:1023F000A7F8B8300368DB699847A7F8BA00606DA2
:1024000003689B6B9847FEF7DDFF87F8BC00606DA3
:102410000368DB6B98474FF08141FEF70DFEFEF736
:10242000D1FF4FF47A7163690022B3FBF1F3A7F88F
:10243000BE301B0C87F8C030A36987F8C120B3FBFE
:10244000F1F3A7F8C2301B0C87F8C52087F8BD0050
:102450000E2287F8C430EDE5022B7FF461AD4FF416
:102460000673626CA7F8B830A36CE06B9D18216C02
:10247000A7F8BA504FEA15492D0E87F8BD504518F8
:1024800087F8BC90A7F8BE504FEA15492D0E87F883
:10249000C150050C000E87F8C500080C090E87F81E
:1024A000C910B4F83C80110CB4F840E0B4F844C052
:1024B000B4F84860120E87F8C80087F8CD20606D28
:1024C0001A0C1B0E87F8D02087F8C090A7F8C2809E
:1024D00087F8C450A7F8C6E0A7F8CAC087F8CC10A0
:1024E000A7F8CE6087F8D1300368DB6D9847030CFE
:1024F000A7F8D200000E1E2287F8D43087F8D50046
:1025000098E5202E7FF60CAD691C2022204639F07C
:1025100086F8014600283FF481AE204638F035FFAA
:1025200000283FF47BAE5DE6202E29D804F5B030BC
:1025300090F8A03100F58E71C3B9204638F020FD27
:10254000054600283FF459AE037807F1B90143F07E
:10255000010303700B2387F8B83037F0C2F9064641
:102560002946204636F03CFB721C63E5D0E9522335
:10257000CDE90023D0E950232046FFF705FBDFE734
:10258000691C2022204639F04AF8014600283FF411
:1025900045AE0B23204607F1B90287F8B83038F072
:1025A00017FF00283FF452AD421C43E5622E7FF630
:1025B000B7AC721E2046D2B2691C38F012FF002858
:1025C0003FF4AEAC0BE60D2E40F28280A6F10D0278
:1025D000E81C39F02DFAA02A28BFA0224FF0000BEA
:1025E00007F1140605F10D017860304695F8019069
:1025F00095F802A03A6044F067FB3A68E91D06F8D6
:1026000002B02046062239F00AF80546002854D0C8
:10261000B9F1010F51D807F10C0807F11009C8F8FA
:1026200000B02ED1A06E38F049FC53460246294630
:102630002046CDE9006938F033FE064600283FF415
:10264000DCADD8F800309BB107F1B80036F045FC9E
:102650004FF0000A04F5A03BDBF8943B53451ADC2D
:102660004FF0FF3A52462046D8F8001039F0A3FD4B
:10267000D9F80030D8F80020F1B2204639F0B5FB87
:10268000DDE4CDE9018900960146534620467A688B
:1026900007F0A6FFD1E75146204607F1B80239F00E
:1026A00087F838B12022294607F1B80044F041FBF1
:1026B0000028D7D00AF1010ACEE702214B46CE4AC4
:1026C000CE483BF021F8002D0CBF41460121A6E584
:1026D0003346CB4A0221C9483BF016F820E4072EC6
:1026E0007FF61EAC95F80190B9F1000F7FF4E9ADCB
:1026F000E81C39F09DF9A978804607F1B802204618
:1027000039F02FF800283FF489AD073E073504F56E
:10271000B03341462046CDF808900196009503F568
:102720008E7307F1B80207F0BFFF00283FF48EACAC
:1027300058E5012E07D095F8019009F1FF35D5F144
:10274000000949EB0509236849462046D3F8F830CB
:10275000984700283FF451AD44E504F5003696F85B
:10276000BC3F4BB1204639F013FD0023B6F8B80F3B
:1027700086F8BC3F0DF096F907F114084246204652
:1027800007F1B80139F0E7FC054660B120467A69E7
:1027900007F1B80139F000FB00283FF450AC0123E9
:1027A00086F8BC3F4BE40A230122204607F11001C2
:1027B0003B7439F0F1FA00283FF441AC0CF052FEC2
:1027C00004F5043383F8F659D6F8B83F002B7FF7A9
:1027D00036AC2B462A468321204639F025FB2EE4D1
:1027E000012E3FF4FFAC013E1F2E28BF1F2604F52B
:1027F000B03808F58E793246691C484644F064FAD0
:102800000023264406F5B03686F81C31D8F880023D
:1028100008F58C7106F068FE48460CF001FE204673
:1028200039F02CFFDEE40A2E7FF67AAB681C39F013
:10283000FFF80B2E034656D0EE7A002E53D0714A85
:1028400090427FF66DAB013290420AD06E4A9042C0
:102850007FF666AB0132904203D06C4A90427FF41F
:102860005FAB681D39F0E4F86949A0F5DA52183A0F
:102870008A4280463FF654AB95F809A0AAF10502BA
:10288000072A3FF64DAB95F80A90A9F10502032AF5
:102890003FF646AB1846FEF777FB5E49FEF780FC35
:1028A00004F5B035C5F860014046FEF76DFB5949A7
:1028B000FEF776FC85F88CA1C5F8900185F88D911E
:1028C000D5F8800285F83A6205F58C7106F00CFEA9
:1028D000D5F8903203B19847032133464E4A474812
:1028E0003AF012FF7EE44D49A3F51232A2F5F872D8
:1028F0008A423FF615AB0026B3E7012E3FF410AB3A
:102900006A7802F10903DBB21F2B3FF609AB04F52D
:10291000B035D5F8800285F8642105F58C7106F094
:10292000E3FDD5F89032002B3FF45CAC984759E4B6
:10293000082E7FF6F5AA681C39F07AF8384B394A28
:102940000344934206463FF6EBAA681D39F070F83F
:10295000354B05469842FFF6E3AA90423FF7E0AABE
:102960003046FDF7DFFE22A3D3E90023FEF76EF821
:1029700004F5B038C8E950012846FDF7D3FE1CA382
:10298000D3E90023FEF762F8C8E95201D8F88002C3
:1029900008F58C7106F0A8FD98F8A091E8468AB079
:1029A00004AA224902F1140039F0DBF807F1B8015A
:1029B0004046C7F8B86039F0D1F802F11C00C7F8FA
:1029C000B85039F0CBF802F12000C7F8B89039F0D0
:1029D000C5F80523C7F8B83042F8103F00234FF47C
:1029E000235106480EF04AF9C546FFF7FBBB00BF6E
:1029F0000000000080842E414ADB04008083040034
:102A000089DB0400679B060076440D00F0010E0090
:102A1000C885070000007A44BDDB0400B0DB23005A
:102A2000804A5D050095BA0A006B45F5E0DB0400BD
:102A30000923A06E87F8B83003681B689847030A1B
:102A400087F8B90087F8BA30030C000E052287F822
:102A5000BB3087F8BC00FFF7EDBA042E7FF660AA02
:102A600037F067FC38B1204639F0A7F9204639F035
:102A700015FEFFF7E4BA681C38F0DAFF0546A06ED1
:102A800003681B689847A8423FF64AAAA06E2946E9
:102A900003685B68984702200DF0CEF8284637F0AF
:102AA00066FE40F0EDFF4FF47A75A0FB050647F691
:102AB0001222002305FB0161FEF71AFD4FF47A7222
:102AC0000023FEF7C5FC014604F5053000F54E7005
:102AD00037F0EAFDC7E7012E3FF422AA6A7804F531
:102AE000043383F8F828B74B04F5B035B64AC7F875
:102AF000B830D5F83432B549002B08BF134607F17A
:102B0000C0004822C7F8BC3044F0DEF8B5F83A32CD
:102B10005222A7F80831FFF78DBA172304F5B03514
:102B2000AB49D5F8680187F8B830FEF785FAFEF7AB
:102B30006FFC030A87F8B90087F8BA30030C000E5F
:102B4000A34987F8BC00D5F8180187F8BB30FEF719
:102B500073FAFEF75DFC030A87F8BD0087F8BE3004
:102B6000030C000E092287F8BF3087F8C000FFF77A
:102B700061BA082E7FF6D4A9681C38F059FFFEF719
:102B800003FA9349FEF70CFB04F5B036C6F868016A
:102B9000681D38F04DFFFEF7F7F98D49FEF700FB91
:102BA000C6F81801D6F8800206F58C7106F09CFC78
:102BB000FFF718BB0E23402207F1B90104F501709D
:102BC00087F8B83036F0EDF94122FFF733BA052E19
:102BD0007FF6A6A905227F49681C44F0AAF80028C0
:102BE0007FF49EA97C4803217C4A3AF084FD04F5D9
:102BF000B033D3F8800206F0B3FB204639F0DDF89D
:102C000001200DF09BFC062E7FF68AA9062274494E
:102C1000681C44F08EF800287FF482A90321714AD1
:102C20006D483AF068FD204639F0A0F8204639F0AA
:102C3000AAF8E2E7012E3FF4D5AA6B7804F5B03884
:102C4000022E88F82D321DD0AB78032E03F003033B
:102C500088F82E32AB78C3F3810388F82F32AB7833
:102C6000C3F3011388F830320CD0EB7888F8A03128
:102C700003215D4A58483AF047FD042E02D02B79D3
:102C800088F88F31D8F8800208F58C718EE7042E11
:102C90007FF646A9D5F8015035B1544AA5F5C3339E
:102CA000A03B93423FF63CA904F5B036D6F880022B
:102CB000C6F8345206F58C7106F016FCD6F894323C
:102CC000002B3FF48FAA28469847FFF78BBA04F5EC
:102CD0000435D5F8080720B139F040FE0023C5F8C7
:102CE000083700264FF40050C5F80C67C5F8106788
:102CF00039F032FEC5F8080700283FF4A7A94FF4C1
:102D00000053C5F810373A4B0622C7F8B830A7F879
:102D1000BC60FFF78FB904F50438D8F8080700281D
:102D20003FF494A9012E3FF491A9D8F80C37D8F8B4
:102D30001027013EF11891423FF65FAA184432462F
:102D4000691C43F0C1FFD8F80C373344C8F80C377E
:102D5000FFF748BA04F50435D5F80827002A3FF4F0
:102D600075A9D5F80C37002B3FF470A907F11401B1
:102D700004F5017036F039F9142307F1B90687F824
:102D8000B83007F1540CFB181A4603CA624530608C
:102D90007160134606F10806F6D14122204607F17C
:102DA000B80138F0F9FFD5F8080708B139F0D6FDB9
:102DB0000023C5F80837C5F80C37C5F81037FFF7FA
:102DC0003EB900BF0D0DE12840E20100F08404008F
:102DD00000007A4449290500808304000BDC0400CC
:102DE000E0DD040023DC040034DC04009FBB0D00A4
:102DF00013000020A6F10B03B12B54D86B7A0A3EC6
:102E00005FFA86F903F0030149FA01FABAF1400FBB
:102E10003FF786A801228A40013A12EA09067FF4A8
:102E20007FA8681C38F004FE8046681D38F000FE5C
:102E300041460246204636F0D9FC834600283FF43E
:102E4000DCA9014605F10A024B462046009636F001
:102E500080FB9BF80430606DBBF8021019440368D6
:102E600002319B68984723680146D3F8C0305FFA67
:102E70008AF2204698470623A7F8B8304FEA18434D
:102E8000A7F8BA8087F8BC304FEA1868030CA7F897
:102E9000BE00000E0A2287F8BD8087F8C03087F890
:102EA000C100FFF7C7B8082E7FF69CA9681C38F050
:102EB000BFFD0146681D38F0BBFD002302462046D9
:102EC00036F094FC014600283FF4C0A800222046BA
:102ED00036F082FBFFF786B9402E7FF621A8013538
:102EE000284601F011FD00283FF41AA807F1B800A8
:102EF00036F005F82946402207F1B80004F5B03550
:102F000036F025F8D5F8800207F1B80106F0AAFAE4
:102F100000283FF49BA895F87682B8F1000F02D004
:102F2000204639F0E2FB0026602207F1B80104F5E3
:102F3000017043F0C9FE204608F0D2FE04F50433C8
:102F4000C3F83069B8F1000F02D0204639F096FB83
:102F500004F5A033C3F8946BD5F8800205F58A71A7
:102F600006F0B4FDFFF73EB9052E7EF6D9AF95F910
:102F7000013095F80180002BFFF6A3A908F10503A5
:102F8000B342BFF69EA908F10201721A20462944F5
:102F900036F017FC014600283FF42FA900232046F5
:102FA0000093AA1C434636F0D4FAFFF71BB9202E33
:102FB0007EF6B6AF691C2022204638F030FB213E59
:102FC0003F2E28BF3F2605F12101804600253246CD
:102FD00007F1B80043F078FE06F5B47307F1080274
:102FE0009E1806F8B85CB8F1000F3FF417A907F176
:102FF000140633464146204607F1B80238F018FA65
:1030000000283FF4FAA804F50432C2F82457C2F8A5
:103010002057C2F81C57C2F818577B69D2F81427FA
:10302000C1B2FFF72ABB202E7EF67AAF691C2022A0
:10303000204638F0F4FA054600283FF4EFA807F1DF
:10304000B80307F1140601460093012233462046D7
:1030500038F0AAFA00283EF4F9AF002204F5043350
:10306000C3F81827C3F82427C3F82027C3F81C2760
:10307000C3F814272A68C3F81827D7F8B8307A6934
:10308000CEE7202E7EF64CAF2046691C38F00CFCB3
:10309000FFF746BA202E7FF6A5A82046691C38F017
:1030A000E1FBFFF79FB8042E14D18B23A7F8B830AB
:1030B000D4F804320722C7F8BA30B4F808322046F0
:1030C00007F1C001A7F8BE30FEF78EFD00F108023F
:1030D000FEF7B0BF232E7EF623AF291D2022204607
:1030E00038F09DFA014600283FF498A807F1B8038C
:1030F00007F11406009303223346204638F054FAB1
:1031000000283EF4A3AF002204F50435C5F82427B7
:10311000C5F82027C5F81827C5F814277A69C5F817
:103120001C27D7F8B8307BE7212E7EF6F9AE691C54
:103130002022204638F073FA014600283FF46EA89A
:10314000A6F1210307F1B80207F114060192204607
:103150000096DBB205F1210238F0F1F900283EF4C7
:1031600075AF002204F50433C3F82027C3F81C27E9
:10317000C3F81827C3F814277A69C3F82427D0E7BF
:10318000212E7EF6CDAE6E78002E7EF4C9AEA91C3F
:103190002022204638F043FA054600283FF43EA896
:1031A0004FF60363606EA7F8B830A7F8BA6087F8E7
:1031B000BC60036804221B6807F1BD019847FF2328
:1031C00007F1140807F1100995F842A0294685F87F
:1031D000423020460923CDF80480CDF8009007F155
:1031E000B80238F0ACF985F842A000283EF42EAFC2
:1031F0003A6904F50433C3F82467C3F81C67C3F8BD
:103200001867C3F81467C3F820277B6908E7082EFE
:103210007EF686AE07222046A91C39F0DCFA00288B
:103220003EF4FCAF162387F8B830836A00F12C0116
:103230001A0A87F8B93087F8BA201A0C1B0E87F8DB
:10324000BB2087F8BC30C379402207F1BE0087F865
:10325000BD3036F0F2FA821DFEF7ECBE152387F87A
:10326000B83037F058F870B337F057F83F210346BD
:10327000BD4A07F1B90033F01DFD07F1BE0537F077
:1032800054F807F1F806034610B3A6EB0508B9F1A8
:10329000000F07D1B8F1000F04D02C2208F1FF383D
:1032A00005F8012B41462846B04A33F003FD0028BB
:1032B0000EDD40450CD20544761B6EB12C23013E39
:1032C00005F8013B08E04FF0010907F1B905D6E721
:1032D000761BB9F1000FF0D004F5B03393F8283223
:1032E0003146003B18BF01232846A14A33F0E2FCD7
:1032F000002802DDB04238BF2D1807F1B8016A1A64
:10330000FEF79ABE032E7EF60BAE013E3F2E28BF7F
:103310003F264FF000083246691C07F1B80043F021
:10332000D3FC06F5B47307F108029E183A2106F89B
:10333000B88C07F1B80043F00CFD054600283EF4B8
:10334000EFAD80F800808B4907F1B800FEF72AF94D
:1033500080B96D78A5F1310045424541284636F0E7
:10336000DFFF04F5B03383F89A51D3F8800203F5F8
:103370008C711BE4804907F1B800FEF713F978B9A6
:10338000681C43F0D2FC7D4B421E9A4205463EF635
:10339000C7AD36F0CDFF04F5B033C3F89C51E4E778
:1033A000774907F1B800FEF7FDF800287EF4B8ADC4
:1033B0006A7804F5B033A2F131014A424A4183F8F8
:1033C0002822D2E7012E3EF4ABAD6978C1B904F5ED
:1033D0000630112E00F1F9000ED9AB1C123553F84E
:1033E000042BAB4240F8042BF9D1002204F504333E
:1033F00083F80929FEF7F6BE102243F08BFCF4E7B0
:10340000022E7EF48DAD01297EF48AAD04F50433DD
:1034100004F5063083F8091910220021F93043F031
:1034200079FCFEF7DFBE2F2E24D905F101091F21FB
:10343000484643F0D1FC431E1D2B80463EF670AD3E
:1034400004F5B13606F13F0318461F22002143F070
:1034500061FC4246494643F037FC5E3605F12003E5
:10346000303553F8042BAB4246F8042BF9D104F560
:10347000B0337AE704F5B1351F22002105F13F0092
:1034800043F048FC1022002105F15E0043F042FCAD
:10349000EDE71C2387F8B83004F5B03393F83F32DA
:1034A0000BB304F5B13303F13F0207F1B90103F1A6
:1034B0005B0052F8045B824241F8045BF9D110884A
:1034C00007F1D806088092788A7003F15E026E33A5
:1034D000354610685168083203C59A422E46F7D126
:1034E0003022FEF7A7BD0122FEF7A4BD012E3EF457
:1034F00017AD95F90130002BBEF612AD691C2046C0
:10350000721E36F011F8014600287FF4DFACFEF79A
:1035100074BE012E3EF466AE6B7804F5B038022E10
:1035200088F8393205D0AA78402A28BF402288F886
:103530003C2298F83C22032100921248124A3AF0A9
:10354000EDF8FFF79FBB192387F8B83004F5B033C7
:1035500093F8392293F83C3287F8B92087F8BA30CB
:103560000322FEF767BD00BF5BDC040062DC0400E1
:1035700072DC040096C4040082DC04007F51010068
:103580008FDC0400808304009CDC04001A237E4945
:1035900007F1B90087F8B83038F042FA7A4907F1F4
:1035A000BD0038F03DFA794907F1C10038F038FA2A
:1035B000764907F1C50038F033FA754907F1C900BB
:1035C00038F02EFA724907F1CD0038F029FA1922A5
:1035D000FEF730BD022E7EF6A3AC6B78002B7EF496
:1035E0009FACAA78022A3EF69BAC04F5B03383F870
:1035F0003B22BAE6042E7EF693AC95F802906B78E7
:1036000048467B6036F009F920BBB9F1FF0F36D18F
:103610000320834615F800A00BF1020B28445E45F9
:1036200090F801807968204607F1B80294BF00261F
:10363000A6EB0B0638F095F800283EF4EFAD5AEAF9
:1036400008223EF46DACA72E26DDA723514A009335
:1036500033460EE0B9F1FF0FDAD04FEA991209F0C4
:103660003F0302FB033305339E420CD200933346E3
:10367000494A022149483AF051F8FEF751BC484AFC
:103680004B46FFF727B84B46F21EE91C07F1140022
:1036900036F0D3F80330BCE75D44CDE900254B4656
:1036A0002046029607F1140207F1B80137F033FE05
:1036B000FFF74FB8212E7EF633AC05F101094946DC
:1036C0002022204637F0ABFF07F1B808014621352C
:1036D00058BBB822404643F01DFB404635F0FDFB89
:1036E0004B46C446624618685968083303C2AB4269
:1036F0009446F7D10023A06E87F8FA3087F8F830A7
:1037000003681B6898474146C7F84001204637F0D8
:10371000A3FF00283EF471AD49462022204637F031
:103720007EFF014600283EF468ADA6F1210307F1B3
:1037300014062A462046CDF804800096DBB237F006
:10374000CAFE0BE5032E7EF6EBAB204635F034FACD
:10375000804600283EF451AD0146B31E2046AA1C07
:1037600095F8019000F002FD38B100234A46414629
:10377000204601F091F8FEF735BD4146204635F070
:103780002FFAFEF7CDBB00BF689B060077440D0003
:10379000F0010E0032DD0400FEDC04008083040032
:1037A000D2DC040000000000012208B50A4B0B48DF
:1037B0001A7007A3D3E900232FF04AFA084B1B78AD
:1037C0001BB1BDE808400BF089B808BDAFF300801D
:1037D000389C1C00000000008BB902203000002043
:1037E000A40B0020000000000022F0B585B01146B7
:1037F00040F6034002AF11F0EFFC044600285BD115
:1038000010F038FF214641F203003A1D11F0E4FCAC
:103810000446002850D17A68C54DD16805F1780377
:10382000D1F80100D1F8051003C310460FF034FAA7
:10383000214641F201003A1D11F0CEFC0446002859
:103840003AD17868C3685A7885F870205A88A5F804
:1038500072201A7985F87120B3F80720A5F8742032
:10386000B3F80530A5F876300FF016FA214641F28C
:1038700002003A1D11F0B0FC0446E8B9D7F804C0C4
:1038800005F18006DCF80C20531C413234461868E0
:103890005968083303C493422646F7D160460FF0B7
:1038A000FBF995F87C305B060AD40121A14AA248B5
:1038B0003AF0EDFE6FF0120420460C37BD46F0BD25
:1038C000002142F203003A1D11F086FC0446002854
:1038D000F2D17A68994BD168D1F80100D1F805107E
:1038E00003C310460FF0D8F9214642F202003A1DF8
:1038F00011F072FC04460028DED17E68F468B4F84A
:1039000001309AB292B1E27882B1A5F80431E3783D
:10391000032B06D00322022100928748884A39F0FF
:10392000FDFEE278874811463FF0E3FD30460FF098
:10393000B3F91F2395F87C60A5F8203116F0200616
:1039400019D14FF0FF304FF0FF3111F0ABF90446C1
:10395000002800F09C8102210C303AF022FB012368
:10396000214603704670324640F66D4011F034FC3B
:1039700004460028A0D195F89C301E0712D50021DE
:1039800042F21C003A1D11F027FC0446002893D196
:103990007868C368D3F80120D3F80530C5E9382327
:1039A0000FF07AF995F8D8305C0610D5002142F274
:1039B0002A003A1D11F010FC044600287FF47CAF69
:1039C0007868C3685B7885F822310FF065F94FF0AD
:1039D000FF304FF0FF3111F065F90646002800F086
:1039E000568108210C303AF0DCFA95F8D84040F2C4
:1039F000022314F0400F08BF03230246A0074CBF68
:103A000043F02C0343F00C03A10695F8D91048BFEE
:103A100043F0400311F0090F18BF43F4006304F0B2
:103A2000010443EA041000213AF065FE0022314609
:103A300042F2010011F0D0FB044600287FF43CAFB5
:103A400095F87C30B5F8041198065CD4C9B941F2F8
:103A500005003A1D11F0C0FB044600287FF42CAF8E
:103A6000B5F804317C684BB9E368B3F80120A5F8D8
:103A700004219A88334811463FF03BFD20460FF061
:103A80000BF94FF0FF304FF0FF3111F00BF9044606
:103A9000002800F0FC8008210C303AF082FA95F8FA
:103AA000D8300246D90738D44FF0005126483AF0B2
:103AB00022FE2146002240F6014011F08DFB044613
:103AC00000287FF4F9AE01463A1D4FF6014011F08F
:103AD00083FB00283ED01D4A022117483AF0D7FD4B
:103AE000EB79002B40F0C3803AF0F5FF0446002844
:103AF0007FF4E2AE13F0F4FE044600287FF4DCAE5F
:103B000011F0C6FAD8E60029BBD10121104A0A48B3
:103B10003AF0BDFD6FF00404CEE603A1D1E9000147
:103B2000C5E700BFAFF3008090880002008000204E
:103B3000F0000020AD09050018820400C801002033
:103B4000D1090500F8010020108800023A0A05009A
:103B5000170A05007B686E46DC688AB0B4F801304D
:103B6000042B96BF574A584952F8231002AAD36132
:103B70004FF4007355481384554BC2E9050142F8D0
:103B8000103F4FF4135153483AF095FDB4F801201B
:103B9000B546022AB4F8033049D1052B47D84E4A1E
:103BA00052F823106E468AB002AAD3614FF4007314
:103BB0004A481384464BC2E9050142F8103F4FF4CE
:103BC000135144483AF077FDB546637994F806C03E
:103BD000032B98BF424AB4F80760D4F809006C463A
:103BE0008CB094BF52F82310374902AAC2E9073CAF
:103BF0004FF40073DFF8ECE093853B4BC2E905E13D
:103C0000C2E909604FF4735142F8103F31483AF06D
:103C100052FDA54678680FF03FF800214FF60240AC
:103C20003A1D11F0D9FA044618B1304A54E7264932
:103C3000B8E77868C368B3F80130A5F8C1300FF071
:103C40002BF895F8C1305A077FF54AAF21464FF659
:103C500003403A1D11F0C0FA08B1254A3CE77868E4
:103C6000C3685B7885F8C0300FF016F838E72E7817
:103C7000002E7FF439AF95F8C1309B061FD54FF069
:103C8000FF304FF0FF3111F00DF8044610B96FF01E
:103C9000680411E606210C303AF083F9D5F80130BA
:103CA00021460360134B32469B8883804FF60640C3
:103CB00011F092FA044600283FF416AFFCE56FF0CD
:103CC0008504F9E58C94040076E104005E0A0500A1
:103CD000040000011882040074940400770A0500AF
:103CE000649404008F0A050007000001BC0A050067
:103CF000E50A0500F100002070B5144606460846A6
:103D0000FDF746F92146FDF797F9FDF778FC0EA37C
:103D1000D3E900230A4D80FB054520462946FDF7DF
:103D200097FB0023074A306029462046FDF790FBA9
:103D30000023044AFDF78CFB726070BDAFF3008076
:103D40003AA3950040420F000010A5D4E8000000FF
:103D500070B5144606460846FDF71AF92146FDF7E8
:103D60006BF91349FDF71CFAFDF749FC0CA3D3E9E5
:103D70000023104D80FB054520462946FDF768FBD2
:103D800009A3D3E90023306029462046FDF760FBF4
:103D90000023094AFDF75CFB726070BDAFF3008041
:103DA00000209BF35E10000080A8120100000000BC
:103DB00000002041D8EF2F0040420F00000000001B
:103DC000032970B504460D4606D007294BD029F0CB
:103DD00049F96FF0850028E0002A38D0072AF8D189
:103DE00058681E680346504AC117C6FB0231012BB2
:103DF00071F10002C0F28D804C48181841F10001A9
:103E000045A3D3E90023FDF723FB022826690DD043
:103E100010280DD004280DD008287AD12946204634
:103E20003CF090FF40B16FF0040070BD0025F5E755
:103E30000125F3E70225F1E73D203D4B33F815104E
:103E400081FB0001FDF7BAF8F0600020EDE718886B
:103E500029F0DAF8011E5CDB2046C9B229F010F91E
:103E60000028F2D0DFE7002A49D0072AB1D1B425D3
:103E70005A6819682C4BD017C1FB0320A2FB0531EF
:103E8000012A05FB001170F1000028DB29481818F1
:103E900041F1000122A3D3E90023FDF7D9FAFA2862
:103EA000266924D0B0F5FA7F23D0B0F57A7F22D0EE
:103EB000B0F5FA6F21D07D282BD104252946204664
:103EC0003CF050FF0028AED141F217101A4B33F8E6
:103ED000151081FB0001FDF771F8F061B5E7174897
:103EE000181861F100010EA3D3E90023D5E70025DE
:103EF000E4E70125E2E70225E0E70325DEE718888D
:103F000029F082F8011E04DB2046C9B229F08CF8A2
:103F1000A6E76FF0150088E73AA3950000000000BF
:103F2000D8EF2F000000000040420F009DD14A0052
:103F3000ACB70400ECF71700A2B704001408E8FFC0
:103F40001BA3D3E900230021C0E900231AA3D3E96E
:103F50000023C0E902231AA3D3E90023C0E9042304
:103F600019A3D3E90023C0E9062319A3D3E9002349
:103F7000C0E9082318A3D3E90023C0E90A2318A342
:103F8000D3E90023C0E90C2317A3D3E90023C0E938
:103F90000E2300220023C0F8D010C0E93023C0E96E
:103FA00032238022403042F0B5BE00BFAFF3008024
:103FB00008C9BCF367E6096A3BA7CA8485AE67BB3C
:103FC0002BF894FE72F36E3CF1361D5F3AF54FA567
:103FD000D182E6AD7F520E511F6C3E2B8C68059B43
:103FE0006BBD41FBABD9831F79217E1319CDE05BFB
:103FF000002110B50446064B4FF4C072C0E96011B1
:10400000C0E96211C0F8903142F084FE204610BD34
:10401000CDCC4C3E024630B553880178082B28BFE2
:1040200008230B48C1F383010A4C4840604302F166
:104030004901C2F1FF2202F57F02B7325518AB42A7
:1040400000DC30BD11F8015F68406043F6E700BF57
:10405000C59D1C81930100012DE9F04104460D46E8
:104060000746002642F210783B7B3BB17B68EB1A97
:10407000434503D93146204634F06AFC0136182EF8
:1040800007F11007F0D1D4F88C3153B1ED1A064B7B
:104090009D4206D9D4F884311BB1A3EBD303C4F8F5
:1040A0008431BDE8F08100BFE093040010B5D0F882
:1040B0008831032B26DDD0F88401FCF765FF4FF033
:1040C0006E51FCF7B9FF00210446FDF75DF9E0B938
:1040D0004FF081412046FCF7A7FE01462046FDF740
:1040E0005FF80B49FCF7A8FF0A49FCF79DFE4FF06B
:1040F0007E510446FDF75CF910B14FF07E5010BDC3
:104100002046FCE74FF07C50F9E70248F7E700BF94
:104110009A99193FCDCCCC3E0048704770CA040034
:104120000048704780EE360030B5C0E91512C3650F
:10413000012200230C4DC0E90533C0E90733C0E973
:104140000933C0E90B33C0E90F33C0E91133C0E9CB
:104150001333056043600372A0F860304363028745
:1041600080F83A3030BD00BFC08A0400F8B51D4663
:10417000137817469A090E460B7006D0224A022180
:10418000224839F0B8FA0020F8BD03F003020923F1
:10419000D34013F0010305BF0B81CB800521012122
:1041A0001FBFB7F80130F380B7F8033033817C5C70
:1041B000A309032B347101D1154AE0E704F03F0451
:1041C00003FB0444E2B2402A03D801315418AC4244
:1041D00006DD2B460F4A02210C4839F095FAD2E74A
:1041E000394406F10A0042F06FFD2B1B9BB2B82B3D
:1041F000738001D9084AEEE71A46391906F14A00D8
:1042000042F062FD0120BFE7D6B7040090830400AE
:1042100001B804002AB804005CB804002DE9F04F8E
:104220000446C3B00DF10808606DFF2203684146E3
:104230005B689847051E1BDD2368606D5F68036837
:10424000DB6B98470646606D03689B6B9847314669
:104250000246434620460095B847E06D03681B6858
:104260009847064638B90121894A8A4839F043FA05
:1042700043B0BDE8F08F01462B4642462046FFF78B
:1042800075FF002833D0606D0368DB6B98474FF0F3
:104290008141FCF7D1FEFDF795F886F80201676DC4
:1042A0003B683846D3F80CA0DB6B98472A4601469A
:1042B0003846D0470746606D294603689B68984793
:1042C000A3690344A36123683046D3F808A035F0FE
:1042D000CEFA3B46024631462046D047307834F08D
:1042E00001FC00285ED1A36C0133A3645DE0E06DA6
:1042F000314603685B6898470A2D95DDE06D0368D9
:104300001B689847064600288ED0A5F1080A01468A
:104310005346204604AAFFF729FF00283CD0606DD1
:104320000368DB6B98474FF08141FCF785FEFDF792
:1043300049F8337886F80201C3F383030321564A10
:104340005448CDF800A039F0E9F923683046D3F895
:1043500008B035F08CFA656D07462A682846D2F811
:104360000C90D26B9047524601462846C8473A46C1
:10437000034631462046D847307834F0B3FB38B195
:10438000636C013363643146204634F0ACFC4BE788
:10439000A36C0133A364F6E73146E06D03685B6804
:1043A000984741E7636C01336364092296F800A0E3
:1043B00020460AF00301CA4012F0010F31460AF00C
:1043C0003C0A14BF4FF0060B4FF0020BB6F80290F8
:1043D000377934F088FCBAF10C0F7FF425AFB9F1CE
:1043E000060F7FF621AFBB0907F03F0703FB0777F6
:1043F0005BFA87F70637A5EB070ABAF1020F7FF7DA
:1044000013AFE06D03681B689847054600283FF42A
:104410000BAF01465346204608EB0702FFF7A6FE06
:10442000002830D096F9023185F802312B78C3F399
:1044300083030321194A1748CDF800A039F06EF91B
:1044400023682846D3F808B035F011FA676D814625
:104450003A683846D668D26B90475246014638468D
:10446000B0474A46034629462046D847287834F0C4
:1044700039FB20B1636C01336364294684E7A36C84
:104480000133A364F9E7E06D294603685B6887E7B9
:104490008CB8040090830400ABB80400EBB80400AF
:1044A0002DE9F04FCBB00446806D00AF03681B6868
:1044B00098470546E06D294603681B69984728B967
:1044C000206207F59677BD46BDE8F08F204634F0B0
:1044D00043FB236820469B699847064600283ED048
:1044E000E06D4FF0000903685B6998478246CA4552
:1044F00002DC4FF0000817E0E06D49460368DB6915
:104500009847804610B909F10109F0E7E06D494686
:1045100003685B6A9847401B0028F4DC404634F08F
:104520003DFB80460028EED0606DFF2103689B684C
:104530009847B8F1000F12D1636A4208B3EB500FED
:104540000DD2E56C002DBCD06421D21A731E01FB84
:104550000233B3FBF6F0216D0130A847B1E7606D7F
:104560000368DB6A98470646606D03681B6B9847D3
:10457000804616B9002840F0A6802046E16934F054
:1045800033FB40B9E36C002B9BD0E069216D013017
:10459000401B984795E7236A0BB92B462562ED1A15
:1045A000236820461B6A984785427BD9B4F860305F
:1045B000606D43F00203A4F8603003689B6A98477B
:1045C0007860606D0268926B9047FCF7BDF8C7E9B0
:1045D0000401606D0268D26B9047FCF7B5F8C7E93B
:1045E0000201606D0268D26990478346606D02687F
:1045F000526D90478246606D0268D26D9047C7F851
:1046000018D0F86192B0A04A07F12801BA6205A853
:10461000012234F04BFA06A80E6034F047FAC1F8D4
:10462000008007A834F042FA7B6808A80B6034F0D9
:104630003DFAD7E904230AA8C7E90A23022234F085
:1046400035FAD7E902890CA8C7E90A8934F02EFAAD
:1046500001220EA8C1F800B034F028FA0FA8C1F862
:1046600000A034F023FAFB6910A80B6034F01EFAA6
:104670000D236A460B6042F8103F002346F64001C6
:1046800082480CF0FBFA606DD7F818D003685B6BBA
:10469000984700232362E36C002B3FF412AF012004
:1046A000216D76E723682046DB6998470146054679
:1046B000204634F0A5FAE36CE061002B3FF401AF33
:1046C000216D681C65E7E06D266203682946DB6A98
:1046D00098472072E06D29460368DB689847606060
:1046E00000283FF4EEAE0922037807F1280888F885
:1046F000003003F0030322FA03F3DB074ABF05226D
:104700000122C38802F1010644BFA8F801300389E1
:1047100000F10A0148BFA8F80330037908EB06004E
:1047200008F80230402235F088F8D4F804900644A6
:10473000B9F802A00AEB0603FF2B2BDDE8468AB08E
:10474000534B07F12401012205A87B6234F0AEF936
:1047500006A80E6034F0AAF907A8C1F800A034F04A
:10476000A5F9FF2308A80B6034F0A0F905236A46D9
:104770000B6042F8103F00234FF4215143480CF0E6
:104780007DFAE06DC546036861685B689847002361
:10479000636096E6524609F14A0108EB060042F0D2
:1047A00093FA606DB9F802900368B14449469B687A
:1047B000984700EB4006606D25610368B6F5167FEB
:1047C000DB6A34BF4FF49676760898470546606DED
:1047D00003681B6B984705B9F0B923682046DB696D
:1047E0009847E66D0146336805462046D3F80880B1
:1047F000D4F8049094F808A034F002FA5246034624
:1048000049463046C04700236360E36C002B3FF409
:1048100058AE2846216DBCE6606D414603684A46A5
:104820001B699847804648BB23682046DB69984748
:10483000054601210346174A144838F065FF6668AB
:1048400023683046D3F8109035F011F8314602460F
:104850002046C847E66D294633682046D3F80890BD
:10486000D4F804A094F808B034F0CAF95A460346C4
:1048700051463046C847C4F80480C6E73146204652
:1048800034F0BEF9E0601CE61DB90400908304001A
:10489000A2B90400CDB904002DE9F7430446087914
:1048A0000D4617461E4634F0B8FF6A88A8B1B82AEC
:1048B00013D8D4F85C803146D8F800302046D3F8BD
:1048C000089034F09DF93A46034629464046C847C9
:1048D000E36C8BB903B0BDE8F0832B790121084864
:1048E0000092084A38F01AFF2946E06D03685B68B9
:1048F00003B0BDE8F04318473046216DF8E700BF2C
:104900009083040001BA040070B5B8B001460446B3
:10491000684640F065FD9DF80030013BDBB2FD2BA1
:1049200038D8274B28AA03F140061546186859685D
:10493000083303C5B3422A46F7D1224B08AA03F134
:104940002006154618685968083303C5B3422A463D
:10495000F7D108A920A82FF0DDFC214620AA10A835
:1049600040F0EAFC694620A82FF0D4FC20AA28A930
:1049700018A840F0E1FC202218A910A835F0FBF897
:10498000044658B9202110A835F02FF9202118A885
:1049900035F02BF90024204638B070BD002310A953
:1049A00011F8012B1AB90133202BF9D1144610A8A4
:1049B000202135F01AF9202118A835F016F9EAE778
:1049C00052BA040093BA040038B504461D46059B4C
:1049D000FFF7AAFB084B65662360049B04F1700097
:1049E000A366069BE366FFF703FB04F5017034F052
:1049F00086FA204638BD00BFFC8A04002DE9F0414C
:104A000017460A78064602F03C04242C0D4603D1D2
:104A1000BDE8F04134F0E4B8013BDCB2022C07D928
:104A200002211548154A38F066FE29463046EFE760
:104A300022F0030242F00102A4010A700C71C06E60
:104A400003685B6898472B78C3F38303082B10D067
:104A5000042B14BF01240324336829463046DB6C41
:104A600098472246C31929463046BDE8F041FFF772
:104A700013BF0224F0E700BFB0830400B4BA0400FF
:104A80002DE9F0411F460B78064603F03C0CBCF1C3
:104A9000240F0C469DF8185003D1BDE8F04134F0C6
:104AA0009FB8013DEDB2022D07D902211548164AE3
:104AB00038F021FE21463046EFE723F003030B7068
:104AC0001388AD01CB8053880D710B81C06E0368D4
:104AD0005B6898472278C2F38302082A10D0042A20
:104AE00014BF01250325336821463046DB6C984707
:104AF0002A46C31921463046BDE8F041FFF7CCBE37
:104B00000225F0E7B0830400B4BA04002DE9F04FA9
:104B1000F5B00E78054606F00303023B012B0C4668
:104B200006AF00F24D8306F03C02242A0B795CD1DB
:104B30003F2B1BD84E88082E18D991F852C0093E39
:104B40000CF003029340F6B21FFA83FE76450FD8AD
:104B50000A340568D1F84E30D1F84A20CDE900C4B6
:104B6000039601F1530602962C6EA047002037E011
:104B70000121533301FA02F200F50171E01842F00D
:104B8000D8F80028F2D12B6821462846DB6B9847DD
:104B90000028EBD0E86E214603681B689847002880
:104BA000E4D1E86E214603685B68984794F90201F6
:104BB000FCF7EEF94FF07A51FCF73EFA4FF08141E5
:104BC000FCF73AFAFCF7FEFB237921465A1C2344F2
:104BD000227198722B6828465B6C984740F0C06041
:104BE00007F5DE77BD46BDE8F08F2C2A03F03F03C2
:104BF0000AD191F94A20002A80F2DF82002BB5D138
:104C000003685B6F9847B1E74BB90C2A40F0D88234
:104C10000368D1F84A20D3F884309847A6E70C2AD5
:104C200005D10368D1F84A20D3F884309847227917
:104C300005F501719209013204F10A0042F079F898
:104C4000002893D12B6821462846DB6B9847002823
:104C50008CD02378C3F383030A2B04D12146284642
:104C600034F01EFC82E7E86E032B026821461268CE
:104C700013D19047064600287FF478AFE86E2146AE
:104C800003685B6898472146284634F00BFB3246A0
:104C90002146284634F0ADFB68E7904700287FF4B2
:104CA00065AFE86E214603685B6898472146284651
:104CB00034F0F8FA2B68214628465B6C984740F0A0
:104CC00080708DE72B68214628469B6B984700280B
:104CD0007FF44CAF207834F0E1F9002800F07682C0
:104CE0002046FFF797F90646A86D05F1700803689E
:104CF0001B68984731460246404633F06FFE20B1AC
:104D00003146284634F02CFA60E22B6828469B6C2A
:104D10009847002800F05A82A86D03681B689847DE
:104D200031460246404633F033FE4FE26388032BA0
:104D300005D80221994A9A4838F0E6FC16E7E86E51
:104D400021460368D4F84A601B68984700287FF41E
:104D50000DAFE86E214603685B6898472B683246C2
:104D600021462846D3F8843098472B6821462846A8
:104D70005B6B984734E794F84B3094F84A80FB73A8
:104D80006388042B07D800930223864A1946844877
:104D900038F0C4FCEAE6E86E214603681B689847D1
:104DA000064600287FF4E2AEE86E214603685B68A1
:104DB000984795F804324345D7D104F14C037B6002
:104DC0002B6828465B6D07F10F019847804607F175
:104DD000300907F1B40B464521DA2B6832464946C3
:104DE00028469B6D98476388594648467A68023B37
:104DF00034F0D8FEB0F1000A40F386802278C2F386
:104E00008302082A74D19BF80080404634F005FDE7
:104E100058B902214346644A614838F075FC0221C2
:104E2000624A5F4838F067FC9FE74FEA981108F044
:104E30003F0201FB0222501C504520DBE8468AB0AD
:104E400006AE5B4906F118007161012134F073F977
:104E500005231146324606F11C0034F06CF9514628
:104E600006F1200034F067F93B6142F8103F00235F
:104E70004FF422514A480BF001FFC546CFE70232FA
:104E8000AAEB0203DBB25A442968039204931BF88D
:104E9000003007F1B50A03F00F03CDE90183CDF827
:104EA00000A0D1F864B04B46324621462846D84788
:104EB000D8B1207834F0F2F8B8B10023CDE902334C
:104EC0000193237907F10F0100934A46284604F124
:104ED0000A0334F0B5FB014638B14FF4FA73524679
:104EE00000932846434634F034FBFF2323703CE70D
:104EF0002968CDE901BACDF80090D1F85C8033463D
:104F000021462846C047F0E7013664E76388232B33
:104F10007FF62CAEE86E2146036894F84A601B6861
:104F2000984700287FF422AEE86E214603685B684C
:104F3000984795F80432B3427FF417AF04F14B065B
:104F400007F1100204F16B0C1346306871680836E3
:104F500003C366451A46F7D107F1100207F1300185
:104F600005F5017034F04DF8638807F1B408324656
:104F70004146213B07F1300034F014FE00287FF752
:104F8000F4AE2B68CDE900802146DE6E284607F19D
:104F9000100307F13002B047A7E700BFD6BA0400FC
:104FA000B083040004BB04003BBB0400A8BB0400A6
:104FB00067BB040094F84A3007F1100888F8003005
:104FC0006388032B7FF6D2ADE86E214603681B6829
:104FD0009847064600287FF4C9ADE86E214603686D
:104FE00007F1300A5B6898472B684146D3F87C90FC
:104FF000524604232846C847804604F14B0B07F16C
:10500000310907F1B4014645BFF6AFAE63884846A3
:105010005A46013B34F0C6FD002809F1210907F189
:10502000B4010EDD227806EB46132E68CDE90010A0
:10503000534421462846D6F88060C2F38302B04725
:1050400093E60136DFE707F1300033F046FF07F162
:10505000300604F14A0304F16A0C324618685968B4
:10506000083303C263451646F7D16388632B7FF686
:105070007DAD202207F1300105F5017041F059FEA8
:1050800000283FF473ADE86E21460368D4F86A80C7
:105090001B68984700287FF469ADE86E21460368D5
:1050A00007F1B40A5B689847D446668807F1300E6A
:1050B000643E202E28BF2026BEE80F00ACE80F007B
:1050C0009EE80F0004F1AE098CE80F003246494615
:1050D00007F1D800C7F8D48041F0F6FD524606F13A
:1050E000240304F16E0107F1300033F0FEFE0028C6
:1050F0003FF476AD2B68CDE9009621469E6E28469A
:10510000434607F13002B0472FE603F00303023BAA
:10511000012B3FF62BADE86E214603681B689847CC
:1051200000287FF423ADE86E214603685B6898474A
:105130002B68214628469B6F64E56288022A7FF629
:1051400015AD94F84A3003F00F03032B7FF40EAD36
:10515000042A7FF60BAD07F1B406304634F058FB55
:105160002378402287F8B43004F10A01237907F14B
:10517000BE0034F073FB628887F8B800013A92B23F
:1051800004F14B0107F1FE00A7F8B62041F09CFDA9
:10519000E86E314603681B68984700287FF4E6AC48
:1051A000E86E314603685B6898472B6831462846AD
:1051B000D3F88430D7F8FE202FE5002B7FF437ADED
:1051C000304633F06BFF00287FF47CAD2378C3F3C7
:1051D00083020F2A3FF6CAAC01A151F822F000BFAA
:1051E000774D0000774D0000774D00002D4D0000F9
:1051F00047500000B54F0000B54F00000D4F0000B4
:10520000774D00006D4B00003B5100006D4B0000DE
:105210006D4B00006D4B00006D4B00000B5100000A
:105220002DE9F843022907460D4690461E46DDF853
:10523000249009D809F11103B82B0FD90221154A7E
:10524000154838F058FA05E0144A0B461248022176
:1052500038F05AFA00242046BDE8F88333F0ACFC5D
:10526000044610B901210E4AEAE7AD00057098F82E
:10527000003000F14C0180F84A3097F80432089A67
:1052800080F84B304B46304634F060FC0230608092
:10529000E1E700BFD4BB0400B0830400F3BB04000B
:1052A00017BC04000022104630B5074BD3F820513C
:1052B0009C33AA4200DB30BD53F8044F0132641A1C
:1052C000002CD8BF0130F4E7F44C0220014BD3F896
:1052D00020017047F44C0220014BD3F820017047A5
:1052E000184E0220044BD3F820219142B4BF53F84A
:1052F00021000020704700BFF44C0220044BD3F87B
:1053000020219142BABF283153F821000020704774
:10531000F44C0220054BD3F820018142BDBF283157
:10532000012043F821200020704700BFF44C0220E8
:105330000022FF2070B50A4BD3F8206103F19C05D1
:105340008033B24200DB70BD55F8044F641A002C64
:1053500003DC9C5CA04228BF20460132F1E700BF7D
:10536000F44C022037B50B4B0A7804460D46D3F8AF
:105370002031C2F38302022100920748074A38F025
:10538000CDF92946204623685B6803B0BDE830406C
:10539000184700BFD04B0220C083040049BC040062
:1053A00008B5024834F042FB08BD00BFF44C0220AF
:1053B00008B5024834F03AFB08BD00BFD04B0220CC
:1053C00008B5024834F010FB08BD00BFF44C0220C1
:1053D00038B50B4B1C786CB901220A4D1A700023AA
:1053E00029461A460848013434F042FB202C05F5C2
:1053F0008275F4D10021044834F0F6FA38BD00BFBC
:1054000082B902203C970220184E022008B521B133
:10541000002302481A4634F02BFB08BD184E022028
:105420002DE9F04F85B01646484A0446D2F820814F
:105430000D46994600AFB8F1000F5AD00023194627
:10544000184602F17F0E98454ADC0A4492F88030F3
:10545000B3424ED93D483B6034F0C6FA95F800A0FF
:1054600090F800B0C7F804D08AB080466A46CBF303
:10547000830BCAF3830A364905A8F96007F10C01CA
:1054800034F0A5FA06A8C7F80CB034F0A0FA3B68CF
:1054900007A8FB6034F09BFA08A8C7F80CA034F00A
:1054A00096FA09A8FE6034F092FA0623FB6042F8EF
:1054B000103F00234FF4425126480BF0DFFB2368D6
:1054C000414620465B68D7F804D098474B463246A1
:1054D00029461E4834F0CCFA1437BD46BDE8F08F9B
:1054E0001EF801CF844534BF844619466046013317
:1054F000A9E795F800A0E9468AB06A46CAF3830A8C
:10550000154B07F10C0105A8FB6034F060FA06A802
:10551000C7F80C8034F05BFA07A8C7F80CA034F089
:1055200056FA08A8FE6034F052FA0523FB6042F8F0
:10553000103F00234FF4225106480BF09FFB2368D5
:10554000CD46294620465B689847C5E7F44C0220C3
:105550007EBC0400C0830400C0BC04002DE9F041FF
:10556000044608480D4616461F4634F081FA38B9FD
:105570003B46324629462046BDE8F041FFF750BF82
:10558000BDE8F081F44C022038B5044613460648C5
:1055900000220D4634F06CFA28B929462046BDE8B1
:1055A0003840FFF7DFBE38BDD04B022038B50024AD
:1055B000094D281904F5827434F02AF9B4F5025F14
:1055C000F7D1064834F006FA054834F003FA0548E6
:1055D00034F000FA38BD00BF3C970220184E02207C
:1055E000F44C0220D04B02202DE9F04194B0074644
:1055F0000C4616460021142207A81D4641F08AFBDE
:105600004FF48853ADF818304FF48073ADF81A306A
:105610004FF48063DFF85C802022CDE908383946FA
:1056200004AB06A840F0C6FA034650B1124A012165
:10563000124838F069F84FF0FF34204614B0BDE846
:10564000F08105AB0293202301930CAB224600931B
:1056500041463346049840F09CFB0446049840F0D1
:10566000DFF914B1064A2346E1E7BDF830302B805C
:10567000E3E700BF090080030EBD0400F0830400CF
:1056800032BD04002DE9F0478EB00D4604AF12F094
:105690000F01824614461E4697F848800BD01346E9
:1056A000334A0121334838F02FF84FF0FF302837C4
:1056B000BD46BDE8F08714222F4BB8183B6141F07E
:1056C00029FBB8F1000F0CBF4FF400734FF4807347
:1056D0001022DFF8A890BB6151463B1DB818C7F8EF
:1056E0001C9040F067FA034608B1254AD9E707F154
:1056F000080378682A46CDE90143494623460096C7
:10570000B8F1000F2FD02FF0F7FA0446786840F078
:1057100087F95CB31B4B1C4D6E468AB0B8F1000F85
:1057200008BF1D4604AA194B07F10C0102F1140031
:10573000FB6034F0C5F93046FD6034F0C1F902F188
:105740001C00FC6034F0BCF94FF400731384104B60
:10575000FB6042F8103F00234FF4115105480BF055
:105760008DFAB546A1E72FF063FBCEE7B8689EE758
:105770006BBD0400F083040000248000004440045A
:1057800089BD040063BD04005BBD0400A3BD04002B
:105790000400000130B58DB00D4611461A4603AB2A
:1057A00001932023044600930E4804AB40F0E1FA35
:1057B000034660B101210C4A0C4837F0A5FF2A4688
:1057C000002120460DB0BDE8304041F0A3BA202DA5
:1057D0002A46204628BF202204A941F075FA0DB0C0
:1057E00030BD00BF09000002BCBD0400F08304000E
:1057F0002DE9F043A7B00446DDE92E780D461646A4
:10580000002170220AA8994641F084FA19490AA891
:1058100040F060FAE8B94A4631460AA840F07BFAFF
:10582000B8B9424639460AA840F075FA88B920222C
:1058300001AB02A90AA840F085FA50B9202D2A46EA
:10584000204628BF202202A941F03EFA27B0BDE839
:10585000F08301210346084A084837F055FF0AA89B
:1058600040F029FA2A460021204627B0BDE8F0433F
:1058700041F050BA09000002D8BD0400F0830400D2
:1058800008B5054B002814BF01461946034837F0F8
:105890005CFA01200AF052FEF3BD0400FFBD0400D3
:1058A0000346F0B50A4D8E18B14203F1020303D14D
:1058B000002300F81230F0BD11F8014B270904F065
:1058C0000F04EF5D2C5D03F8027C03F8014CEBE75D
:1058D000D32F0500004870472EBE040000487047D3
:1058E0002EBE0400004870473CBE040008B50368A3
:1058F0001B689847BDE808400146014834F038BFAE
:10590000288D040008B510460249FBF755FE00201B
:1059100008BD00BF4ABE040037B5124C20463DF01A
:10592000CFFB10B9104803B030BDA5684C2120460C
:10593000EB6898470028F5D10C216A4620462B6970
:1059400098470028EED10198FBF722FB0749FBF7A7
:1059500027FC04460098FBF71BFB01462046FBF79B
:1059600063FAE0E7E87604000000C07F0024744991
:1059700070B5C3680C4615469BB393F87430DA1FB4
:10598000052A32D81A4A073B52F82360214630468E
:10599000FBF70EFD48BB2846FBF7FAFA4FF06E51B5
:1059A000FBF74AFB01464FF07E50FBF73BFA3146CE
:1059B00005462046FBF736FA0E49FBF7F1FB014698
:1059C0002846FBF739FB00210446FBF7D3FC60B9FE
:1059D0004FF07E512046FBF7EBFC20B14FF07E509C
:1059E00070BD0823CEE72046FAE70020F8E700BFA5
:1059F000C88C0400000020412DE9F843C3688846A4
:105A0000002B00F08E8093F874609C6F93F8757093
:105A10000C2E354628BF0C252046062D444938BF9C
:105A20000625FBF7A7FC00B1424C082F28BF08272A
:105A30000120052F00FA05F038BF0527FBF7A8FA6B
:105A40003D4981462046FBF7F7FA01464846FBF7F9
:105A5000A7FB0446082E8CBF10202020FBF798FAE5
:105A60003649FBF7E1F92146FBF7E6FA34490646E9
:105A70002046FBF79DFC002857D04FF07E59284662
:105A8000FBF786FA05464046FBF782FA4FF0824163
:105A9000FBF7D2FA4FF0814180462846FBF7CCFA5B
:105AA00001464046FBF7BEF92649FBF7BDF94FF02A
:105AB0008341FBF7B9F9494680464846FBF7B4F9FC
:105AC00001462846FBF7AEF94FF08141FBF7B4FAE7
:105AD0004FF07E510546FBF74DFC08B14FF0814574
:105AE00029464046FBF75CFB32F0B8FE05463846D7
:105AF000FBF74EFA2946FBF79FFA002141F0A1FB84
:105B00004FF08241FBF790F92146FBF795FA3146B9
:105B1000FBF78AF90849FBF78FFAFBF779FCBDE838
:105B2000F8830826084C374672E74FF00009A6E7CD
:105B30000000E0400000FA4200007A440000884083
:105B40005A2F863C0000E041000078422DE9F04FDA
:105B5000036889B0D3F8943004468A469146984742
:105B6000804638B949465046364A09B0BDE8F04F3C
:105B700031F0A0B894F8223A94F81E1A94F91F2A2A
:105B80000493B4F8203ACDE902031318CDE90023B9
:105B90002D4A2E4B5046002908BF13462C4A29EAAD
:105BA000E97131F087F894F91F6A6FF007030C2E42
:105BB000A8BF0C269E42B8BF1E469E42074606F16D
:105BC000FF3507D00C2E06F1010B06D14FF00C0B60
:105BD0000A2502E06FF0050B1D4604EBC504AB453A
:105BE00003DA384609B0BDE8F08FB4F8B629B4F846
:105BF000BAC92AB36421530801FB0C33B3FBF2F397
:105C00000693B4F8BC394F45CDE904C3B4F8B839AC
:105C1000B8BFA9EB0701CDE9022308EB0503CDE9E5
:105C20000053A8BF00210AEB0700AE4214BF202397
:105C30002A23084A31F03EF8013507440834CEE7FC
:105C40001346DDE787BE040095C9040063E904003C
:105C50008FBE0400B6BE04002DE9F047099C1E4625
:105C60009DF9208031B92AB904F62430BDE8F04707
:105C700034F070B904F65409484634F04FF8C5B210
:105C800004F6580034F04AF86F1C07F00707C0B25A
:105C9000874210D11B4802211B4A37F02CFD04F625
:105CA000243034F057F9D4F8683A43B3D4F86C0A86
:105CB000BDE8F0471847B2F5807F28BF4FF48072E7
:105CC0004FF4837392465D4305F12400204425443C
:105CD00040F0FAFF39464846A5F824A1A5F8266108
:105CE00085F8288134F0F8F83046FBF751F9E06187
:105CF0004046FBF74DF9206204F61C30D1E7BDE8C1
:105D0000F08700BFD0820400D6BE04000C2A2DE923
:105D1000F043A8BF0C221E466FF0070383B09A42DF
:105D2000B8BF1A4600AF97F82890036880F81E1A8B
:105D300080F81F2AA0F8206A80F8229A8846D3F8B3
:105D400090301146144698478AB06A46104905A813
:105D500034F0A0F8414606A834F094F8214607A88C
:105D600034F090F8314608A834F084F8494609A880
:105D700034F080F806237B6042F8103F00234FF494
:105D8000435104480AF07AFF0C37BD46BDE8F08362
:105D9000F8BE0400D08204002DE9F0411A4B82B015
:105DA0001A4EE84600AF88B004460D46002908BFE9
:105DB0001E466A4680F83A1A154905A834F06AF872
:105DC000314606A834F066F84FF40073ADF81C3085
:105DD000104B7B6042F8103F0F4800234FF4E65110
:105DE0000AF04CFF04F11400C54633F097FF28B1C8
:105DF000236829462046D3F8803098470120083789
:105E0000BD46BDE8F08100BF17F2040024F2040093
:105E10002FBF040003000001D082040070B50446C7
:105E20002E480025C4E90213206000230020002131
:105E30000126C4E9042504F52362E3612571A56107
:105E40002362C4F85458C4F85858C4F86C59C4F8BC
:105E5000705984F87459A4F81E5AA4F8205A84F88A
:105E6000225A42E90201C2E90001A4F8385A84F832
:105E70003A6AC4F83C5AC4F8405AA4F8585AC4F8CC
:105E80005C3AC4F8603AA4F8645AC4F8685AC4F892
:105E90006C5AC4F8705AC4F8745A84F8185BC4F881
:105EA0001C5BC4F8205BC4F8245B04F65C103DF076
:105EB0004BFF3246294604F530603DF01AFB294677
:105EC0004FF4036204F1240040F024FFA822294685
:105ED00004F6761040F01EFF204670BD2C8C0400A6
:105EE000F0B590F8183B044689B0B3B900F67825B0
:105EF000002600270A20CDE90043CDE902300493B3
:105F00002846CDE90667064B2CF01EFF05492846BA
:105F10003DF00BFC012384F8183B09B0F0BD00BF35
:105F20001D63000054BF04002DE9F8430C460546EC
:105F3000174600211422204640F0ECFE95F8593A0D
:105F4000002B37D0D5F85C0AD5F8609A95F8648AAA
:105F500095F8656A2A49FBF76FF8FBF759FA206054
:105F60004846FBF755FA83B21F2B08D035D80F2BC4
:105F700005D030D8072B02D00A2B18BF7D23A38071
:105F8000B31F022B96BF043E0126F6B2B8F1080FEC
:105F90008CBF1023202384F80680E6712381EB68F0
:105FA0002BBB1623A3720223E3730423E77223742B
:105FB000BDE8F883EB683BB1986CD3F8789093F820
:105FC000748093F87560C5E74FF00808DFF83490E7
:105FD00046460D48BEE7142BCFE7FA2BCFD003D8A7
:105FE000292BCCD03E2BC8E7B3F5FA7FC5E793F950
:105FF0004C30162BA372D4DC0933D4DAF723D1E763
:1060000000247449000078428D67594408B590F81F
:10601000593A5BB1D0F85C0A0749FBF70DF84FF02D
:106020007C51FAF701FFFBF7F3F908BDC3680BB128
:10603000986CF1E70148EFE7002474498D675944F3
:1060400008B590F8593A63B1D0F8600A0849FAF7F0
:10605000F3FF4FF07C51FAF7E7FEFBF7D9F980B276
:1060600008BDC3680BB1986FF0E70248EEE700BFC8
:1060700000002041000078422DE9F04F05468FB026
:1060800004AF34F01CF895F8393A05F11402BA60FF
:10609000002B00F0FE802846002207F11401FFF7D4
:1060A00043FF3B8BB87E1F2B00F0DD8000F2C880E1
:1060B0000F2B00F0DB8000F2BC80072B00F0D980B2
:1060C00042F6B1028A490A2B18BF0A4606288CBF3D
:1060D00008230C23B7F81CA04FEA4308FB6008F123
:1060E00001039A4540F3F880012181408148002353
:1060F000A1FB0001FBF7FCF92B680446D3F89830AC
:106100002846984781460F20AAEB080808F1FF3877
:1061100004FB08F864220023A8FB0001FBF7E8F960
:1061200009F5FA63A8EB00029342D5F83C1A80F017
:10613000C5800AF10E036343D7F80CC0A2EB090631
:106140009E420CFB044408D20133A3EB0803034432
:106150004B445B089C4238BF1C468C4203D1D5F8A7
:10616000403AB34244D0C7F804D08CB0C5F83C4A9A
:10617000C5F8406A0DF110084FF47A7B08F114005D
:106180005D4933F087FEB4FBFBF108F1180033F0F2
:1061900071FEB6FBFBF108F11C0033F06BFEB9FB9E
:1061A000FBF108F1200033F065FE514608F12400B0
:1061B00033F068FEF96808F1280033F063FE6420CC
:1061C00000232244A6FB0001FBF792F9014608F1E7
:1061D0002C0033F04FFE424608233B6142F8103F4B
:1061E000002344F2C00145480AF048FDD7F804D026
:1061F0000021A8681F344FEA5412846841F100035B
:10620000246A1F3641F10001760942EAC36246EA78
:10621000C1665B094909002C3BD0DFF8E4C0CDE939
:1062200000610395CDF808C0A047034648BB012193
:106230003DE045F261122E49142B18BF0A4645E78E
:10624000FA2B19D008D8292B18D04FF2244228490C
:106250003E2B18BF0A4639E7254A2A49B3F5FA7F8B
:1062600008BF0A4632E747F612222FE743F60952E3
:106270002CE741F6846229E7234A27E74AF2C32242
:1062800024E710F1580F04D00121204A1B4837F0B1
:106290003BFAA8682A46836819495B699847031E38
:1062A000C5DA01211A4A154837F02EFA0021B868DC
:1062B00033F012FE2C37BD46BDE8F08F0131E8D037
:1062C0004FF0FF33C5F83C3A4B460092114A032188
:1062D0000A4837F023FADCE7D5F83C2A0132D8D057
:1062E0004FF0FF32C5F83C2A0B4A00935346EEE7C5
:1062F00048E8010040420F0061BF0400D082040062
:10630000595C000020A1070090D003009DBF04004D
:106310005AC00400BDBF040005C004002DE9F043CD
:1063200004468BB00321454A454837F0E4F94FF065
:10633000FF324FF0FF3304F5306004F118062CF003
:106340002BFA304633F0EAFC0028F0D04FF0010879
:106350001022002105A804F65C1740F0DBFC8DF844
:1063600021800997384604AA03A93DF0F5FCDDF821
:106370000C90B9F1000F19D038463DF0EAFC2069C5
:106380000368DB6998472046FFF776FE3046002118
:1063900033F0A2FD04F5326033F0DCFDD4F8703A3E
:1063A000002BC4D0D4F8740A9847C0E700234146B4
:1063B000244A05A82DF0CCFA10F10B0F054610D198
:1063C000214A41461E4837F096F920690368DB6987
:1063D00098472046FFF750FE0021304633F07CFD01
:1063E000DCE7089BE0B903F4FE12B2F5804F17D149
:1063F00038463DF0AEFC20690368DB6998472046CB
:10640000FFF73AFE3046294633F066FD04F5326068
:1064100033F0A0FD03210D4A094837F06CF9BDE7C0
:10642000C3F3863301210093094A2B46044837F011
:1064300075F938463DF08DFCC7E700BF75C0040014
:10644000D08204005A6202008CC004009EC0040086
:10645000B8C004002DE9F043044683B000AFFFF755
:106460000BFE2368204694F83A1AD3F880309847F8
:10647000E468002C38D02049A06CFAF7DDFDFAF76B
:10648000C7FF0646A06FFAF7C3FF94F8749094F81C
:10649000758094F94C4085B28CB06A46174905A8BE
:1064A00033F0F8FC314606A833F0E4FC294607A88F
:1064B00033F0E8FC494608A833F0E4FC414609A85B
:1064C00033F0E0FC21460AA833F0DCFC07237B60B4
:1064D00042F8103F00234FF4635109480AF0CEFB05
:1064E0000C37BD46BDE8F0834FF008083E25C14695
:1064F0001624044ED0E700BF00247449EDC0040008
:10650000D08204005051D53310B5044680683CF069
:10651000D7FD30B9BDE810400121044A044837F0E6
:10652000EAB82046BDE81040FFF794BF1DC1040043
:10653000D08204002DE9F04383B0054655F8143BA2
:10654000044600AF1B6F98470021284633F0C4FC77
:10655000236884F8581A2046DB6C98472046FFF7DA
:106560008BFDE468002C38D01F49A06CFAF764FD5D
:10657000FAF74EFF0646A06FFAF74AFF94F87480C8
:1065800094F8759094F94C4085B28CB06A461749DE
:1065900005A833F07FFC314606A833F06BFC294692
:1065A00007A833F06FFC414608A833F06BFC49465E
:1065B00009A833F067FC21460AA833F063FC0723DF
:1065C0007B6042F8103F00234FF4635108480AF003
:1065D00055FB0C37BD46BDE8F0834FF008083E255B
:1065E000C1461624034ED0E70024744933C1040089
:1065F000D08204005051D533B2F5807F2DE9F84F99
:1066000004468A4617463EDC03681B6B98470546DE
:10661000002838D023682046DB6A9847064690BB9E
:10662000206904F11809036804F65C089B6998471F
:106630000121484633F050FC204633F043FD5146DB
:106640003A46404640F040FB04F65C1A50463DF0A6
:1066500080FB23683A46D3F874B04146534620463F
:10666000D847031E13DA01210E4A0F4837F04CF8C1
:1066700020690368DB6998474846314633F02CFCB3
:106680002046FFF7F9FC00252846BDE8F88F314683
:1066900004F1140033F020FC04F530602CF042F8D3
:1066A000F2E700BF68C10400D08204002DE9F04F7A
:1066B00087B090F91F4A00AFC7E90270C7E90470BC
:1066C0003860054604F1080107F1080033F04AFC80
:1066D000B0F1FF3F80463CD095F822BA04F1070A9A
:1066E0000BEB8B067600BBF1000F36D00B2C60DC79
:1066F00007F1100033F0D6FBB04281462FDD611C5C
:106700002B6849B285F81F1A2846D3F8903098476D
:106710006C468AB095F91F5A6A464D4905A833F070
:10672000B9FB294606A833F0ADFB494607A833F06C
:10673000A9FB314602F1200033F0A4FB05237B6066
:1067400042F8103F00234FF4235142480AF096FAD2
:10675000A5461C37BD46BDE8F08F0B2C29DC04F1A3
:10676000090107F1080033F0FDFBB0F1FF3F81465E
:106770001FD0A8EB0003312B1BDD611C2B6849B235
:1067800085F81F1A2846D3F8903098476C468AB08F
:106790006A4695F91F5A304905A833F07BFB294614
:1067A00006A833F06FFB414607A833F06BFB494660
:1067B000C0E7514607F1100033F074FB8146BBF18E
:1067C000000F42D0633E8642D4BF00260126E31D5F
:1067D000BFDB514607F1080033F0C4FBB0F1FF3FC7
:1067E0008246B6D0A0EB0803312BB2DCB8F1320FF1
:1067F000AFDC002EADD0013C61B22B6885F81F1ACA
:106800002846D3F8903098476C468AB06A4695F986
:106810001F5A124905A833F03DFB294606A833F05C
:1068200031FB414607A833F02DFB514608A833F051
:1068300029FB494609A833F025FB06237B6042F873
:10684000103F00234FF443517FE70126BFE700BF0D
:106850007FC10400D0820400B3C10400DFC1040082
:106860002DE9F04704463DF00BF94FF47A75A0FB93
:10687000050647F6122205FB01610023FAF738FEF0
:10688000D4F8303AD4F8342A07460E46014653EA83
:10689000020004F5236560D1C4F8307A6E6055E9D2
:1068A0000223891A66EB03024FF47A73B4F8200AC4
:1068B00080FB0303814272EB0303C0F2D28004F138
:1068C0001408404633F02AFA002800F0CA8004F188
:1068D000180033F023FA002840F0C38023682046D4
:1068E0001B6B9847002800F0BC8023682046DB6AB9
:1068F0009847002840F0B580236820469B6F984752
:1069000010F1800F00F0AD80D4F86C391BB1073363
:10691000984200F3A68045E90276204633F059FC00
:1069200023680146D3F88C30064620469847054632
:106930000021404633F0D0FA2046FFF79DFB002DA2
:1069400018DA15F1580F00F08C8002212B46BDE8B3
:10695000F047454A454836F0D7BE4548CB1A66EB66
:10696000020298424FF00003934198DA204633F038
:1069700016FC91E74FF6EF7304EBC606B6F8B6299E
:106980009A4202D9204633F00AFCB6F8B6390133F0
:10699000A6F8B639002D50D0B6F8B83920460133E4
:1069A000A6F8B839FFF74CFB024600284DD0204628
:1069B00033F0F2FA42F210758540B5FBF2F541F280
:1069C000873305EB45059D423FD92A4B9D423ED872
:1069D0004FF47A73B5FBF3F547F6122C40F2E7302B
:1069E00000214FF47A72E5FB0C010023FAF780FDD9
:1069F000042580468A46D4F86C9909F107073FB20E
:106A0000404651463CF059FF23682046DB6A9847D0
:106A100050B9B9F1000F07D0236820469B6F984703
:106A20008742ACBF00200120013D12D00028E7D0F2
:106A3000B6F8BC390133A6F8BC3994F81E3A83B1D4
:106A40002046BDE8F047FFF731BE0525C4E76425C1
:106A5000C2E70028ECD1B6F8BA390133A6F8BA3942
:106A6000EBE7BDE8F08700BF11C20400D08204004C
:106A700000974901878A0100F0B51C4B83B01C4D7B
:106A80006E4600AF88B00446002908BF1D466A461E
:106A900080F8391A174905A833F0FCF9294606A8E9
:106AA00033F0F8F94FF40073ADF81C30124B7B60F3
:106AB00042F8103F114800234FF4E65104F1140549
:106AC0000AF0DCF82846B54633F028F950B12368BF
:106AD00020461B6F98472846002133F0FDF92046D9
:106AE000FFF7CAFA0C37BD46F0BD00BF17F204002D
:106AF00024F2040028C2040003000001D082040034
:106B000070B50D46164604243146284637F059FC28
:106B100048B140F2391000213CF0CFFE013CF3D1E6
:106B20000148FEF7ADFE70BD49C204002DE9F04FEB
:106B3000DFF85882ADF5257D04460D461746002145
:106B40004FF4007224A81E4640F0E4F898F8003094
:106B500043B98F4836F0F9F898F8003013B98D48EA
:106B600036F0F3F8402124A837F02BFC98F80030D9
:106B700081463BB924A833F0B0FB4946024686481B
:106B800036F0E3F8102200210AA840F0C3F81021E3
:106B90000AA824F06BF8002301460DF1CF020DF195
:106BA000280C8B4201DA102B58D198F80030002BBA
:106BB00040F0E780794836F0C8F8BFB1B6B1202E72
:106BC000314628BF20213A460DF1DF037E1812F826
:106BD000010B13F8017FB24280EA07001870F6D16A
:106BE00098F8003043B96E4836F0AFF898F80030A6
:106BF00013B96C4836F0A9F8402180A837F0E1FBC2
:106C000098F80030064673B980A833F066FB314629
:106C10000246654836F099F898F800301BB92946C5
:106C2000624836F092F8002307932EF0B1F9202342
:106C300007AF00934FF400725D4801971CAB24A985
:106C40003FF097F8064610B9079F202F0FD020215C
:106C50001CA832F0CAFF5748FEF712FE12F801EFE7
:106C60001CF8010B013380EA0E00107099E7014611
:106C7000142217A840F04EF84FF41053ADF85830D6
:106C80004FF480734C4A0DF12008CDE91832ADF86D
:106C90005A301CA943463A4616A8C8F800603EF090
:106CA00089FF064639461CA832F09FFF002ED2D13C
:106CB000102231460EA840F02DF837460DF1240A77
:106CC000BD42D8F8000017D90023CAF800301023BD
:106CD0000DF1380B0DF148095A463749CDF808A097
:106CE0000193CDF800902EF007F818B9DAF80030CB
:106CF000102B14D04FF0FF36D8F800003EF090FE75
:106D000010210EA832F071FF002EA4D101231946E4
:106D10002544AC421CD101B933B328489CE7EA1B97
:106D2000102A28BF1022E019494605923FF0CCFFF7
:106D3000059A17444A4612F8013D0133DBB213703D
:106D40000BB95A45F7D11021484632F04EFFB7E74C
:106D500014F8012B32B1FF2A14BF002303F0010302
:106D60000021D6E71346D4E724A84FF4007132F08F
:106D70003CFF10210AA832F038FF0DF5257DBDE853
:106D8000F08F002F7FF41AAF36E700BF83B90220DF
:106D90006AC204008EC20400D6C2040005C3040007
:106DA00046C3040068C30400B5C30400E4C3040080
:106DB000090000021DC40400004440043CC4040057
:106DC000002330B5044689B01A4620216846FFF7F3
:106DD000ADFE6946204632F09EF865252378013BDA
:106DE000DBB2FD2B05D82021684632F0FEFE09B04B
:106DF00030BD013D02D10748FEF742FD0023684641
:106E00001A462021FFF792FE6946204632F083F8A9
:106E1000E4E700BF67C4040038B504464068FAF7E9
:106E2000B7F80649FAF7BCF905462068FAF7B0F852
:106E300001462846F9F7F8FF38BD00BF0024744921
:106E400010B50024044B1C700321044A044836F09A
:106E500052FC204610BD00BF84B902209AC4040031
:106E6000D0830400014B1878704700BF84B902201A
:106E700013B51422002104463FF04CFF12483CF0A9
:106E80001FF978B1104833F064FA58B96A460C21FA
:106E90000D4833F062FA28B96846FFF7BDFF0123B9
:106EA000E060E374237C5BB9607C58B9A37C2BB9A8
:106EB000E37C002B14BF00206FF03C0002B010BD3B
:106EC0000020FBE71846F9E7E876040008B503213F
:106ED000024A034836F00FFC002008BDB7C4040086
:106EE000D083040070B4CE7D46B1CD68541B054DEF
:106EF000AC4203D81BB970BC33F0EEBA002370BCAF
:106F000018467047809706002DE9F84F032B064678
:106F1000894690461F460A9D2FD833F0C9FA044689
:106F2000A0B38668464528D2C1689620691AA8EBA6
:106F30000606761A4FF000033C4AA1FB000169EBFC
:106F40000909FAF785FA10F12D020B4641F100010B
:106F5000B24271EB09010ADB6FF02C024FF0FF31F6
:106F6000121A61EB0303964279EB030307DA01235C
:106F70002561A382C4E90285A775BDE8F88F4FF6A5
:106F8000FF72A38A9342F5D00133F2E7182103463A
:106F900006F1170001FB03F210F802C0BCF1000F6C
:106FA0000ED1B418D9F800302360D9F80430C4E900
:106FB0000285636001232561A382A775E375DCE781
:106FC0000133102BE6D131464FF0000A4FF0180B79
:106FD0002A46304633F080FACB6818B11448EA1AD2
:106FE000824217D98A7DBA4214D9ECB1A07D82427F
:106FF0001AD803D1888AA28A904215D30BFB0A6261
:1070000060695269424032F07F4203D1E2689342A4
:1070100038BF0C460AF1010ABAF1100F01F118014C
:10702000D6D1002CBED1A8E70C46F3E740420F00B2
:1070300080510100034690F8900138B1D3F88C31AB
:107040000348C91A81428CBF00200120704700BF4D
:107050007F3A09002DE9F3478A4616460021182297
:1070600004461D463FF056FEDAF880713246BE42B5
:107070002CBF002301235146237404F11800009310
:107080002B4633F036FA237E1BB940F201232380CE
:1070900014E0BE422ED2A37E022B02D840F201336E
:1070A000F5E7D4E90832B3F1960642F1FF32B6F5BE
:1070B000167F72F1000305DA01236370204602B0E7
:1070C000BDE8F08729465046FFF7B4FF08B1052315
:1070D000F3E79AF8A03143B145F25F41DAF89C3109
:1070E000EB1A8B4201D80623E7E70223C4E90262C8
:1070F0002370E3E7637E052BD0D9A27EB3EB420F6A
:1071000002DB40F20143C2E7D4E90887002F46467C
:10711000B94602DA764267EB4709B6F5167F79F190
:107120000003C9DB29465046FFF784FF0028CED173
:107130009AF8A03133B145F25F42DAF89C31EB1A8C
:107140009342D0D99AF89831ABB14FF49670DAF8EF
:107150009431154AED1AA5FB00010023FAF778F9DE
:1071600010F5167041F10001B04271EB090102DA2D
:1071700040F201738BE7022318F5616F424640F637
:10718000116123703B4677F1FF37BCBF4FF0FF33EF
:10719000064A8A4273F10001A4BF4FF461620023E2
:1071A000C4E902238AE700BF40420F00F0F1FFFF6D
:1071B0002DE9F04F93B08046894602AF3CF060FC69
:1071C0004FF47A74A0FB040547F61222002304FB57
:1071D0000151FAF78DF94FF47A720023FAF738F972
:1071E000D9F8003038601B68484698473B6802462B
:1071F0000646414607F1100033F081FA3B7C022B32
:107200001AD1D7E9065B98F88421D2B1BBF1000FFF
:1072100017DAD8F8B4210132C8F8B4214FF0FF31A1
:10722000494A2B4695427BEB0101B8BF1346474ABA
:107230000221474836F068FA00204437BD46BDE8D1
:10724000F08F6FF001004FF0000A76194BF1000249
:10725000711E42F1FF3288427AEB02023D4C0FD29E
:10726000AC427AEB0B0A09DB4FF0FF32364B9D4202
:107270007BEB020200DB2B46374AD9E72346FBE7CC
:1072800097F82030D9F80020314652687B60484694
:107290009047304633F06BFA052008F0CDFC7B6850
:1072A0002A4601933B68404600935B4633F010FA50
:1072B000AC427AEB0B0A07DB4FF0FF32224CA542BF
:1072C0007BEB0202A8BF2C467A68244B244DE8468B
:1072D0008CB0002A08BF1D4697F82AA097F82B907B
:1072E00002AA204B07F10C0102F11400FB6033F0FD
:1072F000B7F802F11800FC6033F0B2F802F11C009C
:10730000FD6033F0ADF802F12000C7F80CA033F0B7
:10731000A7F802F12400C7F80C9033F0A1F840461A
:10732000FE6033F09DF840F2013393850E4BFB6015
:1073300042F8103F064800234FF4725109F09EFCBA
:107340000120C54679E700BF006CCA88F4C4040078
:10735000D8830400009435772EC50400EAC40400E5
:10736000E0C404004EC50400070000010138C0B2AB
:1073700006289ABF024B53F820000248704700BF0E
:107380000C8D04007BC504002DE9F04FB1B00B93C8
:1073900005463A9B8846164601460B9A16A89DF864
:1073A000ECA0FFF757FEDDE91E799DF858209DF807
:1073B0006830022A9DF87040099340F03581DDE97C
:1073C000181095F8842122B1002880F2A081B74AD4
:1073D00004E0B74B8B428241B64A07DB4FF0FF3CDB
:1073E000B54B994270EB0C0C00DB0B46B348B1492E
:1073F000DDF824C0BCF1000F18BF014622A8CDE97A
:1074000000123821AE4A2FF055FCBAF1000F00F0FF
:107410003081AC4BA74A9DF871109DF872009DF821
:1074200073C0002C00F028814FF0000EA04CBC422D
:107430007EEB090E07DB4FF0FF3E9F4CA74279EB36
:107440000E0EA8BF3C46209F0DF1880ECDE901101D
:10745000CDE903C4009231464046CDE9057E9A4A03
:107460002FF028FC041EC0F24D81B44280F04A8106
:10747000D5F8AC31FBB1D5E96E1C00208C4AD5F8AB
:10748000B0718A4270EB0C0007DB4FF0FF308A4A84
:1074900091427CEB0000A8BF0A46CDE90072311B87
:1074A00008EB0400894A2FF005FC241800F12A811A
:1074B000B44280F02781D5F8B4315BB1311B08EBC1
:1074C0000400834A2FF0F6FB241800F11B81B4421C
:1074D00080F0188128463A99FFF7ACFD98B13A99A7
:1074E000284633F033F94FF46163311BB0FBF3F3FB
:1074F000784A08EB04002FF0DDFB241800F102812C
:10750000B44280F0FF80D5F8A831311B009308EB1E
:107510000400D5F8A431704A2FF0CCFB241800F1F8
:10752000F180B44280F0EE8005F5C0730A934FF00D
:10753000000A2B46DA7D0AB10AF1010A0A9A1833C9
:107540009342F7D14FF0000BD946CA4540F3A980CA
:107550002F468BF001030F93FB7D002B00F09580ED
:10756000099B394628463A9AFFF7BCFC0F9B834299
:1075700040F08B8008EB04030893331B0C933B789B
:107580003A9A0D937B78B98A0E93FB686329A2EB34
:107590000303BA6828BF63219B184FF0000242EB37
:1075A000020E0B9A97F816C09B1A414A6EF1000E14
:1075B0009A424FF0000272EB0E025FDB3E4A9342AA
:1075C0004FF0FF327EEB02025ADBDFF8E8E0434A7D
:1075D000CDE901C1002808BF7246CDE903320E9BF8
:1075E0003F4A0093311B0D9B08EB04002FF062FB18
:1075F000002802DB2044B04244D30023089ACA4545
:1076000013704EDDAAEB09031821364A10A82FF09B
:1076100051FB0C9B0546834243D9421C10A9089894
:107620003FF052FB2C443CE0BDF85830B3F5807F6E
:1076300015D1B9F1000F3B464A4602DA7B4269EBAD
:10764000490240F22D118B4272F10002B4BF264B69
:10765000264B274A382122A82FF02CFBD5E69DF88F
:107660005900FFF783FE03460AB9224AF2E7224A8D
:10767000F0E7224B224ACEE62746E5E60C4BA4E78C
:107680000D4BA2E7044609F101090A9B18379F42F6
:107690007FF462AF0BF10103022B4FF0010B7FF47B
:1076A00054AF204631B0BDE8F08F00BF7DC5040067
:1076B0000094357770CA0400006CCA8896C504002F
:1076C000BCC5040063E90400E0C5040015C604005D
:1076D00035C6040043C604004DC60400B9C5040005
:1076E00061C604007DC60400A3C50400A6C504004D
:1076F00026E20400C9C50400D3C5040095C90400EE
:10770000AEC504000023741E08F80430C9E7002247
:10771000024B8B428241024A66E600BF00943577F5
:1077200070CA040010B5044609F0DAF9044823468B
:107730000121044A35F0E8FF012008F0FFFE00BFF8
:1077400098830400F3C6040008B5806883681B684A
:107750009847031E06DA04480121044A35F0D4FF95
:10776000002008BD0120FCE7D88204003AC70400CD
:1077700010B50446FEF752FB014B2046236010BDB6
:10778000388D040010B504464FF400620349FEF73B
:10779000A7FB2046BDE81040FEF7B6BE18BD02208C
:1077A00000487047000080BF004870475EC7040073
:1077B000004870476EC704000048704788E2040024
:1077C000004870476C12002000487047A027022034
:1077D000014801F067BD00BF5868022010B50C4693
:1077E000602204483FF070FA2146BDE8104002488C
:1077F00001F038BE6C12002058680220014832F0B7
:1078000049BA00BF3803002038B500250C4B1C686E
:1078100004F5B03383F8985204F5003383F8BC5F65
:1078200004F50434D4F8080718B135F097F8C4F813
:1078300008570023C4F80C37C4F8103738BD00BF10
:107840006C68022010B547F6122C0446002140F265
:10785000E7304FF47A720023E4FB0C01F9F748FE9D
:10786000BDE8104002460B4601482BF0F1B900BFBD
:107870000000002008460149F9F79EBED7DA04004F
:107880000148FEF757BE00BF902A022038B5114DBF
:10789000114B0446012808BF1D4607F07BFD50B17F
:1078A0000E4890F8763253B1A0F5B030294604F076
:1078B000ADF9012008E007F09BFD022805D008483B
:1078C000E1B201F0E3FD002038BD07F047FE0028DB
:1078D000F5D1E5E794C704007AC704006870012079
:1078E00058680220014832F0E0B900BF3803002098
:1078F0000149024801F0F8BD80710120586802205A
:10790000F7B50E4B0E480C46B3F8607032F0C2F972
:1079100005460C4832F08DFC06460B48FDF7D6FCB8
:107920004FF47A73CDE90070B6FBF3F32A46204694
:1079300006492FF0E9F903B0F0BD00BF6810002040
:1079400038030020340300202C03002012C8040058
:10795000084BB3F8780258B14FF6FF72904207D146
:10796000B3F8740210B1C83080B2704740F6AC5022
:10797000704700BF68700120F0B5ADB007460E46F5
:10798000144607F007FDC0B1651CB02D1FD9B02506
:107990002346AF240221114A114835F0B5FE8DF877
:1079A00000702EB1224631460DF101003FF08CF9F6
:1079B0002946684632F0C7FF07E007F019FD0228A4
:1079C00003D107F0CBFD0028DED02DB0F0BD8DF83F
:1079D0000070002CE5D10125EAE700BF50C8040083
:1079E000A8830400014601483CF024BA70680220D4
:1079F00000B54B1EAF2B0A46AFB013D8ADF804103C
:107A000001460DF106003FF05FF907F001FD00228D
:107A1000002301A93BF039FC38B10221054A064890
:107A200032F05CFF2FB05DF804FB0420FFF7DAFFB3
:107A3000F8E700BF61C80400A8830400F7B500267A
:107A40000D460E706E490446F9F7ACFD20B1204694
:107A50006C49F9F7A7FD30B96B49284603B0BDE87A
:107A6000F040F9F7A9BD20466849F9F79BFD80B9B8
:107A7000674B684993F87622674B002A08BF0B468C
:107A8000664A4FF48071284603B0BDE8F0402FF0FD
:107A900011B90E22204662493FF079F900283CD105
:107AA0000E34264633780134202BFAD030465A491A
:107AB000F9F778FD80B130465A49F9F773FD58B1AE
:107AC00030465449F9F76EFDC8B130465649F9F7CA
:107AD00069FDA0B15549C0E701244D4B93F876727A
:107AE0004B4E4FF4807086F87642FFF77BFF5CB117
:107AF0001FB9A6F5B03034F0C1FD474B06E0444B4A
:107B0000002493F87672EBE717B9424B484AB8E77E
:107B1000A6F5B03034F0E9FDF7E720464549F9F71E
:107B200041FD80B93A4BB3F878320BB9424994E73A
:107B30004FF6FF72934204D1FFF70AFF3F4A034614
:107B40009FE73F4A9DE7132220463E493FF01FF939
:107B500000284BD11334264614F8013B202BFAD0D1
:107B60000722304638493FF012F980B300230A2239
:107B7000304601A901932FF00BFC344C019A117887
:107B8000A1F10903DBB2172B03D824FA03F3DB07B7
:107B90000AD43378303B092B04D819B941F2883321
:107BA000984204DD2A4958E701320192E6E784B29F
:107BB000174B4FF48070A3F87842FFF713FF0023B0
:107BC000244A1370244A137024B9244945E74FF618
:107BD000FF74EDE74FF6FF739C4204D1FFF7B8FE48
:107BE0001F4A03464DE723461E4A4AE72B462246D4
:107BF00031461D4803B0BDE8F04004F05DBA00BF57
:107C000071C804000612050076C804001FC90400EC
:107C10006870012095C9040063E904002DC90400BF
:107C20003BC90400CFE304002B0905004AC9040046
:107C300060C9040072C9040085C9040099C9040020
:107C4000B9C90400CFC9040005CA040013008000AC
:107C5000E3C9040086B9022085B902200DCA0400D8
:107C600025CA040049CA0400980F002000B5C1B01D
:107C70000146FF2268463FF09CF800238DF8FF3054
:107C800000220023694607483BF0FFFA28B9042088
:107C9000FFF7A8FE41B05DF804FB0D21024834F067
:107CA0002BFEF7E7C40D002063CA0400F0B50F4BAC
:107CB00087B00F48D3E911670C46D3E90F1532F0AE
:107CC0000AFE0B4B0246181D32F005FE034608481B
:107CD000083032F000FE0091CDE90370CDE9015685
:107CE000204604492FF010F807B0F0BD68100020BE
:107CF000AC35022071CA0400002310B50E4AD2E848
:107D0000EF1FC2E8E03F0028F9D1111DD1E8EF0FC5
:107D1000C1E8E43F002CF9D10832D2E8EF1FC2E8F5
:107D2000E03F0028F9D1054AC2E90F33C2E9113317
:107D3000A2F8603010BD00BFAC35022068100020F2
:107D40002DE9F041134B82B0061EE84600AF124DFC
:107D500088B018BF1D46114905A832F08FFD29468D
:107D600006A832F08BFD4FF400736A46ADF81C3064
:107D70000B4B7B6042F8103F00234FF4E65109485B
:107D800008F07CFF3046C54607F030FF0837BD4697
:107D9000BDE8F08124F2040017F20400D2CA040006
:107DA00003000001A883040003460121014A0248A0
:107DB00035F0AABC27CB0400A883040038B50446DC
:107DC00018B1BDE83840FFF7EFBF094D95F81C31F9
:107DD00005F58E70002B08BF002007F0F5F995F827
:107DE0006E3223B12046BDE8384007F0A1BA38BD55
:107DF000687001200B460321014A024835F084BC1B
:107E00003CCB0400A88304002DE9F041174B82B05D
:107E10006E4600AF0D46002814BF804698468AB0D3
:107E2000134905A832F02AFD414606A832F026FD86
:107E30000122391D07A87D6032F0F7FC4FF4007372
:107E40006A46ADF820300B4B7B6042F8103F0023B0
:107E50004FF41151084808F011FFB54640F635407F
:107E600000213BF02AFD012008F068FB0612050006
:107E700068CB040004000001A88304002DE9FF4141
:107E80000024214DDFF88480214B224F224E2946C9
:107E900040462B606C60AC6032F0C7FE3A461F4B28
:107EA0001F492048FFF764FC30461F4B21464FF422
:107EB000A06240F8043B3EF02DFF1C4BC6F8044581
:107EC000C6F80C45C6F80845CDE90268184ECDE95C
:107ED0000053184A184B1349184803F07FF83046EE
:107EE00032F08FFD1648174B1749C360174BC0E996
:107EF00000758660036180F8C840983004B0BDE822
:107F0000F0413BF0DEBB00BF6068022058680220F1
:107F1000F48C04003803002048630220B8350220A6
:107F2000C8760400902A0220DC8D04002C03002077
:107F3000404F02203403002030030020681000204E
:107F4000980F00208071012065C8030028030020DD
:107F50000148FDF721BF00BF902A02202DE9F04F14
:107F6000ADF53F7D7F4806AF31F09AFE03217E4A92
:107F70007E4832F0B3FC002307F1200989F8003075
:107F800007F18008404622F089FEF861002840F0A1
:107F9000AF80D8F80020764C12F0010F754B08BF67
:107FA0002346BB61744B12F0020F0CBF20461846EB
:107FB0007861724812F0040F0CBF25460546DFF8C1
:107FC000C0B112F0080F6F4E08BF264612F0100F16
:107FD0003D610CBF25465D463A6012F4807F6A4AD7
:107FE000FD600CBF25461546C7F804D090B0BD60B3
:107FF00006AD664905F1140032F040FC3A6807F519
:10800000F07A5146C7F8E02105F11800012232F05C
:108010000CFCB96905F11C0032F030FC796905F1FE
:10802000200032F02BFC396905F1240032F026FCE7
:10803000314605F1280032F021FCF96805F12C00E9
:1080400032F01CFC524AB968C7F8E02102F1023252
:10805000C7F8E42105F1300002F1023205F13406DF
:10806000C7F8E82132F00AFC9AE8070086E8070022
:108070002A46484BC7F8E03042F8103F46F2C001AC
:10808000FB693A4808F0FAFDD7F804D022F03EFE2A
:1080900040F21F13D8F800201A4229D0364912F0B6
:1080A000010F36483C4B08BF234612F0020F14BFA5
:1080B0000E46264612F0040F14BF0146214612F068
:1080C000080F364D08BF254612F0100F0CBF204692
:1080D000584612F4807F2C4ACDE9011518BF14468A
:1080E0006021CDE903042E4A484600962EF0E2FDB9
:1080F00000F0B0FE20B901212A4A1C4832F0EEFB04
:10810000294801F079F8284801F0CEF901280DD16D
:108110004846F9F759FA164A244BC0F16001002885
:1081200008BF1346224A48442EF0C4FD1E4801F001
:10813000FDF807F5F07600286BD11B4801F030F907
:10814000002839D0184801F031F9A8BB164801F0D1
:1081500069F9002840F072840321164A034832F07E
:10816000BDFB53E038030020F1CB0400A8830400DA
:1081700070CA04008DCB040092CB04009CCB040099
:10818000ABCB0400A6CB0400B5CB04000BCC0400A1
:108190000103020409000006BDCB0400D0CB04009B
:1081A0002BCC040042CC040058680220DFCB040032
:1081B00058CC0400E6CC0400C34801F0F1F8C34DEC
:1081C000C34BEA4688B0002818BF1D4606ACC1491B
:1081D00004F1140032F052FB294604F1180032F089
:1081E0004DFB4FF400732246A383BB4B336042F830
:1081F000103F00234FF4E451B84808F03FFDB24867
:10820000D54601F04FF8B04800F0F6FFAE4801F057
:1082100093F832F07EF8FEF713FEFEF757FE304675
:1082200032F0A3FA18B13168AD4832F029F807F0FE
:10823000EDFB32F099FA32F06EF868B10321A94AE9
:10824000A64832F04BFBA84832F05FF8A74832F05E
:108250005DF8A74832F05BF8FEF704FE20B1032179
:10826000A44A9E4832F03AFBA34C4FF4B47200216A
:10827000A2483EF04FFDA24BA24904F5A870C4F8F5
:108280001831F9F799F9A04B4FF49671C4F86031A1
:108290009E4B0022C4F864314FF07C53C4F86C311B
:1082A0009B4BC4F89C11C4F8803140F608034FF48E
:1082B0007061C4F86821C4F8A8210122C4F88C3187
:1082C000944BA4F82A12C4F89031934B1921C4F8A6
:1082D0009431C4F82422002384F8292284F87022DF
:1082E00084F876224FF6FF72774884F82C1204F552
:1082F0008C71A4F8983184F89A3184F8A031A4F8EC
:108300007822A4F8743201F0BDF9D4F83402834A1B
:10831000A0F5C333A03B934208D807F04FF8D4F838
:10832000343203217E4A6D4835F0EEF94FF4B472D1
:1083300004F58C717B483EF0C7FC7B49624801F034
:10834000C5FB7949604801F05FFD784BD3F80C2DEF
:10835000A3F5A83A72B91023754A5046754933F00F
:10836000BEF97149584801F08FFD0321724A5B48FC
:1083700032F0B4FA404630F0C2FD4146524801F0B6
:1083800057F830B94046FEF71BFD41464E4801F014
:1083900069F86022414669483EF096FC94F81C3129
:1083A0007BB998F8032098F80030029298F80220E0
:1083B0002021019298F8012061480092614A2EF034
:1083C00079FC614B6148C4F88832614BC4F88C0277
:1083D000C4F8843207F0F6F95E4834F09DFAB4F838
:1083E000740234F09AFA5C4834F099FA5B4B5C4AB8
:1083F000C4F890325B4BDFF87081C4F894325B4B69
:108400005B49C3F80C295B4AC8F8701AC8F8682A97
:1084100000225949594DA3F50430CAE91312C8F88E
:108420006C2AC8F8742AC5F800A034F013F9334A4E
:108430004E4BC8F80C2099F8002022B14946A3F50C
:10844000043003F0E3FB3E4807F0BCFB4648FDF771
:10845000DDFD8146444831F09FFD82464248FDF7EC
:10846000EFFD8346404831F0A4FDB8613E4831F04D
:10847000B7FDF8613C4831F042FC00B20190FA6966
:1084800051460092BB695A46484607F013FB3648EE
:1084900031F0A4FD8146344831F098FD98F8392A2E
:1084A00082463148FA6131F021FC83462E4831F092
:1084B00040FC0346324832F00EFA003818BF012063
:1084C000CDE9003051465DE058680220E8CB040059
:1084D000E3CB040075CC040003000001A883040072
:1084E000606802202BCD0400417D0000B11900001E
:1084F0009DA9030039CD040068700120807101201E
:1085000000001041F6DF04008D6759441600002F6B
:108510009A99993E00007A42404008009FBB0D00A6
:1085200057CD0400B83502207C710120686001201D
:10853000E42F05007BCD040082CD04006C120020E6
:10854000847101209FCD040047A90300FD7700003E
:1085500079790000E57800008D78000081780000CE
:108560003D7A00008FA80300902A02206820022094
:1085700091A9030097A90300457800006C680220C8
:10858000A82A02205B464846FA6907F0A9FAC248C1
:1085900032F0A1F90346C14832F09DF90146C048C6
:1085A00032F099F90246184607F0B0FABD4831F0AA
:1085B00071FB002107F0C0FA31F0ADFE07F010FBAF
:1085C00094F89A01003818BF012007F00FFB94F8C7
:1085D0006E02013818BF012007F016FB94F83A022A
:1085E000003818BF012007F015FB94F83A12AE4A84
:1085F000AE4BC7F81CD088B000290CBF92469A46F3
:108600000DF11809AA4909F1140032F037F9514661
:1086100009F1180032F032F94FF400734A46DFF8DE
:1086200094A2A9F81C30C6F800A042F810AF0023AD
:108630004FF4E651A048BA6108F020FB94F83EB22E
:10864000D7F81CD0BBF1000018BF012007F06AF872
:10865000BBFA8BF0400907F041F89849984888B078
:10866000BBF1000F18BF08468346964909F1140074
:1086700032F004F9594609F1180032F0FFF84FF4CE
:108680000073C6F800A0A9F81C30C9F810A0002398
:108690004FF4E651BA69884808F0F0FAD7F81CD0D0
:1086A00031F039FEA8B1D4F89C0131F041FE94F8C4
:1086B0009A01003818BF012031F031FE94F89A3148
:1086C0003BB17D480321804A32F008F9012031F0A6
:1086D00027FE94F824127D48003918BF0121FDF7C8
:1086E0005BFB94F825127948003918BF0121FEF789
:1086F000C3F994F8291294F82C02003918BF01210B
:1087000094F82B3294F92A2200907048FDF7FEFA73
:108710006E4831F063FC81466C4831F057FC98F8A4
:10872000392A82466948FA6131F0E0FA834667489F
:1087300031F0FFFA0346664832F0CDF8003818BF32
:108740000120CDE900304846DFF858915B4651469C
:10875000FA6907F0C5F94846D4F8A81131F09CFA37
:108760005C483BF061FB5C4B10215C4ACDE9019316
:1087700058485B4BCDF8008002F002F9594806F0EA
:108780000BFD4A460421534806F0FAFE564806F00F
:10879000EBFE564834F0AEF8554834F0ACF8554886
:1087A00006F0E8FE54480CF0E1FE20B10121534AE6
:1087B000414832F093F80321514A3F4832F08EF895
:1087C000504A00235048CDE900232BF029F8DFF868
:1087D0003C914FF0FF334FF0FF3240F27F71CDE913
:1087E00000233C4800223BF02CFB804601463948E0
:1087F0003BF023FB18F0100F01D002F033F918F012
:10880000200F01D031F0A4FD18F0040F19D006F0AC
:10881000FFFD00220023314629F02AFE002800F047
:10882000178106F0E5FD022801D134F05DF8002241
:108830000023374807F1E00129F01AFE002800F074
:108840001A8118F4806F10D02B6873B106F0D0FD38
:10885000022840F02781942034F04AF80346286823
:108860001BB133F0F2FD0028F5D1286820B118F0D3
:10887000470F01D033F03FFC18F0080F00F0A6803E
:10888000286808B130F05DFC2B68DFF888B0002B59
:1088900000F01F8140E000BFAC350220B03502205F
:1088A000B43502203803002095C9040063E90400B0
:1088B000B0CD040003000001A883040017F20400F7
:1088C00024F20400CECD0400E4CD0400902A02205E
:1088D000A82A022070680220606802206810002028
:1088E00058680220A88E0400AFA80300B3A80300B4
:1088F000A9A903006D7C0000BD7D00000CCE040022
:108900001DCE04005A620200180C00203C4F0220C9
:10891000C40D00204003002003F5B03393F89822E3
:10892000002A00F0D680D3F89CA2DBF800309A45EC
:1089300009D1814853460221804A34F0E5FE4FF4C4
:108940008060FFF74FF8CBF800A006F01DFD68B17E
:1089500006F020FD50B906F02BFD38B9764802210B
:10896000774A31F0BBFF012006F0E2FC02F0EAF9A1
:10897000286808B133F0C6F933F0D0FF94F87632A6
:1089800023B3FEF7E5FF834600B33BF079F84FF4DD
:108990007A7CA0FB0C0E002347F612220CFB01E1AF
:1089A000F8F7A6FDD9F8003023B147F22F52C31AC9
:1089B00093420BD9C9F80000624831F06BF9824646
:1089C000002840F0898000225F4B1A7018F4807FE5
:1089D00008D0296831B101F5B0315C4801F58C71DE
:1089E00000F082FD18F4007F3FF4F3AE584831F0F8
:1089F00072FF31F0BCFED5F80080B8F1000F3FF4F3
:108A0000E8AE3BF03DF84FF47A7CA0FB0C0E47F645
:108A100012220CFB01E10023F8F76AFD4FF47A7291
:108A20000023F8F715FD014608F5053000F54E70F6
:108A300031F044FE286833F031FECAE60221454A8F
:108A40003D4831F04BFF414832F014F9FFF7DEBBEF
:108A50003288286807F5F171F9F702FA00287FF4E7
:108A6000D6AE40F20113022107F1E000A7F8E03092
:108A700031F069FFCBE6314607F1E000FEF7DEFF9B
:108A8000337853B10721344833F036FF3046F8F7D6
:108A90009BFD0146304633F02FFF02212F4833F073
:108AA0002BFFC4E606F07EFC00287FF4DEAE06F065
:108AB000B3FC436A0F2B3FF6D8AE286800283FF47A
:108AC000D4AE33F0C2FC00283FF4CFAE33F00CFF3D
:108AD000CBE64FF0FF3A36E71A4831F0E6F820BB14
:108AE0000BF19503534520DBD3457FF66CAF1C4A51
:108AF0001378002B7FF46AAF13490B780133DBB294
:108B0000022B0B707FF662AF01233021137007F543
:108B1000F0705346134ACDF800B02EF0CBF812484F
:108B200007F5F07103F072F850E700230C4A137058
:108B3000054A13704AE700BFA883040040CE040032
:108B400073CE04003803002085B902205868022043
:108B500080680220A7CC040038CE04006ECA04004E
:108B600086B90220A2CE04006810002007B5094A89
:108B7000094892F8291292F82C320039009392F8A1
:108B80002B3218BF012192F92A22FDF7BFF803B05A
:108B90005DF804FB68700120902A0220014831F042
:108BA000B1B800BF902A02200148FCF7CFBF00BF38
:108BB000902A02201146014833F036B86810002090
:108BC0002DE9F043154B85B01548D3E905950E46C0
:108BD00031F095F80446124831F084F80746104801
:108BE00031F082F880463846F8F7ECFB4FF47A73A0
:108BF000B5FBF3F5B9FBF3F307B2404602930395D7
:108C0000F7F7A2FD24B2CDE900013B4622463046EB
:108C100004492EF079F805B0BDE8F0836810002013
:108C2000902A0220C6CE04002DE9F04395B000AF93
:108C300006460C4691461D4638210346724A07F106
:108C400018002EF037F8013836281ED96E4688B045
:108C50006E4905A831F025FF294606A831F021FF0D
:108C60004FF400736A464FF4E251ADF81C30684B84
:108C7000FB6042F8103F674831F061FFB5460024C1
:108C800020465437BD46BDE8F08307F118000AF0CE
:108C900077FA0023122207F1180107F10C00C7E947
:108CA00003333B750AF022F9B0F100081FDA6E4673
:108CB0008AB0594905A831F0F4FE294606A831F0DA
:108CC000F0FE07F1180107A831F0EBFE0122391D73
:108CD00008A8C7F8048031F0DDFE6A464F4B4FF418
:108CE000415109934E4B7B6042F8103FC3E7494620
:108CF00007F10C00A047044607F10C000AF0E8F960
:108D0000804607F10C000AF079F93CB3B8F1000F86
:108D100041DA6E468AB0434905A831F0C2FE06A882
:108D2000294631F0BEFE07A80122391DC7F804808C
:108D300031F0B0FE4FF400736A46ADF820303A4B84
:108D40004FF41151334842F8103F7B6031F0F7FE89
:108D5000B54607F118000AF013FA90E76E4688B09E
:108D6000324905A831F09DFE06A8294631F099FE4A
:108D70004FF400736A46ADF81C30254B4FF4E251B6
:108D8000244842F8103F7B6031F0D9FEB8F1000F63
:108D9000B546DEDABDE7314607F118000AF02EFAD3
:108DA000B0F10008BFF66CAFE9468CB0204905A8C9
:108DB00031F077FE06A8294631F073FE07A807F1C7
:108DC000180131F06EFE154B08A87B6040F202439B
:108DD00031463B8131F065FE09A801223946C7F8CA
:108DE000008031F057FED7E901016A46114B0A9025
:108DF000ADF82C1007484FF4715142F8103F3B601A
:108E000031F09DFECD46A4E73ACF040041CF0400E7
:108E1000030000018883040053CF04000002010313
:108E2000050000026ACF0400040000017ECF0400A8
:108E30008FCF04000600000308B503680121034A30
:108E4000034834F061FC002008BD00BFAECF040031
:108E5000888304002DE9F04784B0374C00AF2578B3
:108E6000002D66D1394635480AF078FA814640BB74
:108E70004FF0010A6D4684F800A088B0304905A87B
:108E800031F00FFE06A82D4931F00BFE4FF40078AB
:108E90006A462C4EADF81C804FF4E6512A4842F841
:108EA000106F3E6031F04BFE3946AD4627480AF060
:108EB00055FA274B18B388B06C4683F800902549C3
:108EC00022E06E4688B0244905A831F0EAFD06A8E4
:108ED0001A4931F0E6FD4FF400736A46ADF81C30D4
:108EE000184B4FF4E251184842F8103F3B6031F004
:108EF00026FEB54628461037BD46BDE8F08788B047
:108F000083F800A06C46154904F1140031F0C9FD46
:108F10000E4904F1180031F0C4FD2246A4F81C806B
:108F20004FF4E6513E60084842F8106F31F007FEFA
:108F3000AD460125DEE700BF88B90220D6CF040088
:108F4000DBCF0400030000018883040001D004008B
:108F500087B9022073D0040006D004003DD004007D
:108F600007B50846CDE9002303496A46034BFFF7DE
:108F70005BFE03B05DF804FBB5AA0300B4D00400A7
:108F800070B5A6B013460C46164640212A4A06A8DC
:108F90002DF090FE01383E281CD806A80AF0F0F803
:108FA00000200122CDE90000CDE903008DF8080082
:108FB0008DF814002146684609F098FF002809DB67
:108FC000122206A903A809F091FF00280DDA6846CD
:108FD0000AF014F80025284626B070BD224616A9CE
:108FE00003A80AF041F8A04214D14022684616A90D
:108FF0000AF020F8041EF1DC0125684609F0FEFFA6
:1090000003A80DB1002C07DA09F0F8FF06A80AF052
:10901000B7F8DFE70025F0E70AF05AF8044603A89E
:1090200009F0ECFF002CF1DB314606A80AF0E6F867
:109030000028D0DAEAE700BF3ACF040030B5054691
:10904000B1B0444831F070FD88B9434831F06CFD4F
:1090500068B10321414A424834F04DFB28463D4A5D
:109060003D49FFF78DFF10B13B4831F06BFD3D48A6
:1090700031F05AFD88B93C4831F056FD68B1032102
:109080003A4A374834F037FB2846364A3649FFF724
:1090900077FF10B1344831F055FD354831F044FDCB
:1090A000044688BB334831F03FFD68B30321324AA0
:1090B0002B4834F020FB28462D4A2E49FFF760FF4D
:1090C00010B32C4831F03EFD032268462849CDE913
:1090D00000448DF8084009F009FF0446A0B9014694
:1090E0000222684609F0DAFF2146B42203A83DF0C7
:1090F00011FE5024B422684603A909F0B5FF013CD3
:10910000F8D1684609F07AFF124831F00DFD30B110
:10911000114831F009FD10B10F4831F013FD11482D
:1091200031F002FD30B1104831F0FEFC10B10E48B4
:1091300031F008FD0E4831F0F7FC48B10D4831F030
:10914000F3FC28B10B4831B0BDE8304031F0FABC37
:1091500031B030BDC6D00400D5D00400E4D0040046
:10916000888304000BD104001AD1040029D1040023
:1091700044D1040053D1040062D1040070B51A4BED
:1091800002791A4E0546002A18BF1E46B0B0304676
:1091900031F0CAFC0446A0B90146B42203A83DF050
:1091A000B9FD122231466846CDE900448DF80840E9
:1091B00009F09CFE031E06DA01210D4A0D4834F029
:1091C000A3FA30B070BD2B79002B0CBF1425642599
:1091D000B422684603A9013409F046FFAC42F7D136
:1091E000684609F00BFFECE744D1040053D10400BA
:1091F00090D10400888304002DE9F04385B01F4B13
:1092000005461B7802AF0371032100931C4A1D48D9
:1092100034F084FA2B796BB3DFF86C801B4EE9468F
:109220008AB002AC1A4904F1140031F03AFC41460C
:1092300004F1180031F035FC314604F11C0031F026
:1092400030FC2246134B4FF423512362124B0D483E
:1092500042F8103F7B6031F072FC2B79CD4613B1A0
:109260002846FFF7EBFE2846FFF788FF0C37BD4680
:10927000BDE8F083DFF82480094ED0E787B90220EB
:10928000B4D1040088830400C6D004000BD10400CC
:10929000D8D104000002010304000002D5D004006C
:1092A0001AD1040037B50321194A1A4834F023FAB9
:1092B00019480AF039F90020184B194D01A92870F6
:1092C000187007F0D9FF044670B9019B9B68032111
:1092D000144A104834F018FA01982146826834F094
:1092E0002FFB019834F001FB0B480AF071F80028BD
:1092F00007BF012301240024002308BF2B70032192
:10930000094A044834F000FA204603B030BD00BFDB
:10931000FBD10400888304001805002087B90220CF
:1093200088B9022019D204003DD20400014831F06E
:10933000FBBB00BF63D204001FB500231222074904
:1093400001A8CDE901338DF80C3009F0CFFD10B93B
:1093500001A809F053FE05B05DF804FB63D20400D8
:1093600010B504460A4803210A4A34F0C4F92046DD
:10937000FFF798FF48B12046FFF7DEFF0321064ABA
:109380000348BDE8104034F0B6B90121034AF7E7BD
:109390008883040071D2040090D20400C1D204007A
:1093A000014831F0C1BB00BFDED2040030B500255A
:1093B00097B003AB00931649482304AA039531F0F4
:1093C00038FC0446F8B1039B432B1FD9129D114969
:1093D0002846F7F7CFFFB0B928460F49F7F7E8FF5F
:1093E00088B99DF84C30053B072B0CD8149D0B49D0
:1093F0002846F7F7BFFF30B928460949F7F7D8FFE5
:10940000041E18BF0124204617B030BD2C46FAE7D1
:10941000DED2040000009643000070440000C0400B
:109420000000FF43014831F07FBB00BFEDD20400D4
:1094300030B50025A5B003AB0C4600930849802346
:1094400004AA039531F0F5FB30B1039A5F2A05D9E0
:10945000204604A92FF07BFD25B030BD2846FBE750
:10946000FBD2040010B5A0B004468022084669462D
:109470002FF097FD034620B16A4620460249FFF7C8
:109480006FFD20B010BD00BFFBD2040007B5012363
:109490008DF807100DF107020249FFF761FD03B0D7
:1094A0005DF804FB09D304001FB500238DF80B30D1
:1094B000039303AB00930B4901230DF10B0231F031
:1094C000B8FB48B1039B3BB1064831F03BFB9DF82C
:1094D0000B0005B05DF804FB024831F033FB0020BF
:1094E000F7E700BF09D30400F0B50C46C1B00B4646
:1094F00007466A4654F8041B01AE009103F1240CA0
:10950000354620686168083403C564452E46F7D1A6
:109510000025986AD96A0AAC03C4596B186B556266
:1095200003C4996C03F227149163B3F8741003F227
:109530003F1C918793F8221182F83E1093F8151181
:1095400082F83F10996F116493F84C1082F8441020
:1095500093F8161182F8451093F8171182F8461007
:1095600093F8181182F84710196D916493F88810D8
:1095700082F84C1093F8771082F84D1093F823116D
:1095800082F84F5082F84E10D3F81C1118AD1165B7
:1095900093F8201182F8541093F8821082F8551035
:1095A000D3F88410C2F8561093F8211182F85A109B
:1095B00093F8241182F85B1093F80C1182F85C1078
:1095C00093F8261182F85D10B3F80E11A2F85E1020
:1095D0002E4620686168083403C664453546F7D1D5
:1095E00020683060A088A179B080B1710DF17F0052
:1095F00003F5A37103F5AB7451F8045BA14240F885
:10960000045BF9D193F85611384682F88F1093F81D
:10961000571182F8901093F8581182F89110B3F80E
:109620005A11A2F89210B3F85C11A2F8941093F8B2
:109630000D1182F8961093F8101182F8971093F894
:109640005E1182F89810B3F8601182F89910090A37
:1096500082F89A1093F8111182F89B10B3F8121146
:10966000A2F89C1093F81411D3F8903082F89E1051
:10967000C2F89F300249A323FFF772FC41B0F0BD4E
:10968000DED204002DE9F04FADF5237D02AF064692
:109690004FF4B47207F58C700C463DF015FBAF48E3
:1096A00031F042FA40B921463046FFF71DFF07F579
:1096B0002177BD46BDE8F08F002307F10C0807F1C4
:1096C0001805C8F800302A464FF480733046A34985
:1096D000CDF8008031F0ADFA28B90121A04AA148A7
:1096E00034F009F8E3E7D8F80080B8F1590F06D84C
:1096F000012143469C4A9B4834F006F8D7E72346AD
:109700002A6807F11C0643F8042B07F13C0C32468B
:1097100003CA624518605960164603F10803F6D182
:1097200007F1400303CB07F14803A062E16203CBDA
:10973000AB8FAA6BA4F8743095F83E30206384F8A0
:10974000223195F83F30616384F815312B6C104657
:109750008649A264A3679246994695F83C60F7F75C
:1097600009FE90B950468249F7F722FE68B9731F87
:10977000072B0AD848467F49F7F7FCFD28B9484629
:109780007D49F7F715FE00283CD05046F6F7DCFF80
:10979000824648468B46F6F7D7FFC7F804D08CB010
:1097A0008046894602AD754905F1140031F079F91A
:1097B00007F1100105F118000222C7E904AB31F0EE
:1097C00069F90E6005F12000012231F063F905F11D
:1097D00028000222C7E9048931F05CF908232A46EF
:1097E0000B6042F8103F4FF481415E4831F0A7F919
:1097F0004FF4B4722046D7F804D007F58C713DF0D1
:1098000063FA54E795F84430B8F15B0F84F84C30B4
:1098100095F8453004F2271084F8163195F8463053
:1098200084F8173195F8473084F81831AB6C23650C
:1098300095F84C3084F8883095F84D3084F87730BE
:1098400095F84E3084F823312B6DC4F81C3195F80F
:10985000543084F8203195F8553084F88230D5F8AA
:109860005630C4F8843095F85A3084F8213112D932
:1098700095F85B30B8F15C0F84F8243110D095F87E
:109880005C30B8F15D0F84F80C310BD146460023F3
:1098900084F826310EE05B26012384F80C31F6E7CC
:1098A0004646F9E795F85D30B8F15E0F84F8263149
:1098B00005D15E261F2200213DF02CFA22E095F80A
:1098C0005E30B8F15F0F84F80E3137D095F85F3015
:1098D000B8F17E0F84F80F3132D9034607F17802D0
:1098E00007F1900C164603CE664518605960324663
:1098F00003F10803F6D130681860B188B2797F2689
:1099000099809A7106F11001884504F5A37019D366
:109910002E4406F1100356F8042B9E4240F8042B07
:10992000F9D1884514D96B5C4A1C904584F85631AE
:1099300026D8002384F85731134628E04646B9E775
:109940006026B7E7002110223DF0E4F93146E8E750
:1099500000230A4684F85631EBE700BFDED204004C
:1099600015D30400888304002CD304000000964320
:10997000000070440000C0400000FF435AD30400C0
:10998000AA5C8B1C984584F8572100F28A8001223A
:10999000991C884584F8582121BFEA185078EA5C60
:1099A0000B4638BF002203F1020128BF42EA002221
:1099B0008845A4F85A2121BFEA185078EA5C0B4682
:1099C00034BF002242EA00229845A4F85C216BD9FA
:1099D000EA5C591C02F1FF3CDCF1000242EB0C0294
:1099E000884584F80D2164D9695C9A1C4E1E714229
:1099F0007141904584F8101157D9A95CDA1C0129EE
:109A000028BF012184F85E11911C884521BFAB1845
:109A10005878AB5C0A4634BF4FF6FF7343EA002325
:109A20009045A4F8603146D9A95C531C481E4142B8
:109A30004141984584F811111CD9EB5C911C03F14C
:109A40000800C0B2152828BF0023884584F81231C9
:109A500033D9695CD31C481E082898BF0A21984551
:109A600084F8131106D9E95C131D5A2928BF5A211D
:109A700084F814111A1D9045FFF419AEEE583146C2
:109A80003046F7F76DFCD0B100213046F7F772FC95
:109A9000A8B930460C49F7F78BFC80B9C4F8906040
:109AA00005E6EA5CCB1C73E71A46012384F85E31B5
:109AB000AAE70A46F9E71346DCE70B46DAE7002394
:109AC000C4F89030F3E500BF0060EA462DE9F047A6
:109AD000EAB05C4A5C4B8A460179002600290CBF3B
:109AE0009146994602AF01224946381DC7E90166F1
:109AF0003E7309F0FBF9B04239DB07F150089822B8
:109B00004146381D09F096FA002808DD982833D020
:109B10000221009033464D4A4D4833F0FFFD381D79
:109B200009F06CFA6D468AB002AC4A4904F114009F
:109B300030F0B7FF012207F1E80104F11800C7F87F
:109B4000E86030F0A7FF494604F11C0030F0A9FF9F
:109B500040F20133224623843F4B4FF413513C48DB
:109B600042F8103FC7F8E83030F0E9FFAD4607F59E
:109B7000D077BD46BDE8F087444607F1E8002FF0F6
:109B8000ACF90FCC07F1100CACE80F0094E80F0013
:109B900007F1700507F584748CE80F000FCD0FC432
:109BA00095E80F0084E80F00B8F8403007F5967488
:109BB000A7F82831D8F8433007F19C05C7F87C3165
:109BC00098F8473087F82A31D8F84830C7F86C3110
:109BD0000FCD0FC40FCD0FC40FCD0FC495E80F00EC
:109BE00084E80F00D8F88C3007F13004C7F87031E2
:109BF000D8F8903007F11005C7F87431D8F89430D0
:109C0000C7F878310FCD0FC49CE80F0084E80F002F
:109C100007F1E80507F1300CBCE80F000FC594E828
:109C20000F0085E80F00002387F82B31DAF80030A9
:109C300050461B6807F1E801984700283FF46FAFD2
:109C400001365CE7D5D00400C6D00400C3D30400BD
:109C500088830400F4D30400040000012DE9F04FD0
:109C6000E3B000AF90F804A007F1040BCBF80010AC
:109C7000BAF1000F5DD1574830F056FF10B155488A
:109C800009F07EFA534EDFF85081002207F1D0042C
:109C9000204607F12405FA603A612FF01EF907F11A
:109CA0000C03C5E9013407F1100907F13803C5E9D0
:109CB0000339C5F800B007F11804BAF1000F3CD021
:109CC00022463046454B46492560FEF7ADFF002849
:109CD00060D0EA46D9F800908CB0424905A830F02F
:109CE000E0FE07F1140506A8414630F0DAFE012235
:109CF00007A82946C7F8149030F0CCFE08A83146D2
:109D000030F0CFFE982303FB09F309A8012229466E
:109D10007B6130F0BFFE6A46334B4FF463510A93C8
:109D2000324B33482B6042F8103F30F008FFD546E5
:109D300030E0304EDFF8C080A7E7C4E900AA84F81D
:109D400008A012223146204609F0D0F8B0F1000AEE
:109D500025DA6D468AB0294905A830F0A2FE3146C1
:109D600006A830F09EFE07F1140107A80122C1F8F1
:109D700000A030F08FFE4FF400736A46ADF820303B
:109D80001F4B1B480B6042F8103F4FF4115130F04D
:109D9000D6FEAD4607F5C677BD46BDE8F08F214635
:109DA000284630F0D1FE8246204609F091F905465A
:109DB000204609F023F9BAF1000F08D0002D88DA07
:109DC00001212B460F4A0A4833F09EFCE2E7002DA2
:109DD000E0DAF5E7D5D004001DD404002BD404004C
:109DE00021AC03007BD40400000202040600000240
:109DF00088830400C6D0040024D4040038D40400AE
:109E0000040000015DD4040070B500241C4B0D4615
:109E100001791C4896B0A14218BF1846012201469C
:109E200002A8CDE902448DF8104009F05FF8A04285
:109E300024DB042202A80DEB020109F0FBF8042840
:109E4000E6B218D120220DF1350102A809F0F2F88E
:109E5000202802460FD10DF1150102A809F0EAF8F9
:109E6000202808D12B68314628469B6805AA9847C8
:109E700001340028DDD102A809F0C0F816B070BD89
:109E80000BD104001AD104002DE9F04198B0204B09
:109E90000279204D00AF002A18BF1D460023FB7039
:109EA0007B60FB1C3B6107F11C037B613B1DF96080
:109EB000BB612846184B194907F10C02FEF7B4FEA6
:109EC00010B36E4697F803808AB0154905A830F0A4
:109ED000E8FD012206A807F10801C7F8088030F064
:109EE000D9FD07A8294630F0DCFD40F201336A466F
:109EF000ADF820300B4B4FF413510B4842F8103F94
:109F0000BB6030F01CFEB5466037BD46BDE8F08151
:109F10000BD104001AD10400B4D40400D3AA030066
:109F2000C1D40400040000018883040070B500243B
:109F30000D461E460179174B1748B0B0A14218BF15
:109F40001846012201466846CDE900448DF80840D4
:109F500008F0CCFFA04219DBB422684603A909F03F
:109F600069F8B42801D000240DE00722284604A98E
:109F70003CF0DFFE0028EFD19DF817403046224626
:109F800006A93CF0A1FE684609F038F8204630B03A
:109F900070BD00BF44D1040053D104002DE9F04F3F
:109FA000B1B09DF8E8809946A8F16403422B0746BA
:109FB0000E4603D9002031B0BDE8F08F0024FFF732
:109FC000DDF83979274B28480322A14218BF1846EB
:109FD00001466846CDE900448DF8084008F086FF48
:109FE000A042E7DB4FF0FF3B25460DF1100AB422FB
:109FF000684603A909F01EF8B42822D03068B28858
:10A00000B37904904946AAF8042006A842468AF883
:10A0100006303CF059FE38688DF8178003681B68DD
:10A020009847002221460390684609F037F8B42289
:10A0300003A9684609F018F8684608F0DFFF012018
:10A04000B9E70722514630463CF073FE38B1039B16
:10A050005B452CBF5B462C469B46B435C7E72C4678
:10A06000CCE700BF44D1040053D104001FB50B4B13
:10A0700000790B4A6946002818BF1A46104609F0B5
:10A080006DF940B9DDE90203C01A019B5843800A0B
:10A0900005B05DF804FB0020FAE700BF01D0040022
:10A0A000D6CF04001FB50A4B00790A4A694600283A
:10A0B00018BF1A46104609F051F930B9DDE90130F0
:10A0C0005843800A05B05DF804FB0020FAE700BFA2
:10A0D00001D00400D6CF04002DE9F04F03F5A943C9
:10A0E000303350F823B089B000F5A033BBF1000F36
:10A0F0000E46DDE9129704461499D3F8943B01DB30
:10A100009B4509DB022112935B46A94AA94809B085
:10A11000BDE8F04F33F002BB4FF0B80808FB0BF876
:10A12000022A08F51975054440F0C380052951D964
:10A130004FF0000A3A793B68920807F801A052D123
:10A14000806E05930268A04412689047C8F8EC023C
:10A15000226807F10508CDF800802946D2F8B0A0A2
:10A16000059B32462046D0474046F7F72DFA20237C
:10A1700080460DF1180A3A460421CDE90053B8444F
:10A18000431D5046FBF734FB98F80630606E8DF89F
:10A190001C30036801221B680DF11D0198473078BF
:10A1A00030F06AFE0623C0B1CDE902A30323019378
:10A1B00033794A4600932946204606F10A032FF0D8
:10A1C0009BFA024630B123682946D3F8DC6020466A
:10A1D000C823B04709B0BDE8F08F52462946204653
:10A1E00030F0E5FEF6E7012A27D10268053700972F
:10A1F000D2F8B47029463246B847307830F03CFE89
:10A200000028E7D0CDE902AACDF804A033794A4668
:10A2100000932946204606F10A032FF06DFA024604
:10A220000028D7D02368D3F8DC605346294620465F
:10A23000B44609B0BDE8F04F6047022ACAD1804455
:10A24000D8F8F82205939A4238BFC8F8F832806EE1
:10A2500007F10908026812689047B82202FB0B4B0D
:10A26000CBF8EC022268791DCDF804800091059BA3
:10A2700029462046D2F8B8A03246D0474046F7F7E4
:10A28000A3F920230DF11808019304F5017300933D
:10A290003A4600F1090304214046FBF7A9FA307859
:10A2A00030F0EAFD042310B1CDE902837EE7424697
:10A2B00094E7002A56D104298CD93B4600F5B03AE0
:10A2C00004390768C9B20AF1140A53F8042B009143
:10A2D000CDF804A02946D7F8D070B8470346002827
:10A2E0003FF478AF307830F0C7FDB0B1CDE902A3CC
:10A2F0000123019333794A4600932946204606F10B
:10A300000A032FF0F9F9024600283FF463AF2368EF
:10A31000D3F8DC604FF4967388E70121CDE900A300
:10A320002A464B462046FAF77BFF014600283FF4B9
:10A3300051AF04EB080393F8A632FF2B0BD04FF478
:10A3400096701290204608F52A72224409B0BDE8A2
:10A35000F04F2FF0FEB823680246D3F8DC604FF4CC
:10A36000967363E7012A7FF435AF00293FF432AFDB
:10A3700003683A46D3F8D490CBB22946C847307820
:10A3800030F07AFD00283FF425AFA04498F8A632BB
:10A39000FF2B3FF41FAF23682946D3F8D87020461F
:10A3A000BC46337906F10A0209B0BDE8F04F6047B8
:10A3B000FAD40400608304002DE9F04F1F460923FE
:10A3C00090460A78044602F00302D340DA070E46AC
:10A3D000BFB003D5CB880BB90B894BB12268337959
:10A3E000D2F8EC5041463A46204603F03F03A847D6
:10A3F0009DF82421489904A82FF0F2FF9DF8113010
:10A400009DF8122063B15AB14FF0000904F5A03B4A
:10A41000DBF894AB04F51973CA450DDC00251BE08D
:10A42000003A18BF0122022100926948694A33F0BC
:10A4300075F93FB0BDE8F08F194640461D4630F033
:10A4400035FD05F1B80300284AD0B82303FB0943C2
:10A45000D3F8E832BB42ECD2327804F5B03A22F0BD
:10A46000030343F001030AF1140A514630463370E6
:10A470000392B1462FF035FA039A029009F80A2B9D
:10A480007DB195F84010002970D1B82210A83CF099
:10A4900041FC10A82EF021FDB822284610A93CF05E
:10A4A00013FC9DF8101023682046D3F88C3001F07F
:10A4B0000F019847B8B910A82EF00FFD424620466C
:10A4C00004AB10A9009730F013FE2368CDF800907C
:10A4D000D3F8A05001222046337910A9A847A8E755
:10A4E00009F1010998E723682046D3F89830984786
:10A4F00020B1337903F03F038342DCD200212046B0
:10A5000030F09EFD0546F0B90221334A304833F061
:10A51000F2F810A82EF0E1FC4246204604AB10A948
:10A52000009730F0E5FD2368CDF800902046D3F881
:10A53000A0500122337910A9A84723682046D3F8F8
:10A540009030984775E7DBF8943B0321234A204875
:10A5500033F0DAF804AB424629462046009730F043
:10A56000C7FD0023C5F8943085F84330029A23686C
:10A57000009241462022D3F8F4B020465346D847F3
:10A580000DF1120105F1200030F069FC9DF810304A
:10A59000C5F8847003F00F02DB0648BF0D9B85F8F9
:10A5A000402042BFC5F88C300E9BC5F89030A06E9D
:10A5B00003681B689847C5F888002368CDF80090A9
:10A5C000D3F8A0700022294620463379B84730E7F7
:10A5D0006083040032D5040071D50400A8D50400BE
:10A5E0002DE9F04F85B0EA4602AF8CB090460546A3
:10A5F0000C461E46D7F8309091F842B002AA254B7F
:10A60000391D02F114007B6030F033FC04F12003AB
:10A6100002F118007B6030F02CFC02F11C00C7F83E
:10A62000049030F026FC02F120007E6030F021FC26
:10A6300002F12400C7F804B030F01BFC164B936203
:10A64000164B7B6042F8103F00234FF463511448CF
:10A6500006F014FBD5467B6B4246CDE900932146BC
:10A660003346284630F084FD064648B90C4802219E
:10A670000C4A33F040F830460C37BD46BDE8F08F49
:10A6800001230093014622462846BB6B30F0BDFDF6
:10A69000F2E700BFD6D50400000201030600000265
:10A6A000608304000CD604002DE9F0431646002216
:10A6B000B5B00DF10D080546DDE93D974046029124
:10A6C0008DF80C20C0211E4A2CF0F4FA4046F6F713
:10A6D0007BFF09EB0003A02BC8BFC0F1A009044613
:10A6E00080444A463C9940463CF0EEFA002305344B
:10A6F0004C4408F80930324600940521284602AB44
:10A700002FF039F80446B8B16FB1F9F783FC38601F
:10A710008046A86D03681B6898474146024605F1CC
:10A7200070002EF035F92B682846D3F8E0702246E9
:10A7300000233146B847012035B0BDE8F08300BFA3
:10A7400031D604002729F8B5054616463BD801EB5B
:10A750008114204400F5A93041223146E4303CF018
:10A76000B3FA1022194906F111003CF0E2FA03464F
:10A7700004F5A931E4316818721C03BB10230121D0
:10A78000FBF708F800274FF0FF3405F5A936E5364A
:10A7900096F82030ABB9202230460D493CF0C9FA7A
:10A7A000002818BF3C460137282F06F14106EFD19B
:10A7B000012005F5A8350134C5F80C4DF8BD20235E
:10A7C000DDE73C46EFE70020F8E700BF1430050066
:10A7D000F42F05002DE9F04F05464FF47A784FF03D
:10A7E00020094FF0020A00F5AE3400F5B03787B00B
:10A7F00004F588741037A36A93B1A86E03681B68C8
:10A800009847A36A626AB3FBF8F303EB830302EB96
:10A81000530282420AD80023A3622362E362636286
:10A820003034BC42E7D107B0BDE8F08F2846216A3A
:10A830002EF0DAF90028F3D020222146284630F005
:10A84000EEFE064628B9204A0221204832F053FF86
:10A85000E6E790F84230FF2B01D11D4AF4E7A86EDD
:10A8600030F02CFBD6F8943005F5017B03AA0421C7
:10A870000390CDF8113004F12C000923CDE900B983
:10A880008DF810A0FAF7B4FF5946304630F021FB9E
:10A89000092103AA0346019100920021324628466D
:10A8A000FAF7BEFC014640B1002296F84230284635
:10A8B000009206F144022EF04CFE2846A16A2EF0CA
:10A8C0009FF92062ACE700BF36D604006083040025
:10A8D00065D6040070B50B784E88C4B0C3F383030B
:10A8E000044632464A310DF155008DF854303CF0A3
:10A8F000EBF91422002108A83CF00CFA4FF488531D
:10A90000ADF81C308023ADF81E304FF48063154D38
:10A910001022CDE90935214605AB07A83BF04AF9DD
:10A9200010B1002044B070BD06AB02932023019308
:10A930000DAB009329460598731C15AA3BF029FA24
:10A94000044605983BF06CF8002CEAD14FF6FE73F4
:10A95000BDF83400984228BF1846012838BF0120AE
:10A96000E0E700BF09008003044BD3E8EF1F014379
:10A97000C3E8E21F002AF8D1704700BFAC6802208C
:10A9800010B5094C20600948016009490A60094A6C
:10A990001360029A084B1A60039A084B1A60049AD3
:10A9A000074B1A6010BD00BFB4680220B0680220D7
:10A9B000C8680220C4680220C0680220BC68022067
:10A9C000B868022008B50120FFF7CEFF034B1968D5
:10A9D000034B1868BDE8084031F01DB8B06802208C
:10A9E000B468022008B50820FFF7BEFF034B1968C2
:10A9F000034B1868BDE8084031F00DB8B06802207C
:10AA0000B468022010B504462FF08AFC214607489E
:10AA100030F0F4FF0220FFF7A7FFBDE81040044B21
:10AA20001968044B186830F0F6BF00BFA868022010
:10AA3000B0680220B4680220014608B5064830F02C
:10AA4000DDFF2020FFF790FF044B1968044B1868C6
:10AA5000BDE8084030F0DFBF9C680220B0680220EB
:10AA6000B4680220F0B585B00021964802AF30F0FE
:10AA7000C5FF954D04462868002800F02081002C71
:10AA800000F01D8114F0090F26D0036804F00106C0
:10AA90003146D3F8F8309847F0B18C4A8C4B002EF1
:10AAA00018BF13466E4688B002AA8A4902F1140004
:10AAB00030F0AFFF19464FF40073304630F0A9FF75
:10AAC0009383854B7B6042F8103F00234FF4E6519F
:10AAD000824806F0D3F8B54614F002032AD0804825
:10AAE00030F094FF002814BF012200222B686E462C
:10AAF00003F5B03383F89A217A4A88B07A4B18BFAD
:10AB0000134602AA794902F1140030F082FF194677
:10AB10004FF40073304630F07CFF93836E4B7B60C4
:10AB200042F8103F00234FF4E6516C4806F0A6F8B7
:10AB30000123B546620710D56D4830F067FF031E4C
:10AB400018BF01232A6802F5B03282F83832032197
:10AB5000684A624832F0D8FD0123E60610D56648FF
:10AB600030F054FF031E18BF01232A6802F5B032EB
:10AB700082F83A320321614A584832F0C5FD012378
:10AB8000A00610D55E4830F041FF031E18BF012318
:10AB90002A6802F5B03282F83E320321594A4F4802
:10ABA00032F0B2FD0123610610D5574830F02EFF78
:10ABB000031E18BF01232A6802F5B03282F86E32F4
:10ABC0000321524A454832F09FFD012322060ED54B
:10ABD0004F4830F01BFF2B6803F5B03383F86F024A
:10ABE0000321C3B24B4A3D4832F08EFD0123A60536
:10ABF00010D5494830F00AFF031E18BF01232A6808
:10AC000002F5B03282F870320321444A334832F000
:10AC10007BFD012360050ED5414830F0F7FE2B681F
:10AC200003F5B033A3F87202032183B23D4A2B48E7
:10AC300032F06AFD0123210514D53B4830F0E6FED1
:10AC4000C3B2022B28BF02232A6802F5B03282F871
:10AC50003B325A1CD2B200920321344A1F4832F0D0
:10AC60005DFD0123E20404F4807624D5304830F001
:10AC7000CDFE2A68034602F5B032C2F89C010321DA
:10AC80002C4A164832F040FD29682B4B01F5B031B3
:10AC9000186801F58C71FEF727FC0321274A0F483D
:10ACA00032F029FD5EB10D480321254A32F023FD23
:10ACB000012005F043FC002BE6D1002EE4D10C3737
:10ACC000BD46F0BDAC680220C8680220ACD60400C6
:10ACD000B2D60400BBD6040003000001E0830400E8
:10ACE000A868022063E9040095C90400D3D60400D3
:10ACF000A4680220E3D60400A0680220FCD6040069
:10AD00009C68022016D704009868022030D70400FF
:10AD10009468022049D704009068022068D7040094
:10AD20008C68022080D70400886802209CD7040029
:10AD300084680220C1D70400C4680220DAD7040066
:10AD4000F6D704002DE9F04F5A4DEFB02B68002BD9
:10AD500000F0AC80584E594C306803681B68984727
:10AD600004F0F0FE2068FBF751F9074620682FF049
:10AD700013F980462068FBF763F9814620682FF0BD
:10AD800018F9824620682FF02BF983462068036863
:10AD9000DB69984700B24A4641465346CDE900B0C8
:10ADA000384604F087FE20682FF018F9074620681F
:10ADB0002FF00CF980462068036890F839AA1B6BC5
:10ADC00098478146206803689B6A98470346206835
:10ADD0004146183030F01AFE003818BF01205246A4
:10ADE000CDE9003038464B4604F07AFE206803680F
:10ADF0005B6D98470746206803689B6D98478046BF
:10AE0000206802AC0368DB6D98474146024638462D
:10AE100004F07CFE2FF081FA034688B320462FF021
:10AE200080FAA37D2BB91A4618460093217D04F0C1
:10AE300075FE20462FF087FAD4E90112207804F03D
:10AE4000DBFE21460422286831F060FC07463068AA
:10AE500007F1FF3803681B689847064604F0A8FE10
:10AE60006C2303FB0744B8F1000F0DDA2B6803F5E0
:10AE70000033B3F8B80F6FB0BDE8F04F04F012BE66
:10AE8000024601460090D2E714F8643C53B154F8EE
:10AE9000442C0021B2428CBF0022B21AA4F16400FB
:10AEA00004F056FE08F1FF386C3CDCE76FB0BDE8FB
:10AEB000F08F00BFC8680220B8680220C068022076
:10AEC00038B508461446F6F75FF80A49F6F7B4F8BD
:10AED0000949F5F7A9FF04F03F040546601CF6F7A1
:10AEE00057F801462846F6F7A7F8F6F791FA00F565
:10AEF000FA7038BD0000C04000007A4308B500F584
:10AF0000B0304FF07E51D0F81801F5F78DFF0146B3
:10AF10000548F6F745F94FF07C51F5F785FFF6F750
:10AF200077FAC0B208BD00BF0000C84200F5B033D8
:10AF300093F82D22D2070CD50139C9B203290AD8BA
:10AF4000064A93F83932505C1840003818BF012087
:10AF50007047012070470020704700BF2430050073
:10AF600010B50446094A0321094832F0C4FB04F530
:10AF7000B033D3F8800203F58A71FEF76FFE00222A
:10AF8000002304F50530C0E9CA2310BD2AD8040007
:10AF9000808304000221024A024832F0ACBB00BFA9
:10AFA0005BD804008083040010B50446094A0321DD
:10AFB000094832F0A0FB04F5B033D3F8800203F562
:10AFC0008A71FEF761FF0022002304F50534C4E90D
:10AFD000CC2310BD82D80400808304002DE9F04307
:10AFE000064685B00E9C06F5A53502940D9C05F528
:10AFF000CA7501940C9C0094F9F7E6FC5D4B06F5CC
:10B00000197433602046B8342DF067FFAC42F9D193
:10B0100006F5AE3406F5B03704F5887407F110056F
:10B02000204630342DF059FFAC42F9D1002406F50A
:10B03000A03306F5A9302146C3F8944B40F62822E8
:10B04000E4303BF067FE06F5A833C3F80C4DC3F8B7
:10B05000E042494B3C61336003F58A73C7F8143111
:10B060000F9B06F50539C7F8803209F54E700122AD
:10B0700042492FF0F8F906F5003306F5033006F5DE
:10B080000435C7E9A144C7E9A344C7E9A744C7E910
:10B09000AA44C7F8944287F8984287F8A442214608
:10B0A000C3F8B04FC3F8B44FC3F8B84F83F8BC4FE0
:10B0B000802200F570703BF02DFE06F50638214623
:10B0C0004FF4D8622C6405F144003BF023FE214686
:10B0D0002822C5F80447C5F80847C5F80C47C5F845
:10B0E0001047C5F81447C5F81847C5F81C47C5F8F8
:10B0F0002047C5F8244785F81F4AA5F8204A08F2DA
:10B10000F7103BF007FE0023002285F8F84821469F
:10B11000C9E9CA23C9E9CC2308F1F90010223BF0A0
:10B12000F9FD2146202285F80949C5F80C4908F5A2
:10B1300088703BF0EFFD21464022C5F8304908F504
:10B140009A703BF0E7FD2146802285F8744908F2A9
:10B1500075103BF0DFFD4FF4B472214685F8F549D8
:10B1600085F8F64907F58C703BF0D4FD304605B004
:10B17000BDE8F083C48E0400C88F0400A09C6E6AF2
:10B180002DE9F043AFB01C469DF8E0300646012B98
:10B190000D469046DDF8D8909DF8DC7039999DF801
:10B1A000E8004AD1042848D906F5043CD1F800E06B
:10B1B000DCF82027724540D100232046CCF8203708
:10B1C0002EF02BFB88B338462EF027FB68B38D2377
:10B1D000ADF80C302B684022CDF80E30AB884946D4
:10B1E000ADF812300DF115003B468DF814702EF0BD
:10B1F00024FB00F10A0700F1B80303A840224146EE
:10B200000DEB03053844234605F8A34C2EF015FB3F
:10B210003B189DF80C103046013B0DF10D0230F04B
:10B2200003FE00202FB0BDE8F08302213B460A4A0E
:10B230000A48009432F072FAF3E7CDE93910CDE90B
:10B2400037734246234629463046CDF8D8902FB072
:10B25000BDE8F0432FF0C2BDB3D8040080830400E2
:10B260002DE9F04700F504381C46D8F81437074696
:10B270000D461646D2F80090ACB0002B66D000F513
:10B280000530042200F545703BF053FD824600284E
:10B290005CD10321594A5A4832F02DFA042CC8F8DF
:10B2A00014A70DF102084FD002225649301D3BF081
:10B2B00040FD50B98523ADF800302B68CDF8023041
:10B2C000AB88A8F80430082333E096F804A0BAF15C
:10B2D000000F39D1052C15D185238DF800302B684E
:10B2E000072CCDF80230AB888DF801A0A8F8043007
:10B2F000CDF8089015D9F3790C2C8DF80C3014D8B2
:10B30000002313E073791A011BB12946384630F047
:10B3100063FA8523062C18BF96F806A08DF8003036
:10B32000DDE700238DF80C30EAE7337B8DF80D3034
:10B330000E239DF80010013B0DF10102384630F05C
:10B3400073FD2CB0BDE8F0878623B4E7D8F8183732
:10B3500023B3042C4AD007F505300422294600F512
:10B3600046703BF0E6FCD8B9C8F818074FF08708DC
:10B37000043C782CA8BF7824ADF800802B682246C6
:10B38000CDF80230AB88311D02A8ADF806303BF095
:10B390009BFC4146E31D0DF10102CFE7042C25D0B3
:10B3A000D8F81C37994505D10023C8F81C374FF051
:10B3B0008B08DDE7D8F82437994517D1043CAA2C2F
:10B3C0004FF00003A8BFAA248C252246C8F82437D2
:10B3D000311D0DF10600ADF80050CDF802903BF0A4
:10B3E00073FC2946631D0DF10102A7E7786D036820
:10B3F000DB6B2CB0BDE8F047184700BFE7D804006E
:10B400008083040012D9040070B54B880546AC2B2C
:10B410000C46ACB007D902211A4A1B482CB0BDE833
:10B42000704032F071B98E2391F902018DF800302D
:10B43000F5F7AEFD4FF07A51F5F7FEFD4FF0814183
:10B44000F5F7FAFDF5F7BEFF8DF80100686D0368AA
:10B450009B6B9847F5F7B6FF6688237932468DF8DF
:10B46000020004F14A0101A88DF803303BF02CFCE6
:10B4700028469DF80010F31C0DF1010230F0D4FCB9
:10B480002CB070BD15D904008083040070B54B88C2
:10B490000546AC2B0C46ACB007D902211A4A1B4812
:10B4A0002CB0BDE8704032F02FB9842391F902012D
:10B4B0008DF80030F5F76CFD4FF07A51F5F7BCFDD3
:10B4C0004FF08141F5F7B8FDF5F77CFF8DF80100ED
:10B4D000686D03689B6B9847F5F774FFFF236688D8
:10B4E0008DF80200324604F14A0101A88DF80330BC
:10B4F0003BF0EAFB28469DF80010F31C0DF1010219
:10B5000030F092FC2CB070BD3ED904008083040062
:10B510002DE9F04FA9B09846EB4600AF00F5A033F7
:10B520008CB0914604460D466A46D3F894AB01F1BF
:10B530002006464905A830F014FB314606A830F035
:10B5400010FB07F10C0107A8C7F80C9030F006FBC0
:10B5500008A8C7F80C8030F001FB09A8C7F80CA0B8
:10B5600030F0FCFA4FF40073ADF82830384BFB6034
:10B5700042F8103F00234FF45351364805F07EFB4C
:10B580002046DD4630F0CBFBD7F8C830002B45D045
:10B5900040462EF042F9002840D06C2304F5043BCD
:10B5A000DBF80427D5F800C0534303F5043A0AF149
:10B5B000440044F800C02118A8888880A8798871C0
:10B5C0000AF14C01214406F1200056F804CB8642D2
:10B5D00041F804CBF9D1A06E7A6001680968884708
:10B5E0006C217A68434601FB024606F50436F06694
:10B5F0000AF170004022D7F8C81020442EF02EF92E
:10B6000086F84B00DBF8043701335A4202F00F0290
:10B6100003F00F0358BF5342CBF80437B9F1000FC2
:10B6200010D00022294607F10C0030F0A7FC8A2137
:10B63000034607F10C02204630F0F6FBA437BD4666
:10B64000BDE8F08F20232A468021F4E763D9040067
:10B6500006000001808304002DE9F04700F5003466
:10B66000D4F8B85F0746FF2D8846914629DD4FF094
:10B67000000AAD22D4F8B06F3C490AEB06035842E9
:10B68000C0B2DBB258BF434202FB037303F5B133D0
:10B6900093F8B1301B2B39D821FA03F3DB0735D5EA
:10B6A000013D554543DCD4F8B43FC4F8B85FFF33DF
:10B6B0005A42D2B2DBB258BF5342FF2DC4F8B43F56
:10B6C00028D14A46AD23AC2A28BFAC22D4F8B40F07
:10B6D000414658433B1800F5B13003F5B133B13062
:10B6E00083F8B02038443BF0EFFAD4F8B43F01338C
:10B6F0005A42D2B2DBB258BF5342C4F8B43FD4F876
:10B70000B83F0133C4F8B83FBDE8F0870AF1010A39
:10B710005545B2D101367342DBB2F6B205F1FF35C1
:10B7200058BF5E42C4F8B06FC4F8B85FC9E7AD2235
:10B7300006EB0A004342DBB2C0B258BF5842731C4A
:10B7400053445942C9B2DBB258BF4B4202FB0070AE
:10B7500002FB037100F5B13001F5B131B031B03009
:10B760003BF0B2FA0AF1010A9BE700BF00010208B0
:10B770002DE9F04FC3B06D4602AF8AB09146044642
:10B780008A461E46D7F8288102AA554902F11400BC
:10B7900007F1500B30F0E5F902F1180059463E650B
:10B7A00030F0DCF902F11C00414630F0DAF940F2E9
:10B7B000013313844B4B3B6542F8103F00234FF499
:10B7C0001351494805F05AFA04F5043393F8F83850
:10B7D000AD46022B78D9112387F85030B9F1000F0C
:10B7E00070D099F90201F5F7D3FB4FF07A51F5F7D4
:10B7F00023FC4FF08141F5F71FFCF5F7E3FD40B264
:10B800000023042587F85100A7F8523051462046FE
:10B810002FF0B9FF05F1F80207F108010A4482464A
:10B820006B1C02F8B00CB9F1000F52D099F800006F
:10B8300030F09FF900284CD099F8049007F10801E6
:10B84000F8330B4403F8B09C0023E81C02F8AE3C2C
:10B850003146584430F0E4F84046F5F7B5FE073578
:10B860002B18B02B88BFB0230246414688BFC5F1D4
:10B87000B0020BEB05007B603BF026FA7B68594673
:10B880001A462046FFF7E8FE002383211A46204689
:10B8900030F0CAFA204607F10C025FFA8AF12FF065
:10B8A00060FFC8B9114804F50034B4F8B83F324617
:10B8B000009341464B4631F044F807F58277BD4688
:10B8C000BDE8F08F48469BE70823012587F85030F4
:10B8D0009CE74FF0FF09B1E707F12D00E3E700BF58
:10B8E000A3D90400040000018083040070CA04008E
:10B8F0002DE9F043ADB0DDE93484A72C0646894636
:10B9000015461F460AD9A723022134932346264A07
:10B9100026482DB0BDE8F04331F000BF1B238DF861
:10B920000030DAB392F90201F5F732FB4FF07A51A9
:10B93000F5F782FB4FF08141F5F77EFBF5F742FD0D
:10B9400040B200238DF8010049463046ADF8023080
:10B950002FF019FF8DF8040015B3287830F009F99D
:10B96000F0B12B798DF80530ADF806708DF80840F0
:10B97000C4B1224641460DF109003BF0A5F904F19E
:10B98000090269463046FFF767FE002383211A4605
:10B99000304630F049FA2DB0BDE8F0831046D0E7CC
:10B9A000FF23DFE70922ECE7D0D9040080830400FD
:10B9B0002DE9F04F87B0EB4604AF8AB01546044638
:10B9C0000E469846D7F8309001F1200A04AA27497C
:10B9D00002F1140030F0C5F85146584630F0C1F875
:10B9E00002F11C00391DC7F8048030F0B7F802F1ED
:10B9F0002000494630F0B5F81D4B53621D4B7B606B
:10BA000042F8103F00234FF443511B4805F036F92C
:10BA1000DD464FF0000B204631462FF05DFF2046FB
:10BA20005B462A463146CDE901BBCDF80C90CDF8F6
:10BA3000008030F062FC5B4620465A46832104F5C4
:10BA4000003430F0F1F9D4F8B83F6DB1287830F017
:10BA500090F848B128794A4651469BB230F068FFC9
:10BA60000C37BD46BDE8F08FFF20F4E712DA040082
:10BA70000002020405000002808304002DE9F04763
:10BA800086B0EA4604AF8AB0904604460D461E468C
:10BA9000D7F8289004AA1E4902F1140030F061F88A
:10BAA000504605F1200130F05CF802F11C00391D10
:10BAB0007E6030F053F802F12000494630F051F832
:10BAC000144B5362144B7B6042F8103F00234FF439
:10BAD0004351124805F0D2F8D546294620462FF0AA
:10BAE000FBFECDF80C904FF0000942462946204657
:10BAF0000123CDE90199009630F0FFFB4B464A4601
:10BB00008321204630F090F90837BD46BDE8F08724
:10BB100042DA0400000202040500000280830400EF
:10BB20002DE9F04F87B0EB4604AF8AB015460446C6
:10BB30000E469846D7F8349001F1200A04AA284905
:10BB400002F1140030F00DF85146584630F009F873
:10BB500002F11C00391DC7F804802FF0FFFF02F12D
:10BB6000200049462FF0FDFF1E4B53621E4B7B60A9
:10BB700042F8103F00234FF443511C4805F07EF873
:10BB80003146DD4620462FF0A7FE204630F0C7F8AC
:10BB90000423CDF80C9002933B6B20462A46314695
:10BBA000CDE90083022330F0A8FB002320461A468B
:10BBB000832104F5003430F037F9D4F8B83F6DB183
:10BBC00028782FF0D6FF48B128794A4651469BB2D3
:10BBD00030F0AEFE0C37BD46BDE8F08FFF20F4E735
:10BBE00076DA0400000202040500000280830400EB
:10BBF00008B5806E03681B689847034B984234BFB2
:10BC00000020012008BD00BFA09C6E6AF0B583B083
:10BC100000F5B03393F8763204460D4600AF002BA2
:10BC20004FD000294DD00B78002B4AD06E4688B0FB
:10BC30006A46284905A82FF094FF294606A82FF048
:10BC400090FF4FF40073ADF81C30234B7B6042F83B
:10BC5000103F224800234FF4E65105F00FF820462C
:10BC6000B546FFF7C5FF78BB04F5043696F8F5092D
:10BC7000012810D904F5063303F2B51203F2751149
:10BC800003F2F51352F8040B9A4241F8040BF9D170
:10BC9000012086F8F50904EB801000F506303F22FC
:10BCA000294600F275103BF084F8002296F8F53929
:10BCB00004EB831404F50634013384F8B42186F8C8
:10BCC000F5390C37BD46F0BD2946204630F05FFC03
:10BCD000F7E700BFACDA0400030000018083040032
:10BCE00007B5202100F5017300F506300093054AE1
:10BCF0000B23019100F58870F9F77AFD03B05DF828
:10BD000004FB00BF283005002DE9F04FADF5197D8B
:10BD10000B7804460F2B0E46154602AF00F01A8131
:10BD200008D803F0FB02092A00F00681022B27D075
:10BD3000002034E0272B00F023812A2B00F0D8804C
:10BD40001E2BF5D1202AF3D92022013130F008FC36
:10BD500028B307F5AC702DF0C0F8204607F5AC719C
:10BD600030F044FB032207F5AC7107F1B00030F06E
:10BD700005F9024607F1B001204630F00DF80DE05C
:10BD80000D2DD5D90622073130F0EAFB38B1737892
:10BD9000012B09D90121204630F01AF8012007F5BE
:10BDA0001777BD46BDE8F08F0D3DF01C2FF040FE2B
:10BDB000A02D28BFA0254FF0000B07F10C0806F1BD
:10BDC0000D012A46814640463AF07EFFD6F8033000
:10BDD0002A46C7F8B030B378414603F0030307F1B1
:10BDE000B50087F8B43008F805B03AF06DFF2023AD
:10BDF000C7F800B007F1B00A019304F50173524689
:10BE00000093042138466B1DF9F7F2FC3A683E4670
:10BE10000AB901223A6040F6B833022120462FF0D9
:10BE2000E4FF336882217B6000232046BB603A1D1B
:10BE300008232FF0F9FFB9F1000F1BD004F50633EA
:10BE400003F5987203F5B87352F8041F8945A5D01D
:10BE50009A42F9D104F5043191F8743903F5064298
:10BE60004C32013304EB820203F00F03C2F804905A
:10BE700081F8743998F800306E46A3F14102192A0E
:10BE800098BF203388B098BF88F8003002AA5B4979
:10BE900002F114002FF065FE414630462FF061FE9E
:10BEA0004FF400739383564B07F5AC7542F8103F7F
:10BEB0002B6000234FF4E651524804F0DFFE0023CC
:10BEC000B5462B7004F50433D3F80C395BB1294621
:10BED000404698472B78002B3FF460AF2946204618
:10BEE00030F055FB5AE728464749F5F765FBF1E77F
:10BEF000082A7FF61DAF0722023130F031FB0028FF
:10BF00003FF44DAF162387F8583104F50433D3F8C6
:10BF1000300907F5AC7518B9A06E03681B6898471F
:10BF2000030AAB70030CEB7000236870000E06224E
:10BF3000294628716B711FE7202D7FF6F9AE20226C
:10BF4000013130F00DFB00283FF429AF20462FF0DF
:10BF500034FF23E7202A7FF6EBAE2022013130F0B8
:10BF6000FFFA00283FF41BAF002204F5B033D3F8EA
:10BF7000800283F8762203F58C71FDF7B5FAE5E7C8
:10BF8000232A7FF6D5AE2022043130F0E9FA0028CA
:10BF90003FF405AF0023606EC7F8B030036807F1C7
:10BFA000B005042229461B689847D7F8B02012B97B
:10BFB0000122C7F8B020204640F6B83302212FF006
:10BFC00014FF8B23A7F8583104F50633D3F810215A
:10BFD000B3F81431C7F85A2107F5B071072220468B
:10BFE000A7F85E31F5F700FE97F85811C31D07F268
:10BFF000591220462FF018FFD0E600BFC0DA040027
:10C000000300000180830400D3DA0400F8B505467C
:10C010009DF818001646002846D01A78032A43D106
:10C0200005F5B03292F82E7291F84110022F4FEAC6
:10C03000510126D0012F14BF002401F0010492F811
:10C040002F72022F1FD144F0020492F83022022AEC
:10C050001FD144F0040401281CBF5B789C43E30714
:10C060001DD503212346114A114831F04DFB079994
:10C070002246284641F8046BF5F7B6FD0430C0B2FD
:10C08000F8BD0124DBE7012F04BF01F002073C43A8
:10C09000DBE7012A04BF01F004010C43DBE70321C5
:10C0A000044A034831F027FB0020E9E7E5DA040001
:10C0B000808304001BDB04002DE9F04F0446884612
:10C0C000B1B01046A14916461D46F5F76BFA50B9B6
:10C0D00028469F49F5F770FA0221204631B0BDE8A5
:10C0E000F04F30F0DEBB092230469A493AF021FE8B
:10C0F00050B928469849F5F75FFA0321204631B038
:10C10000BDE8F04F30F0CDBB0822304693493AF0FD
:10C1100010FE30B92846924931B0BDE8F04FF5F72E
:10C120004BBA062230468F493AF003FE50B92846F2
:10C130008D49F5F741FA0121204631B0BDE8F04FB5
:10C1400030F0AFBB0922304688493AF0F2FD58B9C9
:10C150006068874903685B689847206803681B6AC2
:10C1600031B0BDE8F04F18470E22304681493AF011
:10C17000E0FD024660B9206940F2DC5103685B696A
:10C18000984728467C4931B0BDE8F04FF5F714BA1E
:10C190000622304679493AF0CCFD68B9206901227F
:10C1A000036840F2DC515B6998472846744931B016
:10C1B000BDE8F04FF5F700BA0A22304671493AF06F
:10C1C000B8FD00284DD1606803681B68984780451A
:10C1D00040D9606808F10108036841465B689847E8
:10C1E000042003F029FD40462EF0C1FA20690368BF
:10C1F000DB6F98470646A8B137F042FC4FF47A77D8
:10C20000A0FB070C47F61222002307FB01C1F5F73C
:10C210006FF94FF47A720023F5F71AF901463046A8
:10C220002EF042FA606803681B6898471890002354
:10C2300018A819932AF084FC4369534A03F26C73DB
:10C240000393036901330293C36801934368009326
:10C25000836823E028464D4931B0BDE8F04FF5F73B
:10C26000ABB9052230464A493AF063FD0746E8B9C2
:10C27000606803681B689847CDE9180718A82AF07A
:10C280005FFC4369434A03F26C7303930369013310
:10C290000293C36801934368009383684FF48071ED
:10C2A00028462AF007FD31B0BDE8F08F0522304660
:10C2B00039493AF03EFD002839D1701D30F0AAFA14
:10C2C0000746606803681B689847874228D96068FA
:10C2D000394603685B689847042003F0ADFC384694
:10C2E0002EF045FA20690368DB6F98470446A8B131
:10C2F00037F0C6FB4FF47A76A0FB060C47F6122205
:10C30000002306FB01C1F5F7F3F84FF47A7200231E
:10C31000F5F79EF8014620462EF0C6F9189786E7F5
:10C3200028461E4931B0BDE8F04FF5F745B909225E
:10C3300030461B493AF0FDFCA0BB29462069036842
:10C340005B6B31B0BDE8F04F184700BF7ADD0400E9
:10C3500084DD04009EDD0400A8DD0400C6DD0400C9
:10C36000CFDD0400E0DD0400A6E90400DDDD04000B
:10C37000EF934466E7DD0400F6DD040072EA040092
:10C380000FDE040020DE04002BDE040054DE040077
:10C3900073DE040079DE040099DE04009FDE0400F1
:10C3A000C0DE040010223046A4493AF0C2FC08BBAB
:10C3B00010363046F5F708F9402828BF40204710CE
:10C3C0003246394618A82DF018FC60B1206918A92A
:10C3D00003683A469B6B98472846994931B0BDE8B7
:10C3E000F04FF5F7E9B82846964931B0BDE8F04F6F
:10C3F000F5F7E2B80A22304693493AF09AFC07462C
:10C40000002874D104F114000A36009606468323EE
:10C4100084218E4A2AF04EFC2C230522304618A98E
:10C420002DF00FFCB0F100085ADD394618982AF0BB
:10C4300039FEB8F1010F834648D0394619982AF0E1
:10C4400031FEB8F1020F814645D01A983AF06DFCE2
:10C45000B8F1030F5FFA80FA40D01B983AF065FC00
:10C46000B8F1040FC6B203D01C983AF05EFC074640
:10C4700058467749F4F792FF90B358467549F4F758
:10C4800083FF68B3AAF10503072B29D8731F032B79
:10C4900026D848467049F4F781FF08B348466F49EB
:10C4A000F4F772FFE0B1002F1ADD20694A460368F5
:10C4B000CDE9006759465C6D5346A0473B46684A44
:10C4C0004FF4807128462AF0F5FBECE63E46BA466A
:10C4D0004FF00009CCE73E46BA46C9E73E46C7E7FB
:10C4E0002846604931B0BDE8F04FF5F765B809223C
:10C4F00030465D493AF01DFC98B9E06806F1090143
:10C50000383030F095F9204630F09FF94FF48071C3
:10C510002846E368554A383331B0BDE8F04F2AF079
:10C52000C9BB0B22304652493AF003FC50B920698E
:10C5300003681B6D984728464E4931B0BDE8F04F5F
:10C54000F5F73AB8042230464B493AF0F2FB00289E
:10C5500040F0FD8304360922304648493AF0E9FBB1
:10C5600028BBE3684FF07E511868F4F75DFC014684
:10C570004348F4F715FE0646F4F724FF0446F4F7A3
:10C5800007FD01463046F4F74DFC3E49F4F754FDF3
:10C590004FF07C51F4F748FCF4F714FF23463A4A75
:10C5A00000904FF4807128462AF084FB7BE602223B
:10C5B000304636493AF0BDFB38B9E3681868F4F7FD
:10C5C000C3F8334ACDE9000107E10A223046314978
:10C5D0003AF0AFFB58B94FF480712846E3682E4A11
:10C5E00093F87F3031B0BDE8F04F2AF063BB1222E0
:10C5F00030462A493AF09DFB60B94FF480712846D5
:10C60000E368254A93F880309B0031B0BDE8F04FD5
:10C610002AF050BB0A22304621493AF08AFB002812
:10C6200040D14FF480712846E3681B4A93F8773075
:10C6300031B0BDE8F04F2AF03DBB00BFCADE0400B8
:10C6400012D90400DBDE0400EBDE0400F6DE040099
:10C650000000164300401C450000E0400000FA4383
:10C66000FBDE040018DF04004CE4040053DF040088
:10C6700064DF040070DF0400E2E9040083DF0400EB
:10C680000000C842000020418DDF040097DF040055
:10C690009ADF0400A1DF040076C50400ACDF0400CB
:10C6A000BFDF04000F223046A8493AF042FB80B9B0
:10C6B000E368A74993F87620A64B2846002A08BFCE
:10C6C0000B464FF48071A44A31B0BDE8F04F2AF018
:10C6D000F1BA15223046A1493AF02BFB58B94FF474
:10C6E00080712846E3689E4A93F84F3031B0BDE828
:10C6F000F04F2AF0DFBA0F2230469A493AF019FB80
:10C7000060B94FF480712846E368954A93F84E303B
:10C710005B0031B0BDE8F04F2AF0CCBA0E223046B3
:10C7200091493AF006FB50B94FF480712846E3680E
:10C73000894A583331B0BDE8F04F2AF0BBBAB8F19E
:10C74000000F16D10722304688493AF0F2FA80B934
:10C750002069143403689B6C9847402218A92CF078
:10C7600020FC18A902462046F9F79AF823467A4A8F
:10C77000A6E6042230467E493AF0DBFA50B94FF47F
:10C7800080712846E368744A043331B0BDE8F04F45
:10C790002AF090BA0622304676493AF0CAFA80B9B1
:10C7A000E3686C4993F84D20694B2846002A08BF7E
:10C7B0000B464FF48071684A31B0BDE8F04F2AF063
:10C7C00079BA032230466C493AF0B3FA58B9E368B3
:10C7D000D3E90A23CDE90023684A4FF48071284643
:10C7E0002AF068FA5FE50322304665493AF0A1FA7B
:10C7F00018B9E368D3E90C23ECE70C223046614911
:10C800003AF097FA58B94FF480712846E3685E4AC7
:10C8100093F80C3131B0BDE8F04F2AF04BBA052245
:10C8200030465A493AF085FAB8B9E46894F8753058
:10C83000059394F874300493A06FF3F785FFCDE966
:10C840000201A06CF3F780FFCDE90001504A4FF4DC
:10C85000807128462AF02EFA25E5072230464D49F8
:10C860003AF067FA30B928464B4931B0BDE8F04F8D
:10C87000F4F7A2BE0722304648493AF05AFAC0B946
:10C8800020690368DB6D98470646206903681B6EC4
:10C890009847F3F759FFCDE902013046F3F754FF0B
:10C8A0003F4ACDE900014FF4807128462AF002FA90
:10C8B000F9E4102230463B493AF03BFA58B94FF4BC
:10C8C00080712846E368264A93F87E3031B0BDE88F
:10C8D000F04F2AF0EFB91222304633493AF029FAE4
:10C8E00058B94FF480712846E3681D4A93F87D30AB
:10C8F00031B0BDE8F04F2AF0DDB9092230462B49AE
:10C900003AF017FA58B94FF480712846E368144A90
:10C9100093F87C3031B0BDE8F04F2AF0CBB90E224D
:10C92000304623493AF005FA30B92846214931B05A
:10C93000BDE8F04FF4F740BE122230461E493AF0EF
:10C94000F8F900283AD1E368D86E38E6CADF040067
:10C9500095C9040063E9040010C60400DADF04008E
:10C9600076C50400E0DF0400F0DF0400FFDF040010
:10C97000FD08050007E004000EE0040012E00400DA
:10C9800019E004001DE004003121050013EB040050
:10C990002AE004003CE0040044E00400BAE00400A3
:10C9A00064E0040085E0040096E00400A9E00400CF
:10C9B000B3E00400C2E00400E9E004000A223046CB
:10C9C000A2493AF0B6F990B93E232A4602F8023B52
:10C9D00020236B70E168933111F8013F0BB913709C
:10C9E00061E40A2B08BF7C2302F8013BF4E70E2226
:10C9F000304697493AF09DF958B94FF4807128466E
:10CA0000E368944A93F8233131B0BDE8F04F2AF03F
:10CA100051B90B22304690493AF08BF918BBE368C4
:10CA200093F8253133B928468C4931B0BDE8F04F31
:10CA3000F4F7C2BD012B06D12846894931B0BDE8C3
:10CA4000F04FF4F7B9BD022B06D12846854931B025
:10CA5000BDE8F04FF4F7B0BD2846834931B0BDE8DA
:10CA6000F04FF4F7A9BD30468049F4F79BFD58B963
:10CA70004FF480712846E368764A93F94C3031B020
:10CA8000BDE8F04F2AF016B90422304678493AF052
:10CA900050F938B9E368986CF3F756FE754ACDE95A
:10CAA00000019AE60A22304673493AF042F978B911
:10CAB00072492846F4F780FD206903689B6C98470B
:10CAC00020220146A81C31B0BDE8F04FF8F7E8BEBF
:10CAD000042230466A493AF02CF968B920690368A3
:10CAE000DB6898474FF4807103462846654A31B0A9
:10CAF000BDE8F04F2AF0DEB80E22304662493AF027
:10CB000018F978B920682022036818A99B6B984708
:10CB100008B118AB2BE628465C4931B0BDE8F04FB0
:10CB2000F4F74ABD0E22304659493AF002F900287E
:10CB30002BD1206803681B69984700210646F4F74B
:10CB40000FFC30B12846534931B0BDE8F04FF4F73F
:10CB500033BD206803681B68984704464E4B304637
:10CB60001B681F88F3F7F0FD5CB1CDE90001CDE94A
:10CB700002474FF480712846484A2AF09BF8FFF795
:10CB800092BBCDE90001464A27E6062230464549D8
:10CB90003AF0CFF858B94FF480712846E3682D4A2F
:10CBA00093F80D3131B0BDE8F04F2AF083B8082278
:10CBB00030463D493AF0BDF898B92DF0B6FB034632
:10CBC00030B92846394931B0BDE8F04FF4F7F4BC2C
:10CBD0004FF480712846364A31B0BDE8F04F2AF054
:10CBE00069B80B22304633493AF0A3F868B9206996
:10CBF00003689B6E98474FF48071034628462C4A81
:10CC000031B0BDE8F04F2AF055B8032230462A492A
:10CC10003AF08FF8002853D1B8F1000F14BFA126C5
:10CC20004FF4807615492846F4F7C6FC2069B21EF9
:10CC30000368A91C1B6F984700287FF434AB284673
:10CC40001E4931B0BDE8F04FF4F7B6BCFCE004007B
:10CC500007E104003121050016E1040022E104008F
:10CC600028E1040032E104003DE1040046E1040053
:10CC700049E104004EE1040055E104003DCE04000A
:10CC800060E1040010C6040065E1040074E10400E2
:10CC90007EE104008DE10400288D0400AEE1040073
:10CCA000D9E10400F2E10400F9E1040002E2040029
:10CCB00076C5040012E204001EE20400D7DA040084
:10CCC0000C223046AF493AF034F8002835D12069BB
:10CCD0000368DB6F984706460028B0D06068B8F15B
:10CCE000000F036818BF4FF0A1081B6808BF4FF47E
:10CCF00080789847074636F0C3FEE3684FF47A74AD
:10CD000093F81031A0FB040C003B18BF012304FB77
:10CD100001C1019347F612220023F4F7E9FB4FF417
:10CD20007A720023F4F794FB3B4600904246294672
:10CD30003046FAF729FBFFF7B6BA33464FF4807155
:10CD40002846914A31B0BDE8F04F29F0B3BF042224
:10CD500030468E4939F0EDFF002841F02A80371D1A
:10CD60000A2238468A4939F0E4FF002846D106F104
:10CD70000E0039F0D7FFF4F701F84FF07E51064668
:10CD8000F4F7F8FA20B930468249F4F711FB30B1D4
:10CD90002846814931B0BDE8F04FF4F70DBC31466B
:10CDA0007C48F4F7FDF94FF07E51F4F73BF8E76863
:10CDB000386020462FF049FDE3684FF07E51186837
:10CDC000F4F732F801467348F4F7EAF90646F4F747
:10CDD000F9FA0446F4F7DCF801463046F4F722F895
:10CDE0006E49F4F729F94FF07C51F4F71DF8F4F788
:10CDF000E9FA23466A4A0090FFF7D3BB032238467C
:10CE0000684939F096FF80B9F01D39F08BFFF3F7D0
:10CE1000B5FFE668306020462FF017FD28466249CE
:10CE200031B0BDE8F04FF4F7C7BB0B2238465F497D
:10CE300039F07FFFF8B920690368DB6898475C49DF
:10CE4000F4F7B0FB30B928465A4931B0BDE8F04F8D
:10CE5000F4F7B2BB06F10F0039F067FFE36883F81F
:10CE60007F0020462FF0F1FC28464F4931B0BDE845
:10CE7000F04FF4F7A1BB132238464F4939F059FF60
:10CE800018BB20690368DB6898474949F4F78AFBB7
:10CE90000028D8D006F1170039F047FF0028E368D2
:10CEA000B8BF0330801083F8800020462FF0CDFCFF
:10CEB0004FF480712846E368404A93F880309B0025
:10CEC00031B0BDE8F04F29F0F5BE092238463C49A3
:10CED00039F02FFF78BB06F10D0702223846394999
:10CEE00039F027FF28B103223846374939F021FFAE
:10CEF000D0B9737B6F2B15D1B37BA3F16E02534274
:10CF00005341E26882F81131206903685B6F9847EA
:10CF100020462FF09AFC2846234931B0BDE8F04F57
:10CF2000F4F74ABB0023ECE72846284931B0BDE8B6
:10CF3000F04FF4F741BB0B223846254939F0F9FE92
:10CF4000002849D106F10F0039F0EFFE00F1080387
:10CF5000142B06D90C231F4A00936FF00703FFF729
:10CF600020BBE36883F81201206903685B6F984770
:10CF700020462FF06AFC28460B4931B0BDE8F04F3F
:10CF8000F4F71ABB8FDC040022E20400EEE904008F
:10CF900029E204000000C84234E2040000002041FD
:10CFA00053E2040060E2040012D9040064E20400C9
:10CFB00088E2040070E2040092E20400A6E20400A9
:10CFC000C2E2040063E9040095C90400CCE2040055
:10CFD000E5E20400F1E2040013223846AC4939F0DE
:10CFE000A8FE00BB06F1170039F09FFE50B1A0F17A
:10CFF0000A03F52B06D92846A64931B0BDE8F04F03
:10D00000F4F7DABAE36883F81301206903685B6F09
:10D01000984720462FF019FC28469F4931B0BDE8BB
:10D02000F04FF4F7C9BA0C2238469C4939F081FE1A
:10D0300000BB06F1100039F078FE50B1A0F10A03F0
:10D04000502B06D92846964931B0BDE8F04FF4F789
:10D05000B3BAE36883F81401206903685B6F9847EB
:10D0600020462FF0F2FB28468B4931B0BDE8F04F47
:10D07000F4F7A2BA092238468A4939F05AFE50B963
:10D08000206903689B6F98472846874931B0BDE8FF
:10D09000F04FF4F791BA0B223846844939F049FE33
:10D0A000C8B906F10F0039F040FE01280CD8E3683A
:10D0B00083F8770020462FF0C8FB2846764931B028
:10D0C000BDE8F04FF4F778BA2846794931B0BDE8A9
:10D0D000F04FF4F771BA10223846764939F029FE3C
:10D0E00050BB143602223046734939F022FE68B92B
:10D0F0000122E368204683F876202FF0A6FB28461D
:10D10000654931B0BDE8F04FF4F756BA0322304616
:10D110006A4939F00EFE00287FF406AF0022E3686A
:10D12000204683F876202FF090FB28465A4931B0EC
:10D13000BDE8F04FF4F740BA16223846604939F09E
:10D14000F8FD00BB06F11A002FF064FB431E012B13
:10D1500001D9A82806DD28465A4931B0BDE8F04F6C
:10D16000F4F72ABAE36883F84F0020690368DB69A3
:10D17000984720462FF069FB2846474931B0BDE863
:10D18000F04FF4F719BA102238464F4939F0D1FD63
:10D1900030BB06F114002FF03DFB431E3A2B01D9A2
:10D1A000F02809DD3C234FF480712846474A31B00E
:10D1B000BDE8F04F29F07EBDE36800EBD070401071
:10D1C00083F84E00206903689B69984720462FF03A
:10D1D0003CFB2846304931B0BDE8F04FF4F7ECB9DC
:10D1E0000F2238463A4939F0A4FD78B9E06806F1D3
:10D1F000130158302FF01CFB20462FF026FB284649
:10D20000254931B0BDE8F04FF4F7D6B908223846C9
:10D21000304939F08EFD58BB402106F10C0208A8B8
:10D220002CF0EBFC30B928462B4931B0BDE8F04F6B
:10D23000F4F7C2B908A8F7F767FB0028F3D018A8DD
:10D240002BF05DFE402208A918A82BF080FE206973
:10D2500018A90368DB6C984728462049F4F7ACF915
:10D26000202218A905F12100F8F71AFBFFF71BB8D7
:10D27000052238461A4939F05CFD00285FD108368E
:10D28000314611F8013F6BBBE268101D033246E0E6
:10D290000FE3040023E3040012D9040050E3040068
:10D2A0005DE3040088E3040092E30400AFE30400BC
:10D2B000BBE30400D1E3040063E9040095C9040062
:10D2C000E2E30400F9E30400E8E304001EE40400E0
:10D2D00046E4040056E404005FE404006EE4040045
:10D2E00090E404003A2B0FD8292BCAD9B24A2A3B22
:10D2F000DBB222FA03F3DB07C3D52846AF4931B0CE
:10D30000BDE8F04FF4F758B93F2BF6D05B3B022B4A
:10D31000F3D9B6E701331F2B02F8011F03D016F82B
:10D32000011F0029F6D10022C25420462FF08DFAA9
:10D330002846A34931B0BDE8F04FF4F73DB90722C4
:10D340003846A04939F0F5FC48BB0B36022230467E
:10D350009D4939F0EEFC60B9E36883F84D00204642
:10D360002FF073FA2846994931B0BDE8F04FF4F731
:10D3700023B903223046964939F0DBFC00287FF4BC
:10D38000D3AD0122E368204683F84D202FF05DFAEB
:10D390002846904931B0BDE8F04FF4F70DB90622A8
:10D3A00038468D4939F0C5FC8146002840F084801C
:10D3B00004F114000A360096064683238421874A26
:10D3C00029F078FC2C230422304618A92CF039FCD3
:10D3D000B0F1000A69DD4946189829F063FEBAF1F8
:10D3E000010F80465BD04946199829F05BFEBAF1DF
:10D3F000020F074657D01A9839F097FCBAF1030F7D
:10D40000C6B204D01B9839F090FC5FFA80F9404610
:10D410007349F3F7C3FF002847D040467149F3F73B
:10D42000B3FF002841D0731F072B3ED8A9F1050395
:10D43000032B3AD838466C49F3F7B0FF002834D0B4
:10D4400038466A49F3F7A0FF00282ED0E268D2F8E8
:10D4500048A0C2F84880D2F878B092F8743092F8B8
:10D460007510E26807939767E268069182F8746026
:10D47000E26882F875902069026812689047206916
:10D48000069902680091946D51465A46079BA04741
:10D490002846574931B0BDE8F04FF4F78DB84E46F5
:10D4A0000027B146B3E74E46FBE72846514931B065
:10D4B000BDE8F04FF4F780B8042238464E4939F001
:10D4C00038FC80B906F10800E76839F02BFCC7E9A1
:10D4D0000A0120462FF0B9F92846394931B0BDE894
:10D4E000F04FF4F769B804223846444939F021FC7A
:10D4F00080B906F10800E76839F014FCC7E90C01AF
:10D5000020462FF0A2F928462D4931B0BDE8F04F52
:10D51000F4F752B808223846394939F00AFC88B97C
:10D5200006F10C0039F0FEFBF3F728FCE6683065E5
:10D5300020462FF08AF92846324931B0BDE8F04F35
:10D54000F4F73AB8082238462F4939F0F2FB88B987
:10D5500006F10C0039F0E6FBF3F710FCE6687065A5
:10D5600020462FF072F92846284931B0BDE8F04F27
:10D57000F4F722B811223846254939F0DAFB0028A1
:10D580004AD106F1150039F0D0FB40280CD8E368E9
:10D5900083F87E0020462FF058F92846084931B01C
:10D5A000BDE8F04FF4F708B828461A4931B0BDE895
:10D5B000F04FF4F701B800BF0500010034EB0400A0
:10D5C00012D9040096E4040063E904009EE4040018
:10D5D00095C90400B4E40400EFDE0400F6DE0400A4
:10D5E0000000164300401C450000E0400000FA43E4
:10D5F000CBE40400E0E4040010E5040015E50400B9
:10D600001AE5040023E50400B9E5040049E5040037
:10D610006FE5040081E50400132238469B4939F088
:10D6200088FB90B906F1170039F07FFB4028BBD882
:10D63000E36883F87D0020462FF007F928469449D7
:10D6400031B0BDE8F04FF3F7B7BF0A223846914931
:10D6500039F06FFB90B906F10E0039F066FB4028F7
:10D66000A2D8E36883F87C0020462FF0EEF8284625
:10D67000874931B0BDE8F04FF3F79EBF0F2238461F
:10D68000854939F056FB88B906F1130039F04AFB99
:10D69000F3F774FBE668B06620462FF0D6F828460C
:10D6A0007E4931B0BDE8F04FF3F786BF132238460C
:10D6B0007B4939F03EFB002832D120690368DB68E2
:10D6C00098477849F3F76EFF00283FF4BCAB06F1AA
:10D6D000170039F027FBF3F751FB00210646F3F75B
:10D6E0005DFEB0B14FF080413046F3F74DFE80B1A2
:10D6F000E3683146DE66206903685B6E9847204622
:10D700002FF0A3F82846624931B0BDE8F04FF3F797
:10D7100053BF2846644931B0BDE8F04FF3F74CBF22
:10D720000B223846614939F004FBE0B9E3680E3654
:10D73000943316F8011F21B1E26894329A1A762ABE
:10D740000BDD002220461A702FF07FF82846504942
:10D7500031B0BDE8F04FF3F72FBF7C2908BF0A2195
:10D7600003F8011BE5E70F223846514939F0E1FA89
:10D77000D0B906F1130039F0D8FAC0B202280CD89B
:10D78000E36883F8230120462FF05FF828464049DC
:10D7900031B0BDE8F04FF3F70FBF2846454931B02F
:10D7A000BDE8F04FF3F708BF0C223846424939F084
:10D7B000C0FA00283BD120690368DB6898473949E3
:10D7C000F3F7F0FE00283FF43EAB1036032230465C
:10D7D0003A4939F0AEFAC8B107223046384939F033
:10D7E000A8FA90B108223046364939F0A2FAD0B1F1
:10D7F00006223046344939F09CFAB0B12846334904
:10D8000031B0BDE8F04FF3F7D7BE0120E36883F8ED
:10D81000250120462FF019F828461D4931B0BDE8F2
:10D82000F04FF3F7C9BE0220F0E70320EEE7032232
:10D830003846274939F07DFA00284FD1073618902D
:10D840000A22304618A929F0A3FD189B9E4205D054
:10D850001B781BB900F109031F2B03D916231D4A9E
:10D86000FEF72EBEE36883F84C0020462EF0EDFF55
:10D87000D4E90320036892F94C10DB6A9847E36807
:10D88000154A93F94C30FEF71BBE00BF93E5040028
:10D8900012D90400A7E50400B2E50400C2E50400C3
:10D8A000EFE5040088E2040003E6040018E6040043
:10D8B00024E6040034E604004DE6040095C90400A3
:10D8C0002AE1040034E104003FE104005AE60400C8
:10D8D0008CE6040090E60400AAE60400B8F1000F0C
:10D8E00036D105223846984939F023FA00282FD13D
:10D8F00006F1090039F016FAF3F740FA93490646A3
:10D90000F3F74CFDE8B130469149F3F73DFDC0B166
:10D91000E36820469F6C9E642EF097FFD4E90320B5
:10D9200092F87540016892F8743000948C6D926F93
:10D930003946A0472846874931B0BDE8F04FF3F794
:10D940003BBE2846844931B0BDE8F04FF3F734BE02
:10D9500038468249F3F726FE30B92846804931B06F
:10D96000BDE8F04FF3F728BE162238467D4939F05E
:10D97000E0F900285AD106F11A0039F0D6F9064626
:10D980001FFA80F9206803681B689847074630B97A
:10D990002846754931B0BDE8F04FF3F70DBEA9F642
:10D9A000B833B3F5AF6F06D92846704931B0BDE83A
:10D9B000F04FF3F701BE206803681B699847804663
:10D9C0004846F3F7E1FA4146F3F736FB814638461D
:10D9D000F3F7DAFA01464846F3F7E2FB8146E368DB
:10D9E0004946C3F8900020680368DB68984790B107
:10D9F00020462EF02AFFB6B24846CDE90476F2F76B
:10DA0000A3FECDE902014046F2F79EFE584ACDE959
:10DA10000001FEF71CBF00222846E3685549C3F801
:10DA2000902031B0BDE8F04FF3F7C6BD1322384661
:10DA3000514939F07EF900283ED1206803681B68FF
:10DA4000984707460028A3D04C4B20681B68B3F8C2
:10DA5000008003681B69984781464046F3F794FAB3
:10DA60004946F3F7E9FA06463846F3F78DFA0146D8
:10DA70003046F3F795FB0646E3683146C3F890005D
:10DA800020680368DB68984758B120462EF0DDFE19
:10DA90003046CDE90478F2F757FECDE90201484659
:10DAA000B2E700222846E3683249C3F8902031B03B
:10DAB000BDE8F04FF3F780BD0F223846304939F00A
:10DAC00038F9002868D106F1130039F02BF9F3F783
:10DAD00055F900210746F3F743FC18BB384629499E
:10DAE000F3F748FC08BB38462749F3F761FCE0B977
:10DAF000206839460368DB68984700283FF422A86D
:10DB0000E3682046C3F890702EF09FFE002138464F
:10DB1000F3F726FC80B128461C4931B0BDE8F04F30
:10DB2000F3F74ABDF37C302BE2D02846184931B0D8
:10DB3000BDE8F04FF3F740BD3846F2F705FE154A51
:10DB4000CDE90001FEF749BEBFE604000000164320
:10DB500000401C45CBE40400C5E60400DFE60400F9
:10DB6000F5E6040032E7040049E704006DE704002D
:10DB700097E704008DE10400C3E70400288D04004A
:10DB8000D7E704000000C8420060EA461CE8040031
:10DB9000E7E7040040E804000D223846A94939F0BF
:10DBA000C8F8002841D106F1110802224046A649D2
:10DBB00039F0BFF848B303224046A44939F0B9F818
:10DBC000074648B1737C303B012B27D8404639F0DB
:10DBD000ACF80128074621D8E368204683F80C7189
:10DBE0002EF033FE206907F0010103681B6B984794
:10DBF00068B14FF480712846E368954A93F80C3178
:10DC000031B0BDE8F04F29F055B80127E4E72846C8
:10DC1000904931B0BDE8F04FF3F7CEBC28468E49AD
:10DC200031B0BDE8F04FF3F7C7BC072238468B4947
:10DC300039F07FF850BB06F10B07022238468249C3
:10DC400039F077F800B303223846804939F071F88B
:10DC500040B1F37A303B012BE0D8384639F065F813
:10DC60000128DBD8E36883F80D0120462EF0EDFD96
:10DC70004FF480712846E368794A93F80D3131B04A
:10DC8000BDE8F04F29F016B80120EBE7082238462E
:10DC9000744939F04EF800284AD10C36374616F848
:10DCA000013B202BFAD083B338466F49F3F77AFC57
:10DCB000E8B920690368D3F89430984706466B4B5F
:10DCC0009E4229D8731E082B98BF0A26E368304667
:10DCD000C3F884602CF02CFB20462EF0B6FDEEB984
:10DCE0002846634931B0BDE8F04FF3F765BC002327
:10DCF0000A22384618A9189329F0BEFB189B06463D
:10DD0000BB4202D01B78002BD9D02846594931B0EC
:10DD1000BDE8F04FF3F750BC1E46D7E733464FF44B
:10DD200080712846544A31B0BDE8F04F28F0C2BF98
:10DD30000D223846514938F0FCFF80BB206911366E
:10DD40000368DB6F984700283EF479AF0222304623
:10DD50003D4938F0EEFF68B90122E368204683F8B8
:10DD600010212EF072FD2846454931B0BDE8F04F34
:10DD7000F3F722BC03223046344938F0DAFF00289A
:10DD80007FF4D2A8E36883F8100120462EF05DFDF1
:10DD900028463C4931B0BDE8F04FF3F70DBC3B4697
:10DDA0004FF480712846384A31B0BDE8F04F28F072
:10DDB00081BFB8F1000F1BD130463449F3F7F2FBB5
:10DDC000B0B9206903681B69984750B128463049AB
:10DDD000F3F7F2FB0121204631B0BDE8F04F2EF001
:10DDE00060BD28462B4931B0BDE8F04FF3F7E4BBE6
:10DDF00003223046284938F09CFF68B9206903683F
:10DE00005B6898470646206903689B6898473346D5
:10DE1000224A0090FEF7C5BB05223046204938F063
:10DE200088FF002840D1206803685B6998474FF459
:10DE30008071034628461B4A31B0BDE8F04F28F0F8
:10DE400039BF00BF5CE8040063E9040095C9040021
:10DE50006AE804007FE8040092E80400B2E80400E5
:10DE6000BAE80400F9E1040005CA0400803A090098
:10DE700014E90400DBE8040030E9040043E904008D
:10DE800051E9040066E904007CE90400E0EA0400CA
:10DE900093E90400B5E9040070E10400CCE9040052
:10DEA00067E7040026E204000B223046B34938F04D
:10DEB00040FFC0B9206906F10B010368D3F8A43014
:10DEC0009847034640B14FF480712846AC4A31B0C0
:10DED000BDE8F04F28F0EEBE2846AA4931B0BDE8B3
:10DEE000F04FF3F769BB0B223046A74938F021FF0A
:10DEF00060BB04F114000B36009606468323842190
:10DF0000A24A28F0D7FE20230222304618A92BF07F
:10DF100098FE002810DD012818990ED0199A206962
:10DF20000368D3F8A830984748B12846984931B0DB
:10DF3000BDE8F04FF3F740BB9649924AEFE7284619
:10DF4000954931B0BDE8F04FF3F736BB0B223046B0
:10DF5000924938F0EEFE0746002857D12069036841
:10DF6000D3F89830984780463046F3F72DFB0B28BE
:10DF70000DD906F10C002EF04DFC0646464508DB97
:10DF80002846874931B0BDE8F04FF3F715BB3E4650
:10DF9000F4E743464FF48071824A284628F08AFE0F
:10DFA0002846F3F711FB2F18A7EB0509B9F1850FE8
:10DFB0000BDDB04525DD334638467B4AC9F5807117
:10DFC00031B0BDE8F04F28F075BE206931460368D6
:10DFD000D3F89C3098478246206931460368013661
:10DFE000D3F8A03098475346704A0090C9F5807125
:10DFF000384628F05FFE3846F3F7E6FAB0450744A6
:10E00000D2D1002307F8013CFEF74DB90622304675
:10E01000674938F08EFED8B9206901210368D3F82A
:10E020008830984768B10122E368204683F882204F
:10E030002EF00BFC2846564931B0BDE8F04FF3F7FF
:10E04000BBBA28465B4931B0BDE8F04FF3F7B4BA2C
:10E0500007223046584938F06CFE0746A0B92069BF
:10E0600039460368D3F8883098470028E9D0E36838
:10E07000204683F882702EF0E8FB2846444931B0F0
:10E08000BDE8F04FF3F798BA0A2230464B4938F012
:10E0900050FEC8B9D4E903600368D3F880309847CC
:10E0A000C6E90A01D4E903600368D3F884309847CD
:10E0B000C6E90C0120462EF0C8FB2846344931B091
:10E0C000BDE8F04FF3F778BA0A2230463C4938F001
:10E0D00030FE002840F09D803046F3F775FA0A289C
:10E0E00023D1E36893F88830012B10D0022B07D09E
:10E0F000A3B92846334931B0BDE8F04FF3F75CBA15
:10E100002846314931B0BDE8F04FF3F755BA2846FB
:10E110002E4931B0BDE8F04FF3F74EBA28462C49EE
:10E1200031B0BDE8F04FF3F747BA0B360422304662
:10E13000284938F0FEFD60B9E36883F8880020467E
:10E140002EF083FB2846124931B0BDE8F04FF3F7BB
:10E1500033BA05223046204938F0EBFD00283DD186
:10E160000122E368204683F888202EF06EFB2846C3
:10E17000074931B0BDE8F04FF3F71EBADBE9040000
:10E1800010C6040075DD0400E7E90400F6DE0400B3
:10E19000A3C5040070CA0400F3E9040009EA0400FE
:10E1A00015EA040023EA040033EA04002CEA040020
:10E1B0003FEA040046EA04005BEA040063EA040064
:10E1C0006EEA040079EA040080EA040088EA0400A8
:10E1D00021FA04007BEA04008AEA040005223046A2
:10E1E0005D4938F0A6FD68B90222E368204683F84D
:10E1F00088202EF02AFB2846584931B0BDE8F04F60
:10E20000F3F7DAB92846564931B0BDE8F04FF3F7D5
:10E21000D3B903223046534938F08BFD40B9294623
:10E2200020690368D3F8903031B0BDE8F04F18474B
:10E230000B2230464C4938F07CFD30B928464B491A
:10E2400031B0BDE8F04FF3F7B7B90922304648497D
:10E2500038F06FFD58B92069012103681B6A98479F
:10E260002846444931B0BDE8F04FF3F7A5B942491B
:10E270000822304638F05DFD014650B92069036838
:10E280001B6A984728463D4931B0BDE8F04FF3F787
:10E2900093B9092230463A4938F04BFD50B920690C
:10E2A00003685B6A98472846364931B0BDE8F04FAD
:10E2B000F3F782B9B8F1000F46D103223046324954
:10E2C00038F037FD50B9206903689B6A98472846A3
:10E2D0002E4931B0BDE8F04FF3F76EB90D2230464C
:10E2E0002B4938F026FD58B9737B13F0DF0F07D1A7
:10E2F0002946206903685B6C31B0BDE8F04F1847D0
:10E300000B223046234938F014FD58B9F37A13F044
:10E31000DF0F07D12946206903681B6C31B0BDE8C7
:10E32000F04F18470A2230461B4938F002FD58B911
:10E33000B37A13F0DF0F07D1294620690368DB6B3E
:10E3400031B0BDE8F04F18472846144931B0BDE858
:10E35000F04FF3F731B900BF82EA0400A3C504000F
:10E3600021FA040096C4040090EA04009CEA040028
:10E37000ACEA0400B6EA0400C4EA0400CDEA0400F2
:10E38000DCEA0400E6EA0400F4EA0400F8EA040027
:10E39000FFEA04000DEB040019EB040024EB040079
:10E3A000014B1868704700BF9803002010B51C4649
:10E3B000013BAF2B104608D8054B1B681BB11B68EF
:10E3C0000BB121469847204610BD6FF00C00FBE7CB
:10E3D0001869022000220023014824F005BC00BF78
:10E3E000900000200022034B03481A7000220023F3
:10E3F00024F0FABB8FB90220900000200221024ACB
:10E4000002482EF05BBA00BF6AEB04006883040088
:10E4100010B50B46044602210448054A2EF050FA76
:10E420002046BDE81040052130F0E8BB68830400B9
:10E430007CEB040038B50346224C00283DD002781E
:10E44000002A3AD01D2120461F4A28F033FC2146DD
:10E4500000232D2011F8012B12BBE254194806F0BD
:10E460002FFE40F20112194B194D1A80194A154816
:10E470005A604FF485721A81174ADA6041F2070236
:10E480001A82164A5A610322154B1A6009232B700F
:10E49000F3F79AF80122134B68706C601A6038BD6C
:10E4A000A2F13A05012D02D8E0540133D2E7A2F1DE
:10E4B00020055E2DCED8E254F7E70B490148F3F76B
:10E4C0007BF8CBE795B9022096EB040000690220A7
:10E4D000F86802209A30050099300500893005005F
:10E4E000F4680220F0680220A2EB040007B50C4B90
:10E4F00001A9019330F01AFC034638B10221094A00
:10E5000009482EF0DDF903B05DF804FB074A03214A
:10E5100005482EF0D3F90122054B1A70F3E700BF2E
:10E52000FB009042ABEB040068830400D4EB0400D2
:10E530008CB9022038B50B49054600682FF0B7FFAB
:10E5400008B1012038BDEB68074918682FF0AFFF0C
:10E5500004460028F5D128460BF0FCF9034B18605F
:10E560002046EFE722B704001EB70400E868022047
:10E5700002460B46014823F0DFBF00BF200D0020FC
:10E58000014824F04BB800BF200D002010B54FF01B
:10E59000FF304FF0FF31FFF7EBFF064B1A78002AF0
:10E5A00009BF0124002401221A70FFF7E9FF204669
:10E5B00010BD00BF8DB9022070B503788AB0044643
:10E5C0000E4607AD032B20D8DFE803F002191B1D10
:10E5D00011492846F2F7F0FF059563781E21049350
:10E5E000A37830460393E3780C4A0293237901938E
:10E5F00063790093A37928F05DFB0AB070BD0849E8
:10E60000E7E70849E5E70849E3E70A212846074A1A
:10E6100028F050FBE0E700BFFAEB04001CEC04001C
:10E6200001EC040008EC040012EC0400851C050059
:10E6300010B5044688B008466946FFF7BDFF6B4633
:10E6400040212046024A28F035FB08B010BD00BF2B
:10E650003FEC04002DE9F0412C4B96B01D68002DD5
:10E660004BD0284630F05CFB294F01463B78002B0D
:10E6700043D106A8FFF7DCFF01220DF1170106A820
:10E6800002F09EFE012803D19DF81730022B34D0F2
:10E69000204E346894B9204B2246CDE900430294C1
:10E6A00023464FF6FF7101200BF02CF834682CB98B
:10E6B00001211A4A1A482EF001F91EE04FF6FF73A5
:10E6C0004FF00108174E18227380174B002118468F
:10E6D000A6F8008038F01EFB144A0146826004222E
:10E6E00044600661828228460BF05CFA034638B12A
:10E6F00002210F4A0A482EF0E3F816B0BDE8F08177
:10E7000087F8008003210B4AD4E700BFEC680220A1
:10E710008EB90220E868022035E5000050EC0400C4
:10E7200068830400BCB70220D0680220C5EE000058
:10E7300079EC0400A6EC040010B50022002309497E
:10E74000094834F0A2FD28B9084B1870BDE8104004
:10E75000FFF740BE41F68562BDE810400023044843
:10E7600024F042BAC0B70220900D002092B90220D6
:10E77000600000200A4A137883B10A4B1B6813B16A
:10E78000094B1B7843B900231370084A1370032107
:10E79000074A08482EF092B8FFF7CEBF704700BF77
:10E7A00092B90220EC6802208DB9022093B90220B0
:10E7B000D7EC040068830400F0B583B000AF8AB0E2
:10E7C0006A460E884D888C88CB880F4905A82EF0A4
:10E7D00089F8314606A82EF078F8294607A82EF0C9
:10E7E00074F8214608A82EF070F81946062309A8E7
:10E7F0002EF06BF84FF44351044842F8103F2EF0CE
:10E8000061F80C37BD46F0BDF7EC040068830400E6
:10E81000B0B582B00D4600AF8AB00F4905A805EB30
:10E8200085052EF05FF8A90806A82EF04EF81146CF
:10E8300007A82EF04AF80A216A465943052308A87A
:10E840002EF043F84FF42351044842F8103F2EF0C5
:10E8500039F80837BD46B0BD26ED040068830400D2
:10E86000F0B5184A83B001296E4600AF8AB0164B46
:10E870000C4606BF1346012500256A46134905A824
:10E880002EF030F819464FF4007306A82EF02AF83F
:10E8900007A821462EF019F8ADF820300C4B4FF4A4
:10E8A000135142F8103F0B487B602EF00BF80A4BD7
:10E8B000012CB5461D7001D1FFF78CFD0C37BD460C
:10E8C000F0BD00BF24F2040017F2040065ED04005F
:10E8D000040000016883040091B90220B0B588B03B
:10E8E000264C02AF23781422002B4FF0000107F1D1
:10E8F00004000CBF4FF4A975202538F00BFA07234C
:10E90000C7E902351E4B1F4A1B683D610093126820
:10E910001D4B1E49381D07F071FC034668B110F10C
:10E92000780F0AD001211A4A1A482DF0C9FF002396
:10E93000194A18371370BD46B0BD2178174A184BD5
:10E940006C4688B0002918BF134602AA154902F187
:10E9500014002DF0C7FF19464FF4007320462DF028
:10E96000C1FF9383104B4FF4E65142F8103F094822
:10E970003B602DF0A7FF0123A546D9E78BB9022004
:10E98000F0680220F4680220F86802200069022082
:10E990009DED04006883040089B9022082ED040023
:10E9A00092ED0400B2ED04000300000110B5002454
:10E9B00003210A4A0A482DF081FF0122094B1C70ED
:10E9C000094B1A7007F0D4FD084B1C70084B1B78DC
:10E9D0001BB1BDE81040FFF781BF10BDC6ED0400BC
:10E9E000688304008BB902208AB9022089B9022009
:10E9F000A40B0020034B1A7812B100221A70704742
:10EA0000F4F7D2BE8AB90220F0B583B00B786E4617
:10EA1000013BDBB2032B96BF194A1A4D52F8235023
:10EA20004B7800AF013BDBB2032B98BF144A8AB08E
:10EA300098BF52F8233004466A4688BF114B1249EA
:10EA400005A82DF04FFF06A829462DF04BFF1946CB
:10EA50000E4B07A82DF046FF08930D4B4FF42351A2
:10EA600042F8103F0B487B602DF02CFF0A4BB54657
:10EA70001B7813B92046FFF739FD0C37BD46F0BDB2
:10EA8000EC900400FAED040002EE04000002010321
:10EA900004000002688304008CB90220F0B515461A
:10EAA0008BB000AF0C46064630F03AF907F108018A
:10EAB000FFF782FD25B36E468AB06A464FF40073B5
:10EAC00005A832492DF00EFF06A807F108012DF028
:10EAD00009FF07A821462DF0F8FE08A829462DF0C9
:10EAE000F4FEADF824302A4B4FF43251294842F855
:10EAF000103F7B602DF0E6FEB5462C37BD46F0BDDD
:10EB00006D468AB06A464FF4007305A822492DF07D
:10EB1000E9FE06A807F108012DF0E4FE07A821464A
:10EB20002DF0D3FEADF820301C4B4FF41351194893
:10EB300042F8103F7B602DF0C5FE012CAD46DCD9BC
:10EB4000174C23786BB90321164A12482DF0B6FEF4
:10EB500001232370FFF71AFD134B1B780BB1FFF74E
:10EB600039FC002347F61222104824F071F8104BAC
:10EB70001B7813B93046FFF7B9FC01220D4B1A7010
:10EB800003210D4A03482DF099FEB6E71FEE04005D
:10EB9000050000016883040043EE04000400000146
:10EBA00090B902204FEE040091B90220C00000206D
:10EBB0008CB90220B2B9022071EE0400B0B592B057
:10EBC000054600AF0C46244A0B46244803212DF08D
:10EBD00077FEACB1284630F0A3F80224014607F1D5
:10EBE0000800FC71FFF724FD0122F91D07F1080060
:10EBF00002F07EFB20B11A4A214618482DF05EFE35
:10EC0000FFF7C4FC38B10321164A14482DF056FE14
:10EC10004837BD46B0BD144B144A1978144B6C46A6
:10EC200088B0022908BF13466A46124905A82DF08C
:10EC300059FE19464FF4007306A82DF053FEADF8A7
:10EC40001C300D4B4FF4E651044842F8103FBB60B6
:10EC50002DF038FEA546DBE7A4EE0400688304002F
:10EC6000C0EE0400DDEE04008DB902209CEE04002D
:10EC7000A0EE040008EF040003000001F0B58BB023
:10EC800000AF0D46044630F04BF807F10801FFF7DE
:10EC900093FC6E468AB06A464FF4007305A82B4970
:10ECA0002DF020FE06A807F108012DF01BFE2946D5
:10ECB00007A82DF00AFEADF82030254B254D26483B
:10ECC0004FF4135142F8103F7B602DF0FBFD286894
:10ECD000B546A04203D108F037F800232B6000248A
:10ECE0001E4B4FF0FF301C701D4B4FF0FF311C705E
:10ECF0001C4B1C701C4B1C70FFF73AFC1B4B1A780A
:10ED0000012A08BF1C70FFF73BFC194834F0C4FA15
:10ED10000024184834F0C0FA174B18481C70184BE0
:10ED20001C70184B1C7034F0DAFC174834F0D7FC18
:10ED3000164834F0D4FC164B1C70164B1B6813B1EC
:10ED4000DB6803B198472C37BD46F0BD4CEF04009B
:10ED500004000001EC6802206883040091B90220DD
:10ED60008FB9022090B90220B2B902208DB90220D9
:10ED7000900D00205C0D002094B90220900000202E
:10ED800092B9022093B9022060000020C000002048
:10ED90008EB90220186902202DE9F0430C468BB091
:10EDA00000AF05462FF0BCFF07F10801FFF704FC98
:10EDB0000CB36D468AB06A464FF4007305A8354916
:10EDC0002DF090FD06A807F108012DF08BFD07A896
:10EDD00021462DF07AFDADF820302F4B4FF4125123
:10EDE0002E4842F8103F7B602DF06CFDAD462C376D
:10EDF000BD46BDE8F083E84688B06A464FF4007926
:10EE000005A82749274E2DF06DFD06A807F108013A
:10EE10002DF068FDADF81C904FF4E6511F4842F804
:10EE2000106F7E602DF04EFD1F4BC5461B78022BE8
:10EE30001AD188B06A461D4905A82DF053FD07F187
:10EE4000080106A82DF04EFDADF81C904FF4E651D8
:10EE5000124842F8106F7E602DF034FD1321C54634
:10EE600028462FF0CBFEC2E728462FF0B3FE104B0A
:10EE70001860104B10481C7034F031FC0F4B1C70A4
:10EE80000F4B1B68002BB2D09B68002BAFD098476C
:10EE9000ADE700BF6BEF04000400000168830400CD
:10EEA0008CEF0400030000018DB902209AEF0400EA
:10EEB000EC68022089B90220300000208CB90220C1
:10EEC0001869022010B592B014462FF029FF0022D5
:10EED000134B01461A7044B102212346114A1248CD
:10EEE00012B0BDE810402DF0EBBC022402A88DF852
:10EEF0000740FFF79DFB01220DF1070102A802F078
:10EF0000F7F930B1094A214607482DF0D7FC12B075
:10EF100010BD03212346064A03482DF0D1FCF6E735
:10EF20008EB90220D5EF0400688304000AF00400C3
:10EF300041F004002DE9F043834BB7B01B78022B5E
:10EF400011D1824B5B6A002B40F0A780804B1B687D
:10EF5000002B00F0A2805B68002B00F09E8037B091
:10EF6000BDE8F04318477B4B1868002800F09580F7
:10EF7000794B1B78002B00F09080784B1B78002B8E
:10EF800000F08B802FF026FE0446002800F08580DC
:10EF9000734D2B78FBB134F073FD4FF47A76A0FB00
:10EFA000060747F61222002306FB0171F2F7A0FACA
:10EFB0006C4AD2E90032C01A40F2D17361EB02010F
:10EFC000984271F1000135DB0221674A67482DF054
:10EFD00075FC00232B70664E3378002B42D0012342
:10EFE0002B7034F04DFD4FF47A7CA0FB0C0E47F6ED
:10EFF00012220CFB01E10023F2F77AFA0027594BA9
:10F00000DFF87081C3E900011822394609A838F8F1
:10F01000029B37F07FFE584B20460D93574B09A9B2
:10F020001B68ADF83090CDE90A380AF0F3FE0346CC
:10F0300030B93070204637B0BDE8F04307F084BEE9
:10F0400000F10C02012A2F7006D840F27122002331
:10F050004B4823F0C9FDEDE737700221494A434888
:10F060002DF02EFC394F00220023384609A923F049
:10F07000FFF9454A137898B133B100231370032187
:10F08000424A3A482DF01AFC314B1B6813B15B68B9
:10F0900003B19847204607F057FE37B0BDE8F0832C
:10F0A00053B17B6A082B07D81070182203210092F5
:10F0B0002E48374A2EF032FB01272F7034F0E0FC47
:10F0C0004FF47A7CA0FB0C0E47F612220CFB01E1F8
:10F0D0000023F2F70DFA4FF00008224B1822C3E983
:10F0E0000001414603A8BDF8249037F013FE224BDF
:10F0F00020460793214B03A91B68ADF81890049391
:10F100000DF1260305930AF085FE03460028C1D0C1
:10F1100000F10C02012A85F800800CD8B22209A95E
:10F12000144837F0D1FD40F27122002314483770A3
:10F1300023F05AFDAEE70221164A0C482DF0C0FB21
:10F14000FFF748F9A6E700BF8DB90220900D002017
:10F1500018690220EC68022091B9022090B90220BF
:10F160008FB90220203702206CF00400688304006D
:10F1700094B9022072B80220E5E30000CC680220B6
:10F180009000002097F0040093B90220C3F004001F
:10F19000EEF0040019F1040008B5064B064A1860A9
:10F1A000064B07481A6008F067FBBDE808400548B1
:10F1B00008F07EBB1869022024910400CC6802206C
:10F1C0007C0300206C03002030B585B004462EF08F
:10F1D00051FC00201D4903AA03900CF017FB0122EB
:10F1E0001B480DF1090102F0EBF8012811D0039B37
:10F1F00053BB0223012216480DF10A018DF80A3093
:10F2000002F076F82046FFF715F9F4F7CDFA05B0CD
:10F2100030BD9DF80930022BF4D0022503210D4AA0
:10F220000D4800952EF07AFA012209480DF10B01E4
:10F230008DF80B5002F05CF80028E3D0074A29460D
:10F2400005482DF03BFBDDE70123E6E7B3C80300EB
:10F250004AF104005AF10400688304008AF10400B2
:10F26000F0B54A1EAF2A05460B46B1B005D9254A6E
:10F27000022125482DF024FB06E0244A1278012AB9
:10F2800004BF234A12681AB90024204631B0F0BDE9
:10F290000A46ADF80C100C4601460DF10E0037F091
:10F2A00013FD1C4F00220023384603A933F0EDFF65
:10F2B00020B3194E33784BB97B6A18220221009291
:10F2C0001148164A2EF02AFA0123337095F90020CE
:10F2D0002B78002AD8DA124D2A780AB1114AC7E7EA
:10F2E000B22203A9104837F0EFFC012341F68562F2
:10F2F0002B700E48002323F077FCC6E7FFF76AF86F
:10F30000C3E700BFB1F10400688304008DB9022097
:10F31000EC680220900D002093B90220C0F1040097
:10F3200092B90220EBF10400C0B702206000002077
:10F3300008B50E4B1870A0B90D4B186810B1132109
:10F340002FF05CFC07F014F900220A4B0A481A70EF
:10F3500034F0C5F9094A0321BDE8084008482DF0FA
:10F36000ADBAF4F721FA074AF5E700BFA40B002075
:10F37000EC68022089B902203000002013F204005A
:10F380006883040020F20400014B1878704700BF26
:10F39000A40B0020024B1868003818BF01207047EA
:10F3A000EC680220014B1878704700BF93B9022027
:10F3B000014B1878704700BF89B902200749A0F5B2
:10F3C000C332074BA03A8A4298BF0346054A1360EE
:10F3D0000321054A05482DF073BA00BF9FBB0D00FD
:10F3E00040E20100980300202CF20400688304002E
:10F3F00010B54FF0FF304FF0FF31FFF7B9F8034B76
:10F400001C78FFF7BDF8204610BD00BF8DB9022063
:10F41000004870475C0D002000487047900D0020A8
:10F4200010B5FFF707F80A4B1C687CB90321094A9D
:10F4300009482DF043FA0122084B1A7007F098F89A
:10F44000074B1C70BDE81040F4F7AEB910BD00BF0B
:10F45000EC68022064F20400688304008AB9022088
:10F4600089B9022090B585B01C4B00AF1A789AB1CB
:10F470001B4A106880B100221A701A4B1A4A07F111
:10F480000801C7E902232FF090FC034638B102219E
:10F49000164A17482DF014FA1437BD4690BD6C4635
:10F4A0008AB06A46052305A812492DF01BFA06A862
:10F4B0000F212DF00AFA07A82D212DF006FA08A831
:10F4C00004212DF002FA4FF42351094842F8103F6D
:10F4D0007B602DF0F7F9A546DEE700BFB2B9022048
:10F4E000EC6802200400F4010C00240081F2040006
:10F4F00068830400A8F204000023104AC2E9013323
:10F50000D3600F4A13700F4A13800F4A13800F4ABB
:10F5100013700F4A13700F4A1370EFF311812022FA
:10F5200082F31288BFF36F8F0B4AC2E90133D360B5
:10F5300081F31188BFF36F8F704700BF40690220CD
:10F54000B6B9022024B9022026B90220B5B902209A
:10F55000B4B90220B3B902202C690220014B1878FB
:10F56000704700BFB3B90220014B1860704700BF5D
:10F5700020690220014B1860704700BF1C690220FF
:10F58000024B1860024B1960704700BF28690220C7
:10F59000246902200246064803691B6803F0010340
:10F5A0009A4283684FF0010114BFDB681B6918475A
:10F5B0002875040003460A46F0B41979DB88006810
:10F5C00013430125094A06699A43346808BF83F446
:10F5D00040238D4023F48012DB0787684CBF2C4307
:10F5E000AC4334603B68F0BC184700BF010010001A
:10F5F00010B50020FFF7CEFF00F012FB00280CBF73
:10F600001424C82447F6122C40F2E7300021C4F538
:10F610007A644FF47A720023E4FB0C01F1F768FF7F
:10F62000BDE8104002460B46014823F011BB00BF65
:10F630005837022010B500F0F3FA0E4B00281B7863
:10F640000CBF1424C82413B90120FFF7A3FF47F609
:10F65000122C40F2E73000214FF47A720023E4FBD1
:10F660000C01F1F745FFBDE8104002460B46024889
:10F6700023F0EEBAB7B902202837022008B50F48A8
:10F6800033F01EFDC0B14FF4B0110D48FFF792FFEB
:10F690000C490D4834F015F80C490D4834F011F8B8
:10F6A00000220023084823F0D3FABDE808400321D4
:10F6B000084A09482EF01FB808BD00BF287504008D
:10F6C0008491040035F6000058370220F1F500005F
:10F6D0002837022012F304005083040010B568B1EB
:10F6E0000C4B1B7853B90C4833F0EAFC88B1BDE8E9
:10F6F000104000220023094823F0AABA074833F03B
:10F70000EEFF074833F0EBFFBDE810400020FFF7A5
:10F7100041BF10BDB7B90220287504005837022038
:10F720002837022010B50446114B187011485CB1FF
:10F7300033F0D5FF104833F0D2FF0020FFF72AFF47
:10F74000204600F073FA10BD33F0C7FF0028F7D150
:10F75000094833F0C2FF0028F2D1084833F0B0FC6A
:10F760000028EDD000220023024823F071FAE7E7D9
:10F77000B7B9022058370220283702202875040024
:10F7800010B50C4B1B78A3B90B4833F099FC80B132
:10F790000A4833F0A4FF0A4833F0A1FF0120FFF725
:10F7A000F9FEBDE8104041F66A020023044823F048
:10F7B0004FBA10BDB7B9022028750400583702208F
:10F7C00028370220014B1860704700BF546902209F
:10F7D000F7B50020FFF782FF2AF09AFD2CF01DF903
:10F7E0004FF4D0111948FFF7E5FE4FF48031184867
:10F7F000FFF7E0FE2DF081F841F28833154EC51871
:10F80000376941F10004B36812485B6801A9984761
:10F8100088B93A68019B5340DB070CD40E4A0F4B62
:10F82000D2F880100B4043F4403343F00C03C2F88D
:10F83000803003B0F0BD2DF060F8A842A141EDDAB0
:10F84000002140F2391034F038F8DCE77C910400F4
:10F8500074910400E874040000A01050F0F0FCFF64
:10F860000022014B1A707047B8B9022008B5032175
:10F87000034A04482DF03FFFBDE80840FBF7B2B84B
:10F880002FF3040058830400F8B5C3888468222B42
:10F8900000AF21D14D4A4E4B6D4688B0002C18BFA9
:10F8A00013466A464B49CDE905134FF40073ADF892
:10F8B0001C30494B42F8103F00234FF4E6514748B3
:10F8C00001F0DCF9AD462AF026FD70B1201E18BF0C
:10F8D0000120FBF797F808E03CB1414C257835B1A1
:10F8E000404833F0FCFE00232370BD46F8BD2E2BAC
:10F8F0003BD011D8122B61D0212BF6D103213A4AEB
:10F9000036482DF0F8FEFFF763FF0321374A3348EE
:10F910002DF0F1FE2DF09FFC302B01D0742BECE785
:10F92000334B93F8E14084F001042046FFF7FAFEE0
:10F930002046FBF781F82F4A2F4B002C18BF1346A7
:10F940006C4688B06A462D49CDE905134FF4007323
:10F95000ADF81C30204B42F8103F4FF4E6512B46D7
:10F960001E4801F08BF9A546BFE72AF0D4FC28B960
:10F970000221234A19482DF0BEFEB6E72AF0CDFC3D
:10F98000124A80F001006E4610F0FF0488B0104B60
:10F9900018BF13466A461B49CDE905134FF400739F
:10F9A000ADF81C300C4B42F8103F0C482B464FF47E
:10F9B000E65101F063F92046B5468AE70321124A71
:10F9C00006482DF098FEFAF7FDFF8EE763E9040084
:10F9D00095C9040054F30400030000015883040097
:10F9E000B8B90220B8370220CCF30400E9F30400D0
:10F9F0005869022017F2040024F2040066F30400A0
:10FA00007CF30400A3F30400B5F3040008B50C492B
:10FA10000C4833F056FE0C490C4833F052FE0C49AA
:10FA20000C4833F04EFEFFF729FE01220A4B1A70F4
:10FA300003210A4A0A482DF05EFE002008BD00BFDF
:10FA400021C90300E837022061F80000B83702201E
:10FA50006DF8000088370220B9B9022009F40400CB
:10FA6000588304000D4B1B78BBB1052807D003D881
:10FA7000013802280BD97047062805D070470122AB
:10FA8000074B83F8222070470022054BF9E7044B0F
:10FA900093F822300BB9FFF773BE7047B9B9022053
:10FAA00058690220024B1A8C824218BF1884704792
:10FAB0005869022010B5094C84F8A8309DF9083027
:10FAC000C4F8A00084F8A930BDF90C3084F8A41063
:10FAD000A4F8A620A4F8AA3010BD00BF58690220DF
:10FAE00010B5094C84F8B1309DF8083084F8AC00AA
:10FAF00084F8B2309DF80C30A4F8AE1084F8B02031
:10FB000084F8B33010BD00BF58690220024BC3E92E
:10FB10002D01C3F8BC2070475869022010B5054C70
:10FB2000C4E93223029B84F8C30084F8C410C4F8EB
:10FB3000D03010BD58690220014B18839976704768
:10FB400058690220014BD86100F08EB85869022034
:10FB5000F8B5154C074694F89C300E46032B154615
:10FB600012D9482204F13C0104F1540037F0B9F8ED
:10FB70000F2239460D4837F01CF90023A4F84C60D9
:10FB800084F84B302565F8BD3BB1182204F13C01E7
:10FB90005A4304F1540037F0A4F894F89C30013330
:10FBA00084F89C30E4E700BF586902209469022081
:10FBB00000210348602280F89C103C3037F0AAB83E
:10FBC00058690220014608B530B11722034837F0C2
:10FBD000F0F80023014AD37508BD00BF5869022020
:10FBE000014B83F8C100704758690220014B83F82C
:10FBF000C200704758690220024BC3E9361283F8ED
:10FC0000D400704758690220014B83F8C000704748
:10FC100058690220014B83F8ED00704758690220B3
:10FC2000014B188C704700BF58690220014B83F8C4
:10FC3000E10070475869022038B5094B187033F05D
:10FC40001FFF4FF47A74A0FB0405002347F612222D
:10FC500004FB0151F1F74CFC024BC3E9000138BD34
:10FC6000BAB9022018380220F8B52AF062FB04461F
:10FC700000BB114D2B7813F0FB0F01D10420F8BD10
:10FC800033F0FEFE4FF47A76A0FB060747F6122209
:10FC9000002306FB0171F1F72BFC084AD2E9003280
:10FCA000C01A074B61EB0201834274EB0101E5DBF3
:10FCB0002878E4E70120E2E7BAB9022018380220E8
:10FCC000002E93022DE9F84F8A4600AF002974D028
:10FCD00004680E1F361BF50826F0070604EB06081D
:10FCE000B8F802B01BF0010B16D1E94688B06A469D
:10FCF000334BCDE90531032342F8103F4FF4C25195
:10FD00005B46304800F0BAFFCD468BF31188BFF355
:10FD10006F8F0423184602DF294620462CF020FE70
:10FD2000284434F83030C01A854217D0E94688B0EC
:10FD30006A46254BCDE9053A032342F8103F0023DC
:10FD40004FF4C2511F4800F099FF0023CD4683F3C2
:10FD50001188BFF36F8F0423184602DFB8F8023012
:10FD6000294623F00103A8F8023020462CF0F8FDC4
:10FD700005EB000804EBC8035B88DA0708D44146AA
:10FD800020462CF036FE4246294620462CF076FED0
:10FD9000A65BAE1B04EBC6035B88DB0709D43146C8
:10FDA00020462CF026FE2A46314620462CF066FEE0
:10FDB0003546294620462CF0D8FDBD46BDE8F88FD3
:10FDC0006DF404000883040044F404002DE9F04FAE
:10FDD00091B0009302F004030293C2F3C203013313
:10FDE000840705460E46DDF868A00392059340F0AF
:10FDF0009C81041D002849D101F00706341DC6F17D
:10FE00000806009B00274FF004085A1E4FF0FF33EE
:10FE1000B9460193BB46434604970DB10099216052
:10FE20000598002800F3D6808F480099814203D3BB
:10FE30008E488142C0F0CE800399601B11F0020C05
:10FE400040F0D680B9F10F0F00F2CF80002D00F006
:10FE5000D68009F140010DEB010E0199C0F3870036
:10FE60000EF8200C0EF8101CBCF1000F00F0C3803F
:10FE700060F07F000EF8200C013709F10109C5F18F
:10FE800008014FF6DA7E043406918CE00729B8D8D1
:10FE90006FF01B0011B0BDE8F08F7A285BD84B28BB
:10FEA0000FD8472857D829282ED8252850D052D8DF
:10FEB000202818BF23280CBF4FF0010B4FF0000B78
:10FEC00071E04C382E2846D8DFE800F06D454545F6
:10FED00045454545454545454845454545454545CF
:10FEE00045564548485656566D486A456D4518482A
:10FEF0001845457F7C48454548457C0000204FF02B
:10FF0000000B4FF0040835E001212A38C0B201FA95
:10FF100000F010EA0E0F46D110F0625C2CD110EA0E
:10FF2000010B40D06046013C4444B4FBF8F408FBAC
:10FF300004F425B1A3EB050CA444B445A8D80028CB
:10FF400070D00599013905915AF8041B009164E7B6
:10FF50000199013901914FF0000B24E012F8010CD6
:10FF60006C2834D1002012F8023C83466C2BC8D197
:10FF70004FF008084346D6E70AF1070A2AF0070AB5
:10FF8000073424F00704FAE802BC35B1069820448F
:10FF9000B0423FF67DAFC4E900BC4FF0000B08341F
:10FFA0004FF00808434612F8010F002853D0BBF168
:10FFB000000F7FF472AF2528F5D14FF0010B019BA4
:10FFC000013301934FF00408ECE7584697E700200F
:10FFD0008346A8E7039988077FF551AF4FF0010CDE
:10FFE000601BB0F5007FFFF42DAF6FF0150051E7F7
:10FFF0004FF0000CF5E70498013004903DE7BCF1A8
:020000021000EC
:10000000000F01D0013638E70298023600287FF44D
:1000100034AF0098CDE90632F1F7D6FADDE90632C1
:1000200006442AE7042B08D10AF1040015B1DAF8D6
:100030000010216082460434B5E70AF1070323F07B
:10004000070303F1080A1DB1D3E90001C4E9000167
:1000500008230834A7E7631BB3F5806FC5D23DB909
:10006000A6F10804E01815E7C07304008435050004
:10007000029A9B0828602B709DF81030AAB1EB7093
:10008000AF702FB1002208A8C5F1010C91450ED127
:100090004FF0000AC5F101030DF1200801930DF1A5
:1000A000300BD14512D1601BF4E66B70E8E710F815
:1000B000013B190608D50CEB040EB64503F07F038F
:1000C0003FF6E6AE04F8013B0132DFE71FB198F9D5
:1000D0000020002A17DB029BD3B11AF80B2004F88A
:1000E000012B0022019B18191044B0423FF6D0AEFC
:1000F00098F80000009904F8010B2046039236F0AE
:10010000E3FD039A14440AF1010A08F10108C8E763
:1001100098F8002055F822300093029B009845F88B
:100120002230F1F751FA421CDCE76FF00D00B1E626
:100130002DE9F04F97B000AF05468A46C7E90A326D
:1001400049B903784678807800EB83002844564507
:1001500024D8A0EB050AD7F8803095F8028003F088
:100160000103D7F88040FB61EB78B8F1000F0CBFBA
:10017000002404F001047B621BB1D7F880309A0799
:1001800015D4A4B9FB6A1BB151462846BA6A9847F0
:10019000564630465C37BD46BDE8F08F441C2046CD
:1001A000F1F712FA013020440AF1010ACFE7D7F83B
:1001B0008030C3F3C0033B622B78BB619B003B6183
:1001C0006B687B61BB6905EB830BFB6A002B77D106
:1001D0005646D844BCB11C461BF8013B55F82300D9
:1001E000F1F7F2F9D7F88430013043B1D7F888300D
:1001F000A34282BFD7F8843023F814000134C345EA
:100200000644E9D1D846D7F880304FF0000913F002
:10021000050F0CBF4FF0020B4FF0010B7B6A9945A5
:10022000B7D298F8013008F1020855F823A0AE4B78
:100230009A45C0F04C81AD4B3A6A9A452CBF0023D9
:1002400001230AB318F8021C7869FB622CF05CFDEC
:10025000FB6AC8B1EA468AB06A46A54B05937B693A
:10026000CDE906314FF40073ADF82030A14B42F8D0
:10027000103F00234FF412519F4800F0FFFCD54679
:10028000023E09F10109C9E723B1FB6933B9A6EBC5
:100290000B06F6E7D7F880309B07F2D55046F1F70A
:1002A00093F9D7F884304BB1D7F888309C423FBFE0
:1002B000D7F88420431C22F8143001340644E0E7C8
:1002C000002C6AD1B8F1000F6DD0D7F880305807F4
:1002D0006CD5C14607F148004246594636F0F4FC59
:1002E00000220BEB0803FB600233796A8A425FD37A
:1002F000D7F8802095F801B0F969920704EB0B0359
:1003000048BF0022DBB258BF4FEA5902002940F033
:10031000A680D7F8801011F0040F14BF49460021C1
:100320006B70A970EA702846BA6A3969FB6A984707
:10033000061EFFF62EAFBB6949462B707B6ABA6A70
:10034000EB7085F801B0FB6A85F8028007F1480080
:100350009847B0F10009C0F2B6803B697A6A786AC2
:1003600003EB4201FB68414403EB4000BA6AFB6ABD
:10037000AAEB010198470028C0F2A7804FF0000BBC
:10038000B14409EB000607F1380AA34569D30021FF
:10039000BA6A0846FB6A9847FBE644464FF00009F4
:1003A00007F1380098E74446C14699E7A14697E728
:1003B00013F8016CDFF830C155F8260013F8021C61
:1003C0006045C0F08A80DFF824C16045386A2CBFE0
:1003D0004FF0000B4FF0010B38B17869C7E90132DB
:1003E0002CF092FCD7E90132F0B9BBF1000F1ED01E
:1003F000F96949B1611C04F1280007F130040419BE
:1004000004F8206CCCB20FE0D7F8801049070BD568
:1004100009F1280007F1300C09F1010100EB0C098A
:1004200009F8106C5FFA81F9013202335DE7D7F801
:1004300080008007DED409F1280C07F1300EF44467
:1004400009F101000CF8101C07F1580109F102092B
:1004500051FA80F05FFA89F900F8106CE4E70021A6
:100460005EE71BF80A3055F8239087F83730D7F845
:1004700084302BB3D7F888309B4521D2D7F884300D
:1004800033F81B800121BA6AFB6A07F137009847ED
:1004900000281ADB0644B8F1000F06D14846F1F7F0
:1004A00093F800F101081FFA88F841464846BA6AF5
:1004B000FB6A9847002808DB06440BF1010B64E750
:1004C0004FF00008DEE74E4663E6064661E63B6A0B
:1004D000002B3FF4DFAE0023B4E6386A0028A6D034
:1004E0004FF0000B79E700BFC073040084350500AE
:1004F0009AF404000400000158820400014B1860C3
:10050000704700BF9C03002080B505460E46174685
:10051000984622F097FE034602F02EF80446DFF8D4
:100520001890424649F8003039463046A84754F8FA
:10053000090001F0B7FF00BF08000000044608B53D
:10054000EFF31183202383F31288BFF36F8F1DF025
:10055000ADFA204602F02AFC02482CF0F6FB2DF002
:1005600059FCFCE74EF504002DE9F047858B044665
:10057000280717460CD501290CBF45F0100545F09A
:100580002005A58387F31188BFF36F8FBDE8F0873F
:10059000022905F0070540F0948020462CF0F1FE7A
:1005A000052864D801A353F820F000BF8505010099
:1005B000C30601006F060100310601004B06010071
:1005C0005D06010001F007035A1F012A1FD800220F
:1005D00021F00701062BD4F8008089B2C4E900227B
:1005E00009D1434603E0E28B0132E2831B68002B12
:1005F000F9D141F002012046A1832CF0C2FE4FF058
:10060000000900286DD041F02001A18369E0042B8E
:100610000AD121F0070189B22046A1832CF0B1FE56
:1006200010B141F02001A1834FF00008C14658E00D
:100630002369D3F80090A38B23F0070343F006034C
:100640004FF00008A38346464BE02369D3F804909B
:10065000A38B23F0070343F00403F1E72369D3F8E6
:100660000890A38B23F0070343F00503E8E74FF05E
:100670000008C146E7E7012243F00803A38387F39C
:100680001188BFF36F8F002A3BD1B8F1000F4AD118
:10069000B9F1000F02D020462C49C847EFF311876B
:1006A000202383F31288BFF36F8FA38B23F00803FB
:1006B0009BB2A383D9063FD523F01002A28303F097
:1006C0000705A669A18B002EBFF67CAF00239946D3
:1006D000D4F8008021F00701C4E9003341F00101A2
:1006E000A183A38B03F0070AAA4502D0A268002ABF
:1006F000C1D1B8F1000F02D1B9F1000FDAD0002258
:10070000BAE7A1680029C0D00D680029BDD03346E2
:10071000524620464F68B8471DB12B6829461D46F2
:10072000F3E72B46FAE74146334652462046D8F8CF
:1007300000802CF052FEA8E79A067FF523AF23F045
:100740002002A28303F0070527E700BF07D40300B8
:100750002DE9F047044607464FF00109DFF84C80C9
:1007600094FAA4F5B5FA85F509FA05F32E0108EB1C
:1007700005156FEA030A24EA03042B7B63B158F8DA
:1007800006301B696BB94644736804222846196811
:1007900007EA0A072CF03FFF002CE1D13846BDE8FC
:1007A000F087284698470028F6D1ECE7F883040044
:1007B00010B5002288B00E490E4833F0A9F9002286
:1007C00000230024CDE906230E234FF44072CDE927
:1007D0000334CDE90144084B08490094084822F04D
:1007E000B3FA0849064832F0A0FF204608B010BD11
:1007F00009080100B03C0220250B010018C50220A9
:100800002038022082F50400014821F08BBF00BF90
:10081000F80D00202DE9F047804621480F462CF0C6
:10082000DEFE0646002833D000252846BDE8F087C6
:10083000237B83B12368DB680BB12046984763684C
:1008400083F8069023681B69D3B9636804222046A5
:1008500019682CF0E0FE013610345445E8D3B8F1A5
:10086000000FE2D0002DDFD02846FFF771FF0546CC
:10087000002FF7D0002140F2391033F01EF8F1E7D5
:10088000204698470028E0D009FA06F31D43E2E726
:1008900005464FF00109034CDFF80CA0DDE700BF6F
:1008A0006C6A0220F883040008840400014B53F8AA
:1008B00020007047A091040008B5034608462BB1FC
:1008C000044A136000F03AFC002008BD6FF01500E8
:1008D000FBE700BFA003002010B5044C237813B938
:1008E000034821F01FFF0123237010BDBBB9022074
:1008F000F80D002010B5044609482CF070FE3CB1FC
:10090000084BD3E8EF1F0139C3E8E21F002AF8D1F2
:10091000054822F0BDFFBDE81040044821F002BFA9
:10092000646A0220686A0220B03C0220F80D0020B0
:100930000022044BD3E8EF0FC3E8E12F0029F9D1DF
:10094000704700BF646A022070B5FFF7F1FF0546EB
:10095000074C084EB44200D370BD63685B792BB17D
:1009600023685B6813B12946204698471034F1E7A5
:10097000F88304000884040010B5044C04492046A0
:100980002CF0FEFA034B1C6010BD00BFD00B002002
:100990008C9104005C6A022000230D4A10B513708C
:1009A0000C4A0D4913600D4A0D481360FFF784FF90
:1009B000FFF7E2FF0B4B0C4918468B4200D310BDEA
:1009C0001A1A5C681211013222711033F5E700BF68
:1009D000BCB90220646A022040420F00686A02200B
:1009E000DBD50300F88304000884040001460022DC
:1009F000002301482CF0E5BAD00B002001482CF070
:100A00007CBB00BFD00B0020024B014618682CF0C5
:100A1000CFBB00BF5C6A022001482CF004BC00BFC1
:100A2000D00B0020F8B5284B1B78002B4AD0FFF7DD
:100A3000E5FF0446002842D1244B254D1B68002BBE
:100A400019DD33F01DF84FF47A76A0FB060747F660
:100A50001222002306FB0171F0F74AFDD5E90032AE
:100A6000C01A40F2E93361EB0201984271F10001D2
:100A700001D3FFF769FFD5E9003213F57A7342F12C
:100A80000002C5E90032ECB1BDE8F840FFF7C4BF91
:100A90006B685B7923B12B68214628461B68984711
:100AA0001035B542F4D32046FFF7AEFF094BD3E82B
:100AB000EF1F0139C3E8E21F002ABDD0F7E7064D5A
:100AC000064EEEE70020F8BDBBB90220646A0220A2
:100AD000A83C0220686A0220F8830400088404000D
:100AE00070B50D4D297861B90120FFF793FE0B4CCD
:100AF0000B4EB44206D3FFF795FF0028FBD101232C
:100B00002B7070BD63685B791BB1236820469B68BE
:100B100098471034EDE700BFBCB90220F883040009
:100B20000884040000212DE9F8430846FFF772FE0F
:100B3000044648B340F21B684FF0000901F01CFD69
:100B40001A4B1B4A1B58136033B11A4B1B68092BF5
:100B500002DD194821F0E6FD0025184F44B120467A
:100B6000FFF7F6FD044618B94FF0FF384FF0FF3994
:100B7000FFF758FF064628B9B5B90F4842464B461D
:100B800021F00AFE3546E9E74FF0FF384FF0FF3914
:100B9000D4E72B689B691BB1002228461146984771
:100BA0001035BD42F5D3E8E7054DFAE7080000002F
:100BB000606A0220686A0220F80D002008840400A0
:100BC000F883040013B518482CF009FD174B1B7867
:100BD00073B1EFF31184202383F31288BFF36F8F77
:100BE000FFF720FF84F31188BFF36F8F02B010BDB1
:100BF0000F4B1B68002BF9D050B9002200230D4881
:100C0000CDE9002347F61222002322F009FEEDE78A
:100C10000928EBD1074822F03BFE074802B0BDE8A7
:100C2000104021F07FBD00BF686A0220BCB90220DD
:100C3000606A0220B03C0220F80D002010B5064B7F
:100C400004461B6898472146A06004482CF036FAF9
:100C5000BDE81040FFF7B6BFA0030020D00B002076
:100C6000044A054B9B1AB1EBD30F34BF52F8310045
:100C700000207047A0810400F88304002DE9F04FA4
:100C80008FB0C1F34A2604AF0D469046B8607B6032
:100C90000C0D002E61D04FF000090A234FF0040B19
:100CA00007F1140AFE60C7E90799C7F8249000937A
:100CB000CDF808B0CDF804A007F11C034A46404621
:100CC000F968FFF735FAB0F5006F03461CD36C46A0
:100CD0008AB0D8F8041004AB24481A46C3E90501C9
:100CE00040F2FF71D9614FF400711984204B42F832
:100CF000103F4FF412514B461E48FFF7BFFFA54669
:100D00002C37BD46BDE8F08FC0F30A0604F117008A
:100D1000184420F0070080083B60FFF767FE66F389
:100D20005325044680B13B6800F11001C7E908393A
:100D30000A23F961CDE901AB009340460E4AF968F8
:100D400007F11C03FFF7F4F966F353252A46204602
:100D50007B68B9682CF07FFCD2E704F1170020F023
:100D600007008008FFF742FE0446EDE793F5040014
:100D700004000001B882040029D603002DE9F04FD9
:100D800087B00546DDE9106BDDE9127A8846144626
:100D90009946BFB110213B465A460020CDF800A02D
:100DA000CDF814A0FFF712F8B0F5006F01460BD391
:100DB00040F2FF730221184A184807B0BDE8F04F0F
:100DC0002CF0A2BC3946384604F0070305F00704AE
:100DD000E40044EA831444EA402444EA065406F159
:100DE0001700084420F0070080080391FFF7FEFD7C
:100DF000054640B13FB13B465A460399CDF800A0A5
:100E00001030FEF7E3FF4B4622464146284607B026
:100E1000BDE8F04F2CF01FBCD2F50400B8820400EE
:100E2000406820B1034BC01A40F3CF0070474FF029
:100E3000FF307047A08104000EB403B503AB53F834
:100E4000042B01460448019301F0CAFD02B05DF88D
:100E500004EB03B0704700BF6BD70300CA0605D48C
:100E60008B064CBF02490349FFF7E6BF704700BF3E
:100E70006FCA04006ECA04002DE9F04F89B098468D
:100E80009DF85090159B044606930D46DDE916A388
:100E9000189F05920493B9F1000F00F0B08007F499
:100EA000807307932CF0B5FB07F0020B0246002875
:100EB00074D020467749FFF7BFFF0646BBF1000F0D
:100EC00008D017F0440F6BD12A4620467249FFF72D
:100ED000B3FF064407F0010353B1704B204653F8AB
:100EE00029206F4B6F49002A08BF1A46FFF7A4FF5D
:100EF00007F48073002B07F0080318BF4FF00008B9
:100F0000002B79D0684B204653F829206749FFF71A
:100F100093FF0546059B2BB11A4620466449FFF70F
:100F20008BFF0544B8F1000F05D0424620466149C9
:100F3000FFF782FF054460483544069B1BB12246FB
:100F40005E492BF0B0FE049B002B00F08E80DDF894
:100F500010803946B8F1100F204628BF4FF0100816
:100F60000026FFF77BFFB54250DC002633462046C3
:100F70001AF803205249FFF75FFF0136102E4BD0BD
:100F8000710703D120464F49FFF756FF46453346C8
:100F9000EDD320464C49FFF74FFFEEE706468DE7BD
:100FA0004A4B1868002894D0494B4FF47A7B1B6851
:100FB0004FF03C0CB5FBF3F5B5FBF0F14FF461637A
:100FC00000FB11550BFB05F5B1FBF3F2B5FBF0FE91
:100FD00003FB121100FB1E55B1FBFCF30BFB05F5E7
:100FE000B5FBF0F50CFB131120460091CDE901E5AE
:100FF0003849FFF721FF6CE707F008058AE7B8F1E9
:10100000010F4D460CBF2C48334896E720462D492A
:10101000FFF712FF0136A6E7002620462F49FFF70B
:101020000BFF33461AF803202046A2F120035F2B62
:1010300028BF2E222A49FFF7FFFE0136102E0DD0C1
:10104000720703D120461F49FFF7F6FEB04533462D
:10105000E8D820461B49FFF7EFFEEEE7049BC244A9
:10106000B3EB080304937FF472AFB9F1000F0AD019
:10107000FB0704D520460A4A0A49FFF7DDFE394638
:101080002046FFF7EBFE204609B0BDE8F04F2CF0FC
:101090005FBB00BF0FF6040013F60400B09104001C
:1010A0000AF6040026E20400C491040038F60400A5
:1010B0003EF6040031D604006BD70300E12901009D
:1010C00042F604004AF6040048F60400746A02205E
:1010D000706A02201CF6040099D703004CF6040045
:1010E0004EF6040042F20F7373B58B4228BF0B46D5
:1010F00005680446052168460D4A25F0DBFD0646D5
:10110000636828460B225B680A492CF013FB63686E
:101110003246694628465B682CF00CFB63681B224C
:1011200028465B6804492CF005FB02B070BD00BF87
:10113000E4260500B73005009B300500002101239F
:10114000064A904206D8064A01B901231360054BAE
:1011500018607047012140085B00F2E740420F0031
:10116000706A0220746A02202DE9F34143680DF190
:1011700007011C68104865682CF072FB30B99DF8B7
:101180000710012902D10C4800F030F801232B7719
:1011900025682F68D5E90136D3E9004824B96B6882
:1011A0001C6002B0BDE8F081214630464246B84797
:1011B000241A0644F2E700BF88750400F8B50D460E
:1011C0000446064F4618B44201D12846F8BD14F82B
:1011D000011BBB6801485B689847F4E78875040009
:1011E000014B0360002070470C92040070B5C46985
:1011F0000D469CB31E4A2379565CB34231D01D4A3A
:10120000525C9A4230D1A3689847002810DA022D28
:101210000CD0032D0BD110F1860F07D0D4E8EF3F8F
:1012200043F00203C4E8E23F002AF6E7267170BDEE
:10123000022D267101D00020F9E7D4E8EF3F23F01A
:101240000403C4E8E23F002AF7D1D4E8EF3F23F0DB
:101250000203C4E8E23F002AEDD0F6E76FF0570042
:10126000E5E76FF07700E2E76FF08500DFE700BFAA
:10127000C7300500C330050070B5104B0D461C6823
:10128000B4B10F4B196800238B4202DB6FF00100F1
:1012900070BD224612F8106B864202D0144601330C
:1012A000F2E7E06831F00CFF28B100202C60EFE796
:1012B0006FF00C00ECE76FF01200E9E7AC030020E0
:1012C0000C92040010B54FF42814DFF820C086B04B
:1012D000CDE904C40824029404AC0194BDF8204074
:1012E00000942EF0E5FA06B010BD00BF18002800EB
:1012F0002DE9F0410C4B05461C680E4617467CB1A3
:1013000000F0A6F963682046D3F8108032463B46C9
:101310002946C047044600F0A5F92046BDE8F08103
:101320006FF00104F9E700BFA46A02200023036004
:10133000044B5A6812B9C3E9000070471060586046
:10134000704700BFA86A0220014B1860704700BFB9
:10135000A46A0220002330B585B0CDE902330546EA
:10136000019000F075F9094B1C6844B9284600F05B
:1013700011F9044600F076F9204605B030BD6368E7
:1013800020461B6801A998472468EEE7A86A022056
:101390001FB5CDE90101039200F05AF9074B1C6813
:1013A00024B900F05FF9204604B010BD6368204600
:1013B0001B6801A998472468F2E700BFA86A0220C9
:1013C0002DE9F04F002489B006460F46904601945F
:1013D00000F03EF9164BDFF85CA01D680DF1040922
:1013E0000DF1080B45B900F03DF9002CA8BF019C98
:1013F000204609B0BDE8F08F6B685C6854B1434685
:101400003A4631462846A047044620EAE073019355
:101410002D68E7E7CDE90278CDE90496CDE906AB82
:101420006B6828461B6805A998470446F0E700BF8B
:10143000A86A022049DA03000022024BC3E9002215
:10144000704700BFA86A02200022024BC3E90022B5
:10145000FFF7F2BFB06A02202DE9F74307460C46BA
:1014600009B100230B6000261E4DDFF87C904D452E
:101470000FD31E4B1D6885B355F8188C384641466E
:1014800001AA183D2CF0FDFA10B3D6B914BB2E46B4
:101490001EE0D5F800803846414601AA2CF0F1FA4A
:1014A00050B116B954B92E4606E0002240463168C4
:1014B0002CF0E7FA0028F5D11835D8E7019B236016
:1014C000F1E70022404631682CF0DBFA0028DDD13C
:1014D000AD69D0E7019B2360D9E7304603B0BDE892
:1014E000F08300BF0884040068840400B06A02200E
:1014F0002DE9F04784B002AFD7F8289004460D4696
:10150000164698467860B9F1000F07D0D9F8001058
:1015100031BBD9F804A0BAF1000F28D12046391DFB
:10152000FFF79AFF08B3D0F80C904346324629469D
:101530007868C847C8B16D468AB002AA124BD0611C
:10154000C2E905344FF400731384104B42F8103F86
:1015500000234FF411510E48FFF790FBAD4604E015
:101560003A1D2CF08EFA0028D3D1002007E0D9F8DC
:10157000083032460093294643467868D0470837FA
:10158000BD46BDE8F08700BFBDF6040004000001C1
:10159000208304002DE9F04780464FF000470026E5
:1015A000DFF8A090DFF8A0A03D46284C4C450DD3B5
:1015B000DAF80040002C40D0183CB8F1000F24D1DC
:1015C000226952BBA469F5E72F46EDE7B8F1000F99
:1015D00003D122694AB91834E8E70022414620685D
:1015E0002CF04FFA0028F4D1F5E76368BB4206DD22
:1015F000AF4202D0AB42A8BF2B461D46EBE7EAD173
:101600009047002E08BF0646E5E7002241462068C5
:101610002CF037FA0028D3D1D4E76368BB4206DD4B
:10162000AF4202D0AB42A8BF2B461D46CAE7C9D184
:101630009047002E08BF0646C4E7AF42C4D13046EB
:10164000BDE8F08768840400B06A022008840400C2
:101650004FF0FF324FF0FF33014820F06DBF00BF65
:10166000480D0020014820F0D9BF00BF480D0020E0
:1016700038B5094DFFF7ECFF2B785BB9FFF7E4FEB7
:1016800000F0C4FA044608B901232B70FFF7EAFF03
:10169000204638BD0024F9E7BEB902202DE9F04FFD
:1016A000DFF8B0A08FB002939AF80C3007468B4653
:1016B00090460193002A47D0914620230593019B31
:1016C00006AD97FBF3F103FB01F4DAF800602A465C
:1016D0002146199805ABB0470646002837D1059B2F
:1016E000391B5C1A0093189B4C4528BF4C460D448F
:1016F00033B322462846197835F0D8FA10B30123BF
:10170000441B224629465846039335F0DDFA009BD8
:10171000A9EB04021F2B039B03D913B9A34427444D
:1017200062B9029A4444A4EB09041460189A0AB1FD
:1017300083F0010630460FB0BDE8F08F9146BCE75C
:10174000189BDEE73346DCE76FF01506F2E76FF033
:101750000406EFE7B86A02202DE9F04F4FF0020AC5
:101760008BB0174681468B461E46EFF72DFFDFF8FC
:101770000481044698F80C503946BAFBF5FA4846FD
:101780002CF0B5F905FB0AFACAF1020A1AF0FF0AB1
:10179000ADF808000DD0A5EB0A0AA24528BFA24665
:1017A000494652460DF10A0035F08EFAD144A4EBB9
:1017B0000A040AF10203B3FBF5F205FB1232002A18
:1017C0003CD0B4FBF5F36B4331464A461498D8F845
:1017D00004C0E41A0193E047019B0DF1080A1E447E
:1017E0002CB12246504609EB030135F06DFA3D223B
:1017F00004F128036B4403F8202C04F10109B9F12A
:101800001F0F0BD900244B4631461498D8F804C05A
:1018100002AAE047D0B9DCB94E44A146DFB1C9F114
:101820002004BC4228BF3C4659460AEB0900224628
:1018300035F04AFAA3443F1BA144E0E7314614982F
:10184000D8F804C002AAE0470028BAD06FF004001C
:101850000BB0BDE8F08FB9FBF5F405FB14943CB177
:101860002C1B0AEB09002246394635F053FAA144F5
:101870000124C8E7B86A022010B5034B04469B68F0
:1018800008469847001B10BDB86A02202DE9F043B6
:1018900080460C4691461D466FF0150087B00E9E9F
:1018A000144F16B907B0BDE8F083102E334628BF99
:1018B0001023294601934846D7F800C001AB02AA7D
:1018C000E0470028EED1019B397BB3FBF1F201FB2D
:1018D00012320AB10B449B1A21464046D7F804C085
:1018E00002AAE0470028DDD1019B1D441C44F61AE2
:1018F000D7E700BFB86A022010B5034CC4E9000165
:10190000A260237310BD00BFB86A022030B5044640
:1019100085B010461D46CDE90212FFF7ADFF044A1F
:1019200001460095204602ABFFF7E2FD05B030BD51
:101930004FDB03000A46012301492CF068B900BFC0
:101940000D1901002DE9F04FF5B0CDE90423002376
:101950000DF120080BAF0EAC814602911322816875
:101960004046C4E90133CDE91533C8E90033C7E97E
:1019700000331497C4F8008088F808303B7201F0F7
:10198000B5FA70BBD9F808A017AD5046EFF71CFEAA
:101990001B28834688BF4FF01B0B51465A462846EA
:1019A00035F092F9574B18AA1B6832AE45F80B3048
:1019B00000233146284602F80B3001F071FC30B9A3
:1019C0009DF8C83053B9284601F0DAFB30B913222C
:1019D0002946384601F08AFA064628B1404601F009
:1019E0000DFB6FF0070481E00298EFF7EDFD0DF1BC
:1019F000180A03900DF11C0B20462CF088F80028E3
:101A000057D1A368002B54D02346524649211FA822
:101A10002CF0ACF80028EFD1DAF80030A268591C9D
:101A20009142E9D0039A934205D102991FA835F05B
:101A300080F90028E0D094E8070011AD85E80700A0
:101A400028462CF064F808B9AB68DBB911AB94E810
:101A5000070083E80700002302320239AA606960A8
:101A600014A8009219462A46FFF710FFF8B138462D
:101A700001F0C4FA08A801F0C1FA00283AD06FF0CA
:101A8000040433E02B465A46492132A82CF06EF864
:101A90000028D5D1DAF80020DBF800309A42CFD107
:101AA00032A91FA835F045F90028C9D1A4E70136AD
:101AB000A2E714AB009302980023DDE90412FFF7BC
:101AC0004BFE04460028D2D1384601F097FA05466D
:101AD000404601F093FA054308D1D9F8081017A839
:101AE00001F08CFB50B90136C9F81060204675B082
:101AF000BDE8F08F17A801F043FBC0E76FF00104C9
:101B0000F4E700BFE2F604002DE9F04305460E4677
:101B1000174698468DB00BB1002A48D000242846BD
:101B20002346254908AACDE90867CDE90A842CF0A7
:101B30006EF80B9B012B3DD0002E38D0EA68CDE922
:101B400005448DF81C4062B12B6901339A4208DCD0
:101B500043463A4631462846FFF7F4FE0DB0BDE84D
:101B6000F0830DF1140913224846A96801F0BEF96B
:101B70000028F3D101460222484601F08FFA0446BC
:101B800070B902AB00934246034639463046CDF861
:101B90000890FFF7E1FD044610B92B6901332B6172
:101BA000484601F02BFA002C18BF2046D6E76FF00C
:101BB0001500D3E72046D1E78DDB030008B5826826
:101BC0002AB1044A4260FFF7B1FB002008BD6FF064
:101BD0001500FBE78093040008B582682AB1044A27
:101BE0004260FFF7B1FB002008BD6FF01500FBE776
:101BF000809304000123024A02490348FFF77CBE98
:101C000007DC0300EFDC030013DD030010B50A4C12
:101C10002046FFF7D3FF58B92046FFF7DDFF38B95C
:101C20002046FFF7E7FFA068BDE810402CF094B80D
:101C30006FF0150010BD00BFE80300202DE9F04F44
:101C40008BB0D0F808A01E4600AFDAF80C30804602
:101C50000D46914698470368202B0BD9264A01214F
:101C600026482BF048FD6FF0150528462C37BD4659
:101C7000BDE8F08FB9F1000F01DA214AEFE746EA3B
:101C800009045A1E144005D001211E4A1B482BF09E
:101C90003BFDE8E72946202207F1080035F03AF835
:101CA0002546A642E1D9A6EB040BBBF1200F28BFC5
:101CB0004FF0200B09EB0401DAF804505B46404674
:101CC00007F108027960A847051E796811DA6C46A9
:101CD00088B06A460C4B0791CDE90538042342F8D9
:101CE000103F00234FF401510448FEF7C7FFA546FB
:101CF000BBE75C44D5E700BFE7F604006882040058
:101D00000DF704002AF704005CF7040008B5034847
:101D1000034A0021121A2CF058F808BD980F002031
:101D200018BD0220074808B5074A0849121A2CF0C6
:101D30004EF8BDE808400648064A0749121A2CF03A
:101D400046B800BF00000020940F00208435050035
:101D50000000002000000020843505002DE9F04738
:101D600006460C4600AF002936D0D1E90012E946FC
:101D70008AB06D46A3684FF0050AE8461F48CDE9D2
:101D80000723CDE9050148F810AF002342464FF480
:101D900021511B48FEF772FFD4E90312CD46636957
:101DA000AD461848C5E90723C5E90501C5F810A0E7
:101DB000002342464FF421511148FEF75FFFCD4604
:101DC000E3690121104A0E482BF09EFCA369012112
:101DD0000E4A0B482BF098FC012E07D1EFF3058338
:101DE0000B4A31460648103B2BF08EFC214630460C
:101DF00020F0D8F8BD46BDE8F08700BF83F70400A7
:101E000000830400B2F70400E1F70400F0F70400D7
:101E10001EF8040030BFFFF7FDBF00BF2DE9F04101
:101E200005460B4EDFF82C80324606EB0807CC1B2C
:101E30002046094934F048FFA01942460021083CD9
:101E400034F068FFEC6707F10800BDE8F08100BFDF
:101E5000000000002C0000007484040010B5244C25
:101E6000244925482BF0C0FFA36A99013ED522489A
:101E700022492BF0B9FF1E20A36ADA0104D51E48BF
:101E80001F492BF0B1FF1F20194CA36ADB0204D5B8
:101E900019481C492BF0A8FF0220A36A1C0304D593
:101EA000154819492BF0A0FF2120114CA36A5903B2
:101EB00004D5114815492BF097FF2220A36A9A03F5
:101EC00004D50D4812492BF08FFF2320084CA36A3C
:101ED000DB0304D508480F492BF086FF2420A36AB2
:101EE0006FEA03436FEA1343A36210BD1D20C3E7EB
:101EF00000ED00E031F804000083040049F804001C
:101F00005CF8040076F80400A0F80400BEF80400B1
:101F1000E3F80400FDF8040070B506460D46294CB0
:101F200029492A482BF060FFA36ADB0647D52748DA
:101F300027492BF059FF1120A36A1C0704D5234819
:101F400024492BF051FF12201E4CA36A990712D589
:101F500021491E482BF048FF636BA26A120609D57F
:101F600001211E4A19482BF0CFFB1EB1A36A23F0B2
:101F70008003A3621320134CA36ADE0704D5134821
:101F800017492BF031FF1420A36A9C0604D50F4893
:101F900014492BF029FF15200A4B9A6AD10658BF25
:101FA0009A6A9A6A920642BF5A6A22F400525A62A8
:101FB0009A6A42F0FF029A6200232B7070BD1020D3
:101FC000BAE700BF00ED00E028F904000083040038
:101FD0003EF9040071F9040084F904009CF904003E
:101FE000B2F90400D1F9040070B506460D46284C3C
:101FF000284929482BF0F8FEA36AD9043CD5264885
:1020000026492BF0F1FE1720A36A1A0504D52248B1
:1020100023492BF0E9FE18201D4CA36A9B0512D51D
:102020001D4820492BF0E0FEA36BA26A100409D5DD
:1020300001211D4A18482BF067FB1EB1A36A23F447
:102040000043A3621920124CA36A590504D5124813
:1020500016492BF0C9FE1A20A36ADA050ED50E48E0
:1020600013492BF0C1FE1B20094A936A43F47F43B6
:10207000936200232B7070BD1620C5E7A36A9B04F2
:10208000F2D505480B492BF0AFFE1C20ECE700BF52
:1020900000ED00E000FA04000083040016FA0400DA
:1020A00071F9040027FA040040FA040055FA04000C
:1020B00070FA0400D1F904002DE9F0418AB0674BB1
:1020C0000446D3F80480002500AFC8F3080685F362
:1020D0001188BFF36F8F02F07F43B3F17F4F07D1B9
:1020E00002F00C03082B12D15D495E482BF07CFEF8
:1020F00000252C460023FB71F31E092B00F28E8075
:10210000DFE803F00A8487808C8C8C8C8C8A100723
:102110004CBF0C460125EDE7534952482BF064FEB5
:1021200000234E4EFB71F36A9A0705D54F494D487F
:102130002BF05AFE00232DE0F36A002B01DA4C4904
:10214000F5E7F36A5B00F5D54A4946482BF04CFEAB
:102150007369A26943F480737361BFF34F8FBFF358
:102160006F8F32F8023C726922F480727261BFF3A1
:102170004F8FBFF36F8F03F47F42B2F55F4F2BD1C8
:10218000DBB2022B28D1236801213B4A35482BF0D2
:10219000BBFA2368FA79DAB907F1080604F1200CD2
:1021A000324620686168083403C264451646F7D198
:1021B0007A6A002D4FD0C2F3080121B96FEA52228A
:1021C0006FEA42227A62184607F10801FFF7C6FD5E
:1021D0002837BD46BDE8F081204B9A6AD2B222B1C1
:1021E0000120F91DFFF798FE0EE09A6A12F47F4F66
:1021F00004D00120F91DFFF7F7FE05E09B6AB3F557
:10220000803F97D3FFF72AFE0346C3E70020F91D5E
:10221000E8E70020F91DEEE7184988E7184A18F4A6
:10222000F87FE8468AB0174B08BF13466A4616493E
:10223000103ECDE905134FF40073ADF82030134B79
:10224000079642F8103F00234FF411510548FEF75E
:1022500015FDC5466EE76FF30802B3E700ED00E039
:10226000B6FA040000830400E1FA0400F8FA04005E
:1022700019FB040027FB040046FB040062FB04007A
:1022800088FA04009DFA040086FB040004000001A3
:10229000064B5A6942F010025A615A6942F4806250
:1022A0005A615A6922F008025A61704700ED00E055
:1022B000EFF30880EFF3098101B57246FFF7FCFEEA
:1022C00001BD00BF0B4880F308881BF085FC20206F
:1022D00080F3118808484FF40061401880F30988A2
:1022E000EFF314800221084380F31488BFF36F8F4B
:1022F00000F06AF8C81B032088F202201EF0040FC9
:102300000CBFEFF30880EFF30980816911F8021C1C
:102310000229FFD001B572462BF05BFD01BD00BF65
:1023200000B2002807DB01234109034A00F01F0027
:10233000834042F82130704700E100E000B20028FD
:102340000CDB01220649430900F01F0082402033C4
:1023500041F82320BFF34F8FBFF36F8F704700BF4B
:1023600000E100E0054B420953F82220012300F070
:102370001F0003FA00F01040704700BF00E100E0CA
:1023800000B2002801F10101ACBF00F16040064B32
:102390004FEA4111C9B2ABBF00F5614000F00F0038
:1023A00080F800131954704714ED00E0044B054AFF
:1023B00023F07F039360BFF34F8FBFF36F8F70479E
:1023C0000000000000ED00E008B5FFF7EFFF0B4A4A
:1023D000D2F8883023F47003C2F88830EFF3148306
:1023E00023F0040383F31488BFF36F8FFFF78EFC91
:1023F000FFF798FC00F09EF81FF004FF00ED00E0EE
:1024000042F8203C009B0B4942F81C3C019B21F008
:10241000010142F8183C029B42F8081C42F8143CA7
:102420004FF0807342F8043C0023203A0265C0F864
:10243000803070470905010000B50D4B15469860C6
:10244000C26F0C4B0E461A60C36E83F30B882C468A
:1024500086F309880020044B98472046002100227B
:102460000023024C2047000007DE0300090501009D
:1024700074900220C86A02201022014B1A61704732
:1024800000ED00E0054B5A699B689A421FBF044A61
:10249000536843F080535360704700BF749002202C
:1024A00000ED00E0084B9B6883420BD1EFF30583FE
:1024B00043B1064B5A6842F080525A605A6A22F47D
:1024C00000425A6220F0C4BE7490022000ED00E089
:1024D00015498A684FF030001044EFF3098C80E80A
:1024E000F01F202080F31288BFF36F8F0F4F4FF043
:1024F00000664A698A603E60D06F0D4C2060D2F859
:1025000080000023C2F8803080F3118802F130008F
:1025100090E8F01F8CF3098802F1000004B52BF05D
:102520006BFCBDE8044070477490022004ED00E0AD
:10253000C86A02200023202040F20F1210B5044C7C
:10254000E1180133934281F80003F9D110BD00BFB7
:1025500000E100E008B5EFF30583064A103B02EB0B
:10256000C30152F8330049688847BDE80840FFF7C7
:1025700089BF00BF28770400014800687047000049
:10258000C86A02201FB50121094B0A4A0A4800F017
:102590000FF90023064A0393084B0121019301A878
:1025A000D31A029300F00EF905B05DF804FB00BFEA
:1025B00000000420000000209C930400980F0020DD
:1025C0000A7A0B6810B562F304031C46CB68520903
:1025D00023F01F0343EA4203044A43F00103C2F815
:1025E0009800C2F89C40C2F8A03010BD00ED00E099
:1025F00010B50A4BD3F89030C3F30723013B984240
:1026000008D901210346064A06482BF07DF86FF0F1
:10261000150010BDFFF7D4FFFBE700BF00ED00E0A1
:102620009DFB0400E88204002DE9F04F8946144622
:1026300006464FF000084F4D85B0C84527DAD6F85A
:1026400004A0BAF1000F44D0BAF11F0F17D91AF045
:102650001F0F14D1D6F800B01BF01F0F0FD1584632
:102660002BF0F4FB07460AEB0B0001382BF0EEFBD6
:10267000874210D06FF015073F4A3B4601E04346C2
:102680003E4A01213E482BF03FF86FF015042046EA
:1026900005B0BDE8F08F17F1160FEDD0BC42EBDDB1
:1026A000C5F89870D5F89C10C5F89870D5F8A0308A
:1026B00021F01F0143F01F0BD6E900321A44994262
:1026C00002F1FF3A1AD1D34507D13146F8B22BF0C7
:1026D000C6FB08F101080C36AFE73146C5F8987023
:1026E000D5F89C30E0B263F30402C5F89C202BF0CF
:1026F000B6FB10F1160FC8D0441CEAE7C5F8987075
:10270000D5F8A020013B23F01F0302F01F02134362
:10271000D3453146E0B2C5F8A030E8D02BF09FFB9E
:1027200010F1160FB1D0C5F89870D5F89C209DF81F
:1027300008300BF1FF3B62F304038DF80830D5F845
:10274000A0309DF808205B0863F347128DF808203D
:10275000D6E900321344009323F01F035B44A3EB3C
:102760000A03013023F01F036946C0B20393FFF749
:102770003FFFBEE700ED00E0E9FB0400C3FB0400FF
:10278000E88204000522044BC3F89420BFF34F8F66
:10279000BFF36F8F704700BF00ED00E0BFF35F8FA6
:1027A0000022024BC3F89420704700BF00ED00E008
:1027B00010B5034C2278FFF737FF207010BD00BF23
:1027C000BFB902202DE9F74F294D8A4606464FF042
:1027D0000008AB46274FD0451BDAD6F80490B9F174
:1027E000000F3FD03168084601912BF02FFB019973
:1027F000044609EB010001382BF028FB84424FF01E
:1028000014021D4B08D002FB08F36FF015024BF8C1
:10281000032003B0BDE8F08F14F1160F2C60F8D040
:102820001978A142F5DD02FB08B0C7F89840C7F857
:102830009840D7F89C4000F10801007B64F3040045
:102840000871D7F8A0000C79400860F347140C71A8
:10285000D7F89C1021F01F016960D7F8A01021F073
:102860001F01296108F1010814350C36B3E700BFD8
:10287000CC6A022000ED00E0BFB90220F0B5534958
:10288000534DD1F890302C68C3F307239C4287B096
:1028900000F299800020FFF781FF4E4BC1F8C03055
:1028A000844216D14C4D01A82C70FEF799FC0026ED
:1028B00007464A4CB74213D100202B784349D1F840
:1028C0009020C2F30722934277DBFFF75BFF0020E3
:1028D00046E0696801EB0011FFF772FE0130DFE7A7
:1028E0000199300101EB0613DA682240B2F1807FD2
:1028F00052D00AD8B2F5001F34D0B2F5800F3ED0C6
:10290000B2F5801F12D00136D4E7B2F1006F43D088
:10291000B2F1805FF7D15A689B680958013B22F0F9
:102920001F00034423F01F03012032E05A689B6814
:102930000958013B22F01F0003440120844623F084
:102940001F0340EA4C10CDE902218DF8100002A9C6
:1029500028780593FFF74CFE00282ADA6FF015005F
:1029600007B0F0BD5A689B680958013B22F01F0070
:1029700003444FF0020C012023F01F03E1E75A68E3
:102980009B680958013B22F01F000344022023F0FA
:102990001F034FF0000CD4E75A689B680958013BAD
:1029A00022F01F0003444FF0030C012023F01F030B
:1029B000C7E72B7801332B70A5E7C1F89830C1F831
:1029C000A00001337BE74FF0FF30C9E700ED00E0E6
:1029D000A8930400AAFF4400BFB902200000F0FF42
:1029E000F0B587B007460E4614460021102268460F
:1029F0001D4634F08FF902238DF80230054B2A462C
:102A000021466846CDE90476019324F029FE07B0FB
:102A1000F0BD00BF91DE030008B5024B1B6898476C
:102A2000002008BDE06A0220034B044A1860937836
:102A300043F0020393707047E06A0220FC03002019
:102A400008B50649064821F00701C1F1005202F518
:102A500080222AF0E7F8002008BD00BF0785032088
:102A6000E46A02204FF0FF324FF0FF3301481FF0BD
:102A700063BD00BF0C04002001481FF0CFBD00BFA4
:102A80000C04002038B50546FFF7ECFF2A46082164
:102A900007482AF056F8044628B925B1FFF76CFD1F
:102AA0000C22044B1A50FFF7E7FF204638BD00BF49
:102AB000E46A02200C00000010B50446FFF7D2FFC4
:102AC00021460348FDF7FEF8BDE81040FFF7D4BFEC
:102AD000E46A022070B5A0FB015434B92846FFF720
:102AE000D1FF064640B9304670BDFFF745FD0C22C8
:102AF000044B00261A50F6E72A46214634F00AF91C
:102B0000F1E700BF0C00000070B541690446867A09
:102B10000A4D59B1437ADB0706D4302303FB065331
:102B20009B6A1B689B68984700236361302021469D
:102B300000FB0650BDE8704030F0BFBC440E0020E2
:102B40003022024B02FB0030704700BF440E0020D1
:102B50003021827A064B01FB0233DA6A93F8223085
:102B6000801A1B3323F00303B0FBF3F0704700BF60
:102B7000440E002038B53024827A064B04FB023321
:102B80009B6AD3E901240C601568FFF7E1FF04FBA1
:102B9000005038BD440E00202DE9F04385B00546B5
:102BA000684690461C46039130F06CFFDDE90067F3
:102BB000EFF31189202383F31288BFF36F8F2B8CDF
:102BC000002B43D0EA8B9A4225D9002200232846C5
:102BD0001FF074FD0446F0B189F31188BFF36F8FC5
:102BE000039B002B43D032463B46684630F06FFFD4
:102BF0003021A27A264B204601FB02339B6A03A9AF
:102C00001B681D68DDE90023A847606180BB204682
:102C1000FFF77AFF26E0298C4B1E2B8489F311885D
:102C2000BFF36F8F95F82230EA8BEC6A1B3323F0E9
:102C30000303521A02FB0344154B164AEB1A1B11ED
:102C40005343A37295F82230E372C9E789F31188E0
:102C5000BFF36F8F2346424628461FF02FFD0446E0
:102C60000028BDD10024204605B0BDE8F083636193
:102C7000012300252381039B29466382E27A656054
:102C800004F1180034F046F863692582E360EAE74E
:102C9000440E0020ABAAAAAAF8B5002430260F4D96
:102CA00000B9F8BD476800F10802D2E8EF3F591EAD
:102CB000C2E8EC1FBCF1000FF7D1DBB2012BF0D161
:102CC000837AC46006FB035344605B6A13B1984780
:102CD0003846E5E7FFF718FFFAE700BF440E00208B
:102CE00008B5244A244B1A6017F048FB4FF47A6168
:102CF0002248D0F82436C3F30802C3F309434B43F8
:102D000082F480721E49883201FB02334FF4FA21AB
:102D10005B00B3FBF1F201FB12331A49B3F57A3FC2
:102D200028BF0132C1F80429D0F820364FF47A6068
:102D3000C3F30802C3F30943434342F6041082F489
:102D4000807202F2172200FB02334FF47A701B0AE2
:102D5000B3FBF0F200FB12330020B3F5FA7F4FF023
:102D6000010328BF0132C1F81C27C1F80009C1F8CE
:102D7000003608BD0020A1077C0B002000C0FF002A
:102D8000102700800000125048B1054B054A1B680F
:102D9000B3FBF2F35843044B43F001031847704769
:102DA0007C0B002040420F0080850400BFF34F8F52
:102DB0000549064BCA6802F4E0621343CB60BFF3D7
:102DC0004F8F00BFFDE700BF00ED00E00400FA05F3
:102DD00008B500224FF480214FF000501AF0B4FFE4
:102DE0000A4AD2F8183523F00103C2F818354FF01B
:102DF000FF32074BC3F80026012203F59033C3F8D6
:102E00000025BFF34F8F20BFFDE700BF00F00C503F
:102E100000E01050084B0246596811B11968884209
:102E200007D0D86830B1996804488A4218BF00209A
:102E300070471846704700BFF06A0220F86A022007
:102E400002460B4601481FF077BB00BF340D00203F
:102E500001481FF0E3BB00BF340D00202DE9F74F00
:102E60004FF00009824608460F469046EEF7ACFB4D
:102E70004E4683464FF0FF314FF0FF30FFF7E0FF43
:102E8000194B1C689C4208BF00245B685CB9FFF7C3
:102E9000DFFF36B3CAF80060B8F1000F1DD1002083
:102EA00003B0BDE8F08FA569A94512D8AB4510D392
:102EB000012D03D97A5D2F2A00D052B92A4638460F
:102EC000E168019333F063FF002804BFA94626465A
:102ED000019B9C42DBD02468D8E7B369C8F8003076
:102EE000DDE76FF00100DBE7100500202DE9F3417D
:102EF000054690460C4621B10B782F2B01D14B781B
:102F00004BB9364936482BF099F86FF01504204636
:102F100002B0BDE8F0814268002A58D101A8FFF74D
:102F20009DFF30B12F492E482BF088F86FF0010437
:102F3000EDE7019E96F820309B0702D518F0120F9E
:102F400048D1F3691A6892B118F0400713D018F00D
:102F5000020F06D1244922482BF070F86FF00C04C0
:102F6000D5E75B6933B921491D482BF067F86FF04D
:102F70008504CCE701276E60F36921464246284666
:102F80001B689847041E07DA2246194914482BF09B
:102F900050F800236B60BAE785F80880002FB6D0A0
:102FA000F369002128465B699847041EAFDA11498E
:102FB00022460B482BF03DF8019BDB69DB69002BB7
:102FC000E7D028469847021EE3DA0B49DEE76FF0A8
:102FD0000F049CE76FF01D0499E700BF36FC040066
:102FE000788204004AFC040062FC040090FC0400A7
:102FF000B0FC0400C5FC0400E1FC040038B54468E2
:10300000054654B1E369DB6963B19847041E06DAEB
:103010000649224606482BF00CF8204638BD00230E
:103020006B60FAE76FF08504F7E700BF0FFD04005F
:103030007882040010B5436863B1DB695B6863B1F3
:103040009847041E04DA0649224606482AF0F1FF92
:10305000204610BD6FF00804FAE76FF08504F7E72B
:1030600025FD04007882040010B5436863B1DB6974
:103070009B6863B19847041E04DA06492246064855
:103080002AF0D7FF204610BD6FF00804FAE76FF072
:103090008504F7E73AFD04007882040010B5436820
:1030A00063B1DB69DB6863B19847041E04DA064943
:1030B000224606482AF0BDFF204610BD6FF00804E6
:1030C000FAE76FF08504F7E750FD0400788204000A
:1030D00010B5436863B1DB699B6963B19847041E0F
:1030E00004DA0649224606482AF0A3FF204610BD0E
:1030F0006FF00804FAE76FF08504F7E765FD040058
:103100007882040013B5044620B103782F2B01D137
:10311000437843B9164917482AF090FF6FF0150419
:10312000204602B010BD0146002201A8FFF796FE1E
:1031300030B111490F482AF081FF6FF00104EFE729
:10314000019890F820309B070CD4C369DB6B63B106
:1031500021469847041EE3DA0849224605482AF02A
:1031600068FFDDE76FF01D04DAE76FF08504D7E74D
:103170007AFD0400788204004AFC0400ADFD0400DE
:1031800013B5044620B103782F2B01D1437843B9FE
:10319000164917482AF052FF6FF01504204602B076
:1031A00010BD0146002201A8FFF758FE30B11149B9
:1031B0000F482AF043FF6FF00104EFE7019890F801
:1031C00020309B070CD4C3695B6B63B121469847E1
:1031D000041EE3DA0849224605482AF02AFFDDE703
:1031E0006FF01D04DAE76FF08504D7E736FC0400C2
:1031F000788204004AFC0400CDFD040073B50D463E
:10320000044650B103782F2B07D143782BB121B15D
:103210000B782F2B01D14B7833B91C491C482AF06D
:103220000DFF6FF015040BE0014601AA6846FFF799
:1032300015FE40B1174916482AF000FF6FF001044F
:10324000204602B070BD009E96F820309B0716D431
:1032500029462046019A33F09AFD08B10E49DDE770
:10326000F3699B6B73B121462A4630469847041E8A
:10327000E6DA0A49224606482AF0DBFEE0E76FF06C
:103280001D04DDE76FF08504DAE700BF36FC0400BB
:10329000788204004AFC0400E8FD0400FFFD0400FD
:1032A000F7B50D46044610B103782F2B08D02749F7
:1032B00027482AF0C3FE6FF01504204603B0F0BD86
:1032C000EEF782F90128064608D142F601732B80F9
:1032D0000023AB700024C5F80441EEE721466846A0
:1032E00001AAFFF7BBFD074630B11A4918482AF07A
:1032F000A5FE6FF00104E0E7DDE90032B61A012E09
:103300000ED82846012200F8012B9A69D968FF2AB5
:1033100028BFFF22013133F0D7FC85F80071D9E7CF
:10332000DA69166C76B1214618462A46B047831CE6
:103330000446DED00028C0DA0749024604482AF0D5
:1033400078FEBAE76FF08504B7E700BF21FE0400FE
:10335000788204004AFC04003CFE040037B50D46A8
:10336000044620B103782F2B01D1437843B9144987
:1033700014482AF063FE6FF01504204603B030BDF8
:103380000146002201A8FFF769FD30B10E490D4842
:103390002AF054FE6FF00104EFE70198C3695B6CFB
:1033A00053B121462A469847041EE6DA07492246C9
:1033B00004482AF03EFEE0E76FF08504DDE700BF39
:1033C00021FE0400788204004AFC04003CFE040054
:1033D0002DE9F843044600AF08B1C56835B947493F
:1033E00047482AF02BFE6FF0150507E003684BB144
:1033F000444943482AF022FE6FF00F052846BD4697
:10340000BDE8F8832846EEF7DFF8804610B12B7848
:103410002F2B01D03C49E3E73C4E4FF0FF304FF0FB
:10342000FF31FFF70DFD3568D6F80490B54208BFAF
:10343000002585B9A5682846FFF7ECFC20B1D0F837
:103440000490B9F1000F22D131492D482AF0F6FD40
:103450006FF001050CE0AB69434514D122692B697B
:103460009A4208D1274926482AF0E8FD6FF00F0557
:10347000FFF7EEFCC2E74246E968E06833F087FCFC
:1034800008B92449EFE74D45D4D02D68D1E7D9F8E4
:103490002C303BB920492A4619482AF0CAFD6FF062
:1034A0008505E5E7D9F830309BB96D4688B0E1680D
:1034B0006A461A48CDE905014FF40071ADF81C10B9
:1034C000174942F8101F4FF4E4510D48FDF7D6FBA1
:1034D000AD462046D9F82C309847051E05DA11492B
:1034E0002A4607482AF0A5FDC2E77368C4E90689A1
:1034F000C4E900631C607460BAE700BF5DFE0400AD
:10350000788204007BFE040099FE04001005002070
:10351000CCFE0400AFFE0400F8FE04001DFF040012
:10352000030000013EFF0400B0B5044600AF0028D0
:1035300039D04FF0FF304FF0FF31FFF781FC2368A7
:10354000ABB96D4688B06A461849CDE90514032128
:1035500042F8101F4FF4C2511548FDF78FFBAD46DE
:103560006FF01505FFF774FC2846BD46B0BDE36952
:103570001B6B33B90F490E482AF060FD6FF08505CB
:10358000F0E720469847051E05DA0B492A46084809
:103590002AF04FFDE6E7D4E9003213605A600023B9
:1035A000C4E90033DEE76FF01505DDE752FF0400E4
:1035B000788204006CFF040087FF040038B50446DD
:1035C0000D464FF0FF304FF0FF31FFF739FC20463A
:1035D000FFF720FC08B143687BB90B4B5A6812B166
:1035E000DA686AB9012243F83240002403EBC203CF
:1035F0005D60FFF72DFC204638BD6FF07704F8E7DB
:103600006FF01B04F5E700BFF06A022038B131B15A
:103610008B6918440278024B002A08BF184670478D
:1036200040F6040010B5036804465A6D1AB1196ECD
:1036300004482FF09CFD216803482FF0D6FD00239D
:10364000236010BD080D0020900C0020002807DA30
:103650005430522802D8034B185670476FF00400BC
:10366000704700BF24310500002805DA5A30582879
:1036700004D8044B18567047002070476FF00400C0
:10368000704700BFCB300500B0B50120124900AF34
:10369000FFF794FF044610B12046BD46B0BD0F4D64
:1036A0002846FFF795FE0028F6DAEB686D468AB0EB
:1036B0006A460B490790CDE905134FF40073ADF846
:1036C0002030084B42F8103F4FF411512346064872
:1036D000FDF7D4FAAD46DFE7DC93040018050020BF
:1036E0009DFF040004000001B08204002DE9F743AF
:1036F000436804461E698846154601460022002399
:1037000023481EF01BFE014600283ED12768642294
:10371000384633F0FFFAD6F8E41000220023896A15
:103720001C481EF0E9FD386660B3B94649F8540FED
:1037300061684046FFF76AFF804630462AF0AAFCDF
:103740002901AB0103F4006301F48071194305F012
:1037500003030B4342463946CDF8009006F17C0046
:103760002FF0D8FB054606F580702AF09BFC002D53
:1037700002DA2046FFF756FF284603B0BDE8F043C3
:10378000FFF764BF6FF00B05F3E703B0BDE8F0830C
:10379000900C0020080D002070B5436804461E6997
:1037A0000D4600220146002314481EF0C7FD0146C5
:1037B00008BB3422206833F0ADFA61682846FFF771
:1037C00025FF054630462AF065FC2A46216806F1A9
:1037D0007C001EF027FB054606F580702AF062FC8F
:1037E000002D03DA216805482FF0FFFC2846BDE8CC
:1037F0007040FFF72BBF6FF00B0070BDB00C0020C6
:1038000070B5044643681E6930462AF043FC2168BF
:1038100006F17C002FF020FC054606F580702AF0AA
:1038200041FC216803482FF0E0FC2846BDE87040C9
:10383000FFF70CBFB00C0020F8B50446056900AFD7
:1038400028462AF027FC05F17C002FF03CFB94F879
:1038500020301B0703D4D5F8FC002AF046F80026D8
:1038600005F58070C5F8FC602AF01CFC88B06A463B
:10387000E3680949CDE905134FF40073ADF81C3036
:10388000064B42F8103F4FF4E65133460448FDF72B
:10389000F5F93046BD46F8BDC2FF04000300000143
:1038A000B08204002DE9F04F85B0E94602AF8AB03E
:1038B000904604460D4602AA6F4B022653610B2325
:1038C0004FF0010AC2E9066306231662C2F824A07B
:1038D00042F8103F00234FF443516848FDF7CEF9FA
:1038E000D4F8FC30CD46002B40F0C38018F0080F10
:1038F0000BD0624843465146614A29F005FF6FF0FC
:1039000085000C37BD46BDE8F08F04F1FC01E8B23C
:10391000FDF7B2FC031E02DBD4F8FC0048B901211C
:103920000093584A2B46554829F0F8FE6FF01200D4
:10393000E7E72AF015F80346A8B9D4F8FC2088B0C8
:10394000D268116802AA5048C2E905014FF400711B
:1039500091834E4942F8101F4FF4E2514748FDF75A
:103960008DF9CD46E2E7D4F814B0D4F818A0BBF135
:10397000000FE56908BF4FF0100BBAF1000F08BF48
:103980004FF0100A9DB17F2D0AD84FF080082B46CA
:1039900031463F4A3948CDF8008029F0BFFE454600
:1039A000666A002E06D007DC4FF0FF3604E04FF4C5
:1039B0008055F5E74FF40076D4F8FC00D4F8289051
:1039C0008368D4F82C80B3FBF5F3B9F1000F08BF7E
:1039D0004FF48079B8F1000F7B6008BF4FF02008EA
:1039E00029F0BEFFD4F8FC30C7F800D08CB00168D5
:1039F0005B6802AAD3617B682648C2E908354FF4A8
:103A000000739385244BC2E90501966242F8103F8A
:103A100000234FF473511948FDF730F9D7F800D05F
:103A20008AB002AA1D4BC2E907A9C2E9053B0623D9
:103A3000C2F8248042F8103F002310484FF443514D
:103A4000FDF71CF9D4F8FC30D7F800D02360144BF4
:103A500000206360134BC4E905BAA360124BC4E9AC
:103A60000A98E360114BE56123617B68C4E908367D
:103A700047E76FF00F0044E7CFFF0400B082040077
:103A8000FAFF04003700050058000500030000019C
:103A900073000500BC00050007000001EF000500F1
:103AA00079E003005DE0030049E0030045E0030026
:103AB000F8B5194B0446002914BF0D461D460023D6
:103AC0001646C5F8FC3005F5807738462FF027FC00
:103AD00028462AF0DFFA214632462846FFF7E2FE62
:103AE000044680B9294605F17C001DF0AFFD041E97
:103AF00009DA0A4823460121094A29F005FE204631
:103B0000FFF7A4FD044600233846C5F8FC302AF030
:103B1000C9FA2046F8BD00BF50060020B08204005C
:103B20006D0105002DE9F0470569064600AF05F572
:103B3000807948462FF0F3FB28462AF0ABFA284656
:103B400096F820207169FFF7ADFE0446B0BB05F181
:103B50007C04294620461DF0DFFD00281BDA96F87C
:103B6000208018F0010F16D118F002081FD1022191
:103B70000346264A264829F0C7FD294620461DF05F
:103B800065FDB0F1000A1DDA214853460121214AA2
:103B900029F0BAFD5046FFF759FD002804460DDB19
:103BA00048462AF07FFA2046BD46BDE8F08701214D
:103BB000194A174829F09FFD6FF01D040023C5F82E
:103BC000FC30EDE7204629461DF0A6FD041E07DA6D
:103BD0000F4823460121114A29F096FD2046DAE7D5
:103BE0006D4688B06A46F3680D49CDE905134FF478
:103BF0000073ADF81C300B4B42F8103F4FF4E65108
:103C000043460348FDF73AF8AD46C9E71E010500F3
:103C1000B08204006D0105003F0105005F01050051
:103C20008401050003000001F7B506460D46144661
:103C3000124F38462FF044FAE0B1BB68314638469F
:103C40001B68AAB29847002802DB002003B0F0BD31
:103C5000002CFBD1AC42F8D22F1B042F28BF042725
:103C60002DF0CCFC3A46019001A9301933F02CF824
:103C70003C44EFE76FF01200E8E700BF487504002E
:103C80000E4B402928BF402170B51D460C4C4618EC
:103C9000B04203F1020304D1002305F811300748B4
:103CA00070BD02781209A25C03F8022C10F8012BF7
:103CB00002F00F02A25C03F8012CE9E7DEB9022052
:103CC0009131050030B503788BB0044607AD032B66
:103CD00021D8DFE803F0021A1C1E12492846EDF72E
:103CE0006BFC059563781E210493A3780E4A039319
:103CF000E3780E4802932379019363790093A379C3
:103D000022F0D8FF09480BB030BD0949E6E7094960
:103D1000E4E70949E2E70A212846084A22F0CAFFF7
:103D2000DFE700BFFAEB04001CEC0400C0B902207E
:103D300001EC040008EC040012EC0400851C0500F2
:103D40002DE9F3410646174698462E4CD4E8AF3F7E
:103D5000DA0720D538B901212B4A2C4829F0CBFCB1
:103D60006FF0010018E001A929F0AFFE0228054616
:103D70002DD102462649304632F0DBFF0028EFD134
:103D8000D4E8AF3FC3F3C0061B0708D5214A294634
:103D90001E4829F0B0FC002002B0BDE8F081A4F17B
:103DA000D405072229464046B84706280AD80121EB
:103DB000194A164829F09FFC44F8D46CEE71C5F8F6
:103DC0000360E8E70723B0FBF3F0E871E3E70428BA
:103DD000C6D102461149304632F0ABFF05460028F5
:103DE000BED11D22404604F1A001B847031E05DAEA
:103DF00001210B4A054829F087FCCCE71C4484F8D4
:103E0000A050C8E7C40100209F01050040820400C3
:103E10000FEC0400C0010500E4010500FD080500E9
:103E2000090205002DE9F04389B0DDF840909D7945
:103E30005E791F7993F803C093F802E093F801804C
:103E40000C461B78B9F1000F15D0CDE90639CDE944
:103E500004E81346CDE9027CCDE900560D4A22F074
:103E600029FF002813DBA0422CBF6FF015000020B3
:103E700009B0BDE8F083CDE90583CDE903CE134653
:103E8000CDE90167044A009522F014FFE9E76FF0DD
:103E90001500EDE73B0205005F02050010B5FDF7D8
:103EA000E7FB044628B101210346034A034829F0F1
:103EB0002BFC204610BD00BF80020500408204009C
:103EC00070B504461E4615468CB0AAB129B10A4603
:103ED00002A8042129F0C9F902A900912B46224623
:103EE000242103A8FFF79EFF70B93146109A03A85A
:103EF000FDF7FEF90CB070BD03462421044A03A867
:103F000022F0D8FE2328F0D96FF01500F2E700BFA9
:103F1000A502050007B50B4B0B48DA79C2EBC202CC
:103F2000009200221146FFF7CBFF034638B1012172
:103F3000064A074803B05DF804EB29F0E5BB03B07F
:103F40005DF804FBF00000200FEC0400AB0205005C
:103F50004082040030B5044615468DB09AB129B1AF
:103F60000A4602A8042129F080F902A900912B46F3
:103F70002246242103A8FFF755FF60B903A829F0C2
:103F80007CFD0DB030BD03462421044A03A822F075
:103F900091FE2328F2D96FF01500F2E7A502050083
:103FA00007B5009313460A4601460348FFF788FF0A
:103FB00003B05DF804FB00BFD31905000A460146B3
:103FC0000148FFF7C7BF00BFD319050007B500932D
:103FD00013460A4601460348FFF772FF03B05DF837
:103FE00004FB00BFFE1805000A4601460148FFF722
:103FF000B1BF00BFFE18050007B5002203460091BF
:1040000003481146FFF75CFF03B05DF804FB00BFF7
:10401000FD08050008B502481EF076FD002008BD29
:1040200064070020F8B51E4DD5E8AF3F13F0010F2F
:104030002F4632D095F8A040A5F1D4063CB91D22F8
:10404000184906F5BA7032F0B4FE86F89141F3795A
:104050008BB901F05BFF044630B10121124A1348CD
:1040600029F049FB2046F8BDF37923B901F05EFF42
:1040700004460028F1D1D5E8AF3F5A0701D400F03B
:1040800053FFD7E8EF3F23F40062C7E8E12F002990
:10409000F7D11B0501D5FFF7BDFF0024E2E700BF04
:1040A000C4010020A2EB0400C60205004082040007
:1040B00007B5009313460A4601460348FFF700FF81
:1040C00003B05DF804FB00BFC91E05000A460146A7
:1040D0000148FFF73FBF00BFC91E050010B500240F
:1040E000094B86B009480393CDE904442FF0E3FA65
:1040F00003AB00934FF4AF620A23054903481EF057
:1041000009FD204606B010BDF9020500E83C02207A
:1041100018D10220014601482FF0A2BAE83C022043
:1041200030B50378012B11D0022B21D06BB90A4690
:10413000144B03F1100453F8045BA34242F8045BF0
:10414000F9D143881A0A8A70CB7030BD0A460D4BEC
:1041500003F1100453F8045BA34242F8045BF9D165
:1041600043681A0C180E4A700870C3F30722EAE776
:1041700000F11003013913F80129984201F8012FC9
:10418000F9D1E2E7A231050010B52AF0FAF92FF0D3
:10419000C6FA044608B91EF091FF064BD3E8AF3FBC
:1041A0000BB10A2098471CB9BDE810401EF09ABF19
:1041B00010BD00BFC06D022038B50446084829F084
:1041C00080FE054648B1631EDBB21F2B96BF054A31
:1041D0000021D15C0C3029F0F3FE284638BD00BF29
:1041E000340F0020B23105000F2810B50CD80D286F
:1041F0000CD90A4829F065FE044618B104210C3098
:1042000029F0DEFE204610BD1328F2D009B1044883
:10421000F0E70220BDE81040FFF7CEBF640F00209A
:10422000A40E0020C3681B780221024A02482AF02B
:104230003BBA00BF1103050018820400F8B506461A
:104240000F4603F00BFA044690B93946304607F0A2
:1042500097FB0546F0B93946304605F051FF164B3D
:104260001B6823B153F80C4904B10C3CB3B9F8BD39
:1042700083781321012B4FF0000312BF1D46D0F8A5
:10428000A050C0F8A0302AF0B9FC204602F05CFD36
:10429000002DDAD028462BF0B1FEDCE79B6813B185
:1042A0003946304698472CB1E26802B10C3A2346B1
:1042B0001446DBE72246FAE72C6E022038B5C568C3
:1042C0002B7893B9B5F801400F21204602F064FE27
:1042D000EB78054650B90A4A118831B96FEA0450A3
:1042E0006FEA10501080074A137038BD0373012124
:1042F00002F076FD2846BDE8384002F025BD00BF3B
:1043000028B902205FBA022070B5C3681D78BDB914
:10431000B3F801600F21304602F03EFE044638B982
:1043200001213346BDE87040064A07482AF0BCB96F
:10433000294602F055FD2046BDE8704002F004BD5C
:1043400070BD00BF390305001882040010B50121BB
:104350000C3029F056FE03780121BDE81040024AD6
:1043600002482AF0A1B900BF5F03050018820400CB
:10437000014610B5084829F0A8FD084908482FF063
:104380006FF9031E06DABDE810400121054A064810
:104390002AF08AB910BD00BF3C020020840700202B
:1043A000383E022081030500188204002DE9F14FF8
:1043B000C56801212E88304602F0EEFD044640B962
:1043C00001213346284A294801B0BDE8F04F2AF0C0
:1043D0006BB9B5F80280EE881FFA88F3AF88A3F1B5
:1043E0001B022D89E02A1FFA86FA1FFA87F91FFAA5
:1043F00085FB04D902211E4A1C482AF055F9AAF16E
:104400001B03E02B05D9022153461A4A17482AF00C
:104410004BF944F24812A9F5A4739BB2934205D913
:1044200002214B46144A11482AF03EF944F2481240
:10443000ABF5A4739BB2934205D902215B460F4AA8
:104440000A482AF031F92046A4F8A680A4F8A870FA
:10445000A4F8AA60A4F8AC5002F0E6FF204601B030
:10446000BDE8F04F02F070BC9E0305001882040006
:10447000C2030500EB030500140405003B0405001E
:1044800073B5C5680121B5F80160304602F084FDBE
:10449000044640B9012133462D4A2E4802B0BDE8FA
:1044A00070402AF001B92B781A2B19D1C378012B4F
:1044B0004AD14FF4804104302AF0EBF843040FD482
:1044C000D4F88C3069460093D4F894302046019398
:1044D00003F000FC204602B0BDE8704002F034BC9E
:1044E0002B788BBB40F2E242B5F803301A495343B4
:1044F000C4F88830B5F80520A4F89020B5F8072056
:10450000A4F89220A3F5EA520C3A8A4204D9022177
:10451000124A10482AF0C8F8B4F89030B3F5FA7F80
:1045200004D302210E4A0B482AF0BEF840F6764129
:10453000B4F89230A3F10A0292B28A4204D902215D
:10454000084A04482AF0B0F8204602F021FFC1E7EB
:104550009E0305001882040095F03C0062040500EB
:1045600089040500B004050010B5002486B003AB33
:1045700000934FF480624FF0FF3305490548CDE9C1
:10458000034405941EF0C6FA204606B010BD00BFD5
:1045900090D60220903D022010B5084C014606221C
:1045A00094F86F0003F0ACF838B994F86F00052266
:1045B000BDE81040024903F0A3B810BDF000002090
:1045C000773105000121024A02482AF060B800BF95
:1045D000DC040500188204000B46B0B50D8A00AF5C
:1045E00004462946D868FFF74BFB8AB06A46094B58
:1045F000CDE90750CDE9053440F20243ADF824304F
:10460000054B4FF43251054842F8103F2AF053F859
:10461000BD46B0BDF6040500050000011882040087
:1046200070B5C5680121B5F80160304602F0B4FCF0
:10463000044638B901213346BDE870400B4A0C48A6
:104640002AF032B82B783BB9D5F80330C0F898304F
:10465000D5F80730C0F89C30201D4FF480312AF087
:1046600018F82046BDE8704002F06EBB9E030500BE
:1046700018820400054BD3E8AF2F02F00B02D3E8F9
:10468000EF1FC3E8E02F0028F9D17047C4010020D4
:10469000B0B53C28044600AF1AD101F0ABFD6FF471
:1046A000807110302AF00AF80020FFF775FF0546E8
:1046B00030B90121114A124829F0E9FFBD46B0BDC9
:1046C0000473002102F08CFB284602F03DFBF5E765
:1046D0006D468AB06A460B4B4FF41251CDE9053056
:1046E000094B0748079340F20133ADF82030074BE0
:1046F00042F8103F29F0DFFFAD46DFE7180505005F
:10470000188204003905050070CA04000400000185
:104710002DE9F84FD0F80C90018A99F8004000AFCD
:10472000A30001338B425FD96D468AB06A46CDE95A
:10473000073105232E484FF42151CDE905042D48BA
:1047400042F8103F29F0B7FFAD46BD46BDE8F88FEF
:1047500001212B46284A274829F0A6FF013699F85F
:1047600000309E42F1DA09EB8603B3F801500F21C5
:104770002846B3F8038002F00FFC04460028E7D077
:1047800000F1C80AB8F1000F06D0656945B90121EA
:104790001A4A184829F07BFF204602F0D5FADDE7D7
:1047A000A2692B6895422046636108BFA36102F0AD
:1047B000F1F91DF0B7FFC5F800B0236A8BB9C4E961
:1047C0000755DAE8EF3F013BCAE8E23F002AF8D19B
:1047D0000021204608F1FF3802F0E8F91FFA88F8B6
:1047E000D0E71D602562ECE70026B346B7E700BFBF
:1047F0005505050018820400800505009C0505008C
:1048000037B50446084602EBC3039A4202D16FF063
:104810005E0010E0114611F8085BA54211D1038A31
:104820005178994209D908480121084A009428F092
:1048300075FF6FF0150003B030BD53689847002036
:10484000F9E70A46E1E700BF18820400B305050056
:104850002DE9F0470C461EF031FCE5682B78022B61
:1048600075D0042B0AD001213D4A3E4829F01CFF97
:104870002046FEF711FA6FF015040EE0B4F8108030
:10488000B8F1020F0ED84346374A3648012129F0C5
:104890000BFF2046FEF700FA00241EF023FC204602
:1048A000BDE8F08768783E280CD1B8F1030F02D13B
:1048B0002E4A4346E9E7EB78012B01D00A2B46D17B
:1048C000032704E029F0D1FE0746F8073FD504F19D
:1048D0000C0601213046D4F814A029F08AFB0221ED
:1048E000304629F08EFB814600783E2807D1E368E8
:1048F0001B78012B01D00A2B06D1032614E029F0E6
:10490000B4FEC10706460FD441F26813184A19498C
:10491000194828F027FA002383F31188BFF36F8F1B
:104920000323184602DF0226144A0623214699F87B
:10493000000029F0F7FEB2070DD56369A5EB0A0563
:1049400013FA85F5E560A4F81080BB07A4D52046CE
:10495000FFF70EFDA0E72046FEF79EF9F5E700BF42
:104960007B06050018820400D5050500F105050049
:1049700011060500450605005E060500A09404002A
:1049800010B5012104460C3029F03BFB2146BDE85F
:1049900010400223014A007829F0C4BED0940400DC
:1049A00073B53E4829F0A6FA0446002873D000F1FA
:1049B0000C05284629F02DFB0228034603D00428C5
:1049C00047D0374A03E0238A032B05D8354A012113
:1049D000354829F069FE13E00421284629F011FB2F
:1049E000FF23428806882376238AC6F30B009A4267
:1049F000608309D0012100922B482C4A28F08EFEBA
:104A00002046FEF749F912E00F2102F0C5FA0546EB
:104A100010B9638B264ADAE702F0E4FA21462076E1
:104A2000320B284602F014F9284602F08DF9214B8A
:104A3000D3F84C317BB3204920482EF011FE031EE1
:104A400029DA01211E4A184802B0BDE8704029F059
:104A50002BBE2846022129F0D4FA054600783E28CC
:104A600012D029F002FE10F002060DD140F69A4352
:104A7000144A1549154828F075F986F31188BFF3D3
:104A80006F8F0323184602DF06232146104A287839
:104A900029F048FEB4E702B070BD00BF3C02002020
:104AA000240705008F06050018820400B0060500E3
:104AB000D4060500F000002084070020383E0220C4
:104AC0008103050011060500F60605005E060500D7
:104AD000E094040010B5012104460C3029F091FA4D
:104AE0002146BDE810400823014A007829F01ABE8B
:104AF00010950400F8B50121044600AF0C3029F0F0
:104B000080FA0678002321463046104AFFF778FEE7
:104B10005F3019D1258AE0682946FFF7B1F86C4665
:104B20008AB06A460A4BCDE90750CDE9053640F216
:104B30000243ADF82430074B4FF43251064842F897
:104B4000103F29F0B8FDA546BD46F8BD50950400BC
:104B50003807050005000001188204002DE9F74F11
:104B60000023804689461746DFF800A1DAE8EF4FB8
:104B7000CAE8E23F002AF9D1264644B9012143465A
:104B80003B4A3C4803B0BDE8F04F29F08DBD2046BC
:104B9000FDF7DEFF4FF00C0B374D0BFB0050438849
:104BA00043451BD02046FDF7D3FF0BFB0050438845
:104BB00001210093314A43462E4828F0AFFDDAE840
:104BC000EF3FCAE8E26F002AF9D1002B4BD01E4616
:104BD000304603B0BDE8F04FFEF75EB8A74208D0FC
:104BE000204629F069F93A8AF96804F10C0029F0A5
:104BF000DEF92046FDF7ACFF0C2707FB00504368A9
:104C0000ABB1B9F1000F12D12046FDF7A1FF012190
:104C100007FB00504268536803F01F008140106892
:104C20005B0900EB8300137ACBB129F032FD2046FB
:104C3000FDF78EFF0C2707FB00508368002BC7D0C1
:104C40002046FDF785FF784305F800902046FDF7E4
:104C50007FFF07FB0055A8681DF064FDB8E7C94356
:104C600029F02CFDE3E703B0BDE8F08F3802002007
:104C70006A07050018820400C46D0220920705002F
:104C800010B5C1E900239DF808300C460B72FDF702
:104C90005FFF0C22024B02FB00335C6010BD00BFC3
:104CA000C46D0220F8B502460B46104829F009F9F8
:104CB0000446C0B104210C3029F068F92046FDF704
:104CC00047FF0C2700260A4D07FB00504680204670
:104CD000FDF73EFF07FB005086602046FDF738FFDA
:104CE00007FB00556E602046F8BD00BF040F002092
:104CF000C46D02200138C0B202289ABF014B185C73
:104D000000207047FC31050070B5C5680121B5F879
:104D10000160304602F040F9044638B901213346BB
:104D2000BDE870400A4A0B4829F0BEBCE878FFF79E
:104D3000E1FF84F8A4002879FFF7DCFF84F8A500E0
:104D4000204602F097FB2046BDE8704001F0FCBF12
:104D50009E0305001882040037B50C468DF8070045
:104D600000F0FF05A0B929B1072220460A4931F019
:104D7000E0FF40B9002009490DF1070206F046FDA9
:104D8000002003B030BD21462846FFF757FAF7E769
:104D90006FF01500F5E700BF7E310500ADE60300BA
:104DA00029289ABF014B185C09207047D2310500B1
:104DB00070B5C3680F21B3F801601D78304602F06A
:104DC000EBF8044638B901213346BDE87040184A73
:104DD000184829F069BC65B12846FFF7E1FF29466C
:104DE0000246204602F0D8FB2046BDE8704001F0A4
:104DF000ABBF8378012B07D106F0BAFB204629F020
:104E00001CFC002808BF05252846FFF7C9FF2946D6
:104E10000246204602F0C0FB002DE5D00121064AE3
:104E2000044829F034FC0521204629F0E7FEDBE7A1
:104E30003903050018820400C50705002DE9F0417B
:104E4000C6680F21B6F801703578384602F0A4F82C
:104E5000044638B901213B46BDE8F0411E4A1F48CF
:104E600029F022BC65B12846FFF79AFF2946024681
:104E7000204602F091FB2046BDE8F04101F064BFFE
:104E8000F278C37A934205D10221154A134829F0DA
:104E90000BFCF0E78378C272012B08D10AB106F04F
:104EA00067FB204629F0C9FB002808BF05252846D6
:104EB000FFF776FF29460246204602F06DFB002DE3
:104EC000D9D00121074A054829F0E1FB05212046F8
:104ED00029F094FECFE700BF3903050018820400D3
:104EE000EB070500C507050010B5044692B0442243
:104EF000064901A831F0E8FE102C9DBF12AB03EB70
:104F0000840454F8440C024812B010BD808404009C
:104F100076E10400034B0146D3F870018268926881
:104F2000104700BFF00000202DE9F047042100AF3A
:104F3000464829F0AEFB6D4688B06A46444B4FF4B4
:104F4000E6510593434B444806934FF40073ADF884
:104F50001C30424B424C42F8103F29F0ACFBAD46AE
:104F6000E179404B404E2046012998BF1E46FEF78E
:104F7000A9FE8AB06A463D4B0790CDE905363C4B09
:104F80004FF4235108933B4B334842F8103F29F02C
:104F900092FBA246AD460125374EDFF8E080E3796B
:104FA0000AF1070A9D423ADB94F870506E46284693
:104FB000FFF79AFF8CB06A46B4F87210B4F87630F6
:104FC000CDE907514FF40075DFF8B4C009932D4BBC
:104FD000CDE905C0ADF828504FF4535142F8103FC9
:104FE0001D4829F068FBB54694F871603046FFF71C
:104FF0007BFF8AB06A46B4F874302349CDE9076371
:10500000224BCDE90510ADF824504FF4335112482E
:1050100042F8103F29F04FFBBD46BDE8F0875046EF
:10502000FEF750FEE9468AB06A4640F20133CDE908
:1050300005650790ADF820304FF41351064842F84B
:10504000108F29F038FB0135CD46A8E7C4010020B8
:105050001E08050030080500188204000300000146
:10506000F000002070CA04001A0805003B08050083
:1050700000020103040000024A08050004000001C8
:105080005B08050006000001990805000500000105
:1050900008B50848C37933B90321074A074829F0FE
:1050A000F6FA002008BD0821D43029F0F2FAFFF703
:1050B0003BFFF6E7F0000020C0080500188204005E
:1050C00038B50546ECF780FA1D2804461BD829465A
:1050D0000E48ECF767FAA0B1224629460B4831F09A
:1050E000F3FD00220A482146031900F5BA7083F83F
:1050F0007421FEF781FF20B10221064A064829F0FB
:10510000C6FA002038BD6FF00B00FBE764020020F8
:10511000F0000020ED0805001882040000487047E8
:1051200064020020014902482EF09ABA7407002058
:10513000903D022070B505460C4639B1CB684A69EE
:105140009B1A032B0ED86FF0150509E04FF0FF30C6
:105150004FF0FF31FFF7A6FD044618B96FF0680560
:10516000284670BD2046FDF7F3FC0C22164BA6180E
:1051700002FB0033032130465D8028F029FF0580C3
:10518000238A0121033B8370304628F029FF40F633
:1051900035439D420FD12046FFF7BCFE054600284F
:1051A000DED001210346094A094829F07DFA20464C
:1051B000FDF772FDD4E7214606482EF073F900256D
:1051C000FFF7B0FFCCE700BFC46D02200209050065
:1051D00018820400440200202DE9F04786B0804682
:1051E00091460C4600AF71B94FF0FF304FF0FF31E0
:1051F000FFF758FD044660B96FF068052846183778
:10520000BD46BDE8F087887AFDF79AFC3B4B8342A8
:105210006ED10122002138462EF06BF92046FDF7B1
:1052200097FC0C23DFF8D8A003FB00A08760204682
:1052300028F076FE01464046FFF77CFF054618B190
:105240002046FDF729FDD9E7002338462D4A1DF0F9
:10525000A3FA064690B14FF4F1732B4A2B492C4820
:1052600027F080FD324641462A4827F07BFD85F332
:105270001188BFF36F8F0323184602DF2046FDF726
:1052800067FC0C2358431AF800605EB36D468AB081
:105290006A46214B0796CDE90538204B4FF4325131
:1052A000089340F20243ADF824301D4B1D4842F8EC
:1052B000103F29F000FA2046AD46093EFDF7ECFC10
:1052C000092E0CD8DFE806F0050B0B08170B0B0BAB
:1052D0000B146FF06E0591E76FF00C058EE76FF021
:1052E00004058BE7B9F1000FAAD0C9F8004085E7A3
:1052F0006FF0150582E76FF00B057FE7040F0020C4
:10530000C46D0220B4C40400110605002409050080
:105310005E0605002D0905007209050070CA04002B
:1053200005000001188204002DE9F04F85B0002629
:105330000546624BB0F80190198849F470429142D9
:1053400004BF1E805E4B00AF08BF1E7800F0E6FC75
:10535000EB7805F1040A012B08BF5A4B504614BFE5
:10536000002493F86F4029F008F907F10808514626
:1053700068B34FF0010B404629F0F4F8D5F811302E
:10538000C7F80130B5F81530A7F80530EB78012BD8
:1053900034D05046FEF796FC6C4688B06A464A4BBD
:1053A0004FF4E251CDE905304FF40073ADF81C30F5
:1053B000464B474842F8103F29F07DF91321A54696
:1053C000484629F0E8F91437BD46BDE8F08F20467D
:1053D00029F042FB0346006895F804B0B8609A884B
:1053E0009B796868A8F8042088F80630BAF8042089
:1053F0009AF806303860BA80BB71C7E74046FFF7BD
:10540000CBF804460028C4D00346B5F8012023F8A1
:10541000702B98F80620B868B8F8041020679A71C5
:1054200040F2E2429980B5F8173053430022C4F8A5
:105430008830B5F81930A4F89030B5F81B30A4F8CE
:105440009230EB782273234A012BC4F8A42002F196
:105450004702C4F8A8204FF4A472E370A4F8AC206B
:105460001AD187F800B0BA88BB793868A4F87B20D5
:1054700084F87D30C4F8770000F0BCFE237A11492F
:10548000C3EBC3035A18CB58C4F87E309388A4F8F2
:105490008230937984F884300721204601F0A0FC03
:1054A00026B101212046267301F09AFC204601F026
:1054B000D5FD204601F048FC85E700BF28B9022051
:1054C0005FBA0220F00000209109050003000001EE
:1054D0001882040001011B0000B5C36889B0187868
:1054E00020B109B05DF804EBFFF7D2B8B3F80120A2
:1054F0008DF80000ADF80120DA788DF80320B3F8BC
:105500000B20ADF81720B3F80D20ADF81920B3F833
:105510000F20ADF81B205A7C8DF81D205868019093
:105520001A899B7AADF808208DF80A30084B684636
:105530001A689B88CDF80B20ADF80F30CDF81120FC
:10554000ADF81530FFF7F0FE09B05DF804FB00BFC1
:105550008B31050010B5EEF747F9034B1B6813B10B
:10556000BDE81040184710BDDC6D022073B52D4D0D
:105570000646D5F870012DF0A3FD48B901212A4A4D
:105580002A4829F084F86FF01204204602B070BD5A
:105590006FF0020105F1D40029F090F8012129F003
:1055A00078F8C3073AD4FEF779FC04460028ECD11A
:1055B0001F4B1E60012205F5987011462DF099FFD2
:1055C00005F5AA702DF02EFF1A482EF074F86FF032
:1055D00007034FF400621849164800941DF09AFA28
:1055E000164914482EF0A1F8D5F8700114498368C3
:1055F0001B689847044630B101210346114A0B4805
:1056000029F052F8C1E726B902B0BDE87040EEF7C4
:10561000EBB805F1C4001DF077FAB6E76FF0770438
:10562000B3E700BFF00000200E0B05001882040055
:10563000DC6D0220383E022090DA0220260B0500A5
:10564000514801002F0B0500F0B5C56801212F88D6
:1056500087B0BCB2204601F09FFC064640B901214C
:105660002346274A274807B0BDE8F04029F01CB878
:1056700002ACD5F80220D5F8063001946989009172
:105680002AF0B3FB48B34FF0FF304FF0FF31FFF784
:1056900009FB054648B901211B4A1A4828F0F7FFC3
:1056A000304601F051FB07B0F0BD12210C3028F05C
:1056B00078FC0346224623F8027B144603CC59604B
:1056C00006A98C421860224603F10803F5D1294649
:1056D00042F21A00FFF72EFDE2E74FF0FF304FF0E5
:1056E000FF31FFF7DFFA04460028D4D002210C3046
:1056F00028F057FC2146078042F21B00EAE700BF72
:105700009E030500188204004B0B050073B5C368A7
:10571000D9789A781E8842EA0122ADF8002059799A
:105720001A79B4B242EA0122ADF80220D9799A7905
:10573000204642EA0122ADF804201A7A5B7A012160
:1057400042EA0323ADF8063001F026FC054658B9BD
:1057500001211D4823461D4A28F0A6FF02212046AC
:1057600029F077F802B070BD694601F0A9FE38B99A
:105770001E21204629F06DF8284601F0E5FAF1E7F0
:105780004FF0FF304FF0FF31FFF78CFA044600284E
:10579000F2D00E210C3028F004FC00230680C0F863
:1057A0000A30BDF8003021464380BDF802308380C6
:1057B000BDF80430C380BDF80630038142F22000FA
:1057C000FFF7B8FCD8E700BF188204009E0305006D
:1057D00038B5042104460C3028F013FC03464088F9
:1057E0005D7818B122461978FFF7B8F935B1044849
:1057F0001CF098FFBDE83840FFF794BC38BD00BFEF
:1058000020020020B0B50446032100AF0C3028F080
:10581000F8FBE2680346117840F63542B0F8010023
:10582000904216D16C468AB06A46104B1048CDE9BA
:105830000531104B4FF41251079340F20133ADF88C
:1058400020300D4B42F8103F28F035FFA546BD46ED
:10585000B0BD1D7810B12246FFF780F9002DF6D0BB
:1058600006481CF05FFFFFF75DFCF0E7620B0500E8
:105870001882040070CA0400040000012002002005
:1058800038B51DF01BFC2F4DD5F85431002B56D0E8
:105890000022002305F598701CF07EFF00284ED1F1
:1058A0000022002305F5AA701CF008FF044668B921
:1058B00040F6AA43244A2549254827F053FA84F3A1
:1058C0001188BFF36F8F0323184602DFD5F84831E4
:1058D0005BB101211F4A204828F0D9FED5F84801C4
:1058E000FDF7DAF90023C5F84831204628F018FB07
:1058F000C5F848012046FFF70DFB0346C8B101215A
:10590000164A154828F0D0FE15481CF00BFF20461B
:10591000FDF71EF90C22134B02FB0033588818B117
:1059200022461F21FFF71AF92046FDF7B5F9FFF7C8
:10593000F9FBFFF7F7FBBDE838401DF0D3BB01F0E2
:105940009DFBF8E7F00000201106050005030500A7
:105950005E0605009A0B0500188204000209050086
:1059600020020020C46D022070B54FF0FF320D46BA
:105970004FF0FF3300210646FEF736FC044660B9BF
:105980001A230A4A0A490B4827F0ECF984F31188D4
:10599000BFF36F8F0323184602DF022104F10C00CE
:1059A00028F0FFFA06704570204670BDC90C05004E
:1059B000050305005E060500F8B506460024094DFE
:1059C000EF79E3B29F4202D86FF0010007E0294669
:1059D000304628F07EFF0735631C08B12046F8BD2D
:1059E0001C46EEE7F000002037B504460D46B9B17D
:1059F0002846164928F06DFF90B929461448C4EB93
:105A0000C404204428F06FFF124828F073FF4307B6
:105A100003D5FEF7FFFA28F048FD002003B030BDA3
:105A2000684628F091FD0028F8D16846FFF7C4FFCA
:105A30000028F5DA064BC4EBC4006946184428F088
:105A400052FF002DE0D001462846DBE77E310500FD
:105A5000F0000020C401002070B51A4E0622314625
:105A6000054631F066F938B34FF0FF304FF0FF31A3
:105A7000FFF718F9044608B3062229460C3028F02F
:105A800096FA2146002242F20500FFF7A5FB0446E4
:105A900048B110F10D0F04D102210B4A0B4828F038
:105AA00020FF204670BD33462A6843F86929AA883A
:105AB000B280012283F868200024F2E76FF06804C6
:105AC000EFE700BF59010020FF0C05002082040011
:105AD000064BD3E8EFCF4CF4806CC3E8E2CF002A4A
:105AE000F7D1037A19430172704700BFC401002047
:105AF000F7B5002104460222084601F001FE0646E1
:105B000048B120460121FFF7E3FF304603B0BDE86E
:105B1000F04001F019B93B4D01463B4800F064FBF1
:105B200095F823317BB1304628F024FF58B102218B
:105B3000364A374828F0D5FE0021364803B0BDE884
:105B4000F04000F051BB95F8232195F822319A429C
:105B500018D10221304A2E4828F0C3FE002242F21A
:105B600029001146FFF738FB10B101212B4AE0E76D
:105B700095F82331013385F82331237A43F0040368
:105B80002372D9E72246671C394612F82E0B28F0FB
:105B9000B4FE064610B1224A01210EE095F82331E9
:105BA000013385F82331237A43F00403237295F8F7
:105BB000A7305B0708D402211A4A154828F091FE45
:105BC000012028F0D7FEB7E73946684628F08BFE5B
:105BD00001234FF0FF304FF0FF318DF80730FFF712
:105BE00061F8044660B1082269460C3028F0DFF9FC
:105BF0003246214642F24E00FFF7EEFA0028DFD08F
:105C0000094AC9E7F000002029EA03000E0D05004B
:105C100020820400A7E90300330D0500640D050090
:105C2000840D0500A40D0500CE0D050000212DE911
:105C3000F04102220446084601F062FD054640B1EB
:105C400020460221FFF744FF2846BDE8F04101F05D
:105C50007BB801462A4800F0C7FA284628F08AFE99
:105C6000284D064688B101210346274A274827F0D8
:105C70004BFD95F8233113B1012028F07BFEBDE8E0
:105C8000F0410021224800F0AFBA95F8233195F891
:105C900022219A420CD2013B85F82331237A024615
:105CA00023F0040302201B49237205F0D1FDE0E735
:105CB0004FF0FF304FF0FF31FEF7F4FF04F1010821
:105CC000074668B107210C3028F06BF9414628F0EF
:105CD0000AFE3246394642F22800FFF77DFA28B123
:105CE00001210D4A094828F0FCFDC2E795F823314F
:105CF000013B85F82331237A23F004032372B8E7AC
:105D000029EA0300F0000020E90D050020820400CC
:105D1000A7E903005FE90300160E0500084BD3E86E
:105D2000EF2F22F48061C3E8E01F0028F7D153056C
:105D300004D500220220034905F08ABD704700BF48
:105D4000C4010020B7EA0300002307B50549CDE9E7
:105D500000036A46022005F07BFD019803B05DF860
:105D600004FB00BFCDE90300034610B470B10A493B
:105D700091F8224191F823210CB1944208D20132CA
:105D800081F823211A7A42F004021A7210BC70477B
:105D900010BCFFF7ADBE00BFF0000020034610B4FA
:105DA00098B10B4C94F8221194F8232129B10131B8
:105DB0008A4203DC10BCFFF739BF12B1013A84F804
:105DC00023211A7A22F004021A7210BC704700BF15
:105DD000F000002070B5044611BB20B3254928F01F
:105DE00078FD00BB2046FFF7E7FD00283BDA23786B
:105DF00053B92148C279002A35D1214628F073FDD4
:105E00000123C371104670BD012B04D1A37903F0A7
:105E1000C003C02B07D00121184A194828F061FDA2
:105E20006FF01500EFE7144DEB79012B1ED005F153
:105E3000D40028F05FFDC30707D4002CF0D0204623
:105E40000C4928F046FD0028EAD1EE792146731C62
:105E50003046EB71FFF7C8FD08B93046D3E7EB7960
:105E6000013BEB71CFE76FF07700CCE76FF00B00F1
:105E7000C9E700BF7E310500F00000203B0E0500A1
:105E8000208204002DE9F341044640B91A4A022158
:105E90001A4828F026FD002002B0BDE8F08100215C
:105EA00041F2090001AAFFF797F9054608B1144A23
:105EB000EDE7019E0622D6F80C80124908F1010791
:105EC000384630F036FF28B1062238460E4930F009
:105ED00030FF18B93046FCF7DFFEDCE7D8F80130B8
:105EE0003046C4F80130BB882570A4F80530FCF7B3
:105EF000D3FE0120D0E700BF690E05002082040018
:105F0000820E05008B3105008531050007B5684616
:105F1000FFF7B8FF044BD87118B169460020FFF7AE
:105F200063FD03B05DF804FBF00000202DE9F041B3
:105F3000304E88B0F179002954D196F8C24014F05F
:105F4000010411D12C4A02212C4828F0CAFC00245B
:105F5000F471162500240127F379E0B283422BD88F
:105F6000002B3FD000203AE06A464FF60940FFF789
:105F700033F908B1224AE6E7DDF800C0DCF80C503E
:105F800095F80180B8F1000F0ED0AB1C02AA1235B3
:105F9000174618685968083303C7AB423A46F7D129
:105FA000186838609B88BB806046FCF775FEB8F1C6
:105FB000000FCDD1134AC6E708AB05FB003353F8F9
:105FC000182C33F8143C6946CDF80120ADF80530A3
:105FD0008DF80070FFF708FD01340028BCD008B030
:105FE000BDE8F0810021084608B0BDE8F041FFF7A8
:105FF000F1BE00BFF0000020A00E050020820400CA
:10600000CC0E0500EC0E05002DE9F0411D460E46B4
:106010001746034648B145B10A0311D54C0708D5C8
:106020000121284A284828F05CFC6FF01500BDE8E3
:10603000F08128F025FD0028F9D101232B70F6E727
:10604000B107047824D021492FB1B20603D591F8C5
:10605000D820500632D5C4EBC40411F80480B8F13E
:10606000010F09D101341846214428F001FD002810
:10607000DDD185F8008002E0B8F1000FF9D02FB132
:10608000B30642BF2B7843F002032B700020CEE70B
:10609000720710D50D49C4EBC4040F5D012F07D161
:1060A0000134214428F0E4FC0028C0D12F70E7E738
:1060B000002FE5D1FAE728F0E3FCBEE76FF085009A
:1060C000B5E700BF150F050020820400F000002096
:1060D0002DE9F74F884601904FF0FF314FF0FF3028
:1060E000FEF7E0FD044600284ED020210C3027F0BA
:1060F00058FF002706460021202230F00BFE3946CB
:10610000D8F8005006F1010BD8F804309F4208D3AC
:10611000317000222146019803B0BDE8F04FFFF72F
:106120005BB86A78881C13181F2B95F800C05FFABB
:1061300080F915D9BCF1090FC9F11F0201D1002A5C
:106140000CDC0121124A134827F0D5FA2046FCF74F
:10615000A3FD6FF0150003B0BDE8F08F4FF0080C01
:106160005FFA82FA0AF1010E0BF801E00131C9B2BF
:106170000BF801C069685844D14430F0A5FD0137DF
:106180005FFA89F10835BFE76FF06800E3E700BF09
:106190003A0F0500A8810400F7B5CDE90001694672
:1061A00042F2080016461D469DF82070FFF790FF4A
:1061B000044648B95FB90B4BD3E8EF1F41F0040127
:1061C000C3E8E21F002AF7D1204603B0F0BD6946BC
:1061D00042F20900CDE90065FFF77AFF0028EAD016
:1061E0000446F1E71801002003460148184700BFA4
:1061F0000801002000487047080100202DE9F04FF9
:10620000D0F810A089B0BAF100040546934618BF33
:106210000124DFF8B89202910393D9E8AF3F5A07FF
:1062200040F18281466873050CD56FF01504002299
:1062300040F20110029B934540F07F81204609B057
:10624000BDE8F08FD0F81080B8F1000F01D0B7078B
:10625000EBD09F4F2878FB798342E6D9C0EBC00092
:1062600007229C49384430F064FD0028DDD0B00797
:1062700006D197F87030082B02D8AB689F2BD4D981
:1062800016F0300F72D0B8F1000FCED0F10670D4F6
:1062900006F46036B6F5603FC7D0284628F007FC04
:1062A00080460028C1D08C4ED6E8AF3FDA0500F119
:1062B0003E81D9E8AF3F5B0501D5FFF72FFD0023F5
:1062C000CDE90533CDF81B30AB686A68ADF8103006
:1062D000EB6812F4004FADF8123014BF0623072309
:1062E000D00348BF03F00503910348BF03F0FB034D
:1062F0008DF81D30D9E8EF3F23F48073C9E8E23F01
:10630000002AF7D12B7822463B7687F86F306968F0
:1063100072480DF11503FFF777FE0446002886D179
:106320006F4BBAF1000F30D02A69116849F8B31CDD
:106330009188998092799A716B689A0727D0BAF1FF
:10634000000F2BD013F0100F0CBF012304238DF886
:1063500014302B691A68CDF816209A88ADF81A20E7
:106360009B798DF81C304FF000081AE0B8F1000F4F
:106370008ED1D5E902239A423FF657AF1F2A7FF606
:1063800054AFB3F5804F83D94FE7524ACDE79B0511
:1063900002D4039B002B3CD0022300E053468DF82F
:1063A00014304FF0FF304FF0FF31FEF77BFC044616
:1063B000002800F0BF800F2204A90C3027F0F7FD61
:1063C0002146002242F20600FEF706FF044600289E
:1063D0007FF42DAFBAF1000F1FD0686810F00300F2
:1063E00027D1074601213D4828F077FB04460028C5
:1063F00045D001213B4A3C4827F07DF9002F3FF46E
:1064000016AF3846002100F0EBFC384600F09CFC4B
:106410000DE703238DF81430A5E75946129B039A24
:106420000298CDF80080FFF7B7FE04460028D4D0CC
:10643000FDE63C7E07222749294887F86F4030F067
:1064400078FC60B92046294901F0DCF8074610B90C
:106450006FF00B04EBE6052100F0C2FCC2E720461A
:106460001F4901F015F900287FF4DFAE387E1C4982
:1064700001F0C8F807460028EAD00621ECE717B17A
:10648000384600F061FC6B689F0731D0D6E8EF3FDB
:1064900043F40073C6E8E23F002AF7D1B8F1000FD9
:1064A0002FD0D6E8EF3F43F48063C6E8E23F002AEE
:1064B000F7D16B6858072DD5D6E8EF3F43F48053EA
:1064C000C6E8E23F002A3FF4B2AEF5E7C40100207F
:1064D000F00000207E310500180100200801002096
:1064E00011010020530F0500A88104007731050039
:1064F000D6E8EF3F23F40073C6E8E23F002ACDD090
:10650000F6E7D6E8EF3F23F48063C6E8E23F002ACF
:10651000CFD0F6E7D6E8EF3F23F48053C6E8E23F5A
:10652000002A3FF484AEF5E76FF00A047FE66FF0CF
:1065300077047CE66FF0680479E61988814204D11B
:10654000596811B10978C90702D40132083372E6DB
:10655000044905482DF0B5F80023044A02481CF010
:1065600077FB6BE6E5650100200100201C4E0E0064
:1065700010B5184828F0D9FA174CD4E8AF3FDA051F
:10658000C3F3002024D5D4E8AF3F9B0517D51349AA
:106590000722E01F30F0CDFB0346A4F1280114F8D8
:1065A000100C93B905220E4901F0AAF8044630B147
:1065B0000021017300F014FC204600F0C5FBBDE88B
:1065C00010400021034828F088BA06222131EBE769
:1065D00010BD00BF08010020180100207E31050019
:1065E0007731050010B5FFF7C3FF034630B1BDE8B2
:1065F00010400221024A034827F086B810BD00BFB0
:106600006E0F0500A881040070B59AB01422002115
:1066100004A830F07FFB47F21213ADF80C304FF4B2
:10662000807344F20102ADF80E30364B01A903A885
:10663000CDE905231EF078FC034618B3324A012148
:10664000324827F061F81F25314BD3E8EF1F21F0C6
:106650000101C3E8E21F002AF7D12E4E1CF02EFDE7
:10666000346804B1043C002D2B4D18BF0025002CCC
:1066700041D023680BB1284698476468002C3AD073
:10668000043CF6E702AB4122019809A92FF068FA11
:10669000034608B1214AD2E7214A0DF125030DF145
:1066A000650153F8040B8B4242F8040BF9D102AB9D
:1066B00020221C4901982FF0FBF9034608B11A4A21
:1066C000BDE701982FF0ACF9054610B1174A034613
:1066D000B5E71349104828F02BFA1548203128F067
:1066E00027FA144BD3E8EF1F41F01001C3E8E21F73
:1066F000002AA9D0F6E70023C6E900331CF0F2FC1B
:106700001AB070BD00000209940F05000882040051
:10671000E06D0220E86D0220C0BA0220B20F050031
:1067200080BA022060BA0220D50F0500F90F0500DB
:10673000E0BA0220C401002030B5A7B01422002125
:1067400008A830F0E7FA04233D22002116A815938B
:1067500030F0E0FA47F21213ADF81C304FF48073BA
:1067600044F20102ADF81E30284B2949CDE9092336
:1067700007A805AB20222FF01DFA0346E0B1254AF9
:106780000121254826F0C0FF6FF004041CF096FCA0
:10679000224B1D6865B100201860214BD3E8EF1F24
:1067A00021F00201C3E8E21F002AF7D144B3A84751
:1067B0001CF098FC27B030BD1A4B0DF1550219465C
:1067C00003F1400053F8044B834242F8044BF9D1E3
:1067D00006AB029320230D48CDE9001315AA4123EF
:1067E00005992FF0E9FA034608B10F4AC8E7059862
:1067F0002FF016F904460028C8D00C4A0346BFE71C
:106800000DA8084928F094F90DA8D0E70000020966
:1068100060BA02201910050008820400E46D02200D
:10682000E06D022080BA02204F1005006B100500B9
:10683000402208B5034930F07CFAB0FA80F04009F4
:1068400008BD00BFFF31050010B598B00446142202
:10685000002102A830F05EFA44F21213ADF80430C1
:106860004FF480734FF48042ADF80630144B21464C
:10687000CDE9032304230DF11D008DF81C3028F011
:1068800057F904F120010DF13D0028F051F96B4654
:10689000412207A901A82FF08DF9044601A82FF085
:1068A000B1FB2CB900982FF0BBF8012018B010BD37
:1068B000044823460121044A26F026FF0020F5E77C
:1068C00000000209088204008810050010B50028A5
:1068D00034D01D4A136823B1043B984231D05B6821
:1068E000F9E71A4BD3E8AF1F890707D518480221EB
:1068F000184A26F000FF6FF00F0010BD1468011D4C
:1069000044605068116000B95160D3E8EF2F42F045
:106910000101C3E8E01F0028F7D1D30701D500200B
:10692000EBE70D4BD3E8EF1F21F01001C3E8E21FA6
:10693000002AF7D10948FDF7EDFBF0E76FF01500ED
:10694000DBE76FF07700D8E7E86D0220E06D02200A
:1069500008820400AC100500C4010020A407002038
:10696000044BD3E8AF3F13F0100F034808BF0020DB
:10697000704700BFC4010020C0BA022070B50546B0
:10698000194803688B4228D0184BD3E8AF3FDA068A
:1069900026D5036813B16FF00F0070BD144AD2E81A
:1069A000AF3FDB07F7D4D2E8EF3F43F00204C2E881
:1069B000E64F002EF7D113F00204ECD10160294616
:1069C0000C4828F0B5F80C4805F1200128F0B0F883
:1069D0000A48FDF79FFB2046DFE76FF07700DCE712
:1069E0006FF07C00D9E700BFE46D0220C4010020F5
:1069F000E06D022080BA0220A0BA02209407002095
:106A000070B505460B4B1C6844B154F8243C243C3B
:106A100013B12846297B9847646AF5E7064C074E70
:106A2000B44200D370BD236813B12846297B984730
:106A30002834F5E7246E02203081040080810400B0
:106A400010B50446FCF784F8044901EB0011204618
:106A500027F0D4FDBDE81040FEF764BBF06D0220C6
:106A6000002270B50446D1E901560748C1E9012268
:106A70002CF018FD3DB1314620462B46BDE8704054
:106A80006FF06D02184770BD280E002070B50546E6
:106A9000002200230E481BF07FFEB8B90D4B1C6886
:106AA00034B154F81C3C243C03B19847646AF7E7BE
:106AB000094C0A4EB44204D32846BDE870401CF08D
:106AC00023B8A36803B198472834F3E770BD00BF2B
:106AD000100E0020246E022030810400808104000A
:106AE0002DE9F041044620270025EFF3118287F3BA
:106AF0001288BFF36F8FE16929B1206A0B68814268
:106B0000E36108BF236282F31188BFF36F8F71B115
:106B1000D1E901680748C1E901552CF0C3FC1EB159
:106B2000002241462046B047FEF7FCFADDE7BDE80B
:106B3000F08100BF280E002070B50446031DD3E885
:106B4000EF2F42F48061C3E8E51F002DF7D1520515
:106B500018D4D3E8AF3FDB0308D5E37893B9BDE899
:106B600070400221084A094826F0CEBD27F037FEC2
:106B7000034620B10121064A044826F0C5FD637B87
:106B8000072BEAD070BD00BFFB100500C0810400D8
:106B9000DA1005000448B0F8043100F58470002BC9
:106BA00008BF0020704700BFF000002030B5044649
:106BB000FBF7E2FC0D460D4A0D498BB00858D2F8A0
:106BC0008810884205D120460BB0BDE83040FFF761
:106BD00087BF2434214610462CF042FD1DB1694682
:106BE00020462CF04DFD0BB030BD00BF804A022086
:106BF0000800000038B5002204468A4202D1002471
:106C0000204638BD012004F1D003D3E8EF5F002D0A
:106C100004D1C3E8EC0FBCF1000FF6D102D0D83498
:106C20000244EAE7002CEAD0D0220021204630F0CE
:106C300071F804F1400004492CF043FD034904F1CC
:106C400024002CF0E2FCDBE7AD7701007BEB0300D6
:106C5000F7B516460D4601210446FFF7A7FF012EA2
:106C600023D0022E52D123693BB131480121314A50
:106C700026F041FD204627F0A4FF256121690B8AFB
:106C8000012B53D9CA681288043292B293424DD371
:106C900043D9012100922648274A26F03FFD20468D
:106CA00003B0BDE8F04027F08CBF206940B9234A0B
:106CB00031461F4826F01FFD204627F082FF01E0E5
:106CC0002A8A2AB9284603B0BDE8F040FBF7E4BFA2
:106CD000018A438A47695B1AC168C91B5B1A9A42D9
:106CE0000CD9174A3146124826F005FD00222046ED
:106CF000216900F0C3FF00232361E3E7E9680C305A
:106D000027F055F92846FBF7C7FFB7E701213346BF
:106D10000C4A074826F0F8FCCEE700230122204663
:106D2000236103B0BDE8F04000F0A8BF03B0F0BDA0
:106D3000C0810400141105009411050031110500F3
:106D40004F1105007611050008B500F1D003D3E816
:106D5000EF2F013AC3E8E12F0029F8D1AAB90B4B74
:106D6000984212D303F1D80290420ED2C01AD8230F
:106D7000B0FBF3F203FB120038B905481BF0D2FC5C
:106D8000BDE8084003481BF0BFBE08BDE03E02203E
:106D9000100E0020C407002010B5044627F01AFF8B
:106DA0001CF08CF90C4B04F1C401D3F8243143B925
:106DB0000A4827F0C7FE1CF095F9BDE81040FEF721
:106DC000B1B9994201D01B68F1E71CF08BF920465C
:106DD000FFF7BAFFF1E700BFF00000201402002027
:106DE000F8B5467B04468E420D4600AF1CD1082EF6
:106DF00098BF4F4B6C4688B094BF53F826304D4B2C
:106E00006A464D49CDE905134FF40073ADF81C30C7
:106E10004A4B42F8103F00234FF4E4514848F9F739
:106E20002DFFA546BD46F8BD41730EB927F0D2FE31
:106E3000637B082B79D801A252F823F07B6E010006
:106E4000D16E0100256E0100256E0100256E010046
:106E5000256E0100256E0100616E0100256E0100A6
:106E60000023C4E90D33E378012BDBD10023354A3D
:106E700004F140001BF0B8FED4E7082ED2D8DFE8BA
:106E800006F02005171C1C1C1720200004F14005EB
:106E900028462CF024FC01212046FFF787FE2046DF
:106EA00027F08FFE0022002328461BF0D1FEB9E711
:106EB000237B13B12046FFF7A3FD2046FFF744FFD5
:106EC000B0E72B46204A02211D4826F01DFCA9E709
:106ED000237B3E2B0FD16D4688B06A461B4BCDE914
:106EE0000534032342F8103F00234FF4C4511448E3
:106EF000F9F7C4FEAD46164D05F58476616911B902
:106F0000FEF710F98EE7A2690B68914208BFA361F2
:106F100020466361FFF7A4FDB5F80431002B14BFD0
:106F2000304600201BF0FEFBE8E70A4A2B46CAE782
:106F300064950400AF110500B911050003000001BC
:106F4000C08104005A620200CA110500E111050067
:106F5000F000002008120500F8B5074609480D4664
:106F6000164627F037FE044650B183781F4203D1FE
:106F7000BDE8F840FFF7E8BE3146A8472046F7E7EE
:106F8000F8BD00BFE03E0220002201200149FFF7CA
:106F9000E3BF00BFB7EB030070B505460E480E46D1
:106FA00027F018FE0446A0B1437B012B02D0073B1B
:106FB000012B0CD82388AB4208D1A3781E4209D1FB
:106FC00002212B46054A064826F09EFB2046FFF785
:106FD000BBFE0024204670BDE03E022024120500C6
:106FE000C0810400034BC01A034BC0105843C0B209
:106FF000704700BFE03E022013DA4B6870B51C46B4
:10700000144305460E460DD0FBF7B6FA0E49D1F8EB
:1070100088400E4909588C4206D102210C4A0D487D
:1070200026F069FB002213460B49002D14BF2846A9
:10703000084626F046FF044618B1711D0C3026F0B4
:10704000A5FF204670BD00BF804A02200800000056
:107050003B120500C0810400440E002010B5044618
:1070600005481BF051FD204600F056FD2046BDE8C6
:107070001040FFF7C5BC00BFB40700202DE9F04F5A
:10708000002387B000AFFB607B61B94B1A8C3AB12B
:10709000B84DD5F824413CB91C37BD46BDE8F08F4A
:1070A0001B68002BF4D1F7E754F8C43903B1C43B93
:1070B0000026B14901E01C461346B5F80421002A18
:1070C00000F05481D5F810214AB904F1C406002B10
:1070D000E2D0D3F8C420002AEDD0C43AEBE70A6826
:1070E000002AF2D0D4F8B020002AEED0D4F8B42090
:1070F000002AEAD0D4F8B820002AE6D0637B072B18
:107100006AD120469047002866D004F1C803D3E82E
:10711000AF3F022B60DC204627F05CFD04460028D0
:10712000BAD0637B072B40F01E812046D4F8B030E4
:10713000B5F8041107F1100298478146002800F0C5
:107140000581B5F804213B699A4208D30146D4F879
:10715000B460204607F1140307F10C02B0477B69C5
:10716000D7F80C803B60B9F81030002B00F0F580A8
:107170004846D7F810A027F057FA7860002840F06A
:10718000EF80B5F80431DFF8F4B1002B14BF584696
:107190000020002200231BF0FFFA78B90022002310
:1071A00075481BF08BFA064600283BD1B5F8043130
:1071B000002B18BF5E4630461BF0B4FA6FF00B058B
:1071C0004846FBF769FDB8F1000F00F0AA802A4697
:1071D00020463968C047A4E0D4F8C43004F1C402A2
:1071E000C6B9D5F82811C5F824318A4201D1C5F8AD
:1071F000283100232046C4F8C430D4F8B83098476A
:1072000000288ED0637B072B40F0AD802046FFF72F
:10721000C3FD86E73360D5F828319A4208BFC5F828
:107220002861E6E73B68C0F804808360B5F804B1E4
:107230000022DA454FF000034FF000014C4898BFA0
:107240001FFA8AFBFBF7A8FC804650B1FBF780FCD5
:107250004B4B5A4603EB00134946404627F0A9F929
:107260008046B5F8043194F8CC909A4584BF012348
:107270007B607B689CBF09F102095FFA89F984F899
:10728000CC3004F1C80ADAE8EF3F0133CAE8E23F44
:10729000002AF8D104F1140B3146584627F052FC6D
:1072A000A378012B56D108F10C03042118467B600A
:1072B00026F08EFE228809F0FD0942EA093202809A
:1072C000B8F810207B68043A42800221184626F064
:1072D00087FE4046FDF71EFE8146002843D0DAE8CF
:1072E000EF3F013BCAE8E23F002AF8D13146584659
:1072F00027F046FC234A4B460121234826F004FA96
:107300004046FBF7C9FC20463146FFF7A9FBB5F81C
:1073100004311A48002B08BF00201BF003FA6FF05D
:1073200004056E4688B0194A0423CDE905256A464E
:10733000079442F8103F4FF4015113480023F9F726
:107340009DFC1321B546204627F058FC2046FFF748
:10735000FBFCA1E66FF01509C1E76FF079052FE797
:107360006FF004052CE7FDF7DDFEEFE79368FFDE25
:10737000D40E0020F0000020280E0020F80100208C
:10738000F06D022002090500C081040064120500AE
:1073900040F2E2432DE9F041D0F888600446B6FBA4
:1073A000F3F6031DB6B2D3E8AF2F920413D5B0F8AD
:1073B0008C20B2420FD8B0F88E20B2420BD3D0E965
:1073C0002412914207D1D3E8EF1F21F40051C3E802
:1073D000E21F002AF7D1114B1D6865B155F8147CE6
:1073E000243D37B131462046B4F89230B4F89020AD
:1073F000B8476D6AF1E70A4DDFF82880454501D3AB
:10740000BDE8F0812F6937B131462046B4F892309B
:10741000B4F89020B8472835F0E700BF246E02206A
:107420003081040080810400F8B50F4B05461C68CC
:107430005CB1243C00F1A606236A13B1314628460C
:107440009847646A0CB1243CF6E7084C084E05F1F5
:10745000A607B44200D3F8BD236A13B139462846C3
:1074600098472834F5E700BF246E022030810400DD
:1074700080810400F8B50F4B05461C685CB1243CC4
:1074800000F1A406E36913B1314628469847646ABF
:107490000CB1243CF6E7084C084E05F1A407B442B1
:1074A00000D3F8BDE36913B139462846984728341C
:1074B000F5E700BF246E02203081040080810400C3
:1074C0002DE9F041074608460D4627F039F90646F2
:1074D00018B900263046BDE8F081144B1C6884B111
:1074E00054F8183C243C0BB9646AF8E7294638463E
:1074F00098470028EDD0284627F022F90028F3D13C
:10750000E7E70B4CDFF82C804445E3D2E3680BB986
:107510002834F9E72946384698470028D9D0284624
:1075200027F00EF90028F3D1D3E700BF246E022024
:1075300030810400808104002DE9F041C3780446C5
:107540008BB900F17E06114B1D687DB1243D04F11D
:1075500070076B691BB13A463146204698476D6A01
:1075600025B1243DF5E700F17706ECE7084D094F1A
:1075700004F17008BD4201D3BDE8F0816B691BB115
:1075800042463146204698472835F3E7246E0220CC
:107590003081040080810400F8B5437A0446837288
:1075A000164627F0B2FC144B1D684DB155F80C3C43
:1075B000243D1BB132462046617A98476D6AF4E754
:1075C0000E4D0F4FBD420DD3A6B9637A012B11D9D1
:1075D000A378012B0ED1207A04F17001BDE8F840A8
:1075E00004F06CBBAB691BB132462046617A984708
:1075F0002835E7E7F8BD00BF246E02203081040083
:107600008081040038B505460C460F480121FFF77C
:10761000F1FAC0B1057223680367A388A0F874303B
:10762000A37980F876300123437283728370074B0D
:10763000C0F8B030064BC0F8B430064BC0F8B830D4
:10764000054BC0F88C3038BDE03E0220197A0100AD
:1076500065EB030059EB03001800280070B50546E0
:107660000A480E4627F0B6FA044620B18378012B6B
:1076700004D0FFF769FB0024204670BD324629463E
:1076800027F02EFB0028F7D12046F2E7E03E02204B
:10769000B0B500AF0D46FFF7E1FF044610B3284632
:1076A000FCF710FB637B6D46082B98BF0E4A8AB02F
:1076B00094BF52F823300D4B6A46CDE907030C4BBB
:1076C0000C4909930C4BCDE9051442F8103F0023F7
:1076D0004FF442510948F9F7D1FA2046AD46FFF779
:1076E00033FB0120BD46B0BD64950400AF11050019
:1076F000010302048712050005000002C081040096
:10770000F8B505460E480E46174627F063FA0446BC
:1077100020B18378012B03D0FFF716FB00240DE086
:1077200036B13246294627F0DBFA08B92046F3E79E
:10773000637BBB42FAD1237AAB42F7D12046F8BD36
:10774000E03E022038B5044608460D4626F0F8FF14
:1077500038B3154B93F8D830990707D4E37873B151
:1077600029462046BDE8384000F0B4BA94F8983075
:107770009A07F3D5231DD3E8AF3F5B04EED4294627
:10778000204627F0E9FA58B92B88A4F88C306B888A
:10779000A4F88E30AB88A4F89430EB88A4F8963027
:1077A00038BD6FF01500FBE7F0000020F7B510F8CA
:1077B000333C0446A0F140060BBB304627F048FBA3
:1077C000284B1D684DB155F8203C243D1BB1304677
:1077D00014F8341C98476D6AF4E7234D234FBD42DB
:1077E00005D3304603B0BDE8F040FFF7ADBA6B6893
:1077F0001BB1304614F8341C98472835EFE710F8D1
:107800003E3C012B25D1A0F13C05D5E8EF3F23F408
:107810000052C5E8E12F0029F7D19B0411D5E36C94
:1078200069460093636D30460193FFF78BFF034673
:1078300088B9D5E8EF3F23F48053C5E8E23F002A3A
:10784000F7D1D5E8EF3F43F40063C5E8E23F002AF3
:10785000F7D103B0F0BD0221054A064825F054FFD8
:10786000EFE700BF246E0220308104008081040015
:10787000C0120500C08104000C4B10B91860002034
:1078800070471A6872B90269002AF7D1026832B9E2
:10789000426822B9826812B94269002AEED06FF0BC
:1078A000150070476FF07700704700BF346E0220FC
:1078B00008B568B1094B00F10C011A6822B90748F4
:1078C00027F040F9104605E0914204D01268F5E730
:1078D0006FF0150008BD6FF07700FBE72C6E0220FB
:1078E00010B50E482BF09EFD0D490C482BF0DAFD2B
:1078F0000C490A482BF0D6FD0B4908482BF0D2FD65
:1079000027F0E6FE02F03EFC044628B903F0DAFE5A
:10791000044608B927F05BFB204610BD280E002066
:10792000006E02200C6E0220186E02200346012118
:10793000014A024825F0E8BE6E13050030820400BB
:1079400080B500AF88B06A46074BCDE90530032308
:1079500042F8103F00234FF4C2510448F9F78EF962
:107960006FF00B00BD4680BD961305003082040009
:1079700008B5064A136823B90548506018460A60DE
:1079800008BDFFF7DDFF6FF00B00F9E7386E02204E
:10799000B095040070B5044652EA030008D0FAF727
:1079A000EBFD074D074ED5F888503058854201D180
:1079B000002213462046BDE870400431FFF71EBB8D
:1079C000804A02200800000038B5054618462B689A
:1079D000DBB15B7B072B18D10B7A012B07D0012180
:1079E0000B4A0C4825F090FE6FF0150038BDCB7A9D
:1079F000072BF9D9C8618A6105F130002BF052FDDF
:107A0000284627F0FCF90020F0E76FF07F00EDE753
:107A1000BD130500308204002DE9F84F88469146D9
:107A2000D0F8BC4000AF44B14C3C236B63B9206834
:107A3000BC3027F003FAE46CF5E7FDF773FB002692
:107A40003046BD46BDE8F88F04F1300A50462BF0B1
:107A50003EFD05460028F0D026F0E6FD80B16C46DC
:107A600088B06A46294BCDE90535032342F8103F1B
:107A700000234FF4C2512648F9F700F9A546DEE786
:107A8000284626F04DFA256D06469DB9A38C058A39
:107A9000403B9BB23F2B03D8238D9D4228BF1D4600
:107AA000042106F10C0026F093FA0580A38C04351E
:107AB0004380256545451FD8B6F810B0AB4506D1C3
:107AC0000022002350461AF0F9FDFBF7E5F8A38CDD
:107AD000A3F140023F2A06D8AB451ABF0022134645
:107AE0000C4AF361B2612068BC3027F0A7F9236B20
:107AF00013B1204627F083F9236D98452CBF002150
:107B0000A3EB0801C9F80030216599E7D5130500FA
:107B10003082040081EF0300F7B504460026234DB0
:107B2000234FBD4201D303B0F0BD2988204627F082
:107B30001EFA6B68019001A920469847002830DBA7
:107B4000019B2A889A829A8403F11002D2E8EF1FDF
:107B5000C2E8E06F0028F9D1DE641E659E60A16B6B
:107B600003F10802F9B9C4E90D221C60DE6003F1DB
:107B700030002BF057FC019843681B6803B198470D
:107B8000019B1033D3E8EF1F41F00101C3E8E21F6E
:107B9000002AF7D101984368DB6913B100F11001A5
:107BA00098470835BDE70A60A263DEE71881040044
:107BB0003081040073B50D460646042105F10C0022
:107BC00026F01FFA2B8A428804469A4207D0009278
:107BD0001C4A01211C4825F0A1FD02B070BD43786C
:107BE0003BB90121194A184802B0BDE8704025F0A0
:107BF00082BD0378012BF0D0132B06D1022AECD0E2
:107C0000022300931346124AE3E70221114A0E4869
:107C100025F07AFD617802220120356827F08DF980
:107C200004460028D9D002210C3026F0BAF90023EE
:107C3000214603704370284602B0BDE8704027F02B
:107C4000ACB900BFED130500308204000E1405002E
:107C50002F1405005A14050008B50B8A032B06D80B
:107C60000121044A044825F046FD002008BDFFF725
:107C7000A1FFFAE7821405003082040038B50B8AB0
:107C80000546032B0C4609D801210F4A0F4825F061
:107C900032FD2046BDE83840FAF7FEBF042104F16A
:107CA0000C0026F0AEF94188284627F087F930B954
:107CB000074A0B460548022125F026FDE9E74368FF
:107CC00021465B699847E4E7A01405003082040070
:107CD000BD14050070B5134A0C46137806460133EF
:107CE00013F0FF010ABF01230B461946137012203F
:107CF000082227F022F9054688B108210C3026F029
:107D000050F922882946028062884280A2888280B7
:107D1000E288C2803046BDE8704027F03EB96FF07F
:107D20000B0070BD00BB022023281FD81A2804D8DE
:107D3000431E182B0ED906207047A0F11B03082BF9
:107D40001ED8DFE803F0051D1B231D19251D0500A6
:107D50000320704701230F4A83401A40C2B90E4ADC
:107D60001A40002A0CBF06200120704700F07F0354
:107D7000522B05D100207047012070470520704725
:107D800010F0400F14BF00200620704704207047F9
:107D900002207047AAAA8A02545545012DE9F74FDF
:107DA000064608460C46FAF7D3FE182343432D4FE8
:107DB0000546FA1891680191E16806F15800D0E88B
:107DC000AF0FC0070AD40121274A284827F022F91B
:107DD0006FF01509484603B0BDE8F08FE068007801
:107DE00010710022FA500B78D22B0FD13368214644
:107DF000186828F067F8814640B101211C4A1B48E9
:107E000027F008F92046FAF747FFE3E7182303FBBA
:107E10000573D4F80C80D4F814B0B4F810A09E60A8
:107E2000002321461A46301DFFF7CEFD814600286B
:107E3000D0D010F1690F04D101210E4A0B4827F070
:107E4000E9F86269A8EB0B0812FA88F2E2601822DE
:107E50005543019B7A19A4F810A0936047F8059048
:107E6000B8E700BF946E0220F9140500B081040049
:107E7000131505002615050008B5EFF31181202321
:107E800083F31288BFF36F8F002303600F4B5A6890
:107E9000C2B9C3E9000081F31188BFF36F8F0C48AA
:107EA0001AF032FE031E0CDA01210A4A0A4825F0B4
:107EB0002BFC002383F31188BFF36F8F0323184635
:107EC00002DF08BD10605860E5E700BF8C6E02203D
:107ED000FC07002049150500B0810400094B011F73
:107EE0009A680948914204BF00229A601A6A914236
:107EF00004BF00221A629A6B914204BF00229A6367
:107F00002BF073B9946E0220700C00200121024AFC
:107F1000024827F07FB800BF72150500B081040049
:107F200010B5044600F15403D3E8EF1F41F00101FE
:107F3000C3E8E21F002AF7D1201F27F03FF904F120
:107F40007C0004492BF0BDFB2068BDE8104002F026
:107F50005FB800BF098F010073B50E46438D418B9A
:107F600001328B4228BF0B469A42054609D90221AD
:107F700000921D481D4A25F0D1FB0024204602B086
:107F800070BD3046FFF7D0FE6FF01403034113F0CD
:107F9000010310D0FAF7F0FA154B1958154BD3F826
:107FA000883099421DD0144B1B685A1A18BF4FF0E5
:107FB000FF32134600E0114A00211148FFF7EAFCA6
:107FC00004460028DAD0FAF7C3FD18220D4B012130
:107FD00002FB003304F10C009D6025F0E2FF067007
:107FE000CCE70022E5E700BFB08104008F15050053
:107FF00008000000804A0220DC6E02201C4E0E00A9
:10800000740E0020946E0220F0B51D4603680E46E3
:108010000039044618BF012187B01868174627F0B9
:10802000BAFD40B904F1580027F030F9002846D0D5
:10803000002007B0F0BD002D43D018220021684673
:108040002EF068FE6FB1002213212046FFF784FF57
:10805000019030B91C4801211C4A26F0DBFF112099
:10806000E7E7236829461B68284600930023ADF8FC
:1080700012300C9B164A0393BDF834308DF808601B
:10808000ADF8103001238DF814306B4627F0DAF884
:108090009DF8143063B1002FCAD00198FAF7FCFDA7
:1080A0002A46314620469DF8143027F0FAF8BFE7FB
:1080B00001990029BCD0204627F016F8B8E7122015
:1080C000B7E70120B5E700BFB0810400B415050093
:1080D00077F003002DE9F3410B8A04460D4643B9BE
:1080E0000121294A294826F095FF002002B0BDE869
:1080F000F0810768012105F10C0025F082FF7B7BF0
:108100000646072BF1D154F8043C002BEDD0002299
:1081100003781F4F043C17F832004FEAC208984218
:1081200007EBC20114D12A8A4878904226D901214E
:10813000009316481346174A25F0F0FA04234744E3
:10814000BA78012AD1D1002BCFD00022317811E0AA
:1081500001320C2ADFD1104A02210C4825F0D4FA52
:1081600031780846FFF7E0FD2122C24012F00102FB
:10817000BBD10623204627F094F8B6E74B6820468B
:10818000294698470346DAE7CD150500B08104007B
:10819000D895040002160500E8150500F8B5124A46
:1081A0000746002311480D4625F08BFE044638B9DA
:1081B00001212B460E4A0F4825F0A6FA2046F8BDAD
:1081C00000F10C060921304625F0E0FE2046FAF7C2
:1081D000BFFC1822084B012102FB003330469F6090
:1081E00025F0DFFE0570E9E71C4E0E00740E00203E
:1081F0006E130500B0810400946E02202DE9F04159
:108200000E8A0446043EF6B2022E08468CB001D017
:10821000102E64D104210C3025F0F3FE0DF1080876
:1082200005884788011D3246404626F06DF9002832
:1082300057D0A5B300268FB3AF4230D34FF42053AD
:10824000404601A98DF80460ADF8063026F02FF9FC
:1082500048BB1422002107A82EF05CFD1121204606
:10826000FFF79CFF0990002837D001210C30CDE9A1
:10827000074825F096FE00230A90394603701A4AF3
:108280000B93284607AB26F0DDFFDDE909131B78C9
:10829000FBB90846FAF700FD0A2301E03D46012339
:1082A0002A4610210EE042F60103404607A98DF848
:1082B0001C60ADF81E3026F0FAF80028C9D0102353
:1082C0002A461946204626F0ECFF00200CB0BDE8F7
:1082D000F081204626F008FFF7E71120F6E704209A
:1082E000F4E70E20F2E700BF418801002DE9FF41CD
:1082F000036804460D461868012127F04CFC40B97C
:1083000004F1580026F0C2FFA0BB122004B0BDE863
:10831000F0811022002168462EF0FCFC212120462D
:10832000FFF73CFF029038B34FF00108009405F1CD
:108330000C072B8A012B04D82046029926F0D4FE84
:1083400018E0384625F06DFE6B4601460B4A06469E
:108350008DF80C8026F076FF9DF80C30002BE8D0CD
:108360000298FAF799FC3246202120469DF80C30FD
:1083700026F097FF0020C9E71120C7E7EFF40300BC
:108380002DE9FF41036804460D461868012127F0D6
:1083900002FC40B904F1580026F078FFA0BB12207F
:1083A00004B0BDE8F0811022002168462EF0B2FC36
:1083B0000F212046FFF7F2FE029038B34FF001087C
:1083C000009405F10C072B8A012B04D82046029952
:1083D00026F08AFE18E0384625F023FE6B4601465B
:1083E0000B4A06468DF80C8026F02CFF9DF80C30C9
:1083F000002BE8D00298FAF74FFC32460E212046B7
:108400009DF80C3026F04DFF0020C9E71120C7E78A
:1084100073F50300F0B51D46036804460E4685B0AB
:1084200001211868174627F0B6FB38B904F1580047
:1084300026F02CFF50BB122005B0F0BD65B3102212
:10844000002168462EF066FC39462046FFF7A6FE5E
:10845000029018B3BDF828302946ADF80430012346
:1084600028468DF80C300E4A6B46009426F0EAFE42
:108470009DF80C3002995BB10846FAF70DFC2A46CC
:10848000314620469DF80C3026F00BFF0020D3E744
:10849000204626F029FEF9E70120CDE71120CBE7A1
:1084A00073F503002DE9F0410E8A0446043EF6B24E
:1084B000022E08468CB001D0102E76D104210C304B
:1084C00025F09FFD0DF1040805884788011D3246FF
:1084D000404626F019F8002869D085B377B3BD422D
:1084E0002DD80121606827F056FB064678BB42F67E
:1084F00002038DF8000069464046ADF8023025F0D1
:10850000D6FF20B342F60303404606A98DF8186053
:10851000ADF81A3025F0CBFFC8B1012D03D14FF6CD
:10852000FF739F4213D004F1580026F0AFFE0028DD
:1085300014BF002012200CB0BDE8F0813D4601239D
:108540002A460821204626F0ACFE0020F3E7182238
:1085500000210DEB02002EF0DDFB09212046FFF784
:108560001DFE0890F8B101210C30CDE9064825F038
:1085700018FD0023099003700A2339468DF82C302A
:10858000284606AB0B4A26F05DFE9DF82C30089974
:108590002BB10846FAF780FB9DF82C30D0E7204637
:1085A00026F0A2FDD1E71120C5E70420C3E70E2085
:1085B000C1E700BFF98801002DE9F0430F460446EA
:1085C000062187B007F10C0025F01BFD0588EDB1F1
:1085D000B0F80280B8F1000F17D0454516D8002337
:1085E00082888DF800308DF804304FF420536846AF
:1085F00001A9D7F80C90ADF80220ADF8063025F0AF
:1086000056FF064660B10A2301E0454601232A468B
:108610000621204626F045FE002007B0BDE8F08385
:108620000146142201A83F7C2EF074FB072120464E
:10863000FFF7B4FD0290D8B10A2341468DF81530FA
:10864000284601AB0B4ACDE9036901948DF81470FB
:1086500026F0F8FD9DF8153002992BB10846FAF77F
:108660001BFB9DF81530D2E7204626F03DFDD3E7F1
:108670001120D2E7E58601007FB5CB6804461D884E
:108680008DB15E8876B1B5420DD8102200216846C2
:108690002EF040FB05212046FFF780FD019058B9E0
:1086A000112007E0354601232A460421204626F002
:1086B000F8FD002004B070BD6B4631462846084ADC
:1086C000009426F0BFFDDDE9011323B90846FAF74F
:1086D000E3FA0A23E8E7204626F006FDE9E700BFB3
:1086E00005F103002DE9F04342F60103002591B0A6
:1086F000D2F8008006460F4600680BA9D8F804900F
:1087000014468DF82C50ADF82E3025F0D0FE002800
:108710006DD04FF4205330680BA98DF82C50ADF874
:108720002E3025F0C4FE38B1A3681BB15A88BA4276
:1087300000D25F80012010E06168084626F052FCFC
:10874000B8F82A20B8F81A309A4294BFC0EB020059
:10875000C0EB0300032803D8002011B0BDE8F0836C
:10876000084625F0E4FB05466168084626F03AFC19
:108770006B8A2A8AA3EB020C6B69EA68D21AACEB0B
:108780000203B8F82AC0B8F81A20944594BFC0EB89
:108790000C00C0EB0200834228BF03466BB9887A05
:1087A000FAF7CEF90022002325F08BFB05460028BE
:1087B000D2D00146606825F0CBFB00230093314600
:1087C000D6F804801023484602AAC047061E0EDBD6
:1087D000227CE068964227D001460BA825F094FE43
:1087E00040B9237C134A0221134824F08DFF002353
:1087F000A3609FE7F2B202A906A825F085FE10B992
:108800000E4A3346EFE706A90BA825F050FE0028D4
:10881000EDD100230421637405F10C0025F0C1FBA8
:10882000A0600780A36884E7324602A92EF081FA8F
:10883000EDE700BF21160500B081040040160500D9
:108840002DE9FF414FF000084FF4205305460E4636
:10885000006802A9144617688DF80880ADF80A3040
:1088600025F025FEA0B142F60103286803A98DF882
:108870000C80ADF80E3025F01AFE48B123691BB10B
:108880005A88B24200D25E80012004B0BDE8F08177
:108890006168286825F00BFE10B100232361F3E71F
:1088A000E368A0681A786AB1B7F81AC0798D038AAC
:1088B0008C4594BFC3EB0C03C3EB0103934201DA75
:1088C0000020E2E704210C3025F06BFB20610680DC
:1088D000236929465E80074B0194009338460023A4
:1088E000A26826F07BFD0028EADB2069003818BF6B
:1088F0000120CAE725F203002DE9F3471768054672
:108900008946006851681446D7F804A025F0CFFDC9
:10891000804600284BD195222946504627F0C9F8B9
:108920000646207540B1E3681B780BB184F81480CB
:10893000002002B0BDE8F0872946504627F02EF906
:1089400010B908232375F3E7A068267525F0EFFA20
:1089500002210C3025F025FB164B2061A0F8009079
:1089600000930194334629463846A26826F036FD26
:10897000002807DA10F1FF0F32BF0E204042C0B2CC
:108980002075D5E72369002BD2D0A06826F02AFBFA
:108990007B8D7A8B9A4294BFC0EB0200C0EB030040
:1089A000E3681B78984294BF00200120C1E70120B2
:1089B000BFE700BFF5EF03002DE9F04182B000AF43
:1089C000044688460022002339463B4819F0B6FC8D
:1089D0000546B0B16D4688B06A46384BCDE90534DE
:1089E000032342F8103F00234FF4C2513448F8F7F4
:1089F00045F9AD466FF00B0630460837BD46BDE879
:108A0000F081F9F7B9FD2F4B29461A582E4B3868DB
:108A10001A6030222EF07EF93B6800221C603C6810
:108A20000023C4E90155C4E90A552848391D7D6071
:108A300019F084FC064688B123686C4688B06A4603
:108A40002349CDE90513032342F8103F4FF4C451E5
:108A50002B461B48F8F712F9A546CBE70146B8228A
:108A600078682EF057F978681A4B836060302AF0E6
:108A7000D9FC7B685833D3E8EF2FC3E8E16F0029B6
:108A8000F9D17B681C60A36A7D681BB904F10C00F6
:108A90002AF0C8FCA26A05F1B003C5F8B020E26A6A
:108AA000A36202B9E36217227B685A855A830433B2
:108AB000C8F80030A0E700BF500C00205F1605008A
:108AC000B081040008000000DC6E0220700C002061
:108AD00084160500D407002008B5437B072B06D079
:108AE00002210C4A0C4826F095FA002008BD04210A
:108AF00026F064FA10B9094A0121F3E700F15403A2
:108B0000D3E8AF3FDB0701D4054AF5E750F8040C82
:108B1000ECE700BFA9160500B0810400B7160500F8
:108B2000F91405002DE9F04F85B000AFB860EFF300
:108B30001188202383F31288BFF36F8F584C20468F
:108B400026F046FA2668054688F31188BFF36F8F32
:108B500000285FD0F9F7FCFF182202FB00F351490F
:108B6000C81851F803A003690021D0E90248FB604E
:108B700090F80490B0F806B02EF0CCF8A87AF9F787
:108B8000DFFF6969034659B16A7AD00706D49A6A49
:108B9000284612687B60926890477B6800226A6171
:108BA000294618462AF089FCB9F1000F0DD064B1AE
:108BB000236853B11B6843B1BAF1000F2ED00121D5
:108BC0005346394A394824F09FFD1EB30020B96846
:108BD0002AF046FD00281DDA6C468AB06A46344BFE
:108BE0000593344BCDE906304FF40073ADF82030D7
:108BF000314B42F8103F00234FF411512B48F8F746
:108C00003DF80023A54683F31188BFF36F8F03233C
:108C1000184602DF1437BD46BDE8F08F201D26F050
:108C2000D8FC4846FFF780F80528CED801A353F8B2
:108C300020F000BF798C01004D8C0100CB8B01002E
:108C4000798C0100CB8B01004D8C010004F158039D
:108C5000D3E8AF3FDA0705D40121184A134826F0BC
:108C6000D9F9B2E7E36D002BAFD00023144A04F129
:108C7000800019F0EDFFA8E754F8583B1D68D4E8D0
:108C8000AF3FDB07E8D5B8F1000F9ED0002403E02A
:108C90002846F968C0470134A3B29B45F8D894E749
:108CA0008C6E0220946E0220D2160500B081040062
:108CB000F11605003F32050004000001F91405001B
:108CC0001C4E0E00F8B50F461646FFF705FFB0B173
:108CD000846A20461CB150F8B04904B1B03C731C02
:108CE000194638B1428B458DAA4228BF2A469A427E
:108CF00007D264B902210A4A0A4824F005FD00207F
:108D0000F8BD32463946BDE8F840FFF725B9D4F83A
:108D1000B05005B1B03D20460B462C46E2E700BFFF
:108D20000C170500B081040007B50B460021024670
:108D3000F9F722FC01910E4909580E480068884253
:108D400004D00D48D0F88800884201D10022134693
:108D500001A90A4819F0F2FA014638B91C22019813
:108D60002DF0D8FF019803B05DF804FB0020FAE76E
:108D700008000000DC6E0220804A0220D00C002097
:108D800010B50446806818B1F9F786FF0023A36088
:108D90002146BDE8104001482AF027BAD00C002037
:108DA0002DE9F743044680300F4690461E462AF0D0
:108DB00096FCE06D50B90221144A154826F02AF9B4
:108DC000204603B0BDE8F04300F086B8114B98424E
:108DD0004FF0000317D045684360E06DD0F818905D
:108DE000FFF7CEFF00232068E36526F023FC3DB1AA
:108DF0002068CDF8009043463A4631460068A847BF
:108E000003B0BDE8F0831D46ECE700BF271705005F
:108E1000B0810400E06E0220F7B550F8044C05461E
:108E2000002C55D000F1AC0104F1280026F015FA11
:108E30002E1F05F15C0700220023384619F03EFC86
:108E4000024658BBAB6D2BB101466FF0670330464D
:108E5000FFF7A6FF002345F8043C05F15403D3E8CF
:108E6000EF1F21F00101C3E8E21F002AF7D1A36A36
:108E700073BB04F10C0600220023304619F01EFCDF
:108E800078B9666886B92146124826602AF0ADF99D
:108E9000286803B0BDE8F04001F04EB9F9F7FCFED8
:108EA000C9E7F9F7F9FEE6E7A2683368964263601E
:108EB00008BFA36077683FB1B3696FF067010093A3
:108EC000002320681A46B8473046FFF759FFD8E715
:108ED00003B0F0BD500C002010B504460430FFF77D
:108EE0009BFF1321606825F089FE034630B1BDE881
:108EF00010400121024A034824F006BC10BD00BF07
:108F00003E170500B0810400B0B5044654F8803D1A
:108F100000AF186825F004FFFAF7D4FE6D4688B05C
:108F20006A460B4BCDE905304FF40073ADF81C30A9
:108F3000084B42F8103F00234FF4E2510648F7F780
:108F40009DFE2046AD46FFF7C7FFBD46B0BD00BF42
:108F50005C17050003000001B081040070B550F8F3
:108F6000043C0446061F002B3BD039B1836D002B17
:108F700037D01B7CDA0734D505231CE0056828466A
:108F800001F0AEF86B7A012B2BD0A46D4CB3237C8F
:108F9000DB0726D5E368002BEED030466269617CA2
:108FA000FEF7DAFF054668B9637C01210D4A0E48D9
:108FB00024F0AAFB0E2300223046BDE87040114683
:108FC000FFF7EEBEE368D4E90512984718B12846CA
:108FD000F9F762FEEEE729463046FEF7DFFE00288D
:108FE000F5D170BD88170500B0810400F8B51D46A5
:108FF0000F461646F9F7ACFD1823044C03FB00405E
:109000000123C0E90376C3800575F8BD946E022084
:10901000F8B506460F460024094D15F8013CB34249
:1090200007D13946284626F0C9FB10B1054820442F
:10903000F8BD0C34482C05F10C05EED10020F7E703
:109040002FB902202EB90220F8B506460F4600249B
:10905000094D15F8013CB34204D12946384626F0A3
:10906000ADFB30B90C34482C05F10C05F1D10020D2
:10907000F8BD02482044FBE7B93F0220B83F022078
:1090800070B5204B144682689A420FD1A568C66815
:1090900075B922793046216826F098FB024628B13E
:1090A0001949013026F0A3FB15701581012070BD10
:1090B000E0680028FBD02B888B420AD0F6D2E0680B
:1090C000A36801380433E060003818BF0120A360B2
:1090D000EDE7256822792946304626F077FB0246DF
:1090E00060B93046084926F071FB02460028E6D0F8
:1090F0002946013026F07BFB23791370A3685B8837
:109100001381DCE7859401007E31050002460146AB
:1091100010B5042311F8010B0832FAF741FF03469A
:1091200030B1BDE810400121024A034826F066BB79
:1091300010BD00BFAF170500108204002DE9F041FB
:1091400080460F4616461D46FFF762FF044680B96B
:109150001749FFF75DFF044630B9BDE8F041012132
:10916000144A154826F041BB394600F8018B26F019
:109170003EFB238973B9628972B9268165812146D4
:1091800011F8010B25F0FEFA80B12046BDE8F04150
:10919000FFF7BCBF9E4204D36289AA4206D29E4218
:1091A000ECD263892681AB42E9D2E7E7BDE8F081E2
:1091B0007E310500CB1705001082040010B54A1C53
:1091C0000C4628B1097825F08BFD30B1204610BD42
:1091D0001046034926F0F2FAF7E70020F7E700BF50
:1091E0007E31050008B50121024A034826F0FDFA48
:1091F000002008BDEA1705001082040038B51446A7
:109200000E4B82680D469A4215D122792168C068BA
:1092100026F0DCFA78B1D4F8C8302F2B03D9FFF749
:10922000E1FF002038BD04EB830215810189013381
:109230005181C4F8C8300120F4E700BF85940100D3
:1092400008B50121034A044826F0CFFA6FF0150053
:1092500008BD00BF3E1805001082040008B5134683
:109260008168074A914209D11A791968C06826F0C5
:10927000ADFA18B10023036043600381012008BDEB
:109280008594010038B51546084B82689A420AD188
:10929000C46829680134204626F090FA18B12046A7
:1092A000696826F0A4FA012038BD00BF859401004A
:1092B00010B5FFF7ADFE044678B1014611F8010B79
:1092C000FAF77CFE034620B10121044A044826F047
:1092D00095FA002323606360A36010BD4A1805005F
:1092E000108204002DE9F04385B00E469046994661
:1092F000044600AF58B90121344A354826F075FAC2
:109300006FF0150528461437BD46BDE8F08307F118
:10931000080125F0A6F80546A0B16D4688B06A465A
:109320002C4BCDE905344FF40073ADF81C302A4BBB
:1093300042F8103F00234FF4E2512548F7F79EFC16
:10934000AD46DDE72046391D24F0BFFB786858B1F3
:109350000A2229461EF090F8034628B101211F4A2F
:109360001B4826F04BFACBE7002007F10801FFF776
:109370004FFE044620BB002EC4D01949FFF748FE1B
:10938000044638B90121174A114826F02EFA6FF029
:109390000B05B7E7002307F1080100F8013B26F0B1
:1093A00026FA04F1080104224846C047041EA9DA3F
:1093B000012123460C4A064826F020FA2546A1E75B
:1093C000002EEED10660466086609BE79F01050097
:1093D00010820400671805000300000183180500CF
:1093E0007E3105009E180500C01805002DE9F041EA
:1093F000214B1546826807469A4202D1C4686389A8
:10940000E3B90120BDE8F08105F170084146287AF2
:1094100025F0B8F968B9194B9C4202D1284626F0CC
:1094200021FA3046164926F0E2F900232370238101
:1094300019E04146304626F0DAF914E0238993B169
:10944000264616F8011B2846324625F049FC00281E
:10945000DAD131462078FEF701F920B1457BFDF7DE
:1094600073FC072DCDD00021E3686181002BC8D0AB
:1094700038469847C5E700BF8594010024080020BE
:109480007E3105002DE9F0471F46BDF82030054626
:109490008846D1F80C90002B7BD17B1E012B7BD80A
:1094A000012F49460CBF16781688FFF787FE044641
:1094B000B8B916B93846BDE8F0874946FFF77EFED1
:1094C000044638B936480221364A26F08EF96FF044
:1094D0001000F0E705F17001013026F088F92B7AD1
:1094E0002370D9F81030002B41D1B4F808A02681A0
:1094F000B9F80A30B34203D04946404626F08BF90A
:10950000B2452BD095F8088005F1700949464046D0
:1095100025F038F910B349464046FFF795FD05465A
:1095200088B90346204AD2E8AF1F61BB0C225A43D8
:10953000DFF878A0501C4946504426F058F902EB59
:109540000A050AF80280012105F1080026F058F901
:1095500047F612220023164819F07AFB002EA9D1F3
:109560001449601C26F043F926702681A2E7324692
:1095700041462846984700289DDB01380128B4D988
:109580006FF00D0097E70133062B02F10C02CAD1F0
:10959000D9E76FF006008EE76FF00C008BE700BF95
:1095A00010820400E1180500C03F0220B83F0220ED
:1095B000004002207E31050010B50D4C04212046EC
:1095C00026F01EF9D4E8EF3F23F00203C4E8E23F9F
:1095D000002AF7D1D4E8AF3FDB0706D540F23912B5
:1095E0000023A4F1300019F033FB002010BD00BFB0
:1095F000804002200948D0E8EF3F23F00203C0E892
:10960000E23F002AF7D1D0E8AF3FDB0704D50022C4
:109610000023303819F01CBB704700BF8040022087
:10962000012110B5154826F0EBF8C30724D4022118
:10963000124826F0E5F8084007D11149114A0B8875
:10964000114CA24212D300B10B80104910482AF0ED
:1096500038F802210F4826F0D3F80F480F492AF0B6
:1096600030F8BDE810400E48FEF722B950680832C5
:1096700003449BB20120E4E710BD00BF146F022039
:1096800076B9022080810400A0810400A19C010021
:109690005040022080400220004002206FFA030068
:1096A0000C08002003462DE9F04148B1008A38B982
:1096B00001244FF0140C1149DFF844E0714501D347
:1096C000BDE8F081D1E90076BB4204D30CFB067201
:1096D000143A93420ED93444A2B214460831EDE74D
:1096E0000CFB0578434507D001356219AE4292B2B2
:1096F000F6D1F2E70025F8E71046E1E780810400A3
:10970000A08104002DE9F74F99464FF6FF73BDF88D
:1097100030500746002D08BF1D46244B90461B883D
:10972000009183423CD203B0BDE8F08F73682344BC
:10973000BB4232D29CB208361D4B9E42F6D3F2E7B2
:1097400040468958019324F0B2FE019B90B1013448
:109750000AF1010AA4B273685345ECD9009B9C42FC
:10976000E1D8BC42F3D30BFB0AF231688B18B8F195
:10977000000FE5D1B9F1000F0BD1013D1846ADB294
:1097800021460E9A0D9B9847002DCCD00028DED1A3
:10979000C9E7DA689145DAD1EFE74FF0000ADAE776
:1097A00001244FF0140B034EC6E700BF76B9022028
:1097B000A0810400808104002DE9F04FB9B000AF12
:1097C0000C46904638493A46D7F80801994624F0A5
:1097D00058F940B9FFF734FD6FF015052846E43716
:1097E000BD46BDE8F08F3E68391D304624F06DF966
:1097F0003EB901212D4A2E4825F0F7FF6FF01504E0
:109800003FE0786800BB4FF0000B07F1080A5146B3
:10981000304687F814B024F024FE054608B36C46A1
:1098200088B06A46234BCDE905364FF40073ADF896
:109830001C30214B42F8103F4FF4E2515B461C486C
:10984000F7F71CFAA546D9E70A2200211DF014FEFD
:1098500003460028D7D00121184A154825F0CEFF2D
:10986000CCE7C7F810A0E4B1C022484607F12001B8
:10987000C047041E07DA01212346114A0C4825F08F
:10988000BDFF2546AAE7A40807F12003C7E906346F
:109890004FF6FF7101200B4A07F1100326F0A8F8DC
:1098A0009CE72346F2E700BFFB1805009F01050077
:1098B00010820400671805000300000183180500EA
:1098C000C018050081900100002330B5B5B00191AA
:1098D0008DF808003393044601AB0D4601204FF686
:1098E000FF710B4A26F084F8339B73B19B0003AAE7
:1098F00029462046FAF76AFB034620B10121054AB2
:10990000054825F07BFF35B030BD1A46F0E700BFB3
:10991000FD910100021905001082040073B500F1E9
:109920007006CDE9001204463146007A24F02AFF81
:1099300005466B464FF6FF710120054A26F058F8A0
:109940001DB13146207AFFF7BFFF02B070BD00BFE6
:1099500085920100002307B50193FFF7A3FE411C88
:1099600089B20846034A01AB26F042F8019803B0D9
:109970005DF804FB7DF703002DE9F04387B0437BDE
:109980008046072B0C46154602AF40F0A680002308
:109990003B7342F60303206807F10C01FB8124F0BE
:1099A00086FD0646002834D1D4F80490B9F1000FA2
:1099B00005D101214B4A4C4825F017FF8DE00123CA
:1099C0002146009007F10802C847031E11DA6D46D0
:1099D00088B002AAD36104234449C2E9051442F8BD
:1099E000103F4FF4015133463F48F7F747F9AD4672
:1099F00073E0012B05D001213D4A3B4825F0FEFED6
:109A00006BE03B7A13F0300F67D02046FFF7A2FFE0
:109A10000446002320683B7342F6021307F10C0151
:109A2000FB8124F044FD18B12046FFF793FF044664
:109A3000002642F60219206839463E70A7F80290C7
:109A400024F035FD18BB002320683B7342F6021357
:109A500007F10C01FB8124F02AFD064600283CD1C9
:109A6000D4F80490B9F1000FA3D00223009021464E
:109A7000404607F10C02C847031EA8DB022BBAD1EF
:109A8000BB8905EA0300003818BF012026E042F632
:109A900003032068391D3E71FB8024F008FD002877
:109AA000D1D04FF42053206807F108013E727B812A
:109AB00024F0FDFC0028C6D042F60103206807F11F
:109AC0000C013E73FB8124F0F2FC0028BBD0204641
:109AD000FFF740FF04460028ADD100201437BD46F3
:109AE000BDE8F08320190500108204003419050038
:109AF0005A1905002DE9F8431546894694226968EC
:109B0000064625F0D6FF8046002841D10222304685
:109B10006968FFF731FF00283DD000211F48AF8A58
:109B2000FFF702F90237044680B11D211C4B476143
:109B30003A464174C0F80C80436085613046FFF7B7
:109B4000C1F8074638B92046FFF71AF96FF00B0540
:109B50002846BDE8F883012342464146FFF746FA0E
:109B6000A98A07F10C00023124F01BFA20F8029BAD
:109B7000AA8A29692DF0A8F821463046A76025F069
:109B8000E0FD05460028E3D02046FFF7F9F8DFE7BF
:109B90004FF0FF35DCE76FF01505D9E71C4E0E00DE
:109BA00083F7030070B505460C468AB0394BD3E8FD
:109BB000AF3F5A0767D510B1437B072B66D1666864
:109BC00030460596FFF76EFD2268ADF81800002AB2
:109BD0002FD005A902913049002301910121009164
:109BE0004FF6FF710593FFF78DFD059E1EB96FF0CF
:109BF00001000AB070BD6660002330688DF8103037
:109C000042F6030304A9ADF8123024F050FC40B929
:109C10000598C3689B799B0608D525F09AFEADF898
:109C20001800059825F030FF606028B96FF0150026
:109C3000DFE70028E0D1DAE7BDF818003DB10123E5
:109C4000014622462846A375FFF754FFD1E76FF07F
:109C50007F0307930223ADF8203042F60213ADF8DC
:109C6000123005ABA57502930C4B4FF6FF710193B3
:109C7000012304AA00932B4609948DF81050FFF796
:109C800041FD0798B5E76FF00A00B2E76FF07F007B
:109C9000AFE700BFC4010020B1F70300099F010036
:109CA000034613B550F8082CA0F12001019200F1F1
:109CB0003004D4E8EF2F22F00102C4E8E02F00289E
:109CC000F7D10D4A002043F81C2C0C4A23F8080C4D
:109CD00043F8182C01AA43F8102C042223F8060C90
:109CE00023F80C2CFFF75EFF18B90221204625F05F
:109CF00087FD02B010BD00BF74960400F595010009
:109D00002DE9F84316463A4B826805469A4200AF61
:109D100024D1D0F80C803468B8F80830F3B142464A
:109D2000204612F8011B24F0DBFFB8B14FF4957206
:109D30002946204625F0BDFE28B3032812D16C46E3
:109D400088B06A462B4BCDE9053542F8100F002349
:109D50004FF4C4512848F6F791FFA5460120BD46AF
:109D6000BDE8F883052820460CBF4FF003094FF0EB
:109D7000020924F0AFFF814505D933794B45EDD277
:109D800086F80490EAE74146284625F044FD1B4B3F
:109D90009845E3D1207A04F17001FFF739F90546BF
:109DA0000028DBD0038913B94389002BD6D0204685
:109DB000FDF718F92A89124B124923F820206A89E5
:109DC00003EB80035A80182202FB00110B6104236D
:109DD0000D4A20464A600D4A8B828A60FFF7E2FEF8
:109DE0000028BBD001210A4A034825F0FEFCB5E754
:109DF00085940100731905001082040024080020D6
:109E00002AB90220FC6E02207496040047F8030071
:109E10008719050070B504460D468AB0374BD3E864
:109E2000AF3F5A0763D510B1437B072B62D16E68F1
:109E300030460596FFF736FC2A68ADF81800002A70
:109E40002FD005A902912E490023019101210091F3
:109E50004FF6FF710593FFF755FC059E1EB96FF095
:109E600001000AB070BD6E60002330688DF81030BC
:109E700042F6030304A9ADF8123024F018FB40B9F0
:109E80000598C3689B79DB0608D525F062FDADF81F
:109E90001800059825F0F8FD686028B96FF01500E6
:109EA000DFE70028E0D1DAE7BDF818002CB1014661
:109EB0002A46204625F038FED3E76FF07F0342F6AE
:109EC000021207930123ADF8122005AA02920D4A4F
:109ED000ADF82030CDE900324FF6FF71234604AAD9
:109EE00009958DF81040FFF70DFC0798B9E76FF062
:109EF0000A00B6E76FF07F00B3E700BFC40100209F
:109F0000B1F70300099F01002DE9F0413C4B1546D4
:109F1000826807469A4203D001273846BDE8F0819F
:109F2000D0F80C80374B984512D0B8F80820AB8990
:109F30009A42F1D1414611F8010BFDF78FFB06461D
:109F40000028E9D0437B072B22D0FCF7FDFEE3E796
:109F500000262D4C20462D4925F030FC78B90722EB
:109F6000214614F8010CFDF7CBFB70B92B69214693
:109F70001A6914F8010C53881288FFF7DFF80136CC
:109F8000062E04F10C04E5D1CFE7FCF7DDFEF6E781
:109F9000D8F8143023B13946984708B93046D4E789
:109FA00039469422304625F084FD07460028F5D135
:109FB000AB89022B15D1B8F808309A071ED5304668
:109FC0002A69A988FFF796FD044618B92A69937D86
:109FD000013393753046FCF7B7FE002CAC609CDB78
:109FE0009AE7012B0AD1B8F80830DB0706D53046CE
:109FF0002A69A98825F098FD0446EBE73C46E9E785
:10A0000085940100240800202FB902207E3105002C
:10A01000012370B500F170058EB004460390294607
:10A02000007A8DF8103024F0ADFB90B1227A52B353
:10A0300002AE0421304623F018F900962421134A79
:10A040002B4605A8F9F7EEFE05AA10461049F7F7CA
:10A050009FF94FF6FF7101200E4A03AB25F0C8FCB3
:10A06000204624F037FE9DF81010884209D2204681
:10A0700024F0FBFD034620B10221074A074825F0E2
:10A08000BDFB0EB070BD0092D8E700BFFE18050002
:10A09000B9970100019D0100A41905001082040078
:10A0A0002DE9F0410D4B06461B680F46904623B143
:10A0B00053F8044904B1043C0BB9BDE8F0811B68B6
:10A0C0001BB142463946304698472CB1656805B108
:10A0D000043D23462C46EFE72546FAE7186F022099
:10A0E00007B5009001206B464FF6FF71034A8DF8CB
:10A0F000040025F07DFC03B05DF804FB019D010028
:10A1000037B504460D466B460A4A00918DF80400A7
:10A110004FF6FF71012025F06BFC29462046F9F728
:10A1200063FF002804DB20462946FFF7C1F8002022
:10A1300003B030BD5D92010037B5044603464FF6CB
:10A14000FF7101200D4A04F1700525F051FC2946EC
:10A15000207A25F05FFC2946207A24F013FB50B1C9
:10A16000237A4FF6FF718DF8043001206B46044AC4
:10A17000009525F03DFC03B030BD00BFED9301001C
:10A180005D9201007FB54FF420520023ADF81620F8
:10A1900004AA02920A4A0120CDE900324FF6FF716B
:10A1A00005AA04938DF81430FFF7ACFA049B012B39
:10A1B00014BF6FF01500002007B05DF804FB00BF6E
:10A1C000A5FB0300014608B5054825F004FD044B36
:10A1D0000028A3F1040314BF1846002008BD00BFE7
:10A1E0008C400220084B00F5B8701A68074BD0E885
:10A1F000EF1F994204D1C0E8EC2FBCF1000FF6D15B
:10A20000D0E8AF0F704700BF346E022088400220B4
:10A2100008B5FFF7E7FFF0B1026842B1436833B118
:10A22000836813B90F4B1B783BB904200CE00D4B2E
:10A230001B7813B10AB183687BB98169436821B186
:10A24000181E18BF0120800008BD43B9002A14BFA2
:10A2500000200320F8E70320F6E70120F4E70220BE
:10A26000F2E700BF01BB022008B50121024A034802
:10A2700025F0AFFC002008BDDE190500488204006F
:10A280000023024A00F5A07018F0E2BC1C4E0E003C
:10A290000221024A024825F09CBC00BFF9190500C2
:10A2A0004882040038B5002304461A46EC300D46B7
:10A2B000FDF78AFB58B1693004D10121064A0748ED
:10A2C00025F087FC2846BDE83840F8F7E5BC204675
:10A2D000BDE83840FFF7D4BF2615050048820400CA
:10A2E00038B50446051D0821284625F0CBFC084951
:10A2F00004F15700FCF742FB48B10821284625F03D
:10A30000A5FC04480121044A25F063FC082038BD5F
:10A31000CBFE030048820400121A050038B505463A
:10A32000EC2200212CF0F6FC102105F127000CF0A6
:10A330000BFE044648B90521284625F0A3FCFCF78E
:10A340000FFB034B1860204638BD0824FBE700BF15
:10A35000206F022070B5051D0E462846042125F009
:10A360003AFC68B10022002100230846FDF712FBE9
:10A37000044638B90421284625F084FC204670BDE7
:10A38000034AF0E701210C3023F00BFE0670F5E7DD
:10A390001C4E0E0070B504460E4686B0FFF722FF35
:10A3A00004F137021146F368054603F1100053F833
:10A3B000046B834241F8046BF9D1237A052B00F238
:10A3C0009580DFE803F017232303936A02AB4B4920
:10A3D0000093096804F1270304F1570001F0EAFC37
:10A3E00058BB0A21201D25F04DFCAB680299D4F81A
:10A3F000EC00984720460D2125F044FC201D10213B
:10A4000025F040FC204625F04DFC17E094F8DC10C8
:10A41000D4F8D83002ADCB40384903F001030095A1
:10A42000096843F0800304F1570025F012FE38B1AB
:10A430000121334A334825F0CCFB082006B070BD1B
:10A440001022294604F117002CF073FC08B10420F7
:10A45000F4E70321204625F015FC25F023FC002815
:10A46000EBD194F8DC300133DBB2142B84F8DC3010
:10A4700009D10D21204625F005FC1021201D25F0D5
:10A4800001FC0020DAE7102104F127000CF05CFD4C
:10A49000003818BF0120C000D0E7102104F12700C8
:10A4A0000CF052FD0028C8D135B3EB6823B3164B2E
:10A4B000E27A1B8812F0010FADF80830A37C08BFC8
:10A4C0000320DB0703D5002814BF0120022000234E
:10A4D0008DF80900C4E93833201D0C2125F0D2FB8A
:10A4E000EB68D4F8EC0002A99847CAE70121074AB3
:10A4F000044825F0B6FBA0E702209FE7206F02206A
:10A500002B1A05004882040038850400441A05000F
:10A510002DE9F047044690B00CAD102200212846EA
:10A520002CF0F8FB237A052B34D8DFE803F0060380
:10A5300003063323D4F8D8300C93D4F8EC3004F16C
:10A54000470204F1C707CDE9017204F1370803F1AE
:10A550007E0204F12709009241464A46773304F10E
:10A56000970001F0BFFBF0B1454A0121454825F0B5
:10A5700030FB14E0D4F8E430002BDED02E4603F19B
:10A580001007324618685968083303C2BB421646A2
:10A59000F7D1D2E701213C4A3A4825F062FB082076
:10A5A00010B0BDE8F087D4F8EC3008AE03F17702C4
:10A5B0007E33019304F111030292009342462B462D
:10A5C00049463846039625F069FD08B12F4ACCE785
:10A5D000237A052B0ED1D4F8E01011B30B46AC460C
:10A5E00001F1100E624618685968083303C27345BA
:10A5F0009446F7D1D4F8EC300DF1100A03F17E0245
:10A600007733019304F10A03029200934A462B46E2
:10A6100041463846CDF80CA025F040FD30B11C4A2B
:10A62000A3E7102228462CF075FBE3E710225146E1
:10A6300004F1B7002CF07DFBF8B90D212046FFF79F
:10A6400089FE07460028AAD010210C3023F0A9FC6F
:10A6500032460346164603CEAE4218605960324673
:10A6600003F10803F6D139462046FFF71BFE201DF3
:10A67000012125F007FB002092E70B2090E700BFA7
:10A68000601A050048820400441A0500751A050086
:10A69000981A050073B5047A0546022C23D844B1F4
:10A6A00090F8DC30D0F8D840DC4004F0010444F0ED
:10A6B000800403212846FFF74DFE0646D8B110213D
:10A6C0000C3023F06EFC009012482346006805F120
:10A6D000270205F1570125F0BCFC044680B1304645
:10A6E000F8F7DAFA07E0032C08D0012123460A4ADA
:10A6F0000A4825F0B6FA082002B070BD0024D8E759
:10A7000031462846FFF7CEFD281D214625F09EFA4A
:10A710002046F1E7206F0220441A05004882040019
:10A7200070B5061DCD6804460B21304625F08EFA23
:10A730002B4604F1170205F1100153F8040B8B426C
:10A7400042F8040BF9D1237A012B09D0022B13D143
:10A750002046042125F096FABDE87040FFF79ABF25
:10A760000A21304625F037FA0028F1D03046002182
:10A7700025F088FA002070BD03480121034A25F026
:10A7800070FA0820F7E700BF48820400441A050069
:10A79000F7B50446FFF726FD261D05460E21304677
:10A7A00025F019FA78B9594B2022196804F157009D
:10A7B0002CF0BFFA38B90221554A564825F009FA5B
:10A7C000082003B0F0BD0C212046FFF7C3FD07466B
:10A7D0000028F5D040210C3023F0E3FB4B4B024620
:10A7E0001B68014603F1200053F804CB834241F873
:10A7F00004CBF9D1203203F1200153F8040B8B4232
:10A8000042F8040BF9D139462046FFF74BFD237A75
:10A81000052B76D8DFE803F003621A037572042172
:10A82000204625F02FFAFFF735FF0028C8D1304623
:10A83000072125F027FA0820FFF7C4FC002863D180
:10A84000204603B0BDE8F040FFF74ABD2046D4F8EB
:10A85000EC70FFF7C7FC4FF0FF330546019370B96A
:10A8600004210DEB01000CF06FFB0028A8D1019B27
:10A87000294AB3FBF2F102FB1133019315E083691E
:10A88000002BEDD0384698472449A0F57422A2F554
:10A8900010728A420346019005D80221204A1D48C1
:10A8A00025F0DFF98CE7421CDAD0C4F8D830002359
:10A8B00084F8DC3055B12B6843B10B21304625F0CC
:10A8C000E1F938462B68D4F8D81098470321204680
:10A8D00025F0D8F90E2125F0D5F9A8E72046032167
:10A8E00025F0D0F90E2125F0CDF930460A2125F0CA
:10A8F000C9F96B68D4F8EC00984798E70421204622
:10A90000E9E70121074ACAE700205AE7206F022041
:10A91000BC1A05004882040040420F00BEBDF0FF93
:10A92000D71A0500441A050070B505460E4605F114
:10A930005704FFF757FC2246F36803F1200153F850
:10A94000040B8B4242F8040BF9D105F1770203F1B5
:10A95000200153F8040B8B4242F8040BF9D1204636
:10A96000FBF766FFF0B103211C4A1D4825F031F9C1
:10A97000281D0E2125F086F9D5F8EC40D4F8A0006A
:10A9800038B9207A04F1700100F0AAFEC4F8A000E2
:10A9900098B1438A03F024037BB1437C9B070CD41A
:10A9A000032070BD2046FBF74FFF30B90C48022151
:10A9B0000C4A25F00EF90B20F3E70B4B1C682CB961
:10A9C000281D062125F05EF92046EAE72846FFF714
:10A9D000DFFE003818BF0120C000E2E7061B0500BB
:10A9E00048820400271B0500206F022038B504466A
:10A9F0000D49A0F1EC05543028F063FE284625F0FF
:10AA0000B5F90A4A04F18403D3E8EF1FC3E8E02F45
:10AA10000028F9D14FF0FF338834D4E8EF2FC4E891
:10AA2000E13F0029F9D138BD35B501008840022049
:10AA300080B500AF88B06A46074BCDE905300323E7
:10AA400042F8103F00234FF4C2510448F6F716F9BC
:10AA50006FF00B00BD4680BD431B0500488204001B
:10AA600008B5074AD2F8EC302BB90648EC325060F2
:10AA700018460A6008BDFFF7DBFF6FF00B00F9E72F
:10AA8000884002209C9604002DE9F0410B460646C2
:10AA900000AF0D21043025F09EF880B3DD68D6F8B4
:10AAA000EC30022003F170084246197A25F092FA40
:10AAB0000446D0B94046F9F705F96D4688B06A46B4
:10AAC000124BCDE905304FF40073ADF81C30104B3C
:10AAD00042F8103F0F4823464FF4E251F6F7CEF804
:10AAE0000820AD46BD46BDE8F0812B462E3405F169
:10AAF000100253F8041B934244F8041BF9D130466A
:10AB0000092125F0BFF80020ECE700BF681B050015
:10AB1000030000014882040038B5134B05461B783A
:10AB2000E3B101F00F042846FFF772FB0F4B032837
:10AB30001B780CBF04F00B0444F0040405F5BA7054
:10AB4000D0E8EF2F013203D1C0E8E13F0029F7D16F
:10AB5000D0E8AF3F2BB144F0010038BD01F007044D
:10AB6000E1E704F0FE00F8E701BB0220A50B00209E
:10AB7000F8B50D460446D0F8EC70FFF733FBED68EE
:10AB8000EB78102B01D00620F8BDD7F8A030002BB1
:10AB900072D0261D0F21304625F01DF820B9204621
:10ABA000FFF7BCFB002870D1012363722B6820469D
:10ABB000C4F80A30AB88E38102232374A978FFF735
:10ABC000ABFFE0742046FFF723FB1023607423756E
:10ABD0002B7903F0030363756B7903F00103A3750D
:10ABE000E37C1A0753D40521304624F0F4FF0028F3
:10ABF0005BD0544B1B78A374E37C980606D5AB78E6
:10AC0000990603D51421304625F03CF8E37CDA0799
:10AC10003BD5AB78DB0738D530460D2125F032F82F
:10AC2000A37D032184F8E830637D84F8E93025F0C2
:10AC300029F8237BE17C2D7803EA0102100704D573
:10AC4000E27AA07C0243D20731D4042D31D80B43E1
:10AC500013F0040307D02046FFF7DAFA3A4B05EB6E
:10AC600085052B441B5C23722046D7F8A01024F0E6
:10AC7000B8FF00BB032087E7387A07F1700100F0C6
:10AC80002FFDC7F8A000002883D108207CE7AB780F
:10AC90001B07A8D50521304624F0F4FF637D03F09F
:10ACA000020363750023A3759DE7284BA2E70523E4
:10ACB000D9E70023D7E7D4F8EC309B7A032B33D0C5
:10ACC00022D8013B012BE0D80521304624F083FF38
:10ACD0000028CFD00C21204624F0D4FF0221FFF71A
:10ACE00039FB05460028D0D006210C3023F059F955
:10ACF000D4F8113029460360B4F81530838020461B
:10AD0000FFF7D0FA00203FE7042BBED1237D627B02
:10AD1000934228BF1346102B7FF435AF05213046F0
:10AD200024F059FF0028A5D0237A002BA2D00521BA
:10AD3000304624F050FF0028C6D1237A013B012B76
:10AD4000C2D897E703BB02207B32050002BB02207A
:10AD50002DE9F041C7780446012F04D06FF01504A7
:10AD60002046BDE8F08124F07EFF0546002800F073
:10AD7000A980061D0421304624F02DFF002840F054
:10AD8000A4800321304624F026FF10B16FF00F0499
:10AD9000E6E73946304624F01EFF0028F6D1284663
:10ADA000FFF720FAD5F8EC3007469B7A032B40D00A
:10ADB00030D8013B012B46D90F21201D24F00BFF79
:10ADC0000028CBD1D4F8A00090B904F170073A461E
:10ADD0002020217A00F05CFDC4F8A00040B93A467A
:10ADE0000420217A00F054FDC4F8A0000028B5D05A
:10ADF000438A13F0240FB1D0A27A022A23D9417CCE
:10AE0000C907ABD5032A1ED09B06A7D5037C102B00
:10AE1000A4D118E0042BCFD12846FFF7F9F9032875
:10AE200004D1002FC8D0FB68002BC5D0284B1B785D
:10AE300007E02846FFF7ECF9032804D1002FBBD028
:10AE4000FB68002BB8D0D4F8A0303BB12846FFF700
:10AE500065FA044670B16FF0680481E7207A04F166
:10AE6000700100F03DFCC4F8A0000028EED16FF0A6
:10AE70000B0475E70B212846FFF76CFA07460028FC
:10AE8000E9D001210C3023F08CF8092180462846B6
:10AE9000FFF742FE2346224688F80000394605F1B6
:10AEA000EC00FCF791FD044618B13846F7F7F4FEC4
:10AEB00056E730460F2124F0E5FE0121284624F014
:10AEC000E1FE4DE76FF07F044AE76FF0040447E7C7
:10AED00001BB0220F8B5D0F8EC400546D4F8A0300C
:10AEE000061D002B3DD102213E4A3F4824F071FE51
:10AEF00007213E4B5F5CD4F8A0304BB11B7C002B8C
:10AF000066D1D4F8A00025F079F80023C4F8A03069
:10AF10000221304624F05FFE48B9072F94BF344B1E
:10AF20001F213A46204698BFD95DFCF735FB032127
:10AF3000304624F050FE40B32E4B1B682BB353F821
:10AF40000C6906B10C3E03B35B6813B13946204669
:10AF50009847002E43D0F26802B10C3A33461646A9
:10AF6000F1E779BB0D21304624F035FE074620B1CC
:10AF7000D4F8A00008B100F089FE1E4B1B6823B175
:10AF800053F80C6906B10C3E73B9284624F0EEFE66
:10AF9000637B072B25D1627AA37A9A4221D020467F
:10AFA000BDE8F840FFF7D4BE1B6813B13946204610
:10AFB00098472EB1F26802B10C3A33461646E3E7E1
:10AFC0003246FAE70139C9B20E2992D9092792E728
:10AFD0000221304624F0FFFD002892D198E7324646
:10AFE000BCE7F8BD821B0500488204006C320500F6
:10AFF0005B3205002C6E0220F8B5031D06460F4695
:10B000001846022124F0E7FD044620B1B6F8E840D6
:10B01000B4FA84F464090321184624F0DCFD80B1FD
:10B0200039463046FFF756FFC4B1022119481A4A83
:10B0300024F0CFFD0521D6F8EC0023F0DFFD002041
:10B04000F8BD0121184624F0C6FD0028E8D10F21E3
:10B05000184624F0C0FD0028E2D1E5E7052130467E
:10B06000FFF778F9054688B101210C3022F099FFED
:10B07000234607702246294606F1EC00FCF7A4FCA3
:10B080000028DCD02846F7F707FED8E76FF0680005
:10B09000D6E700BF48820400AC1B0500114B10B579
:10B0A000044618604FF0FF324FF0FF330E4817F0A0
:10B0B00043FA0E4817F0D2FD0B4817F0AFFA1CB94F
:10B0C000BDE81040FFF7E4B8094CD4E8AF3F5B0699
:10B0D00007D5201FFFF75CFB18B10821201FFFF7E1
:10B0E0008BFF10BD206F02203C080020500800207C
:10B0F0008C4002202DE9F3410B8A04460E4643B9E9
:10B1000001212D4A2D4824F064FD002002B0BDE845
:10B11000F081012106F10C0022F073FFA4F1EC058F
:10B12000E83C07460421204624F055FD3B7828B131
:10B13000234A0221214824F094FDE6E70E2B01D991
:10B14000204AF6E7DFF8808058F833204AB9022118
:10B150001E4A1A4824F085FD07212846FFF74CFFB8
:10B16000D3E71946284624F0EEFD3B7860B902216A
:10B170001248174A24F075FD0321204624F02BFDC8
:10B180000028C2D00821E8E708EBC301328A097918
:10B19000914208D001210093084813460D4A22F03D
:10B1A000BDFA0A21D9E73146284658F83330984786
:10B1B00001460028A9D0D0E7041C050048820400FD
:10B1C0001F1C0500501C0500C4960400721C0500DD
:10B1D0008C1C0500021605002DE9F04784B090F89C
:10B1E000E930D1F80C8023F0020380F8E930D0F880
:10B1F000EC6098F80030054600AF06F17009BBB36B
:10B2000098F8063003F0C003C02B31D04046F8F761
:10B2100059FD6E4688B06C464FF4007A6D465C4B23
:10B22000DFF87081CDE90530ADF81CA045F8108F2E
:10B2300000232A464FF4E2515748F5F71FFD4846D0
:10B24000B546F8F73FFDA546544BA4F81CA0C4E949
:10B250000530C4F81080504800232A464FF4E251CC
:10B26000F5F70CFD0A20B5461037BD46BDE8F0875E
:10B270000722414648462BF05CFD68B14146307AD2
:10B2800000F07EFB044638B10146284624F0A9FCB4
:10B2900030B3204624F0B2FE0D21281D24F09BFC83
:10B2A000002863D04A460220317A24F093FE0446F7
:10B2B000C0B94846F8F706FD6D4688B06A46384B77
:10B2C000CDE905304FF40073ADF81C30314B42F836
:10B2D000103F4FF4E25123462F48F5F7CFFCAD461F
:10B2E0000820C1E7F378002B3AD106F17E031878E5
:10B2F00001282AD19A7902F0C002402A25D1D3F838
:10B300000120C4F83E20B3F80530A4F8423096F886
:10B310007030D3B196F8763003F0C003C02B14D050
:10B3200020493A1DC7E90198FC60FBF715FED8F8E3
:10B3300000303046C4F80130B8F80430A4F80530C5
:10B3400098F80630E371FCF7F7F82046FAF7FCFCB2
:10B3500048B111480221144A24F03BFC032083E742
:10B3600006F17703C3E72046FAF7FEFC95F8E930CB
:10B370005B0703D50A21284624F084FCB5F8E810C1
:10B3800009B1002070E72846FFF7A4FDF9E700BFE8
:10B39000A71C05000300000148820400251D0500CC
:10B3A000681B0500A3FD0300BB1C05002DE9F0414F
:10B3B0000E460446D0F8EC80FEF714FFF66805460A
:10B3C000337801210F48104A271D24F04AFC0A2136
:10B3D000384624F0B8FC38B16DB920463178FFF713
:10B3E00079FD0020BDE8F0810B21384624F0ABFC4C
:10B3F0000028F1D1F1E72B69002BEED040469847A9
:10B40000EBE700BF48820400F61C05002DE9F84375
:10B410000546A0F1E8060446884600AF0121304603
:10B4200055F8EC9924F08FFC38B3B8F1000F19D01F
:10B430000321304624F0CFFBF8B14046F9F7B0FCC9
:10B440000138C0B208288CBF0024364B4FF00201EF
:10B4500098BF1C5C304624F015FC21462846FFF7B7
:10B4600039FD0AE099F80B303BB10321304624F056
:10B47000B2FB28B9284624F079FCBD46BDE8F88324
:10B480000521304624F0A7FBB8B114F8043C1B0793
:10B4900007D514F8033C180703D51121304624F0D2
:10B4A000F1FB14F8043C23F0080304F8043C14F8FE
:10B4B000033C23F0080304F8033C14F8033CD907C9
:10B4C00010D50621284624F0DDFB3046022124F069
:10B4D000D9FB2068D0F8A06066B134F8041C0029BC
:10B4E000CBD1BBE79A0701D50821EBE75B07ECD589
:10B4F0000A21E7E77030F8F7E5FB6C4688B06A464A
:10B50000094BCDE905304FF40073ADF81C30074B03
:10B5100042F8103F4FF4E25133460548F5F7AEFBD1
:10B52000A546AAE763320500181D050003000001C7
:10B530004882040037B5A0F5A075A0F59E74D4E844
:10B54000AF3FD5E8AF2F012100920748074A22F00C
:10B55000E5F828460821FFF7BDFC0421204603B08A
:10B56000BDE8304024F08EBB488204002D1D05004C
:10B570002DE9F84300AF044624F075FB054678B387
:10B58000061D0321304624F026FB48B3D4F8A00062
:10B5900008B124F033FD04F170094946207A00F027
:10B5A0009FF88046C4F8A000E8B94846F8F78AFB3F
:10B5B0006C4688B06A46404BCDE905304FF40073C5
:10B5C000ADF81C303D4B42F8103F4FF4E2513C487F
:10B5D0004346F5F753FB0821A5462846FFF70CFD27
:10B5E000BD46BDE8F8830E21304624F0F4FA28B1B8
:10B5F000D4F8A020537C43F0020353742B7A032B1E
:10B600000DD8002B4DD1D4F8A020537C23F020037B
:10B610005374D4F8A020537C23F001030DE0053BC4
:10B62000012BF0D8D4F8A020537C43F020035374AE
:10B63000D4F8A020537C43F0010353742B7D697B25
:10B64000D4F8A0208B4228BF0B4630461374052146
:10B6500024F0C1FAD4F8A020537C48B343F010037F
:10B660000D213046537424F0B6FA0028B8D02021BA
:10B67000D4F8A00024F0BEFCD4F8A03005F14702B5
:10B680001E33573552F8041BAA4243F8041BF9D164
:10B690000023D4F8A02053619361D4F8A0209383B1
:10B6A0009EE70521304624F096FA0028ABD0BFE78C
:10B6B00023F01003537493E7681B05000300000197
:10B6C00048820400012208B5034B04481A70FBF7B6
:10B6D000FDF8002008BD00BF01BB02205808002073
:10B6E0002DE9F74F07460E4600250524DFF80081B7
:10B6F00018F8013CBB420BD13146404624F05FFCB8
:10B7000030B148233B4803FB050003B0BDE8F08F90
:10B71000052C06D14046384924F051FC002818BFBA
:10B720002C460135052D08F14808E1D1052C314D95
:10B7300040D14FF00008A9464446C346EA46524667
:10B7400001202E498DF800B08DF80180FBF704FC34
:10B750009DF8003033B944B3D9F84420636C9A4261
:10B7600038BF4C4608F10108B8F1050F09F1480946
:10B77000E5D1C4B1D4F80100B4F80520E379009014
:10B780005146207804F10108AAF804208AF806300E
:10B79000F9F7E2FA4046184924F011FC18B1641B8D
:10B7A000B4F5907F03D90020AFE74C46DAE7144B9D
:10B7B000E4105C4348235C432F553168621CA95058
:10B7C000AB18B28828199A80B2790D349A71112376
:10B7D000062203732A5500222B19A3F80120094AD7
:10B7E0001368013313604364074B18608DE700BF93
:10B7F0002D6F02202C6F02207E310500BDB90100A3
:10B80000398EE338286F0220246F02202DE9F3419E
:10B8100005460E4617460D4C04F5B478638A7BB195
:10B820002378AB420CD1D4F80100B4F80510E279CA
:10B830000090ADF80410684639468DF80620B047F0
:10B8400048344445EAD102B0BDE8F0812C6F0220B3
:10B850002DE9F04105460E461746074C04F5B4782D
:10B86000638A2B4202D039462046B04748344445CB
:10B87000F6D1BDE8F08100BF2C6F022008B5002290
:10B8800002200249FFF7E4FF002008BDCFFF0300BC
:10B890002DE9F04106460F46904600240C4DB5F8C0
:10B8A000113033420CD015F8013CBB4208D141465F
:10B8B000284624F084FB18B106482044BDE8F081F6
:10B8C0004834B4F5B47F05F14805E8D10020F5E728
:10B8D0002D6F02202C6F02202DE9F0410B780746D6
:10B8E000012B0D4602D00020BDE8F0818B7903F0DA
:10B8F000C003402BF7D100241E4E01F1010836F899
:10B900002C3C9A070CD516F83E3CBB4208D10622C7
:10B91000314640462BF00DFA10B917482044E3E7B2
:10B920004834B4F5B47F06F14806E8D10024134E3C
:10B9300005F1010836F81C3C9B0714D516F82E3C7F
:10B94000BB4210D14146304622F061FD58B10A4B4E
:10B95000D5F8010004F13E029850D118B8F804203F
:10B96000E0188A80C0E74834B4F5B47F06F1480691
:10B97000E0D1B8E76A6F02202C6F02205A6F0220D4
:10B98000F8B506460F4600240A4D15F8013CB342AF
:10B9900007D13946284624F012FB10B1064820444E
:10B9A000F8BD4834B4F5B47F05F14805EDD1002069
:10B9B000F6E700BF2D6F02202C6F022038B5427BC6
:10B9C0000C46072A10D1057A23F0AAF90146284629
:10B9D000FFF7D6FF40B148216278044B01FB0233E8
:10B9E000984204BF0123237038BD00BF2C6F022092
:10B9F0002DE9F04194B01546044602AF58B9012133
:10BA0000954A964821F077FE6FF015063046483784
:10BA1000BD46BDE8F0813C22184607F10C01A8475D
:10BA2000051E06DA2B468E4A01218C4821F06CFE59
:10BA3000EAE72046391D22F014FD064698B16D460E
:10BA400088B002AA874BC2E905344FF40073938390
:10BA5000854B42F8103F00234FF4E2517F48F5F741
:10BA60000DF9AD46D0E73946204622F02EF8386869
:10BA700038B10A2231461BF0FFFC034608B17B4A6D
:10BA8000D2E70DBB29463F203A1DFFF701FF20B149
:10BA9000482229462BF03EF9B8E7381DF8F712F98D
:10BAA0006C4688B002AA724BC2E905304FF40073AD
:10BAB00093836D4B42F8103F4FF4E4512B46674897
:10BAC000F5F7DCF8A546A1E70020391DFFF708FED1
:10BAD0000446C0B9381DF8F7F5F86D4688B002AADB
:10BAE000644BC2E905304FF4007393835E4B42F818
:10BAF000103F4FF4E25123465848F5F7BFF86FF076
:10BB00000B06AD4682E73C2D00F093803B7B112B6A
:10BB100042D0382D40F0818040F2116307F10C05CE
:10BB2000C36000F1100207F1440C2B4603CB6345C0
:10BB3000106051601D4602F10802F6D1E27BB4F8B4
:10BB40000D3043EA0243062B50D1637CDA071CD543
:10BB500013F0300519D1381DF8F7B4F8E84688B06D
:10BB600002AA454BC2E905304FF4007393833E4B64
:10BB700042F8103F4FF4E4512B463848F5F77EF871
:10BB8000637CC54623F0010363743C4B626C196807
:10BB90008A4288BF1A6039E7382D3ED1381DF8F740
:10BBA00091F86D4688B002AA354BC2E905304FF4D2
:10BBB000007393832C4B42F8103F00234FF4E45161
:10BBC0002648F5F75BF804F10C02AD4607F1440C8A
:10BBD00007F10C052B4603CB6345106051601D46F1
:10BBE00002F10802F6D1237B112BA7D0381DF8F7FC
:10BBF00069F86D4688B002AA224BC2E905304FF4BD
:10BC000000739383184B42F8103F00234FF4E25126
:10BC10001248F5F733F8AD4607E03C2301210093C5
:10BC2000194A2B460D4821F079FD204624F0E6F90B
:10BC3000EAE607F10C0300F10C0207F1440C1D4683
:10BC400003CD6545106051602B4602F10802F6D124
:10BC500028681060C7E700BF9F0105002882040024
:10BC6000631D050067180500030000018318050027
:10BC7000821D0500A51D0500441E0500286F022039
:10BC8000C41D0500041E0500E61D05000246014610
:10BC900010B53C2311F8010B0C32F8F709FA0446F1
:10BCA00028B101210346034A034821F02DFD204617
:10BCB00010BD00BFA91E05002882040008B5FFF7CB
:10BCC0005FFE48B1054A1368834205D004491060FD
:10BCD0000B6801330B60436408BD00BF246F022072
:10BCE000286F02202DE9F0438446894616462F4CE2
:10BCF0009BB01D46DDE923870CAB04F1300E1A46DC
:10BD000020686168083403C274451346F7D120687F
:10BD100061461060227904A81A71202224F081F96A
:10BD20006B462022224804A900F072F80446C0BBEA
:10BD3000102249460DF1350024F073F910223146E6
:10BD40000DF1450024F06DF9294611F8013B06225A
:10BD50000DF156008DF8553024F063F92299062232
:10BD600011F8013B0DF15D008DF85C3024F059F9BC
:10BD70004346352268460CA900F04AF8044680B9CB
:10BD8000404624F058F9012335228DF830306846BA
:10BD90003B460CA900F03CF8044610B9384624F0A4
:10BDA0004AF920461BB0BDE8F08300BF3A85040085
:10BDB0009432050070B50E461D46144698B00146F3
:10BDC000202204A824F02DF9202231460CA824F0CA
:10BDD00028F91022294614A824F023F9102221461C
:10BDE000684624F01EF96B465022684604A900F00C
:10BDF0000FF840B9039B054A1BBAB3FBF2F102FBF3
:10BE000011331C9A136018B070BD00BF40420F0080
:10BE10002DE9F0418CB007460C461546002114224E
:10BE200007A81E462AF076FF4FF41053ADF81830DD
:10BE30008023ADF81A304FF44063DFF854801022AD
:10BE4000CDE90838394604AB06A829F0B3FE03460D
:10BE500048B1104A1048012121F056FC6FF004004F
:10BE60000CB0BDE8F08105AB029310232246414699
:10BE7000CDE9006304982B4629F08BFF0446049813
:10BE800029F0CEFD2043EBD0044A2346E2E700BF71
:10BE90000002C003E01E0500C8810400FC1E05006E
:10BEA00010B54FF0000E00F1070C541E2CF0030CDF
:10BEB0001860A4B2ACF80020023A93B201FB04F27D
:10BEC00040F802E074B14FF6FF7C03FB011403FB62
:10BED00001F22044121B013B9BB263458050A0EB52
:10BEE0000100F8D110BD00BF0346006810B1026820
:10BEF0000AB91A607047C11D21F00301B1F800C0F2
:10BF0000D11D21F003010CF1FF3CA1F800C0F0E7C6
:10BF10000B687BB1073323F003031A88013292B216
:10BF20000346D1F800C043F807CB23F003031A807F
:10BF3000086070470122F3E702FB0100704700BF71
:10BF4000401A90FBF2F080B2704700BF531E1144BC
:10BF50009BB242B1DB430138CA1811F8013D91424E
:10BF600000F8013FF9D17047014402E010F8013BAD
:10BF70001BB98842FAD1002070470120704700BFEA
:10BF800010600860704700BF0A680346006890426E
:10BF900009BF002200200A601A607047D2F800C072
:10BFA000CCF80000D2F800C0CCF804101060704744
:10BFB000884203D01AB1436813607047002070476D
:10BFC0000B68834209D02AB1586810601A680A6069
:10BFD00018467047002BF9D1FAE70023F8E700BFB5
:10BFE0002DE9F8434FF090080C270D4EDFF8349000
:10BFF00006F1200409EB0805294620462A1D083CC5
:10C00000FFF7BEFFB442A5F10C05F5D1043F3B1D7F
:10C01000A8F13008A4F12006EAD1BDE8F88300BFFA
:10C02000F07002203C71022003468C4610B49AB195
:10C0300001EB4101144803EB4304090101EB8401C6
:10C040000144487A0C7AA04204BF0130087210BC47
:10C05000614618460DF0FCBF01EB41020A4C12018B
:10C0600000EB400302EB830323449C7ADA7AA2427A
:10C0700001D010BC704701329A720122034B5A540E
:10C0800010BC0EF015B800BF187102209470022089
:10C09000F8B506461C460D4602B322786378D21ADC
:10C0A00012F0030229D1294F71004FEA450C3144A7
:10C0B000AC44890001EB0C1101330431DBB27A1876
:10C0C000606821462370FFF769FF0122204B294653
:10C0D00030465A550DF0ECFF0020F8BD0DF0D2FFB0
:10C0E0000028DAD0294630460DF0BEFF637860B9EB
:10C0F0002278D21A12F00302D5D0012A03D00133DC
:10C10000DBB22370E1E71046F8BD05EB450206EB14
:10C1100046010E4F120102EB81023A44907AD27A24
:10C12000710090424FEA450C05D02078C01A10F0FB
:10C130000302E2D1BBE72278D21A920702D002337F
:10C14000DBB22370D4E902039847C5E718710220D7
:10C15000947002202DE9F04FDFF8689189B019F84A
:10C160000030002B5BD0002103248346DFF858A168
:10C17000C0EB0013CDE9041100EB40079B000AEB74
:10C180000717039309F800100294B846002358F8E3
:10C19000240FB96A07AA0793FFF70AFF444605462A
:10C1A000CDB1079E96F800807278A8EB020808F0DF
:10C1B0000308B8F1010F35D031788A1A02F0030272
:10C1C000012ACBB23DD1D7E9090107AAFFF7F0FE5A
:10C1D0000546002DE5D197F82E3097F82F209A428A
:10C1E00003D087F82F300123049397F82C3097F869
:10C1F0002D209A4203D087F82D3001230593029B0E
:10C200000C3F5D1EEBB2FF2B0293BED1D846DDF88A
:10C2100010B00599BBF1000F01D0002947D009B03B
:10C22000BDE8F08F013A7270079AD2E9020188479F
:10C23000079E32787178D3B2521A02F00302012AB3
:10C2400023D000222146B86A0193FFF7B9FE75603A
:10C25000019B717873703278521A02F00302012A3E
:10C260000AD0D7E9090107AAFFF7A2FEB8F1010F2A
:10C27000054695D104460EE0039B71701A1D3146A8
:10C2800028465244FFF78AFEEBE707AAD7E90901DF
:10C29000FFF78EFE0446029B8BB101235946584698
:10C2A00009F80B300DF004FF09B0BDE8F08F0A4625
:10C2B0004046414609B0BDE8F04F0DF0C9BE002C24
:10C2C00089D0EAE794700220187102204B1E844640
:10C2D000DBB271B100200CF1FF319C4411F8013F39
:10C2E00023B15A1E01301340C0B2FAD16145F5D1D5
:10C2F00070470846704700BF70B5057E0468FF2D83
:10C300002AD02A464FF0000C07E09E6814F80E3041
:10C310001546FF2BB4441FD01A4602EB420391424C
:10C320004FEA031E04EB0313EFD18D4202D114F840
:10C330000E20027614F80E2005EB45052D01FF2A8C
:10C340009868625506D002EB420204EB0212936831
:10C3500003449360604470BD002070BD2DE9F84334
:10C360002C248E46214DBDF8288004FB00556968B9
:10C3700001EBCE0611F83E70F178707801F1010CF6
:10C380005FFA8CFC674598BF4FF0000C60452AD0DF
:10C3900004274FF0020904FB01F071680C180F54D8
:10C3A0006360089B6270A360099BA4F81080E3603F
:10C3B0000B9B84F802906361109B23620C9BA3612A
:10C3C0000D9BE3610E9B63620F9BA36286F803C023
:10C3D000D5E90836704698472B4600223946B047C3
:10C3E000A078BDE8F8830120BDE8F883D871022069
:10C3F0002DE9F04F0368427A87B046680193002A1E
:10C4000000F0F6808B468246531EDBB206EBC30378
:10C4100002930596029B5A6893F801900492CDF816
:10C420000C90BBF1FF0F5CD000260BEB4B04019B83
:10C430002201DE4613F802B003EB0414FF27277035
:10C44000DAF800509AF8183005EB0208BB42D8F829
:10C45000081018BF00960DD1C6E0091A05D1B8F82A
:10C460001E90F68BB14500F28280AA5C1F46FF2A1F
:10C4700072D0134603EB430205EB0216B0684FEA95
:10C48000430C81424FEA0212E7D2009EFF2F18BFF1
:10C4900007EB470788F8003018BF3F016344C8F82E
:10C4A000081005EB03130CBF8AF818E005F807E045
:10C4B0009A68521A9A60A37801336370002EB0D044
:10C4C0000020736A3070B0700BB1B16A984763682E
:10C4D000002BA6D1736ABBF1FF0F2362B36A6362BC
:10C4E000A2D1DDE90395029B9878484509F1010244
:10C4F00029D02C2303FB09F302995FFA82F909780A
:10C50000EA5C494508BF4FF00009042A05EB030621
:10C51000EBD196F801E001990EEB4E0201EB02140B
:10C520006078A1781201884224D000220120EA54C8
:10C53000736AB0700BB1B16A9847029B09F10102AE
:10C5400098784845D5D1029A059950709142A2F148
:10C5500008034DD002935DE79C444FEA0C1CC8F8D9
:10C56000081088F80020009E05F80CE0A3E70146BB
:10C57000009E8BE74FF6FE70338ADAF81410834280
:10C58000CDF80C9007D04FF6FF701B1AB3FA83F367
:10C590005B0984F82C304FF6FD70336AA362F368B0
:10C5A0006360338A834288BF00230020A3837369BA
:10C5B000A361B369E360F3692361B5686061A56055
:10C5C00073685F1A0AD400233D4463610023E38348
:10C5D000E378A56043F00103E3702FE7CB1A9D4297
:10C5E000F1D85B1B0546F0E7AB548AF818E062E728
:10C5F00007B0BDE8F08F00BF01232DE9F04F447E66
:10C600008FB08376002C40F0B580037E8146FF2BEF
:10C6100000F0AF800CF000FDD9F81420D9F81C30E0
:10C62000A0EB020B5B4594BF0023012399F818800F
:10C63000A246B8F1FF0FD9F80060039378D00494B4
:10C6400008EB480806EB0814A3684FEA08185B4596
:10C650006DD8A278ABEB030B9A44637816F8088088
:10C660009B1ADDB2012D5FD1A369A06A0293002855
:10C6700000F01681016800297FD0002B00F029818D
:10C68000039B002B00F04981037A5A0700F03A819E
:10C69000037A23F007030372E78BE2787B1C22F016
:10C6A0000102E27094F82C209BB2E383002A00F090
:10C6B000DE80A28B9A4280F0DA80A06A002800F027
:10C6C0006481037A03F00703012B00F0D080002778
:10C6D00041684760A36A1A7A67F302021A72A27865
:10C6E000E768013AA270FFB16069D9F81430E278C6
:10C6F000AAEB0000184402F001022369002D40F06B
:10C70000E180B4F81EC0CDE9002363462A46B8474D
:10C71000DDE90223002A18BF43F001030393E37805
:10C72000E58365F30003E370B8F1FF0F88D1049C43
:10C7300099F80B3099F80A209A4208D10132D2B206
:10C74000022A16BF14460023234689F80B4009EB42
:10C750008303C3F80CA0D9F8244000254B460122DE
:10C7600004210320A44689F81A500FB0BDE8F04F09
:10C77000604784760FB0BDE8F08F029B002B00F07D
:10C780008D80039B002B83D1D9F81C309A45FFF490
:10C790007FAFB8F1FF0F7ED0029BE78B9C460993D9
:10C7A000A38BCDF82880BB428EBF3946FB1A99B2C5
:10C7B0006368CDE907A801FB03319A46DDE90983E7
:10C7C000CDF818B0CDF824C04FF0000EA346844633
:10C7D00005910B920C950D97CDF8289003EB430330
:10C7E00006EB031291681B018E44F04548D3906A12
:10C7F000946900283FD0006800283CD0D58B978BE7
:10C800005068AF4240F29480002840F09880BCF11C
:10C81000000F32D08146DCF8000028B1029919B926
:10C820007444A04280F0BE80AF4226D8D0789BF8F6
:10C83000032000F0010402F00105A54205D34240A7
:10C84000D1071AD4B9F1000F17D060465C46DDE974
:10C8500006BADDF820800C9DDDF824C00D9FDDF8C0
:10C860002890002840F09780CDF808C015E7A378FD
:10C87000013BA37058E7002CC0D1F35CFF2BADD176
:10C880000B9ADDF828906046DDE9088CCDF808C0E9
:10C890005C46DDE906BA002800F09180002516E725
:10C8A000029B63B3039B002B7FF4F6AED9F81C30D8
:10C8B0009A45FFF4F1AEB8F1FF0F7FF46DAF039925
:10C8C0000D460DE7CDE900234FF6FF730022B84770
:10C8D0002AE7039B63B9D9F81C309A4508D3B8F10D
:10C8E000FF0F54D04FF0960CE78BCDF824C057E7DC
:10C8F00096230293037A5A077FF4CAAE02E0029DA0
:10C900000021EDE6A18BE28B91423FF6C1AE012200
:10C9100062F302030372E78BBFE6D9F81C309A4535
:10C92000FFF4B2AEB8F1FF0F7FF436AF039DCEE651
:10C9300068B9BCF1000F7FF46DAFE14676E7BAF15C
:10C94000000F20D1BCF1000F97D0D14663E7BAF1B8
:10C95000000F12D0A5EB07091FFA89F9411A00FB55
:10C960000911059888422CBF4FF000094FF00109CA
:10C97000BCF1000F7FF44FAF56E7D146BCF1000F7A
:10C980007FF449AF50E7A946E8E7A278B8E79623D5
:10C99000039D02939BE60168CDF808C000293FF48F
:10C9A00077AE71E65C46DDE906BA0146DDF8208027
:10C9B00060460C9DDDF82890DDF824C0ECE70546C4
:10C9C00001468DE6837E002B40F008832DE9F04F71
:10C9D000437E8BB083460793002B77D10121837A66
:10C9E000C27A40699A4206908BF8191000F0F782DB
:10C9F0000B44DBB2022B0ABF079A1A4613460124E6
:10CA00008BF80A300BEB8203DA68069B039213441F
:10CA1000CBF814309BF818900CF0FEFAB9F1FF0F28
:10CA2000049002D1CBF814000690DBF800309BF89C
:10CA300009200093531EDBF80470DBB2002A00F0DB
:10CA4000D68307EBC306FF23CDE908494FF02C0A34
:10CA5000D94602930597D6F804B0F178B5786B1CE7
:10CA6000A942DBB262D032780AFB05F79A4208BFCE
:10CA70000023B3701BF807200BEB0704042A3BD9F3
:10CA8000082A2DD86178009801EB410300EB0318C8
:10CA90001B0198F80200019398F801301B1A13F05B
:10CAA000FF032BD1062A1BD199F81B308B424ED0A5
:10CAB0004FF000030BF80730A370636A002BCCD053
:10CAC000A16A00209847F178B578C8E70421446A44
:10CAD000034601220846A4460BB0BDE8F04F60476C
:10CAE0004FF0000301200BF80730636AA070002BA1
:10CAF000B3D0A16A9847B0E71D46B0E7052A1DD11B
:10CB000062684AB9A2683AB9E2682AB922691AB9D0
:10CB1000626932F07F42E3D0012B25D004214B46DD
:10CB200001220846D9F82440A047B570059AA6F11D
:10CB30000803964200F0DF801E468CE7012B00F0D0
:10CB40009480062AEAD199F81B308B42B0D16168F3
:10CB5000D9F814208B1A40F1B080521A03999142EF
:10CB600094BF00235B18AAE04846FFF7C5FBC8F84E
:10CB70000800049BD9F814E0A3EB0E0C039B03EB15
:10CB80000C01884240F2A280421AD8F8043013B354
:10CB9000A38A03B3013B99B2A182D8F80400B8F884
:10CBA0001E30824207D80AE0ABB2121AA8F81E3033
:10CBB0008242A18A03D98B4203F1FF35F4D899420E
:10CBC00007D901339BB2A8F81E30A18A02448B42D8
:10CBD000F7D3A8F81C106168D8F814301144C8F8CD
:10CBE0000810A268D8F828001344C8F8143048B1D7
:10CBF00002683AB1D4E901329B1A4360D8F80810B0
:10CC0000D8F81430BCF1000F68DB8C449C456FD918
:10CC1000ACEB03020023C8F81430C8F80820E2681F
:10CC2000D8F818301344C8F818302269934294BFDA
:10CC300000239B1AC8F81830A37D2BB198F8032065
:10CC400063F3000288F80320E37D13B1013B88F809
:10CC50002C30029BDDE90021535498F801306278B2
:10CC60000133029288F8013022E7062A3FF41CAF14
:10CC70004846FFF741FB98F80230C8F8080088F8EA
:10CC8000013099F81B2063789A427FF411AF1BF8AA
:10CC90000730062B3FF45BAFFF2389F81B301BF8EE
:10CCA0000730062B3FF453AF082B3FF450AF0499E5
:10CCB000D9F814208B1A3FF550AF039A1344D9F8D2
:10CCC0001C209A4288BFC9F81C30F1E6D8F814300D
:10CCD00000221944091AC8F8141056E7049AAEEB5A
:10CCE000020E8E4591D39E44AEEB0103002292E7E3
:10CCF000A3EB0C03FAE7CB46089CDDF824909BF8E5
:10CD00001850002C00F00F81049B069ADBF800807D
:10CD10009F1AB5EB090318BF0123FF2D08BF1F465B
:10CD200000935AD00026CDF80490B146039E05EB3F
:10CD3000450308EB0314A2684FEA031EB24200F257
:10CD40003482A3786178B4F81EC0C91ADBF81C30AD
:10CD5000B61A9A4223BF4FF0FF338BF81B300023E3
:10CD60009B1ACBF81C30BF1A9144A26AA069C9B2C1
:10CD7000002A00F0B0801368002B00F09780002894
:10CD800040F09780022900F00A820023A36018F87F
:10CD90000E308BF818306368A26A002B72D122B172
:10CDA000137A03F00703012B4BD049B1012902D0BC
:10CDB000BCF1000F04D0236A13B10120616A9847C7
:10CDC000A37863709BF81850FF2DB0D1DDE900798E
:10CDD000B9F1FF0F18BF47F0010700265846029926
:10CDE000FFF706FBCDE90197DBF80050CDF800B066
:10CDF000009B187EFF2800F0FD8104464FF0FF09DC
:10CE000000E01C4604EB440305EB0317B96A1B0161
:10CE10008E4629B10A7A02F00702012A00F0E68064
:10CE2000EB5CA146FF2BECD1DDF800B0DDE901970A
:10CE3000002E40F09780814540F09480002F7CD0F8
:10CE400094E03246A378A66063700699DBF814C0BC
:10CE50004944B1EB0C0A606947D4514611448842F9
:10CE60004CD2081A0021029A0133DBB2A060616142
:10CE700008F80E20637002959BF81850FF2D7FF480
:10CE800056AFA3E722B1127A02F00702012AD8D0E6
:10CE9000E08BA8BBA08B94F82C10024602FB033257
:10CEA000002936D06378E083A260CEE700283FF403
:10CEB0006CAF02297FF469AFBCF1000F7FF465AF5E
:10CEC000137A03F00703012B3FF45FAFCBF81C008C
:10CED0008BF81B5059E700283FF457AF02297FF425
:10CEE00054AFBCF1000FF1D04FE7ACEB010C94450F
:10CEF000B3D300EB0C01891A0020B4E7411AFBE719
:10CF00000022A17802FB0332617094F82C100029F2
:10CF1000C8D19742C6D91A440131974289B2FAD88A
:10CF2000014488B2BEE758460299FFF761FA9BF8C0
:10CF30001800814513D14D4511D100238BF81930CC
:10CF40009BF81A30002B46D0DBF824405B460122C8
:10CF500003210420A4460BB0BDE8F04F6047FF2832
:10CF600000F05281B9F1FF0F00F03581DBF800309D
:10CF700000EB400003EB00139F68002F33D00CF050
:10CF80004BF80A260446DBF81450013E621B974218
:10CF900002F1060115D9B9422CBF6D18ED19DBF865
:10CFA0002830284698470CF037F8C4F101022B1BB3
:10CFB00002449A4207D90EB10446E4E700DE044673
:10CFC000E1E70123079300238BF819309BF81A300F
:10CFD000079A1A43B8D10BB0BDE8F08F7047079B92
:10CFE0001C46039316E58BF81970ADE7BA68002A62
:10CFF00040F01D81D7F818B0BBF1000F06D10A68C8
:10D00000002A00F020818E464FF0960BDEE9002AC0
:10D01000924580F0D680A2EB0A08EA5CFF2A00F075
:10D02000D08000210098CDE904A4C0699A4600F19F
:10D030009606A8EB0B0003908C4608463446134630
:10D04000CDF818900BEB0C09C8453FD303EB430315
:10D0500005EB031296681B013044962877D9A0F19E
:10D0600096066644464528BF46460BEB04018845B4
:10D070000DD3B1450BD8B969002900F081809EF825
:10D08000081009077CD4B6EB0B0140F0A980916A27
:10D0900021B1097A01F00701012968D091690029BD
:10D0A00065D05268002A62D0BA698444963101EB97
:10D0B0000C04002A59D09EF80820A8EB0B01120797
:10D0C00000F192800020EB5CFF2BBBD15346DDE9E1
:10D0D0000549DDF810A08A44CEF804A015F803B085
:10D0E000BBF1FF0F5A4618BF4FF0FF0801D1B0E067
:10D0F000024602EB420005EB001CDCF808604FEA38
:10D10000420A8E424FEA001080F0A580285C9046CB
:10D11000FF28A1EB0601EBD1B960B9F1FF0F00F0D8
:10D12000828009EB4901090105F801B0524412015E
:10D13000A95CE954AC540222FB8B0126013BFB8322
:10D140009EF8083062F302038EF8083050E6BE699C
:10D1500086B19EF8086016F0080686D0946984446B
:10D160009634039A64449442ACD82146AAE700213D
:10D17000EB5CA9E791698444963161440C46A1E7D0
:10D18000002C84D0A6EB0B06A64280D32246DDE914
:10D1900005495346DDF810A0114692449CE7BCF1C6
:10D1A000000F7FF4F2AD96208AE6921BA260DDF8B4
:10D1B00004909BF81830009F4B4518BF47F00107BB
:10D1C0000BE6CEF804A0EB5CFF2B08BF002140D09B
:10D1D0000023BB60AFE70BF005FF9BF81800C5E626
:10D1E000A142FFF454AF71E70A460021BBE7FF23D9
:10D1F000029384E59B46DDE901972EB9B9F1FF0F53
:10D2000002D1002F3FF499AE0BF0F6FE00287FF418
:10D2100094AECBF81C008BF819009BF81A30002B49
:10D220003FF4D9AE90E6009981F818B07EE700DEB1
:10D23000B96AD7F818B08E46BBF1000F7FF4E6AE9E
:10D2400000297FF4DCAE00DE4FF0960BD7F828E023
:10D25000DCE6B9606FE7761AB8F1FF0FCCF808602A
:10D26000B9603FF468AF424615F803B04FEA480A88
:10D2700053E700BFF0B4049E9DF81440069D28BB00
:10D28000144F3A605A1E39727B727E60D2B26BB113
:10D290002C2006EBC20319465D6013F808298E4264
:10D2A000A4EB020400FB0255E4B2F4D174B9FF23ED
:10D2B000079A7C613A62089A7C817A62099AFC61D9
:10D2C000BA623B76FB762046F0BC70470120F0BC8A
:10D2D000704700BFD871022040B9064A117EFF296D
:10D2E00001D1107270476FF00F0070476FF015009A
:10D2F000704700BFD87102202C22044B02FB003380
:10D30000187A003818BF0120704700BFD87102207A
:10D310002C22074B10B402FB00335C6A2CB1A446EC
:10D3200001220321022010BC604710BC704700BFDF
:10D33000D871022010B4BDF81040DDF814C0039479
:10D340000024CDF810C0DDF818C0CDF814C0DDF809
:10D350001CC0CDF818C0DDF820C0CDF81CC0DDF829
:10D3600024C0CDE908C410BCFEF7F8BF10B4BDF866
:10D3700010400394059C0494069C0594079C069415
:10D38000089C0794099C08940A9C099410BCFEF719
:10D39000E5BF00BF2DE9F0472C24244DBDF82C80BB
:10D3A00004FB0055084669689DF8307001EBC00E1B
:10D3B00011F830A09EF803109EF8019001F1010CC5
:10D3C0005FFA8CFCE24598BF4FF0000CE1459DF8F8
:10D3D0003C6028D04FF0050A4FF0020904FB01F130
:10D3E000DEF8044004F801A00C446360089B6270FE
:10D3F000A360099BA4F81480E3600A9BA7752361CE
:10D400000D9BE67563620E9B84F80290A3628EF812
:10D4100003C0D5E9083698472B4600220421B047BF
:10D42000A078BDE8F0870120BDE8F087D871022020
:10D4300010B588B00A9CDDF82CC000940024079435
:10D44000BDF83440CDF804C003949DF83840DDF8B1
:10D4500030C004940F9CCDF808C00594109C06942D
:10D46000FFF798FF08B010BDF8B52C27174E07FB43
:10D4700000660846746804EBC10191F803E014F8F3
:10D4800030500EF1010C5FFA8CFC654598BF4FF0EF
:10D49000000C4C78644517D007FB0EFE07270225C9
:10D4A0004C6804F80E7074446362069B6270A57049
:10D4B000A36281F803C0D6E90835984733460022B5
:10D4C0000421A847A078F8BD0120F8BDD87102203A
:10D4D000F8B52C27184E07FB00660846746804EB65
:10D4E000C10114F830E0CC784D7804F1010C5FFAFA
:10D4F0008CFCE64598BF4FF0000C65451AD04FF004
:10D50000080E07FB04F402274D6805F804E02C44DC
:10D510006360069B62706362079BA770A36281F8D9
:10D5200003C0D6E908359847334600220421A847AE
:10D53000A078F8BD0120F8BDD87102200BF06CBDB9
:10D54000401A704700210148704700BF7F49010021
:10D55000022801D00120704738B5044608461D4610
:10D5600003F030FB18B108232B70002038BD204693
:10D5700038BD00BF082303700B70704738B50546EF
:10D5800000200C4602F084FE70B93DB9074B44B14F
:10D5900020681860A2889A80002038BD044B002CB7
:10D5A000F6D11C609C80F7E70C2038BD0C7202207D
:10D5B00004720220012804D808B9034870470348C0
:10D5C00070470020704700BF0C72022004720220D6
:10D5D000012809D830B9064B186808609A8818469F
:10D5E0008A807047034BF7E700231846704700BF57
:10D5F0000C7202200472022010B504460AF032F8C0
:10D6000050B90AF097FB60B90AF0ACFF70B9204638
:10D61000BDE8104015F086B800DE0AF08BFB00284C
:10D62000F2D000DE0AF09EFF0028F0D000DE204697
:10D63000BDE8104015F076B80860014815F072B8E2
:10D64000147F022015F06EB82DE9F84F0B7889464B
:10D65000072B88BF2B4B834688BF93F840309246F8
:10D660009A424DD0274D5C1C35F83320E4B2082C8B
:10D6700008BF0024002601274FF01208028005EBA6
:10D68000C30319E0012838D0C3F80480072C89F8B7
:10D69000004088BF95F84040A24523D023B2013412
:10D6A00035F83310E4B2BBF80020082C08BF002482
:10D6B000914205EBC30315D15868B0B1FF28E1D9F9
:10D6C000027902F00302013A012A12D912225A60A9
:10D6D00003F090FA072C89F8004088BF95F8404085
:10D6E000A245DBD13046BDE8F88F01365F60F6B267
:10D6F000CCE701360122F6B2E9E70136F6B2C5E71A
:10D700000026EFE7407202202DE9F041324F3B88BE
:10D71000984253D913F0FF0524D0DFF8C08098F861
:10D7200015400134E4B2052C08BF002498F81430E9
:10D73000A34219D02A48FEF7D7FB064690B12948E4
:10D74000FEF7D2FB00283BD0066098F8153048F869
:10D7500023003B88013D013B15F0FF0588F815408B
:10D760003B80DED1BDE8F0813B88002BFAD000265B
:10D77000DFF8748098F80D400134E4B2032C08BF40
:10D78000002498F80C30A342ECD01548FEF7ACFB0F
:10D7900005460028E6D01348FEF7A6FBB0B16E6040
:10D7A000056098F80D3048F823003B8888F80D4054
:10D7B000013B9BB23B80002BDED1D3E70546ACE7B3
:10D7C0003046BDE8F0410649FEF7A2BB2846BDE859
:10D7D000F0410349FEF79CBBA8720220E47B0220C3
:10D7E000AC72022000730220887202202DE9F843F7
:10D7F0004FF00008304B314F181D08222421A7F8A4
:10D800002480FEF74DFB082208262D4B1146181DDB
:10D81000FEF746FB97F8249097F825400134E4B2D0
:10D82000092C08BF0024A14516D02548FEF75CFB53
:10D83000054688B12048FEF757FB002837D0C5F8C9
:10D840000480056097F8253047F82300013E16F064
:10D85000FF0687F82540E1D11A4B0822181D4FF426
:10D860008E71FEF71DFB184B0A22181D0821FEF7CA
:10D8700017FB1548FEF738FBA8B1144A111FFEF735
:10D880007FFB1148FEF730FB78B1114A111FFEF7FC
:10D8900077FB06220F4BFF201A80FFF735FFBDE80C
:10D8A000F84308F02DBB00DEE7E700DEEDE7284691
:10D8B0000349FEF72DFBCFE7407C0220647D022068
:10D8C000FC7B022000730220AC720220A4720220B2
:10D8D0009C720220A87202202DE9F0417E4D7F4EFD
:10D8E00086B004AA02A90DF1070003F047FF044621
:10D8F000D5E9000103AAFEF75BFB074650B3039B83
:10D90000002B6AD0187804AA02A903F04FFF039BEA
:10D910000446002840D0049ABDF808101F78ADF8DE
:10D920000A10059203F054FF2146059ABDF80A003B
:10D9300003F082FF204603F015FF384605AA0DF1DB
:10D940000A0103F033FF04460028EBD1306814F0DD
:10D95000E9FEC6E7002C3DD0049B9DF807700593B7
:10D96000BDF80830ADF80A3003F032FF2146059AC1
:10D97000BDF80A0003F060FF204603F0F3FE3846CE
:10D9800005AA0DF10A0103F011FF04460028EBD1AE
:10D99000306814F0C7FEA4E705931B79013B2C2BDC
:10D9A0001ED8DFE803F01F32781D1D1D1D1D1D1D33
:10D9B0001D1D1D1D1D1D1D1D1D1D1D1D6E1F1D1D44
:10D9C0001D1D1D1D1D1D1D1D1D1D1D1D1D1D1D1D87
:10D9D0001D1D1F0006B0BDE8F08100DE039B91E72E
:10D9E00000DE7EE700223C496868FEF7E9FA384627
:10D9F0003B4B059993F841303A4A0B70FEF7CEFA4B
:10DA0000364B186814F08EFE6BE7002232496868C6
:10DA1000FEF7D6FADDF81480D8F8084034B1237840
:10DA2000002B56D02378013BDBB2237098F80C30E2
:10DA300013B1012B47D000DE00232B4A88F80C30AD
:10DA400092F8253092F824100133DBB2092B08BF7D
:10DA5000002399423BD0C8F8007092F8251042F894
:10DA6000218082F82530002C3FF43BAF2378002B37
:10DA70007FF437AFA368002B3FF433AFE0689847DB
:10DA80002FE7002214496868FEF79AFA384605998C
:10DA900003F048FB25E7384605A903F05DFB0E4976
:10DAA00000226868FEF78CFA059900293FF419AF47
:10DAB0000B792E2B3FF415AF094B384693F84130C4
:10DAC000084A0B709AE7404603F050FCB4E700DECA
:10DAD000C9E700DEA6E700BFA0720220107F022087
:10DAE000407202209C720220647D022010B5294BF6
:10DAF000294C86B018600BF069FA2378002B41D0CE
:10DB00000D22052104234FF0020C244C01922448DD
:10DB1000244A059000942172237023490492234AD9
:10DB20000020CDE902210621214A84F810C084F8A2
:10DB300018C0FFF79FFB50BB012200211D4825F0B4
:10DB4000D8FC09F01BFD044610B1204606B010BDFC
:10DB5000FFF74CFE0AF0D6F804460028F5D102F093
:10DB600055FB04460028F0D10AF0F0FC04460028DA
:10DB7000EBD103F083FA04460028E6D1012008F037
:10DB800049FEE2E7FEF72CFA01232370B8E700DE36
:10DB9000D2E700BF107F022004BB02206881022070
:10DBA000A1A1020001A10200E1A002002C7F02203D
:10DBB00088810220147F022030B587B002F02CFB50
:10DBC00098BB03F061FA002834D100241C4B204696
:10DBD000A3F8404008F01EFE1A491B4A1B4BA1F84F
:10DBE000804194829C8101222146684625F081FC77
:10DBF000174B0320224621466D46C3F808D0FEF796
:10DC000047FAC8B94FF0FF324FF0FF33284614F0FF
:10DC1000C3FD02F007FB88B9FFF7E8FD00210120F2
:10DC200007B0BDE83040FFF7A9BC00DE03F02CFAD6
:10DC30000028CAD000DEC8E700DEE3E700DEEBE73D
:10DC4000407202208C7D0220E47B02208872022038
:10DC5000A008002008B5FFF7AFFF09F0C5FC00B130
:10DC600008BDBDE80840FFF737BB00BF2DE9F04312
:10DC7000804689462C4D2D4F83B00023C8F80030D4
:10DC800095F8414001AAD7E90001FEF791F906464F
:10DC9000002834D0019B48461A782549FFF7D4FC68
:10DCA000034690BB95F840208DF8012095F841205F
:10DCB0000DF101010DF102001C46FFF7C5FC44EA1D
:10DCC000000212F0FF020346F0D101990B79012BFB
:10DCD00022D139467868FEF773F930461549FEF7C8
:10DCE00017F9154A1388052B13D8019801331349E6
:10DCF0001380FEF70DF90120FFF706FDBDE7224670
:10DD000048460B49FFF7A0FC0346184603B0BDE8A0
:10DD1000F08300DE1388E8E713461846C8F80010C1
:10DD200003B0BDE8F08300BF407202209872022069
:10DD300080720220AC720220A872022000730220BE
:10DD4000002330B5344983B0486801AA0193FEF737
:10DD500037F9002858D03149FEF7DAF8019A1379DB
:10DD60002D2B19D8DFE803F01718181718181818F2
:10DD70001818181818181818181818181818181B20
:10DD80001717171717171818181818181818181819
:10DD900018181818181703B900DE03B030BD137F28
:10DDA0003C2B1CD0537FC3B193681C68A06D20B17D
:10DDB00000231B49A365FEF7ABF894F85E3023F00F
:10DDC000010384F85E30002002F062FA10F0FF00D8
:10DDD000E3D108F0A5FD03B030BD00DEF3E79368A2
:10DDE000D3E9004595B100225A60AB6F93B905F1B4
:10DDF0006C0105F16800FEF7C7F8034640B12868DA
:10DE0000AB6702F0C5FED8E700DEA4E700DEEAE774
:10DE100000DEF4E700DEEAE798720220AC7202202E
:10DE200000730220F8B5046806460CB3324D204654
:10DE3000037924682D2B18D8DFE803F0271717275C
:10DE40001717171717171717171717171717171762
:10DE500017171721332727272727171717171717DC
:10DE60001717171717171717172700DE002CDED103
:10DE700000233360FF20BDE8F840FFF745BC037F77
:10DE80003C2B27D013B100DE037963B32B88052B1D
:10DE900026D8013319492B80FEF73AF8002CC6D159
:10DEA000E6E7C0880028E1D102F080FE0746E0B135
:10DEB000D7F88830DBB907F17C0107F17800FEF76D
:10DEC00063F8B0B1C7F88800384602F061FE002C54
:10DED000ADD1CDE70949FEF71BF8002CA7D1C7E764
:10DEE00000DE2B88D5E700DED0E700DEE0E700DECD
:10DEF000E1E700DEE6E700BFA8720220007302201F
:10DF00000148FDF7F1BF00BFAC7202200149FDF7E7
:10DF1000FFBF00BFAC7202200148FDF7E5BF00BFA4
:10DF2000007302200149FDF7F3BF00BF0073022018
:10DF3000034B044A93F841300B70FEF72FB800BF33
:10DF4000407202209C72022008B5064B064A93F8E4
:10DF500041300B70FEF722F8044B1868BDE808400A
:10DF600014F0E0BB407202209C720220107F02205D
:10DF70000B490A7B4B7B9A420AD8A3EB020C5FFA4F
:10DF80008CFC604509D89A4207D051F822007047AE
:10DF900003339B1ADBB29842F7D90020704700BFC9
:10DFA00088720220074A117B537B8B4208D04B1C9E
:10DFB000DBB2032B08BF002352F821001373704714
:10DFC000002070478872022000B50D4A92F841C0C7
:10DFD00092F840E00CF10103DBB2082B08BF0023EC
:10DFE0009E4509D022F83C0002EBCC0CCCF8041082
:10DFF00082F841305DF804FB00DE00231B80FFDE69
:10E00000407202200022042302700B70704700BF90
:10E01000002208B501201146034BFEF739F800B97C
:10E0200008BD00DE08BD00BF90080020022810B522
:10E030000C4602D00B68022B07D04FF0FF324FF096
:10E04000FF33024814F0A8FB206810BD147F0220A3
:10E0500004490A680AB11046704702460860104633
:10E06000704700BF3C720220044A136823B19842F3
:10E070000ABF002100231160184670473C7202203D
:10E08000014B1868704700BF3C72022004490A68BF
:10E090000AB110467047024608601046704700BF3C
:10E0A00084720220044A136823B198420ABF0021F7
:10E0B000002311601846704784720220014B1868D3
:10E0C000704700BF8472022070B5056886B02B7857
:10E0D000EBB104466E4601220021684625F009FA9C
:10E0E0000C4BC5E902362B788BB100220A4B03207A
:10E0F00011469C60FDF7CCFF38B947F61222002389
:10E10000304614F049FB06B070BD00DEF5E76FF055
:10E110007700F8E745D6010080080020F0B5244ECE
:10E120000C463368174685B0002B36D0994215D17E
:10E13000022503AB02460093032100201D4B0395EB
:10E14000FFF792F9022805460CD0039B022B09D158
:10E1500095B133680BB19C4221D014B36FF02D0000
:10E1600005B0F0BD4FF0FF324FF0FF33124814F00E
:10E1700013FB039D002DECD13846FFF7A5FF336854
:10E180000BB19C4210D0002CE8D10028E8D010F14F
:10E19000780F08BF002005B0F0BD3160C8E700234C
:10E1A00033606FF07700DBE735600028D8D0EEE70A
:10E1B0003C72022039D60100147F02200B490A7DEF
:10E1C0004B7D9A420AD8A3EB020C5FFA8CFC6045A7
:10E1D00009D89A4207D051F82200704705339B1A9C
:10E1E000DBB29842F7D90020704700BFE47B0220E1
:10E1F000074A117D537D8B4208D04B1CDBB2052BA7
:10E2000008BF002352F821001375704700207047A3
:10E21000E47B022038B50C46054603F0A9FA034614
:10E22000237021462846BDE83840014AFDF7B6BEB6
:10E23000A4720220012200201146014BFDF728BFE5
:10E240007008002070B50C46054603F091FA0346AD
:10E25000214623702846054AFDF7A0FEBDE8704020
:10E26000012200201146024BFDF712BFA4720220CA
:10E27000700800202DE9F0471A4E9DF8209096F87E
:10E2800081C196F880510CF1010E5FFA8EFEBEF14D
:10E290000C0F08BF4FF0000E75451ED0144606EB5C
:10E2A0004C1C654680460F469A4610685168E368E4
:10E2B000926809F001090FC59CF81C30CCE904A84C
:10E2C00023F0030343EA0903CCF818708CF81C30E0
:10E2D00086F881E16046BDE8F0874FF0000C6046AB
:10E2E000BDE8F0878C7D0220054890F8803190F8D9
:10E2F00081219A4214BF00EB43100020704700BFF9
:10E300008C7D022010B402780B4C0B2A94F88131DA
:10E3100088BF94F88021014688BF0270934209D0DB
:10E32000531CDBB20C2B08BF002304EB42100B7014
:10E3300010BC70470020FBE78C7D02202DE9F04FD8
:10E340003D4E87B096F8803196F8812102909A422E
:10E350003ED04FF000080E24C346C246CDE90488E3
:10E3600006EB4313CDF80C801D7FD3F80090C5F366
:10E370004002DF6805F00105002C4DD0013CE4B2FD
:10E380004AB396F8811196F88031994220D0013332
:10E39000DBB20C2B08BF0023994286F8803117D0DE
:10E3A000590106EB4313002ADED1D86805BBBAF148
:10E3B000000F33D0BBF1000F36D01A7F9707D3D1AF
:10E3C0005045725834D05845CED105998A42CBD1A8
:10E3D00007B0BDE8F08F194902988B601146174BC2
:10E3E0000192FDF755FE019A0028CAD000DEC8E769
:10E3F000039ABAB1B8F1000F08BFB8461A7F950763
:10E40000B2D4D207DCD5BBF1000FADD1039A824262
:10E41000DED08045A8D1DBE700DEAFE7BA46CDF815
:10E420001090EBE70397E9E7BB46CDF81490E5E7DA
:10E4300004998A42C7D1CBE78C7D02206008002076
:10E44000064B93F8242093F82510914204D053F8FA
:10E45000220010B10C30704700207047647D02200C
:10E4600070B5154A92F8241092F825308B4220D0CE
:10E470004B1CDBB2092B08BF002352F8214082F865
:10E480002430A4B10223002526682371A0602560F2
:10E4900003F06EF903462146084A23703046FDF723
:10E4A0007DFD012228461146054BFDF7F1FD204672
:10E4B00070BD0024FBE700BF647D0220A47202202F
:10E4C0007008002030B48569D0E90743E0181130A6
:10E4D00085428ABF2C46431B11330C60136030BC4D
:10E4E000704700BF10B5002482B0049B93F80AC0A7
:10E4F0002CF0020C83F80AC0CDE9004409F0E4F9DD
:10E5000002B010BD012210B582B00192047F034613
:10E5100014400269D0E90501009409F0D5F908B961
:10E5200002B010BD7730FBD000DEF9E710B4CB6845
:10E5300004691A78042A02D0236810BC18475B7853
:10E54000052BF9D1002010BC704700BF30B50B8AF5
:10E5500083B0002B3CD0054601F10C000C461FF0A7
:10E5600058FD012816D0022808D0012103461B4A75
:10E570001B481FF0C9F86FF0150009E001A92046FB
:10E5800000F036FF019911B12846FFF7CFFFC8B15F
:10E5900003B030BD002301A92046019300F096FA94
:10E5A000014678B12846FFF7C1FF0028F0D1019D50
:10E5B00045B1284601F002FB03466B7109480199F9
:10E5C00024F070FF2046F4F767FB002003B030BD55
:10E5D0000121054A02481FF08EF8CCE7509704004D
:10E5E000E0810400AC8202203C97040010B504696D
:10E5F000FFF730FB40B90548F3F754FF0448F3F741
:10E6000051FF0020206010BD00DEF4E70042022030
:10E61000884202202DE9F0414FF0000806460769C4
:10E6200082B04FF0FF324FF0FF33344814F046F819
:10E630000028F6D043790190042B31D8002B46D026
:10E64000022B4CD04FF0FF334FF0FF320220F5F792
:10E65000B3FD0446019B002C4BD01846214600F028
:10E660009FFF019B01A8C3F80080FFF7DBFB20465A
:10E670001FF056FC0546214600201FF07BFC2B8A2C
:10E680000446012B08D9294630463B68984714F0C8
:10E690005BFD002CEBD1C4E72846F4F7FDFAF6E762
:10E6A000052B14D14FF0FF334FF0FF320820F5F760
:10E6B00083FD04460198214600F048FF019B01A814
:10E6C000C3F80080FFF7AEFB002CD0D1A9E700DE35
:10E6D000019B01A8C3F80080FFF7A4FBA1E700237A
:10E6E000002201210020F5F77FFD0446019B002C4C
:10E6F000B3D101A81C60FFF795FB92E7AC82022022
:10E70000F0B5054683B014E04FF0FF324FF0FF3311
:10E7100000211320F5F768FD22460446BDF80210DB
:10E7200001F034FA21462846FFF700FF40BB14F001
:10E730000BFD0DF1020101A8FFF798FA044600282D
:10E74000E2D1019BA3B1FFF7FBFA019F384601F02C
:10E7500035FA019E78717379032B02D13379182B26
:10E7600010D03146174824F09DFE019B002BE0D1CC
:10E770004FF0FF324FF0FF33134814F00DF8D8E795
:10E7800000DED4E721464FF0FF324FF0FF33052083
:10E79000F788F5F729FD0446394606F11C002246A4
:10E7A00000F0AEFE384600F0C9FE3CB121462846D6
:10E7B000FFF7BCFE20B92046F4F76EFA019ED0E7C1
:10E7C00000DEF8E7AC820220C8820220F0B50546E0
:10E7D0000E46076989B0254824F024FE4FF0FF3229
:10E7E0000021234824F085FE2148FFF77FF90446E5
:10E7F000002831D13E6001F0F7F9002600276FF0C4
:10E80000090C4FF4E072CDE90667CDE90144194BDC
:10E81000194904940095CDF80CC0184814F094FAE6
:10E820001749164824F081FF6FF0070C4FF460720F
:10E83000CDE90667CDE90144124B134904940095D4
:10E84000CDF80CC0114814F07FFA11490F4824F09C
:10E850006CFF204609B0F0BD012103460D4A0E4869
:10E860001EF052FF204609B0F0BD00BFAC8202206E
:10E87000C882022001E7010048E302200042022092
:10E880008497040015E6010008E502208842022072
:10E890009497040064970400E081040008B514F024
:10E8A0000DFC054824F0CBFD034824F0BBFDBDE87A
:10E8B000084014F017BC00BFAC8202202DE9F041E3
:10E8C000194C6468A40004D59046184A12681207CF
:10E8D00001D4BDE8F08103F10C0405460E46204644
:10E8E00002211FF05EFB40F63E43012103802046DB
:10E8F0001FF057FB04230B21037020461FF051FB30
:10E900000570A0F801803DB97268B368C0F80320B3
:10E91000C0F80730BDE8F0810027C0F80370C0F8E8
:10E920000770BDE8F08100BF90020020880200203F
:10E93000F0B50138144687B011280AD8DFE800F096
:10E94000233F5509096709799AAD09090909090998
:10E95000090D6FF0150007B0F0BDCB68DA78997833
:10E96000188807F0B9FA564B0646012118881FF09F
:10E970008CFF012105460C301FF013FB067025604B
:10E98000002007B0F0BD4E4B0D2118881FF07DFF11
:10E990000D2120600C301FF004FB4FF48064002335
:10E9A00004210122474D0370C0F80150A0F8054032
:10E9B000C171037242728372C3720373E0E7404B0A
:10E9C000412118881FF061FF412120600C301FF0A9
:10E9D000E8FA002104463E2200F8031B28F09AF9C9
:10E9E00040F2A733A4F80130CAE7354B0921188853
:10E9F0001FF04BFF092120600C301FF0D2FA0022DB
:10EA0000034603F8012BC0F801205A60B8E7C96833
:10EA10000020FEF7B3FD2A4B012118881FF035FFB7
:10EA2000012105460C301FF0BCFA0023037025605D
:10EA3000A6E7254E01AD0FCE0FC5214F3368122139
:10EA400038882B701FF021FF122120600C301FF03E
:10EA5000A8FA00230446064695F800C004F8013BD6
:10EA600001AD0FCDC6F801006160A260E36084F8DB
:10EA700010C085E7124B182118881FF006FF1821D7
:10EA800020600C301FF08DFA00230446012100F8AD
:10EA9000023B0AF01FFA607072E7094B21211888C7
:10EAA0001FF0F3FE212120600C301FF07AFA0023C2
:10EAB0000146013001F8113B0AF05CFA60E700BF43
:10EAC00078B9022002000500C897040000232DE950
:10EAD000F0418CB00793038A022B40F22581054652
:10EAE00003210C301FF08DFA2A8A83789A42C0F0F5
:10EAF00025810288D54EC2F38523082B32801FFA68
:10EB000082FCC2F309040DD8D3B1013B072B17D8FF
:10EB1000DFE813F0FD001600DA00C0001600160052
:10EB200016001D003F2B0BD12046294607AAFFF7F0
:10EB3000FFFE163018BF079C40F0E580B6F800C015
:10EB4000012160460CB0BDE8F0411FF0B0BE621E6E
:10EB50004D2AF5D801A353F822F000BF6BF0010055
:10EB6000EBF00100A1F0010041EB010097F0010082
:10EB70007BF0010067F101005BF101004FF1010042
:10EB800045F1010041EB010041EB010041EB0100C7
:10EB900041EB010025F101001FF1010017F1010017
:10EBA0000FF101000DF3010041EB0100E3F2010060
:10EBB000D5F201009BF201007BF2010041EB010064
:10EBC00071F2010061F2010041F2010041EB01002C
:10EBD00041EB010041EB010021F2010007F20100CD
:10EBE000DDF10100A9F101009DF1010041EB0100FF
:10EBF00041EB01008FF1010087F1010081F101007B
:10EC0000E9EF0100B5EF010081EF010077EF0100AE
:10EC100069EF01001FEF010009F00100E7EE0100BC
:10EC20009BEE010041EB010041EB010041EB0100D3
:10EC300041EB010041EB010041EB010041EB010020
:10EC400041EB010041EB010041EB010041EB010010
:10EC500041EB010041EB010041EB010041EB010000
:10EC600041EB010041EB010041EB010041EB0100F0
:10EC700041EB010041EB010041EB010041EB0100E0
:10EC800041EB010079EE010041EB010041EB010095
:10EC900061F00100621E082A3FF652AF01A353F84B
:10ECA00022F000BFDBED01008FED010069ED0100F6
:10ECB00041EB010041EB010041EB010041EB0100A0
:10ECC00041EB010049ED0100632C00F07C8300F270
:10ECD0002E83032C00F096802D2C00F05B83012CFA
:10ECE0007FF42EAFEA685A4B1168604619602146DE
:10ECF00052685A601FF0C9FD012104460C301FF014
:10ED000050F90023037020460CB0BDE8F081062CBA
:10ED100000F019831D2C7FF413AFEB68188802F004
:10ED200079F8014630880DE701214A4A4A481EF029
:10ED3000E2FC002420460CB0BDE8F0810121474AE6
:10ED400045481EF0D8FCF4E7604607211FF09DFD02
:10ED5000072104460C301FF024F90146002001F879
:10ED6000010BFEF735FCCEE7092160461FF08DFD53
:10ED7000092104460C301FF014F9002203466021DB
:10ED800003F8012BC0F801205A604171BBE76046CF
:10ED900041211FF07AFD412104460C301FF001F99A
:10EDA000002105463F2200F8021B27F0B3FF4FF475
:10EDB0000A720423C0212020A5F80F204FF490628E
:10EDC000A971EB722649EB75264B6870C5F81A10CD
:10EDD000C5F82130A5F8272095E7092160461FF0E6
:10EDE00054FD092104460C301FF0DBF800234FF4DA
:10EDF00050610D221C4D0180C0F805508370C37016
:10EE0000027180E700200021184A4FF0FF3441F6DC
:10EE1000FF75C2E900011F2000210D4BC3E9004529
:10EE2000134BC3E90001FEF7C7FE012130881FF034
:10EE30002CFD012104460C301FF0B3F800230D4ACD
:10EE400003701360FFF72AFD5DE700BF78B9022069
:10EE500090020020DC970400D8810400F49704009D
:10EE6000F7C3F70E30F0F97FF105FFFF10430220E2
:10EE700088020020E0820220604603211FF005FD89
:10EE8000032104460C301FF08CF8002301460130AA
:10EE900001F8023BFEF76EFB35E7EA689478D1781B
:10EEA000E70744BF41F00701D170A4071088B2F80A
:10EEB0000550137940F18A8243F00703137143EA46
:10EEC0000102072A40F08E824F0700F0888215F079
:10EED00003021CBF05F1FF3505F0010202F03CF80A
:10EEE000014630882EE6EB681A78D10749BF072122
:10EEF000587808465970920749BF072299781146F9
:10EF00009A7002F01DF80546012130881FF0BDFC03
:10EF1000012104460C301FF044F80570F3E660460A
:10EF200009211FF0B2FC092104460C301FF039F80A
:10EF3000054608AB0DF11A0206A90DF1160001F005
:10EF4000CFFF0022BDF81630A5F80130BDF818300B
:10EF5000A5F80330BDF81A30A5F80530BDF820300B
:10EF60002A70A5F80730CEE6EB68188807F004FC95
:10EF700001213088BEE6EB68187807F0E9FBC2E7AC
:10EF8000EB680721186808AE08909A889B7960465C
:10EF9000ADF824208DF826301FF077FC07210446B9
:10EFA0000C301EF0FEFF05463046691C07F09EFB44
:10EFB0002870A8E6EB680721186808AE08909A88C0
:10EFC0009B796046ADF824208DF826301FF05DFC5B
:10EFD000072104460C301EF0E4FF05463046691C4C
:10EFE00007F048FB28708EE6604602211FF04DFCBA
:10EFF000022104460C301EF0D4FF054607F00AFA41
:10F00000002368702B707EE6EB68604605211E8841
:10F010001FF03BFC052104460C301EF0C2FF0546E4
:10F02000B7B22A1DE91C384601F06AFFEB7829794E
:10F03000002B93FAA3F391FAA1F2B3FA83F308BF7A
:10F040004FF0FF330029B2FA82F208BF4FF0FF32CF
:10F05000013301322870A5F80160EB702A7152E685
:10F06000E868C17907F092FB4DE7EA68C64B116882
:10F0700060465268196001213BE6EC68A57BA379E4
:10F080006279217920880295657B07340195009487
:10F0900000F0DEFF37E7E9680120FEF76FFA32E79C
:10F0A000604609211FF0F1FB092104460C301EF0D7
:10F0B00078FF0025034603F8015BC0F801505D604E
:10F0C0000646FEF73FFA2B46C1F3072261F307031A
:10F0D00062F30F23090C61F31743090A61F31F63FD
:10F0E000C6F80100C6F805300DE6042160461FF0A1
:10F0F000CCFB042104460C301EF053FF00236FF0BC
:10F1000004010322037041708370C270FBE5E8685C
:10F1100007F014F9F7E6E86807F05CF8F3E607F0A3
:10F1200033F8F0E6604602211FF0AFFB02210446EF
:10F130000C301EF036FF00230370054607F022F85E
:10F140006870E0E5EB68187801F0EEF8DBE6E96856
:10F1500011F8010B01F09AFBD5E6E96811F8010BF3
:10F1600001F026FBCFE6022160461FF08EFB022154
:10F1700004460C301EF015FF002303704370C2E5F7
:10F1800007F04AF9BFE6E86807F086F9BBE6E868E9
:10F1900000F11702C11D07F069FDB4E6EB6859885C
:10F1A000188801F091FEAEE6604605211FF06DFB68
:10F1B000052104460C301EF0F4FE054608A90DF1A9
:10F1C0001A0001F075FE0022BDF81A30A5F80130D2
:10F1D000BDF820302A70A5F8033094E5EB681F884D
:10F1E0009A885988B8B201F037FE05460321308865
:10F1F0001FF04BFB032104460C301EF0D2FE0570BD
:10F20000A0F801707FE50023EA6802211788927850
:10F21000B8B2CDE90233CDE9003301F03BFDE4E7BC
:10F220000022EC6802212788638803922589B8B2FE
:10F230000295E5880195A488009401F02BFDD4E7A0
:10F24000092160461FF021FB092104460C301EF005
:10F25000A8FE00234D494E4A01604260037252E508
:10F2600000220621EB681F88B8B206F023FEBCE737
:10F27000EA68002132F8027BF6E7604609211FF0B8
:10F2800004FB092104460C301EF08BFE00230821EC
:10F2900000F8013B08F0B8F935E5E868002308AA52
:10F2A00000F110010BF024F8112130881FF0EDFA65
:10F2B000112104460C301EF074FE0023064607465A
:10F2C00006F8013B08AD0FCDC7F801007160B260D0
:10F2D000F36018E5EB68188801F07AFD0146308884
:10F2E00030E4EB68604608211E881FF0CEFA082142
:10F2F00004460C301EF055FE0546B7B23846E91CF0
:10F3000001F00CFDA5F801602870FCE40022E9681A
:10F310004B88088803920C890294CC8801948988D0
:10F320000091114601F0B6FC014630880AE47B2CBE
:10F3300012D07C2C7FF404ACEB681F885988B8B2DB
:10F3400001F06CFE51E7EB689978188801F00AFD2E
:10F3500001463088FFF7F6BBEB6808A91F88B8B2F2
:10F3600001F030FE0521054630881FF08EFA052198
:10F3700004460C301EF015FE0570A0F80170BDF8B3
:10F380002030A0F80330BEE488020020008FCC308B
:10F39000ECC00100EB68604604211E8893F80280EF
:10F3A0001FF073FA042104460C301EF0FAFD0546E6
:10F3B000B7B2022042463946EB1CFEF7C9F8A5F861
:10F3C000016028709FE4EA68084B50E641EA0302B6
:10F3D000072A07D84C0702D05A077FF478AD1221CC
:10F3E000FFF7AFBB1121FFF7ACBB00BF10430220FA
:10F3F00000232DE9F0470B60038A032B2DD9054626
:10F4000088460C3004211EF0FCFD2B8A4688B0F89B
:10F410000090B34232D3FB2E2AD801F0E5FB4FEA2D
:10F420001937BA460446002837D05FEA9A0A19D13C
:10F43000E7B1012F16D12379667167F301032371B8
:10F44000E9683246E01D27F03FFC2146C9F30B0076
:10F4500001F0D6FBC0B9BDE8F0870121214A22485E
:10F460001EF049F96FF01500BDE8F0870227E2E7CA
:10F4700001211E4A1C481EF03EF9F3E701211C4AF7
:10F4800019481EF038F9EDE701211A4A16481EF016
:10F4900032F9204601F0AEFBE4E70121164A12489A
:10F4A0001EF029F9154B1B689B0117D54FF0FF3251
:10F4B0004FF0FF330220F4F77FFE0221C8F800006E
:10F4C0000C301EF06EFD4FF48D730380D8F80000F1
:10F4D00001210C301EF065FD012303706FF0680000
:10F4E000B9E700BF14980400D881040048980400CC
:10F4F0002898040078980400649804009002002082
:10F50000F8B50D4B1B68DB0600D4F8BD02F10C0406
:10F5100007460D46204602211EF043FD40F20543FA
:10F520000421038020461EF03CFD0026A0F8015077
:10F5300006703A78C270F8BD90020020024A136843
:10F54000013B1360704700BFE0820220037F03F09D
:10F550000303013B012B01D900DE704770B504465F
:10F5600001F10C0528460421E6881EF01AFD034629
:10F57000227F02F00302022A0CBF46F4005646F432
:10F5800080560680627F28465A80617F1EF009FD02
:10F59000627F04F11F01BDE8704027F095BB00BFFA
:10F5A0002DE9F04385B090F804C00446BCF1030F88
:10F5B0000D46C68804AF00F11C080ED0ACF1170C44
:10F5C000BCF1060F00F23581DFE81CF0210082005B
:10F5D000B4008B00A100E1000001C37F033B122BAC
:10F5E00000F22781DFE813F03B0225012501C60167
:10F5F000DF012501EA01250125012501F101250190
:10F600000E0225013302250125012701270118F0EB
:10F61000010F40F0A78294F81C80B8F1000F00F0B1
:10F620004682AF4B5B68980057D5AE4B1B6803F41E
:10F63000007913F0010340F05F8159EA03034CD0D5
:10F64000B8F1000F40F071820221A74A0C3513680F
:10F650000133136028461EF0A4FC41F63E730121DD
:10F66000038028461EF09DFC0A2203461E211A70C4
:10F6700028461EF096FC0023A0F801600370637F0B
:10F68000C370A37F0371D4F81F30C0F80530B4F8FD
:10F690002330A0F80930D4F82B30C0F80B30B4F880
:10F6A0002F30A0F80F30D4F82530C0F81130B4F85E
:10F6B0002930A0F81530638EA0F81730A38EA0F87B
:10F6C0001930E38EA0F81B3094F83830437704E00B
:10F6D0000A4640463146FFF713FF0437BD46BDE8F2
:10F6E000F0837F4B00245B681B04F6D50C350221A8
:10F6F00028461EF056FC4FF44C7203460321284660
:10F700001A801EF04EFC0470A0F80160E5E7774B0C
:10F710001B681C02E1D50C35022128461EF041FC75
:10F7200040F257220346022128461A801EF039FC77
:10F730000680D2E76A4B5B689900CED5694B1B689F
:10F740005A07CAD50C35022128461EF02AFC40F67D
:10F750003E230121038028461EF023FC032203469A
:10F76000092128461A701EF01CFC18F0010F40F009
:10F77000FB81237FA0F801600370E38BA0F80330C6
:10F78000238CA0F80530638CA0F80730A5E7544B14
:10F790005B689800A1D5534B1B6819039DD50C35A8
:10F7A000022128461EF0FDFB40F23E43012103806A
:10F7B00028461EF0F6FB1422034603211A70284641
:10F7C0001EF0EFFB0680237F837086E7444B5B6867
:10F7D0009A0003D5434B1B681B0553D4637FA07F5E
:10F7E00093FAA3F190FAA0F2002BB1FA81F108BFCD
:10F7F0004FF0FF310028B2FA82F208BF4FF0FF321B
:10F8000094F81CC06C468AB0481C04AB511C0625F9
:10F810001A4659623649C3E907C09E61596142F8E8
:10F82000105F00234FF442513248F1F727FAA54602
:10F8300053E700DE51E72A4B5B689A007FF54DAF36
:10F84000284B1B685B067FF548AF0C350221284624
:10F850001EF0A7FB40F63E330121038028461EF030
:10F86000A0FB072203460A211A7028461EF099FBC6
:10F870000680A38C4380E38C8380238CC380638CBD
:10F8800003812AE70C35022128461EF08AFB40F24C
:10F890003E630121038028461EF083FB0C220346B1
:10F8A00005211A7028461EF07CFB237FA0F801601A
:10F8B0000370627F92FAA2F3002AB3FA83F308BFBF
:10F8C0004FF0FF330133C370A27F92FAA2F3002AF4
:10F8D000B3FA83F308BF4FF0FF3301330371FCE643
:10F8E0009002002088020020E082022010430220C3
:10F8F0008C980400D8810400B8F1000F40F0EB8030
:10F900009C4A136801331360B9F1000F40F02E8157
:10F910000C35022128461EF044FB41F23E33012102
:10F92000038028461EF03DFB0122034612211A7077
:10F9300028461EF036FB80F80080A0F80160637F47
:10F94000C370A37F03F001030371D4F81F30C0F824
:10F950000530B4F82330A0F80930638EA0F80B30DE
:10F96000A38EA0F80D30E38EA0F80F3094F8383055
:10F970004374B2E6804B00241B681A067FF5ADAED7
:10F980000C35022128461EF00CFB4FF48162034621
:10F9900004211A8028461EF004FB01230470A0F8FD
:10F9A0000160C37099E690F820300E2B00F0B6800D
:10F9B0000221724A72481DF0A7FE8EE60B463246BF
:10F9C00041460020FEF77AFF87E66B4B1B681B065B
:10F9D0007FF583AE0C350221284694F820401EF0B6
:10F9E000E0FA4FF48162034604211A8028461EF093
:10F9F000D8FA00239C4208BF1F24A0F801600470BD
:10FA0000C3706AE65C4B5B68980059D55D4B1B6818
:10FA1000990655D50C35022128461EF0C2FA40F64B
:10FA20003E330121038028461EF0BBFA062203461E
:10FA30000A211A7028461EF0B4FA0680238C4380EF
:10FA4000638C8380A38CC380E38C038145E690F8AC
:10FA5000203002214C4A4A481DF056FE3DE6464BF6
:10FA60005B6898007FF539AE464B1B68D9067FF579
:10FA700034AE0C35022128461EF093FA40F63E5370
:10FA80000121038028461EF08CFA052203460C2132
:10FA90001A7028461EF085FA034623F8026B216A85
:10FAA000626AC0F802105A60238D438115E6FF2276
:10FAB000A07F04F1250304F11F0106F099FDB0E5D4
:10FAC00000231A2202213046CDE90233CDE900336A
:10FAD00001F0E0F801E6B9F1000F26D10C35022162
:10FAE00028461EF05EFA41F23E330121038028468B
:10FAF0001EF057FA01220346122128461A701EF002
:10FB000050FAC0F80190C0F80590C0F80990C0F80C
:10FB10000D9080F8119080F80080DEE50B463246AB
:10FB200000211A20FEF7CAFED7E50C35022128462F
:10FB30001EF037FA41F63E72034601211A8028462C
:10FB40001EF02FFA0A2203461E211A7028461EF0C4
:10FB500028FA04461D220021601C27F0DBF884F8F7
:10FB60000080BAE500DE56E500DE02E602210C3533
:10FB700070E500BFE082022090020020B8980400E7
:10FB8000D881040088020020C898040070B500F1F4
:10FB90000C040E462046022115461EF002FA40F2E1
:10FBA0001352034605211A8020461EF0FAF901235C
:10FBB000A0F801600370A0F8035070BD0379032B17
:10FBC00009D0172B05D0183B052B8CBF0020032034
:10FBD000704701207047037F03F00303032B14BF1A
:10FBE00005200420704700BFF0B44FF0FF3441F609
:10FBF000FF750021084A0026C2E900450027074A90
:10FC00001F2011600021064BC3E90067054BC3E9C3
:10FC10000001F0BCFEF742BE90020020E08202200C
:10FC2000104302208802002010B582B0059C0C4AC7
:10FC30000C4BA21AA3FB0232C2F3471262B9023282
:10FC400001210020084B0094D2B2FDF70DFC10F00A
:10FC5000FD0F03D102B010BD00DEF0E700DEF9E7D2
:10FC6000088302204FECC44E09FD010070B5036803
:10FC700005465E6DDEB100229C6D5A65F4B100212F
:10FC80004FF0170E4FF6FF7C996504F11C0084F8C5
:10FC900004E0A4F806C01E2227F03CF83C23A5602F
:10FCA000237721463046BDE87040FEF74DB900DEAF
:10FCB00000229C6D5E6D5A65002CE0D100DE9C6DCB
:10FCC000DDE700BF0E4A0F4B12781A7000B970477B
:10FCD00010B54B7F82B001EB83031B6A01911C7846
:10FCE000FEF7CEF90199814201D102B010BD14F0A6
:10FCF0000E0F02D14B69002BF7D000DEF5E700BFF5
:10FD000006BB022005BB0220024600B17047084630
:10FD100008B5054B012198600220FCF7B9F900B93C
:10FD200008BD00DE08BD00BFD008002003788BB1FD
:10FD300010B50C4B00F11001996082687AB900226D
:10FD4000094C084BC0E9024101201146FCF7A0F91B
:10FD500018B910BD1030FFF789BF00DE10BD00DEFE
:10FD60009968ECE7C00800206DFC010038B5134C21
:10FD70006569AB6FB3B905F16C0105F16800FCF77B
:10FD800003F90346C0B1AB672868002500F000FF07
:10FD9000A06D6561FEF7C6F8606DA565FEF7B6F863
:10FDA000656538BD00DE05F16C0105F16800FCF702
:10FDB000EBF803460028E6D100DEE4E708830220E2
:10FDC00070B5314C84B094F85E30D90738D563698A
:10FDD00053B193F82C2042F0020283F82C2063697F
:10FDE00093F82C30DA0742D42748FEF731F98442E1
:10FDF00040D1237EDB0726D403AD0222032100205D
:10FE0000224B00950392FDF72FFB2946FEF70EF9D2
:10FE100040BB1F48FEF758F900282FD11A48FEF7BB
:10FE200023F9844228D163690BB1FFF79FFF94F84F
:10FE30005E30002023F0010384F85E3006F070FD90
:10FE4000002004B070BD022603AD03210122002072
:10FE50000E4B00950396FDF707FB2946FEF7E6F8E3
:10FE60000028CAD00848FEF7FFF884420AD10C20C7
:10FE700004B070BD00DEBCE700DED4E77830CDD042
:10FE800000DECBE700DEF2E70883022039D601006E
:10FE90001883022000B54B78511E10334FEAC30C73
:10FEA000037889B203F00F03062B14D8DFE803F0C0
:10FEB000042918131313040043781033DB0003F2F2
:10FEC0001B320CEB020003F5B37313FB01F3184470
:10FED00080B25DF804FB40F253204FF4F373F4E773
:10FEE00090F801C001EB8103C3EB031040000CF15B
:10FEF0001003DB0000F23B1003FB020290B25DF83E
:10FF000004FB40F2E33040F21623DEE74FF6FF71C8
:10FF100030B58B428BB09DF838C00F9C1AD0217839
:10FF200015460131C9B22170002949D00022264965
:10FF30000B818B7AC1E900056CF300038B72234BB4
:10FF400004F11000C860996001201146FCF7A0F888
:10FF5000002837D1207E10F0010505D11C4A1D4B29
:10FF600011781B788B4201D00BB030BD01330421D6
:10FF700009A8137007F064FB42F2107C164B174A75
:10FF8000174805931749099BA21AA0FB0202A1FB7F
:10FF90000301490B0CFB113352090232013328468D
:10FFA0000121CDE902550694049501950095D2B240
:10FFB0000993FDF73DFA10F0FD0FD5D000DED3E731
:10FFC00000DEB3E700DEC5E718430220B0080020DA
:10FFD00006BB022005BB0220C5FC010008830220ED
:10FFE0004FECC44E5917B7D170B5184C02262046B5
:10FFF00007F0B8FE04F10C0007F0B4FE4FF4006502
:020000022000DC
:1000000006224FF0000E4FF0040C34F8043C94F834
:10001000421023F4437323F0020343F00E0324F849
:10002000043C637866F3420104EB83035B6884F865
:100030004210A4F8405083F800E05A70637B04EB50
:100040008300036983F800C05A7070BD24830220C6
:100050002DE9F04F694C8E4694F85E60684983B094
:1000600016F00106054603C9DDF830809DF834C05E
:100070009DF8389000908DF8041040F08B80714608
:10008000012928460DEB0E0108BF00201F460B7802
:10009000154603F00E02B2FA82F2218B0CF0070C27
:1000A00009F003094FEA4C0C21F443714CEA092C86
:1000B00021F002014CEA010C617FA4F85C0004EB22
:1000C0008101D1F82090A4F818C099F800A003F09D
:1000D0000F032AF01F0152090B4362F3451389F8FD
:1000E000003003F00F03012B0AF00F0A49D094F8F7
:1000F0005E3065F3420384F85E30DAB25B070CD5FC
:10010000134667F3C30384F85E30D8F800303D4AE5
:10011000C4F85F30B8F80430938099F8003005F0E7
:10012000010B03F00F02012A39D099F80120F2B136
:10013000BAF1010F51D099F800306BF3861323F018
:10014000800389F8003094F82930246104EB83049B
:10015000E36AAD0105F040055A7845F004051D70CD
:100160000AB906225A70304603B0BDE8F08F6BF32F
:10017000861362F3C71389F80030062389F801302B
:10018000E1E7BAF1010FB2D099F80120CAB984F8B9
:100190003460ACE70C26304603B0BDE8F08F4A4629
:1001A0006BF3861367F3C71302F8083B0C23D8F8E8
:1001B0000010C9F80810B8F80410918089F80130CF
:1001C000C1E7052A16D9063AD2B209F108010E484C
:1001D00084F8342026F078FD89E794F834200A4921
:1001E00009F1080026F070FD94F83430063389F8E0
:1001F0000130A0E700DE99F80120E4E7088302203F
:10020000C4840400678302203D83022008B5FFF701
:10021000EBFE002008BD00BF08B5FFF7D1FD0020B0
:1002200008BD00BF08B5064807F0ACFD044B03F15C
:100230000C0007F0A7FDFFF7D7FE002008BD00BFA8
:1002400024830220034A044B801AA3FB0030C0F32E
:100250004F107047088302204FECC44E044A0068D8
:10026000044B801AA3FB0030C0F34F10704700BF4F
:10027000088302204FECC44E30B9044890F85E3039
:1002800013F0010300D0704700207047088302205C
:1002900028B9044B93F85E0000F00100704700207D
:1002A000704700BF0883022048B9064B93F85E00F0
:1002B00010F0010004D0587E00F0030070470020C9
:1002C000704700BF0883022070B50546807E0C464B
:1002D00006F04CFC10B3237843F04003237002680F
:1002E0002378C4F80220828803F00F03012BE280F8
:1002F00004F1020601D0304670BDA87E06F04EFC27
:100300000028F8D02346227842F0800203F8082B18
:100310000268A260828830469A8070BD2078C0F35F
:100320008010FDF747F9DAE7002800F045812DE954
:10033000F04FC14C8DB094F85E2012F0010540F0F2
:100340002881FF23607EA37600F0030006F006FB01
:1003500094F85E00420700F12081627F94F8293012
:1003600004EB8202166A04EB8303D3F82C8086B177
:100370003146B148FFF7A8FF33785B0605D5062163
:10038000FBF7F2FD002800F03F814146AA48FFF745
:100390009BFF337813F00E0F40F0918063691BB11F
:1003A0000C200DB0BDE8F08FFDF7AAFD81460028B6
:1003B00000F03381FDF7B0FD8246002800F02A816D
:1003C00000F0E0FB0546002800F02E814FF6FF7399
:1003D0008384D0F8880005F1100B002800F01F81FD
:1003E00005F17C0205F17801FBF7CAFD4FF4C0234B
:1003F0000027C5F88E31B5F87630284623F4EF6330
:1004000023F0070343F48C7343F00103A5F876301F
:1004100095F83730C5E9127703F03F0363F07F03A7
:1004200085F8373095F88E30C5F8887023F00703CB
:1004300085F88E3095F83C30A5F88C7023F00F03CA
:1004400085F83C3085F839706F85C5F82E702F65BA
:10045000A5F86071A5F89471A5F88A7102F032FED2
:1004600085F86471C5F8689100F050FE95F89C31EC
:1004700060F3020385F89C3100F04EFE95F89C3144
:10048000012160F3C50385F89C3195F86231284657
:1004900067F3410385F8623101F0B0FC05F1E0003B
:1004A00002F02EFCC4E9159AC4F814B0C5E902772D
:1004B0002F702D6107F032FB002840F0A780237ECB
:1004C0000121C3F342030DF12B008DF82B30FBF714
:1004D000FDFE0246002871D041463046FFF7DAFCA7
:1004E0000025B4F85C80C4E9025560602570FDF712
:1004F00025F800F21317B8F1000F07D1357805F091
:100500000F05A5F10105B5FA85F56D09207E616835
:1005100065F30000207610F0010056D0002002267E
:10052000464A0491099201910694DFF81481106003
:10053000444A0BAD032105923B463246CDE9020009
:100540000090CDF81C8008950B96FCF70FFF29460C
:10055000FDF76CFD90BB3C4A3C49009205913B463F
:1005600001220321CDE90300CDE90100CDF81C8073
:10057000089506940B96FCF7DDFE2946FDF756FD1F
:10058000E0B9012094F85E30034384F85E3006F051
:10059000C7F900200DB0BDE8F08F2A4604F15F01D5
:1005A000C0F3C00006F00CFBFF28A0763FF4D5AEE8
:1005B000284606F0EDF9D0E6FFF702BC6369002B90
:1005C0003FF4EEAEFFF7D2FBEAE640F27122A8FB61
:1005D00002254FF6FF75019202220491039501F561
:1005E0001C51164D10310694029000902960144958
:1005F0000995079113490BAD05913B4603210895D9
:100600000B92FCF7B3FEB8E71220CAE6FFF7AEFB89
:100610000320C6E64846FDF779FC0720C1E605F150
:100620008000C5F88800DBE65046FDF77BFC4846B5
:10063000FDF76CFCF1E700BF08830220FC8202207A
:1006400039D601000DFF0100728E130029FC010054
:1006500070B50446237E8AB0C3F342030D460DF104
:100660002300012116468DF82330FBF72FFE31467B
:1006700002462846FFF70EFC63680546834221D9EF
:100680000022191A0192134A134B02910221A21A55
:10069000A3FB0232002352090A4409910F4909AE13
:1006A000059118460321CDE903330696D2B2009393
:1006B000FCF7BEFE3146FDF7B9FC38B96560002095
:1006C0000AB070BDFBD20021C21ADBE70C200AB0D1
:1006D00070BD00BF088302204FECC44E39D6010024
:1006E0001F295BD82DE9F041437F0E4600EB8303C1
:1006F0001F6A05463B78904603F00F03012B82B03A
:100700004ED00DF107011C3007F088FB3946044636
:1007100097F800C003780CF00F0C23F01F0343EA96
:100720000C0303703B7890F800C0C3F3401363F3ED
:10073000451C80F800C03B785FFA8CF7C3F3801348
:1007400063F38617077011F8023BFFB2DB0963F30E
:10075000C717062200F8027B26F0C3FA324641464C
:1007600004F10800063626F0AFFA667095F85E30A0
:10077000DB0706D49DF807306B77002002B0BDE898
:10078000F08195F82930214605EB83032846DA6A83
:10079000FFF75EFF0028EDD00C20EFE71220704736
:1007A0000A4680F834604146353026F08DFAE4E799
:1007B00003460A4601481946FFF792BF0883022004
:1007C0001F295FD82DE9F04190F829300F4600EB42
:1007D0008303DE6A0446904682B000F12805002EAD
:1007E00041D028460DF1070107F018FB31460622DB
:1007F00005460378BE1823F03F0343F0040303705B
:1008000011F8020BDBB2C0F3801003F03F0343EAA0
:1008100080132B706E70A81C26F063FA3A4641468E
:1008200005F1080026F050FA94F85E30DA0707D494
:1008300000209DF8073084F8293002B0BDE8F0812F
:100840004123627F04EB8202116A0A7802F00F02F0
:10085000D340DB07ECD52A462046FFF7F9FE0028F7
:10086000E6D00C20E9E7284607F07CFAC0B258B978
:1008700094F8293004EB8303DE6A042333700623E3
:100880007370AEE7122070470720D6E703460A468A
:1008900001481946FFF794BF088302200146002251
:1008A00008B5054B012099601146FBF7F1FB00B933
:1008B00008BD00DE08BD00BFE008002083680146D7
:1008C0005A6892F82730DB0901D100DE7047083101
:1008D00005F0FCB82DE9F0410546076882B04FF4F9
:1008E000D47223493846FBF72BFB05F168062946ED
:1008F00007F03AFE3146E86E01AAFBF761FB08B348
:100900004FF6FF781B4C94F8412094F84010531C8C
:10091000DBB2082B08BF0023994224D0019904EBD5
:10092000C20C24F83280CCF804100A680260019AE4
:1009300010603146E86E01AA84F84130FBF740FBB5
:100940000028E0D1D7F8680107F5B47138B1002369
:10095000C7F86831FDF776FC02B0BDE8F08100DE33
:10096000D7F86801F3E700DE00231B80FFDE00BF3D
:1009700028430220E086022010B50C4630B92046FC
:10098000FDF790FB844200D000DE10BD00DEF6E7EC
:1009900010B50C4630B92046FDF778FB844200D0F4
:1009A00000DE10BD00DEF6E710B50C4640B9074B7F
:1009B0000246012102209C60FBF76AFB20B910BDB2
:1009C000FDF75EFB8442FAD000DE10BD0009002076
:1009D00000B9704700B583B00191FDF76FFB019935
:1009E000814202D103B05DF804FBFDF749FB019998
:1009F0008142F7D000DEF5E72DE9F04304468BB0E5
:100A00008846012002211E46914609F02DFB002256
:100A1000022107460120FBF707FB4FF4D4721D4962
:100A20002046FBF78DFA1C4BC51CEDB200932A46FD
:100A30003346012100200194FCF74AFD10F0FD0F20
:100A400026D108940694CDF80490616800204FF6F2
:100A5000FE742A46114D04910795114D334601212C
:100A6000CDE90204CDF800800595FCF763FC10F099
:100A7000FD0F0BD117B90BB0BDE8F08301220221A5
:100A800010460BB0BDE8F043FBF7CEBA00DEF1E74D
:100A900000DED6E72843022091090200790902000E
:100AA000215A020010B5194B01224FF4D471184895
:100AB000FBF7F6F900224FF4D4711548FBF73CFA26
:100AC0004FF6FF7C0446134BA4F824C0181D0322E4
:100AD0004FF48271FBF7E4F90F4B0722181D082130
:100AE000FBF7DEF902F0D2FA4FF01B0C4FF4A471C1
:100AF00007230024094A0A48A2F800C0094A0460F2
:100B000011800949094A0B70137010BD90830220AF
:100B100028430220D0830220948302207CB9022043
:100B2000488702207AB9022008BB022007BB0220B6
:100B300010B5037883B1104B00F110019960826801
:100B4000BAB900220D4C0C4BC0E9024101201146FC
:100B5000FBF79EFA58B910BD03F0FF02084B1030A6
:100B6000986011460120FBF793FA0028F3D000DECD
:100B700010BD00DE9968E4E7F00800209D0802003F
:100B8000E00800200148FBF7AFB900BF90830220C6
:100B90000149FBF7BDB900BF908302204FF4D47226
:100BA0000149FBF7CDB900BF28430220024620B916
:100BB0004FF4D4710248FBF7BFB90020704700BF63
:100BC0002843022060B9024608B54FF4D4710548A5
:100BD000FBF7B2F910B1838C03B908BD002008BD42
:100BE00000207047284302200148FBF77DB900BF71
:100BF000D08302200149FBF78BB900BFD0830220CC
:100C000000283DD138B502460D461F484FF4D47137
:100C1000FBF792F90446F0B1828CE2B91B4890F8D8
:100C200021C090F820100CF10103DBB2042B08BFA7
:100C30000023994221D020F83C2000EBCC0CCCF8CA
:100C4000045080F82130237843B994F93730002BD1
:100C50000EDB002038BD6FF0150038BD0C4B0121B4
:100C600003209C60FBF714FA94F93730002BF0DA7C
:100C70000021204605F0F8F8EBE76FF0680038BD7A
:100C80006FF01500704700BF284302202487022020
:100C9000100900202DE9F04782B0BDF82870BDF89A
:100CA0002C80BDF8309098B90C4615464FF4D4719D
:100CB000024619481E46FBF73FF9824640B1838C35
:100CC00033B96CB1022C07D0012002B0BDE8F08727
:100CD000022002B0BDE8F087ADB902F023FC0EE0BF
:100CE0000D9C43463A463146CDF80090019402F0FF
:100CF000A3FB0028EDD19AF93730002B07DB002049
:100D000002B0BDE8F087294602F01CFCF7E7014677
:100D1000504605F0A9F8F2E728430220E8B938B5B3
:100D200002460C460E484FF4D471FBF705F9054610
:100D300050B1838C43B902F011FB38B103682360D2
:100D400003792371002038BD022038BDD5F8323038
:100D5000236095F836302371F4E70220704700BF16
:100D60002843022038B510B10224204638BD02467F
:100D70000C4615484FF4D471FBF7DEF8054600B376
:100D8000838CF3B91A2C15D8042C17D90F4BE340D8
:100D9000DB0713D52146284602F0C6FA0446002890
:100DA000E3D195F93730002BDFDA0146284605F00C
:100DB0005BF8DAE7292CEDD03B2CEBD0122420464F
:100DC00038BD0C24204638BD2843022020003804BA
:100DD00038B5A0B902464FF4D4710D48FBF7ACF812
:100DE000054660B1838C53B9012102F04BFA0446E9
:100DF00018B995F93730002B04DB204638BD0224A2
:100E0000204638BD0146284605F02EF8204638BD5C
:100E10002843022038B598B902464FF4D4710D48E2
:100E2000FBF78AF8054658B1838C4BB902F042FAB9
:100E3000044618B995F93730002B04DB204638BD3D
:100E40000224204638BD0146284605F00DF820460C
:100E500038BD00BF2843022070B5D8B90D461646EC
:100E60004FF4D47102461148FBF766F8044688B186
:100E7000838C7BB9D0F840319B060ED5294632468B
:100E800002F07EFA054618B994F93730002B07DBDB
:100E9000284670BD0225284670BD1A25284670BD1B
:100EA0000146204604F0E0FFF2E700BF284302209D
:100EB000034A044B12881B8802800B80704700BFD6
:100EC0007CB902207AB902208446034A034B0020F1
:100ED000A2F800C0198070477CB902207AB90220BC
:100EE00000B544F2902C4FF0FB0EA0F800E0A2F801
:100EF00000E0A1F800C0A3F800C05DF804FB00BF4B
:100F0000C8B938B50D4614464FF4D47102460B48A3
:100F1000FBF712F8034660B1808C50B993F8762045
:100F2000C2F302022A7093F87730C3F302032370EE
:100F300038BD022038BD0220704700BF2843022080
:100F40008446034A034B002082F800C019707047A2
:100F500008BB022007BB0220F0B583B008BB0F46D8
:100F600016464FF4D471024615481D46FAF7E4FFC1
:100F70000446B0B1838CA3B9D0F8403113F4106F9C
:100F80001AD02B46012532460095394602F0A4F9C5
:100F9000054618B994F93730002B06DB284603B014
:100FA000F0BD0225284603B0F0BD0146204604F0FE
:100FB0005BFF284603B0F0BD1A25284603B0F0BDFC
:100FC0002843022018BB10B502460C4611484FF4C6
:100FD000D471FAF7B1FFC0B1838CB3B9C28CB0F849
:100FE0008C31052A0CD84FF4FA7102FB033301FB54
:100FF00003F3094A0020A2FB03235B0B238010BDEF
:1010000040F2E24102FB03F3F1E7022010BD0220AF
:10101000704700BF284302205917B7D148BB10B50D
:1010200002460C4614484FF4D471FAF785FFF0B12C
:10103000838CE3B942F2107202FB04F1C38C0139D4
:10104000052B0AD84FF4FA7203FB02231944B1FBB3
:10105000F3F1A0F88C11002010BD40F2E24202FB37
:1010600003F31944B1FBF3F1A0F88C11F3E702206C
:1010700010BD0220704700BF2843022008B5FFF7CB
:1010800011FD002008BD00BF38B500224FF4D47117
:101090001748FAF751FF044698B12146032004F19E
:1010A0001002FDF73BF8054668B90025114A124BBE
:1010B000C4F888501584A3F84050FFF7F3FC284685
:1010C00038BD00DEE9E710F1780FEED040F24D7345
:1010D0000A4A0B490B481BF045FE2A4600210A48E4
:1010E0001BF040FE40F24D710448E6F78DFEDCE750
:1010F0002843022024870220E0860220EC98040086
:101100002C9904004499040064990400014B187858
:10111000704700BF08BB0220014B1878704700BF22
:1011200007BB02208A6808601368187828B19A689B
:1011300052B9084AC3E902217047526892F8273031
:10114000DB0903D100DE704700DEF2E70846083114
:1011500004F0BCBCBD0802000B68DA88002A37D155
:1011600070B50C4606464FF4D4711B48FAF7E4FEFE
:101170000546F0B1838CE3B902F020FA2268137FB0
:1011800003F00303032B08D10123137131462846D2
:101190002268BDE8704002F025BA73B195F862315B
:1011A0009A0705D53D23012285F8643123681A7119
:1011B00070BD012223681A7170BD95F862319B07DA
:1011C00003D53D2385F8643122680123137170BD76
:1011D00001221A71704700BF284302204FF6FF7C9E
:1011E00010B50446808C60450CD02046A4F824310C
:1011F000C4E9471201F0D8FF94F8623113F00100FE
:1012000002D110BD00DEF0E723F0010384F8623163
:101210006FF08B0010BD00BF70B51C4C064694F8F3
:1012200021201DE04FF4D4711948FAF785FE696852
:1012300008B3838CE030F3B901F086FD94F82010F8
:1012400094F821204B1C8A42DBB206F1FF3604D011
:10125000042B08BF002384F8203016F0FF0613D0BB
:1012600094F8203093420FD034F8332004EBC305B8
:10127000002AD7D069680B794FF6FF7023F003037B
:101280000B71FCF7A1FED9E770BD00BF24870220D7
:1012900028430220F0B5324A0B46146883B0A042BE
:1012A00008BF0021054608BF11601822808C01216B
:1012B00085F8843185F86C21A5F86E01284601F087
:1012C0007DFF05F1E006284601F08CFF304601F075
:1012D00023FD304601F058FD044628B3037905F19B
:1012E0007C0703F00303032B0CBF034600230360BA
:1012F0001C48FAF7F9FDA8B121463A46FAF74EFE26
:10130000304601F041FD044670B1037903F0030358
:10131000032B0CBF0346002303601248FAF7E4FDD9
:101320000028E9D100DEE7E7AA8C01210332002082
:101330000D4B0095D2B2FCF797F810F0FD0F08D1D5
:101340004FF6FF73FF20AB8403B0BDE8F040FFF71A
:1013500063BFFCF795FE8542F2D000DEF0E700BFE8
:101360004887022094830220A90902004FF6FF73E8
:101370002DE9F04184688CB0A28C9A4200F0B380D1
:101380000546204602F01AF92B7D012B00F0DA8089
:10139000022B00F0AB8033B994F88E3003F01803C1
:1013A000182B00F0108194F86481B8F1000F40F020
:1013B000A1802B8ACDE90A88E68D94F93720002B8D
:1013C00000F09F80002AC0F214810023A4F890311D
:1013D000AB7CA78D03F003030137012BBFB200F0F4
:1013E000AD80B4F89431002B00F0B280BB4240F2E3
:1013F0002B81DB1B9BB2062BA4F894318CBF0023FE
:10140000012300229846E28594F83C20394663F394
:10141000820284F83C2020460DF1270201F08EFE66
:10142000743000F00B81B4F88E312BB1BB4240F226
:10143000B380DB1BA4F88E31B4F88A312BB1BB42E8
:1014400040F2BA80DB1BA4F88A31E58DB8F1000FB9
:1014500002D1AE4200F09E800135ADB294F8D13099
:1014600013F0010608D1DDE90A733BBB002F00F041
:10147000DC801E46194622E094F9372023F0010350
:10148000002A84F8D1307DDB94F87600C0F3C001E7
:1014900000F0070006F098F9B4F86E20B4F86C304C
:1014A00061681344E28B03F23F13134418448142F2
:1014B000DDE90A7380F0B380461A60600021A28CD7
:1014C0008048246903320291059001210020CDE972
:1014D0000358069401960097D2B2FBF7A9FF10F0CB
:1014E000FD0F40F0B6800CB0BDE8F0813D2398467A
:1014F00084F86431414620460CB0BDE8F041FFF766
:10150000C9BE002AB8BF84F8D580AB7CA78D03F094
:1015100003030137012BBFB210D0B4F89031002B78
:101520003FF45FAFBB4240F29B80DB1BA4F89031DD
:10153000B4F89431002B7FF459AF65E70023A4F889
:10154000943161E70023A4F88E31A4F88A312AE7A8
:10155000E38C42F21071052B8BBF40F2E2424FF454
:10156000FA725A4303FB0222B4F8923101FB0323BF
:10157000013BB3FBF2F39BB2A4F89431002B7FF450
:1015800035AF41E794F87700012100F0070006F03D
:101590001DF981E7454661E7FCF704FD0146002897
:1015A00065D00023A4F88E311B23A28C0371C28066
:1015B0000068FCF7C9FC3FE700232046A4F88A3105
:1015C00001F04EFE41E7218DB4F88C218B1D9A422B
:1015D000D2BF1346931F5B1AB4F88811C8BF9BB2E1
:1015E000994257D0A4F88831A4F88A31A4F88E2102
:1015F000D9E694F8D530002B3DD0013B84F8D530A6
:1016000004F1E007384601F0BDFB002856D038460B
:1016100001F0B8FB002843D00023E385D5E6091A82
:101620006060ABBB51EA07021FD11DB9B8F1000FD2
:101630003FF459AF00263146334640E720469DF837
:101640002710FFF727FE4EE708212046FFF722FE6E
:1016500049E7FCF715FD84423FF445AF00DE42E761
:101660003E212046FFF716FE3DE71E4627E70123F1
:10167000A4F88E31E0E60AAA28460BA9FCF722FF5F
:10168000DDE90A231343BBD0237884F8D530B7E7CC
:10169000002614E7B4F88E1100297FF484AEA3E786
:1016A0000246D4E91E01FAF783FC0028B4D194F86D
:1016B0003C301B0744BF238DE38586E6FF20FFF700
:1016C000ABFDA4E7D109020038B505460120FFF7BC
:1016D000A3FD05F1E00001F057FBA8B10446037932
:1016E0000A4803F00303032B0CBF234600232360A7
:1016F000FAF7FAFB30B1214605F17C02BDE838402B
:10170000FAF74CBC00DEF6E738BD00BF9483022038
:1017100021B3F8B54D1EEDB200F1E00700F17C06F3
:1017200013E023790E4803F00303032B0CBF234679
:1017300000232360FAF7D8FB70B1013D3246214601
:10174000EDB2FAF72BFCFF2D05D0384601F01CFB5B
:1017500004460028E5D1F8BD00DEEEE7704700BF83
:10176000948302200149FAF7D3BB00BF948302207F
:10177000014B93F841007047E086022000B50A4B08
:1017800093F840C093F841E0F4450BD080F800E0B6
:1017900033F83C0003EBCC0308805B6813601868E7
:1017A0005DF804FB0020FBE7E0860220074B93F87E
:1017B00040C0844508D003EBCC0033F83C300B80AC
:1017C000436813601868704700207047E086022065
:1017D000094A92F8401092F841308B4209D04B1CD4
:1017E000DBB2082B08BF002352F8310082F84030EA
:1017F00070470020704700BFE086022000B50D4A08
:1018000092F841C092F840E00CF10103DBB2082BE2
:1018100008BF00239E4509D022F83C0002EBCC0C07
:10182000CCF8041082F841305DF804FB00DE0023A0
:101830001B80FFDEE086022070B553791446054612
:101840000E46002B39D0237903F00302032A0CD073
:101850004FF6FF72954204BF23F003032371214624
:101860002846BDE87040FCF7AFBB4FF6FF739D42C2
:1018700006D13368A3421AD0002BF0D000DEEEE789
:10188000EDB92A464FF4D4711148FAF755FBE0B18F
:10189000214601F075FE3368A342EDD100224FF4DA
:1018A000D4710B48FAF748FB08B1838C03B10020D0
:1018B0002146BDE8704001F03BBC00DEC3E700DE1E
:1018C0000020214601F05CFED3E700DEE0E700BF28
:1018D0002843022090F86610B0F85C30C1F3021281
:1018E000022A1BD0042A15D109074BBFA3F5147394
:1018F000A3F5D7739B111B11023B9BB290F87E207E
:10190000B0F85800D20644BF043B9BB2984228BFAF
:1019100018467047DB080A3B9BB2EFE79B080B3B7E
:101920009BB2EBE7704700BF90F8623143F00203CF
:1019300080F86231704700BF90F8623123F00203F3
:1019400080F86231704700BFB0F86031B0F82421F0
:10195000981880B2704700BF0278038E12B1581EEB
:1019600080B27047418DB0F824215818104480B2DD
:10197000704700BF2DE9F04F0446164685B0B0F819
:1019800060510091B0F8241190F87600BDF8442021
:101990000D44ADB2C0F3C00100F00700A5EB020B8F
:1019A0000192CDE90263BDF83880BDF83CA0BDF8D6
:1019B0004090D4F81C7105F007FFE18C019A0529CD
:1019C0001FFA8BFB79D940F2E24E11FB0BF189B281
:1019D000B8F1050F64D94FF09616E6619626B4F873
:1019E0006EC02684B4F86C60664406F2D5163044A6
:1019F00040F2E24C46460EFB01F10CFB06F6521B90
:101A00004D1E3544B5FBF6F5B4F82AE07F1A606048
:101A1000B4F86011B4F824012A4494F837C092B2A3
:101A2000014486441144ADB272445FEADC1C05FBFC
:101A30000677A4F86011628546D100DE0025B34622
:101A400031462046A4F82680A4F828A0A4F8929154
:101A500001F0A0FB3A4B218D3344B3FBF6F3881D14
:101A60009AB29042A4F88C2104D2C1F57F41FA3198
:101A70000A4492B2009BA4F8882113B10023A4F871
:101A800094313B465A4629462046FEF7B5FF94F866
:101A9000623143F0010384F8623105B0BDE8F08F94
:101AA0004FF09610E061962008F1010620844FF473
:101AB000FA7C40F21310B6B29DE7013111FB0BF135
:101AC0004FF4FA7E89B283E70022216CC4F8DC204F
:101AD000A26C01FB002201FB1B22A26406F064F849
:101AE000834694F8D400C0F3420006F05FF88344C4
:101AF00006FB0BFB134A0BF5742B0BF23F2BA2FBDF
:101B00000B2B4FEA9B4202FB05F52264A6EB020B6E
:101B1000A26C7F1B15447208963A954228BF154661
:101B200040F2E241C4E91125029A039B01FB02F253
:101B30002265054AA2FB0325AD0A01FB05F57FE7F7
:101B40007FC3C90183DE1B435917B7D10B4610B5BC
:101B500004461A683230C4F832201B79052103711B
:101B6000FAF7B4FB94F8373060F3050384F83730A4
:101B700010BD00BF90F8303100B51BB1D0F8403136
:101B80001B0511D440F6480CE646B0F87030A1F8B9
:101B900000C0734528BF7346B3F5A47F38BF4FF428
:101BA000A47313805DF804FB44F2902CE646ECE746
:101BB00030B5B0F86020B0F85A1003468A4228BF0A
:101BC0000A4690F87700B3F8641000F00700B3F805
:101BD0005EC01B2A38BF1B22042814BF4FF4A47018
:101BE0004FF42960614528BF6146814238BF0146F4
:101BF000B3F86E50B3F86A408D4244D0A242A3F8C5
:101C00006E1001D0A3F86A20012093F8D12042F091
:101C1000020283F8D120B3F86220B3F8581093F889
:101C200076C08A4228BF0A460CF0070CB3F866104B
:101C3000B3F85C501B2A38BF1B22BCF1040F14BF41
:101C40004FF4A47C4FF4296CA94228BF2946614572
:101C500038BF6146B3F86C40B3F868E08C4216D0E8
:101C60007245A3F86C1001D0A3F8682093F8D12036
:101C700022F0020283F8D120012093F8D120024300
:101C800083F8D12030BDA242BCD10020C3E7724509
:101C9000EAD193F8D11041EA510202F0010221F099
:101CA00003010A4383F8D1200028E5D130BD00BFED
:101CB00010B5B0F86020B0F85A1003468A4228BF29
:101CC0000A4690F87700B3F8641000F00700B3F804
:101CD0005E401B2A38BF1B22042814BF4FF4A47097
:101CE0004FF42960A14228BF2146814238BF0146F6
:101CF000B3F86EE0B3F86AC08E450DD09445A3F8F2
:101D00006E1001D0A3F86A2093F8D120012042F090
:101D1000020283F8D12010BD9445F3D1002010BDFC
:101D200010B5B0F86220B0F8581003468A4228BFB8
:101D30000A4690F87600B3F8661000F00700B3F892
:101D40005C401B2A38BF1B22042814BF4FF4A47028
:101D50004FF42960A14228BF2146814238BF014685
:101D6000B3F86CE0B3F868C08E4514D06245A3F8B0
:101D70006C1001D0A3F868204FF0010C604693F876
:101D8000D110C1F3400242EA0C0221F003010A43E0
:101D900083F8D12010BD6245ECD193F8D11000201A
:101DA00001F0010CEDE700BF44F29023FB2928BFAE
:101DB000FB219A4228BF1A4610B490F83041A0F88F
:101DC0007210A0F870201CB1D0F84041240512D444
:101DD00040F648039C46624528BF6246B2F5A47FA0
:101DE00038BF4FF4A47210BCA0F85E30A0F85810B1
:101DF000A0F85C2070479C46EDE700BF70B54E0729
:101E000004466AD401F0030303F1280203F5847346
:101E1000C1F34001D200DB00CA4023FA01F196B2BF
:101E200089B244F2902C304B002518882F4BFB28A8
:101E30001B8828BFFB20634528BF6346A566E5666F
:101E4000A4F8745094F83051A4F87200A4F87030DB
:101E5000002D3FD0D4F840512D053BD5634528BF18
:101E60006346A4F85E1094F87710B3F5A47F01F0F0
:101E7000070138BF4FF4A473042914BF4FF4A471B1
:101E80004FF429618A4238BF0A46A4F858001B2142
:101E90004FF01B10FB25A4F85C3094F8D13020667D
:101EA00043F0020384F8D130A4F86E202046A4F851
:101EB0006460A4F86660A4F85A50A4F86A10FFF7AA
:101EC0002FFF012294F8D13084F87420134384F852
:101ED000D13070BD40F6480CC0E74FF4296244F29F
:101EE000902116469DE700BF7CB902207AB90220F6
:101EF00008B50022D0E91E01FAF75AF8B0FA80F0CE
:101F0000400908BDF8B506460C4601F01BF8054629
:101F100088B32F1D384602F035FBEB7929466373F1
:101F2000304601F025F8304603F046FB0023EA680E
:101F3000A968C4F84720C4F843102A69C6F8AC2041
:101F4000A569A361ADB103232F792B71B38C204612
:101F500005F11C01EB8002F0FFFA2E2F02D00423C2
:101F6000A372F8BD29462868FBF7EEFF0423A3728D
:101F7000F8BD00DEE7E700DECBE700BFF8B50446BA
:101F80000D4600F0D7FF10B90623AB72F8BD04F17F
:101F90008F063346002205F13B0105F12B0008F0C6
:101FA000A7F90022D4F88F700026C4F8B07000277B
:101FB000D4F89B30D4F89710C4F8BC30D4F8AC30C7
:101FC000D4F89300C4F8CD3094F8C830C4F8B810F1
:101FD00062F3000384F8C83094F8A730D4F8A8104E
:101FE00043F00103C4E93067C4F8B400C4F8C91071
:101FF0002046294684F89F2084F8A02084F8A12058
:1020000084F8A22084F8A32084F8A42084F8A520D2
:1020100084F8A62084F8A73000F094FF0646A8B103
:10202000301D02F0C7FAF37931466B73204600F099
:102030009FFF204603F0C0FA4FF4C1636B8194F810
:102040008E3043F0080384F88E30F8BD00DEE7E7F9
:1020500070B50C46897A054682B00D2900F23481AC
:10206000DFE801F060686B9DAC07070C1836393E5D
:102070005154002A00F0B48002B070BD002AFBD198
:102080002146284600F056FF002840F0F78007233D
:10209000A372F1E7022AEFD10023A069A36100280F
:1020A00000F02F8103230371AB8CC380237A052BAF
:1020B00000F00F81062B00F0098100DE2146284642
:1020C00000F038FF002840F092800923A372D3E784
:1020D000002AD1D1F2E7002ACED10B23A372CBE79D
:1020E000072AC9D12846012100F046FF2846FFF7FC
:1020F0001BFC2146284600F01DFF002840F0A1806F
:102100000C23A372B8E7002AB6D1F2E7082AB3D1AC
:1021100040F20233638195F88E3023F0100385F886
:102120008E30A9E7002AA7D1237A062BD5D0022327
:10213000A372A1E7002AFAD09EE7012A9CD111469A
:102140002846019300F018FF2846FFF7EDFB2846CC
:1021500001F07CFF019B284659689A68C4F8211059
:10216000C4F825201A7B84F829205A7B84F82A2079
:10217000D3F80E10D3F81220C4F83B10C4F83F2057
:10218000D3F816302146C5F8A83000F0D3FE78B158
:102190002146284602B0BDE87040FFF7B3BE002AD2
:1021A0007FF46AAF2146284600F0C4FE0028EFD134
:1021B000204600F001FF0323A3725DE7032A0CD041
:1021C000042A7FF459AF062140F20362072384F802
:1021D0002010A4F84D20A3724EE70523A3724BE70D
:1021E0002146284602B0BDE87040FFF7C7BE214631
:1021F000284600F0A7FE0646002800F08680301D25
:1022000002F0E2F9F37931466373284600F0B0FE3C
:10221000284603F0D1F9284603F026FB00230121CC
:10222000A372284600F0BCFE2846FFF785FB28462F
:1022300001F010FF95F88E3043F0100385F88E30D2
:102240001AE72146284600F07DFE064600285AD0AF
:10225000301D02F0C3F9F37931466373284600F06C
:1022600087FE284603F0A8F940F60D33638195F800
:102270008E3023F0080385F88E30FDE6214628468F
:1022800000F060FE0646002841D095F8303194F801
:102290004E10301D1BB1D5F840315B071DD402F044
:1022A000A7F9F37931466373284600F061FE2846AA
:1022B00003F082F9284603F0D7FA94F82030062B71
:1022C00011D0242B3FF4D8AE00DED5E61A230371DB
:1022D000F4E61C3002F078F9F0E60A4694F84D1066
:1022E00002F092F9DDE701212846A17200F058FEC4
:1022F0002846FFF721FB284602B0BDE8704001F0F8
:10230000A9BE00DECEE600DEA2E700DE77E700DE53
:10231000BBE700BF92F81FC002F11C03ACF103023F
:10232000082A06D8DFE802F01205050F0505050C9E
:1023300009003D2380F8643170470822FFF788BE0A
:102340000722FFF785BE0222FFF782BE0122FFF7B8
:102350007FBE00BF8B7A042B06D002D9053B082B29
:1023600000D8704700DEFCE705238B72704700BF82
:102370008B7A042B06D002D9053B082B00D8704776
:1023800000DEFCE7062040F20362072381F820000C
:10239000A1F84D208B727047887AA0F10400B0FA42
:1023A00080F04009704700BF13460022FFF750BE7F
:1023B0004B070DD5800100F57473934228BF134677
:1023C0004FF429611846884238BF084680B27047EA
:1023D00001F0030C0CEB00030D334910DB00CB4084
:1023E0009BB2B3F5A47F38BF4FF4A4739A4228BFC1
:1023F0001A4610460CF1280C4FEACC0C2CFA01F1CD
:10240000884238BF084680B2704700BF70B591F867
:102410002C300C46042B0ED991F82D2011210125CA
:1024200084F82810134313F0070312D1012584F810
:102430002830284670BD032B07D091F82D20042AA0
:10244000ECD8032A01D00025ECE71123012584F8FC
:102450002830668DFFF780FA801B0304E9D4282317
:10246000E4E700BFF0B50D4683B00DF1060201A907
:102470000446B0F86C60B0F86E70FFF77BFB95F81F
:102480002D300BBB95F82C30E3BBB4F86C30B34265
:102490000ED3BDF806209A420AD3B4F86E30BB4280
:1024A00006D3BDF804209A4202D3002003B0F0BD49
:1024B000012094F8D130A4F86C600343A4F86E7046
:1024C00084F8D13003B0F0BD94F93730002B29DB0C
:1024D00095F82C3053B194F87610BDF8062094F896
:1024E000680001F00701FFF763FF064694F87710D4
:1024F000BDF8042094F86A0001F00701FFF758FFC7
:102500000746C2E794F93730002BEFDB94F87610DA
:10251000BDF8062094F8680001F00701FFF748FFB6
:102520000646B2E794F87610BDF8062094F86800E5
:1025300001F00701FFF73CFF95F82C300646002B11
:10254000D4D1A2E710B500230C468969A36131B349
:1025500094F82130DB071DD50B792E2B1DD11D23BF
:102560000B71838CCB8094F828300B7790F8773000
:10257000C3F302038B7790F87630C3F302034B77F3
:102580000868FBF7E1FC94F8213023F0010384F89C
:10259000213010BD01230B71F2E700DEDFE700DE22
:1025A000D6E700BF38B591F821300C469B074D6A3D
:1025B00003D4BDB101232B7108E0A5B103232B7116
:1025C000838C05F11C01EB8002F076F9294628681E
:1025D000FBF7BAFC002294F82130626223F0020378
:1025E00084F8213038BD00DEE8E700BF70B50C4646
:1025F000054600F0BBFC6062C0B10022637BE66967
:10260000172B6661E26109D000DE2846314600F0F2
:10261000AFFC2846BDE8704002F0CEBF2846311D11
:1026200002F030F841F603036381EEE700DEE4E7F1
:1026300070B5CB690C460646002B4CD0637B162B3D
:102640002ED196F93730002B2ADB0023E569E361B0
:10265000656194F8203096F89C21C3F3C20363F3BC
:10266000C50286F89C2194F8202096F89C312046DB
:1026700062F3020386F89C3194F8203096F87620B5
:10268000C3F3801363F3C30286F87620291D01F09B
:10269000D5FF0221304600F06FFC0223A37211E047
:1026A00000F05CFC10B90723A37270BD00F05EFC63
:1026B000606290B10022637BE569162B6561E2617F
:1026C000C7D000DE3046294600F052FC3046BDE857
:1026D000704001F0C3BC00DEB0E700DEEAE700BFF7
:1026E00038B505460C4601F0A9FC10B10123A372D0
:1026F00038BD284602F04EFF0028F7D12146284673
:1027000000F018FC0028F1D0284602F041FF07280D
:10271000ECD02846012102F035FF28460D2102F0B9
:1027200035FF162321466373284600F00BFC034651
:10273000E36121462846BDE83840FFF779BF00BF76
:1027400038B505460C4602F02FFF10B10223A372E4
:1027500038BD2146284600F0EDFB0028F6D028467B
:1027600002F016FF0728F1D00D21284602F00EFFD7
:10277000172321462846637300F0E4FBE06158B15B
:1027800000F0ECFB10B90723A37238BD21462846A0
:10279000BDE83840FFF72ABF00DEF1E770B50C4610
:1027A000897A0646154682B0092906D8DFE801F085
:1027B000080D454805056C8C98B900DE02B070BD67
:1027C000002DFBD10123A372F8E71946204601F042
:1027D0004BFF94F8202096F89C31C2F3C200C3F35B
:1027E000C2010140C2F30200034043EAC10322F0E8
:1027F0003F02134384F8203096F93730002B0BDB6F
:1028000094F8203013F0380F40F09F8094F8203077
:1028100023F03F0384F820300221304600F0ACFB67
:10282000012DCBD196F83730DB09C6D02146304692
:1028300002B0BDE87040FFF783BF002DBED1F5E7C1
:10284000022DBBD190F93730002B80F2C480644B4D
:1028500094F8205093E8030002AB03E9030096F8D4
:10286000763002211A462B4303F007036B441D7890
:102870003046062365F3061286F87620A37202B06E
:10288000BDE8704000F08CBB032D97D1194620465F
:1028900001F00EFF21463046FFF7B8FD0546204601
:1028A00000F08AFB002D5BD094F8283096F8762053
:1028B000282B08BF86F864311346092162F30613FA
:1028C00086F87630A17279E7002D7FF477AFE3695F
:1028D000002B74D000F042FBD8BB0723A3726DE736
:1028E000002D7FF46BAFFFF72FF8638DC01A030440
:1028F0003FF564AF84F8285096F93730002B35DB6C
:10290000002294F82130092162F3000384F8213079
:1029100096F87620134662F3061386F87630A17295
:102920004CE7042D7FF44AAF2146FFF70BFE21460A
:102930003046FFF737FE304602F096FF0021304662
:1029400002F024FE0023A37238E75A077FF464AF35
:102950005CE72146304602B0BDE87040FFF746BE56
:10296000304602F02FFE0823A37227E794F82D10BB
:1029700096F8772011F0070194F82C3002F0070543
:102980001FD096F8760013F00703844661F3020C1B
:1029900000F0070086F876C01FD063F30202884279
:1029A00086F8772014D021463046FFF75BFD94F877
:1029B0002130012260F3410384F82130A1E700DED9
:1029C00088E713F007039BD063F3020286F87720B1
:1029D0009D42E8D194E700DE39E78842E3D18FE7F2
:1029E000CC84040070B5D37F0546112B0C4602F150
:1029F0001C0625D0182B09D0072B10D0242380F8D3
:102A0000643101F0D1FB0023A37270BD8B7A062BD9
:102A10003DD088BF073B022BF7D900DE70BD8B7A13
:102A2000062BF6D1002102F0ADFD1A22D5F8403177
:102A3000204623F41063C5F8403184F828200FE0C5
:102A40008B7A062BE5D13146204601F0EFFD94F854
:102A50004E302846002184F8283002F093FD2046AD
:102A600000F0AAFA94F82130092643F0010384F813
:102A7000213095F876202846134662F3061385F830
:102A80007630A6720221BDE8704000F089BA90F954
:102A90003730002B3FDA0221284602F073FD314621
:102AA000204601F005FE21462846FFF7AFFC06460A
:102AB000204600F081FA9EB994F82D302BB195F89C
:102AC000762063F3061285F87620284601F0D0FAC6
:102AD0000823A3722846BDE87040022100F060BAC6
:102AE0000021284602F04EFD94F828300BB185F8FD
:102AF000643194F8203094F82120DB0963F300025C
:102B000084F8212095F8761009230A4661F306120D
:102B100085F87620DDE700DEBDE700BF38B58B7AAB
:102B20000C460546092B06D8DFE803F00707060523
:102B30000505060B0F0600DE38BDBDE83840FFF77F
:102B4000CFBDBDE83840FFF773BDFEF7FDFE638DD6
:102B5000C01A0304F0D495F93730002B19DB00219B
:102B6000284602F00FFD002294F8203084F8282037
:102B7000DB0994F82120092163F3000284F8212065
:102B800095F87620134662F3061385F87630A17225
:102B900038BD94F82D1095F8772011F0070194F8BE
:102BA0002C3002F0070C24D095F8760013F00703C0
:102BB000864661F3020E00F0070085F876E022D029
:102BC00063F30202884285F8772019D0214628460F
:102BD000FFF748FC94F82130002160F3410384F8AA
:102BE0002130284602F0CEFC0022012384F8282060
:102BF000BFE713F00703B2D063F3020285F8772032
:102C00006345E3D1ABE78842E0D1A8E78A7A022A9C
:102C100006D000D87047063A032AFBD900DE704779
:102C20000B4690F837108446C909F7D070B50F49A4
:102C300082B002AE90F8764041F6060503C906E977
:102C400003001146604693F820E044EA0E0E0EF0B1
:102C5000070EEE449EF8002062F306148CF87640CE
:102C60005D8102B0BDE8704000F09AB9CC840400E8
:102C700038B58B7A082B04D8033B022B00D800DE32
:102C800038BD092BFBD105460C46FFF75BFC2146FE
:102C90002846FFF787FC284601F086FA00212846DF
:102CA00002F074FC0023A37238BD00BF10B592F887
:102CB0001FE002F11C03BEF1160F10D0BEF1180F79
:102CC00008D0242380F864310C4602F0CDFD0023A7
:102CD000A37210BD0322BDE81040FFF75FBD0122C3
:102CE000BDE81040FFF75ABD13460022FFF756BD5E
:102CF00013460222FFF752BD00230422FFF74EBD08
:102D00000023C0E90133C0E903330370704700BFFB
:102D1000037801330370704703785BB9C3687BB1F4
:102D200002691AB1816861B10B6082600023C0E959
:102D300003337047013BDBB20370002BEED07047CA
:102D400070474360F1E700BF03783BB100230C30CC
:102D50000B60436843B11960416070470023043041
:102D60000B604368002BF6D1C0E90011704700BF2B
:102D700000230B60836813B1196081607047C0E95C
:102D800001117047406870470346406828B1996850
:102D9000026888425A6008BF9A6070474078A0F184
:102DA0000C00B0FA80F04009704700BF4078A0F1F5
:102DB0000800B0FA80F04009704700BF4078A0F1E9
:102DC0000200B0FA80F04009704700BF4078A0F1DF
:102DD0001700B0FA80F04009704700BF4078A0F1BA
:102DE0000100B0FA80F04009704700BF4078A0F1C0
:102DF0000900B0FA80F04009704700BF4078A0F1A8
:102E00000600B0FA80F04009704700BF4078A0F19A
:102E10001800B0FA80F04009704700BF4078A0F178
:102E20000300B0FA80F04009704700BF4078A0F17D
:102E30000500B0FA80F04009704700BFF8B50646BB
:102E400008460D46F9F750F8044680B10027456062
:102E500006722C223946C4E90577203023F05AFF48
:102E60004FF47F43FF22A77363816272A3812046E0
:102E7000F8BD00BF4078A0F10200B0FA80F0400930
:102E8000704700BF4078A0F10200B0FA80F040091E
:102E9000704700BF4078A0F10200B0FA80F040090E
:102EA000704700BF4078A0F10100B0FA80F04009FF
:102EB000704700BF4078A0F10100B0FA80F04009EF
:102EC000704700BF4078A0F10100B0FA80F04009DF
:102ED000704700BF4078A0F10900B0FA80F04009C7
:102EE000704700BF4078A0F10900B0FA80F04009B7
:102EF000704700BF4078A0F11800B0FA80F0400998
:102F0000704700BF4078A0F10300B0FA80F040099C
:102F1000704700BF4078A0F10300B0FA80F040098C
:102F2000704700BF416809B1F8F7F2BF00DE4168A1
:102F3000F8F7EEBF024B1868003818BF0120704741
:102F40003009002010B50448F8F7CEFF04460430DD
:102F5000FEF7E8FC204610BD3009002008B501202E
:102F6000FBF706F8003818BF012008BDFBF71AB8B8
:102F7000E030FFF7FDBE00BF38B590F8563105468A
:102F80000C461BB11C4385F8564138BDE030FFF7B5
:102F9000BFFE95F856311C4385F8564138BD00BF39
:102FA00090F8563123EA010180F8561101B17047BB
:102FB000E030FFF7B1BE00BF836943B11A792E2A12
:102FC00004D02E221A71836902691A60704700DEEC
:102FD0008369F3E783694BB11A792E2A00D07047D1
:102FE00001221A7181690868FAF7AEBF00DE8369B1
:102FF000F2E700BF8B6913B11A792E2A0BD00B7A36
:10300000072B16D0CB692BB1D0F85C211A60CB69A5
:10301000C0F85C31704701221B68D0F858C1C3F872
:1030200004C08B691A718B69C0F858310B7A072B71
:10303000E8D14B6A002BE5D001221B68D0F858C1BB
:10304000C3F804C04B6A1A714B6AC0F85831D9E70B
:1030500070B505460C48F8F747FF044688B10026CE
:10306000094B057243602C223146C4E905662030C5
:1030700023F050FE4FF47F43FF22A67363816272F8
:10308000A381204670BD00BF2009002010B50A4B67
:10309000022258685021F8F703FF084B01225868B4
:1030A0005021F8F7FDFEBDE81040054B04222C210D
:1030B0005868F8F7F5BE00BF280900202009002055
:1030C0003009002038B50446002501F041F82046BB
:1030D000C4E93E5584F8045102F0A8FBC4F8285115
:1030E000C4E9425584F81651A4F81451A4F81851B3
:1030F000C4F82B51A4F84851C4F83051C4F83451E5
:10310000C4F83851C4F83C51C4F84051C4F8445193
:10311000FAF718FA94F88E30C4E95001C4E956550C
:1031200023F0180384F88E3084F85651258638BD74
:1031300008460149F8F7ECBE3009002010B5B0F898
:103140000241034682B024B1A1420FD2641AA0F812
:103150000241B3F8120120B1814210D2401AA3F803
:10316000120100231846137002B010BD019200F046
:1031700017FF019A034658B1197A0A2903D022236E
:103180006FF07300EFE76FF0730093F82030EAE719
:1031900000DEF1E7034B0B44B3FBF1F3A0F8183169
:1031A000704700BFFF59620210B5044602F046FBAB
:1031B0002046BDE8104000F0D3BF00BF10B5044664
:1031C00049B1012900D010BD02F082FB2046BDE8C4
:1031D000104001F01BB802F067FB2046BDE810402C
:1031E00001F006B838B5D0F85841054634B120682A
:1031F00021464468FAF79CFE002CF8D10023D5F84C
:103200005C41C5F8583134B1204624680449F8F7C8
:103210007FFE002CF8D10023C5F85C3138BD00BF1B
:103220003009002090F93730002B14DA70B50446CD
:103230000E46032009491546FFF700FE014640B13E
:10324000204681F8206081F8215000F079FE0020AE
:1032500070BD0C2070BD0C20704700BF28090020F5
:1032600010B5074904460120FFF7E8FD28B10146E3
:10327000204600F065FE002010BD0C2010BD00BFF0
:103280002809002038B504460D4602200849FFF7FA
:10329000D5FD58B1014690F82030204665F3000373
:1032A00081F8203000F04CFE002038BD0C2038BDE5
:1032B0002809002010B5074904460420FFF7BEFD89
:1032C00028B10146204600F03BFE002010BD0C2036
:1032D00010BD00BF280900202DE9F04105468846B1
:1032E0000720104917461C469DF81860FFF7A6FDF9
:1032F000A8B10146E30008F0070803F03803BF0156
:1033000043EA080307F040073B4343EAC613284655
:1033100081F8203000F014FE0020BDE8F0810C2080
:10332000BDE8F0812809002038B504460D4600F0BC
:10333000B1FF204602F054FB0A200749FFF77EFD4B
:1033400038B10146204681F8205000F0F9FD0020F8
:1033500038BD0C2038BD00BF2809002008B590F901
:103360003730002B08DB00F01BFE20B1037A0B2B5B
:1033700014BF0020223008BD02F012F9F5E700BFAB
:10338000F8B5D0F840319B0601D40020F8BD0446C2
:103390000D460C2008491646FFF750FD074648B178
:1033A000294620463246FEF7FFFC3946204600F00B
:1033B000C7FDEAE70C20F8BD2809002070B50646D5
:1033C0000D4602F0EDF820B1037A0446053B012BCF
:1033D00001D90C2070BD01463046FEF7DDFF002804
:1033E000F7D06968D5F800C0AA68EB683046C4F821
:1033F0002F10C4F82BC02146C4F83320C4F837304E
:10340000FEF7A8FF002070BD38B5054602F0C8F8E9
:1034100020B1037A0446053B012B01D90C2038BDAD
:1034200001462846FEF7B8FF0028F7D02846214677
:10343000FEF79EFF002038BD2DE9F8430546D0F881
:1034400040011E46830788469146BDF8207017D478
:1034500095F93730002B1EDB08202A49FFF7EEFCD8
:103460000446002C41D0237A082B0FD0092B15D00D
:1034700000DE2846214600F063FD0020BDE8F88309
:1034800009202049FFF7DAFC0446EAE7A4F828906F
:103490006685A785EDE71A20BDE8F883099BA4F8A7
:1034A0002680A4F828906685A78503B31B88238708
:1034B000099B5B886387099B9B88A387099BDB88A3
:1034C000E387099B1B89A4F84030099B5B89A4F81A
:1034D000423095F93730002BCBDA2846FDF75EFBFA
:1034E0000146284602F0C0FCC3E70C20C6E74FF0B7
:1034F000FF3205494FF6FF73C4E90E12A4F84020CD
:10350000E5E700BF280900200000FFFF08B502F032
:1035100047F828B1007AA0F10C00B0FA80F0400919
:1035200008BD00BF10B5044602F03AF810B1037AA6
:10353000092B00D010BD01462046BDE8104001F027
:10354000F7BE00BF38B505460C4602F029F818B1A1
:10355000027A0146092A00D038BD81F82040284669
:10356000BDE8384001F0E8BE08B502F019F828B10E
:10357000007AA0F10900B0FA80F0400908BD00BF50
:1035800038B505460C4600F00BFD10B14369A34267
:103590000ED0284602F004F810B14369A34200D0CF
:1035A00038BD224601462846BDE8384002F012B92F
:1035B00001462246284600F095FDEAE710B504468C
:1035C00000F0EEFC18B10146204600F0AFFD2046A9
:1035D00001F0E6FF014620B12046BDE8104002F0B0
:1035E00013B910BD2DE9F041537F144606460D4630
:1035F000002B3AD0D37F1E2B24D9304600F0D0FCCC
:103600000746304601F0CCFF0146002F68D0FA7A19
:10361000E37F002843D09342C07A52D03A7B002AFD
:103620004FD1072B65D0112B74D00D2B40F0868025
:103630000D2802D00B7B002B3BD01F2386F8643172
:10364000BDE8F081474A52F8232022B104F11C0062
:10365000904760B1E37F022BCFD101232246294658
:103660003046BDE8F04102F04FB9FF23D377304632
:1036700000F096FC30B1E27FC37A9A42E0D0037B3F
:10368000002BDDD1304601F08BFF002840D0E27FD7
:10369000C37A9A42D4D0037B002BD1D1DEE7934288
:1036A00007D03A7B2AB9072B3CD0112B3AD00D2BEF
:1036B000D3D123462A4639463046BDE8F04100F0D2
:1036C000DBBC8342B9D00A7B002AB6D1072B2FD0AE
:1036D000112BEED14B7B94F820209A42E9D1ACE734
:1036E0000028BAD023462A463046BDE8F04102F011
:1036F0000BB894F820307A7B9A4225D00728F1D075
:103700000A7B002AEED14A7B9A42EBD0242395E72C
:103710000346A3E794F820307A7B9A421FD0112801
:10372000EED1DFE77A7B94F820309A4295D1C0E75A
:103730004A7B94F820309A42BBD17EE78342D1D0B5
:103740000B7B002BCED1E1E707283FF476AF0B7B54
:10375000002B7FF472AF4B7B9342AAD16DE7112807
:10376000F5D16AE7849A0400F8B500278D690C4604
:1037700006468F617DB3012703232B71B38C05F1BE
:103780001C01EB80237A042B18D00C2B0BD0022BBE
:1037900017D1637A072B16D0092B12D1304600F0CF
:1037A00013FE2FB1F8BD304601F086F8002FF9D195
:1037B00029462868BDE8F840FAF7C6BB637A0C2BA7
:1037C00005D000DEEDE7204600F0A8FDE9E7304631
:1037D00000F09CFEE5E7FFF7C9FB05460028CBD1CA
:1037E00000DE0071FFDE00BF70B506460C46FFF735
:1037F000A9FB0546002855D0237A291D013B0B2B38
:1038000007D8DFE803F0151B212806060606062E5A
:10381000063500DEEB79294663733046FFF7A8FBD7
:10382000237A0A2B2AD03046BDE8704000F016BC3F
:10383000084600F04DFD1323E372EBE7304600F03D
:103840007BFD0923E372E5E7204600F02BFEFF2312
:103850006561E372DEE7084600F046FE0C23E37282
:10386000D8E7204600F030FEFF236561E372D1E720
:10387000304600F0F1FF1523E372CBE740F2E2445B
:1038800042F21072F38CB6F8921104FB03F302FBC0
:1038900001310139B1FBF3F13046BDE8704089B226
:1038A00000F0E2BB00DEA7E72DE9F04107460C4639
:1038B000164601F079FE28B103230025A37228469D
:1038C000BDE8F08121463846FFF734FB0546002865
:1038D000F2D021463846FFF735FB804600283CD021
:1038E000237A08F10401013B0B2B07D8DFE803F032
:1038F0001B210627060606060606062D00DE98F89A
:103900000730414663733846FFF732FB384601F013
:1039100053FE0423A372002ED1D0384601F0A4FF39
:103920000023A372CBE7084600F0DCFCFF23E37220
:10393000E5E7384600F026FDFF23E372DFE708469F
:1039400000F0D2FDFF23E372D9E7384600F09CFF78
:10395000FF23C4F81480E372D1E700DEC0E700BFA4
:1039600038B50B7A0C46013B05460B2B0CD8DFE82B
:1039700003F006060B1B0B0B0B0B0B0D0B1601229A
:10398000BDE83840FFF790BF00DE38BD01F06CFFA6
:10399000002294F82030A27285F8643138BD0022EC
:1039A000BDE83840FFF780BF90F8283143B90122C5
:1039B000FFF77AFF0028E8D0012385F8283138BDC9
:1039C00001F052FF0023A37238BD00BF38B50B7A57
:1039D0000C46013B05460B2B17D8DFE803F01826F1
:1039E000100616161616163016384B7A0C2B13D1F5
:1039F0008B69002B4CD021462846FFF7B5FE2846A0
:103A000000F0D2FB0023A37238BD00DE38BD4B7A34
:103A1000072BF4D0132BF2D02423284685F86431E9
:103A200000F0C2FB0023A37238BD4B7A072B01D0F4
:103A3000092BF1D194F82030DB07E0D5DBE700F06B
:103A4000B3FB00221623A27285F8643138BD4B7A8D
:103A5000152B16D0072BDFD1D0F8403123F02003EF
:103A6000C0F8403100F0A0FB00232846A372FFF706
:103A70004DFD0028C8D12846BDE838400421FFF795
:103A80008FBAFEF795F868B9284600F08DFBEBE792
:103A9000FFF764FA0028AED1284600F0DFFA0423CD
:103AA000A37238BD21462846FFF75EFEECE700BF53
:103AB00070B50E7A0C46731E05460B2B07D8DFE84F
:103AC00003F0080F2337060606060652066000DEDE
:103AD00070BD00F0B3FA00287ED00123A37270BD40
:103AE00000F0ACFA0028F8D121462846FFF722FA68
:103AF0000028F2D021462846FFF776FE6369002BA6
:103B000008BF0326A67270BD00F098FA0028E4D121
:103B100021462846FFF70EFA0028DED02146284627
:103B2000FFF762FE6369002B18BF0226A67270BD04
:103B300090F8283193BB00F081FA0028CDD12146BE
:103B40002846FFF7F7F90028C7D021462846FFF797
:103B50004BFE62690123002A0CBF03220222A272DB
:103B600085F8283170BDFFF7E5F90028B5D021466A
:103B70002846FFF739FE1622022384F82020A3727C
:103B800070BDD0F840319B0602D5FFF7BFFC68B18D
:103B9000284600F009FB0023A37270BD0C2200230D
:103BA0004A728B61BDE87040FFF710BF284600F0F5
:103BB00045FA002891D121462846FFF7BBF9002895
:103BC0008BD004212846FFF7D7F921462846FFF776
:103BD0000BFE0323A37270BD21462846FFF7AAF906
:103BE00000283FF47AAF21462846FFF7FDFD6369C0
:103BF000002B0CBF03230223A37270BD8B7A022B10
:103C000006D002D9033B012B00D8704700DE704775
:103C10000B7A032B01D00A2BF7D1FFF7D7BE00BFD9
:103C200038B58B7A032B05D001D9042B00D138BDD0
:103C300000DE38BD0C460546D07F02F11C01831E14
:103C40006072172B0DD8DFE803F00C0C0C0C0C2A5B
:103C50000C1B0C0C170D0C0C0C130C0D0C2E0C0C5F
:103C60000C0D00DE21462846BDE83840FFF7AEBE09
:103C7000204600F0DBFCF5E7284600F05DFCF1E7AC
:103C8000284600F0E9FBD5F840311B05EAD5284667
:103C900005F15C0205F15E01FDF76CFFE2E72046ED
:103CA00000F038FBDEE7284600F046FEDAE700BF0A
:103CB00038B58B7A032B05D8012B0AD8BDE83840DC
:103CC000FFF7F6BE042B03D10B7A0C46042B01D070
:103CD00000DE38BD0546FFF741F90028F9D021463E
:103CE0002846FFF741FD284600F05EFA0023A37244
:103CF00038BD00BF38B58B7A012B06D002D9023B04
:103D0000022B00D838BD00DE38BD0C460546D07FFA
:103D100002F11C01831E6072122B21D8DFE803F030
:103D20003520202020202620202022202020202076
:103D30001A200A00284600F0D7FD04212846FFF784
:103D40001BF92846FDF7B4FF0346204684F82030CF
:103D5000FFF732F921462846BDE83840FFF700BE9C
:103D600000DEF7E7284600F0E7FBF3E7284600F01F
:103D700049FBD5F840311B05ECD5284605F15C021E
:103D800005F15E01FDF7F6FEE4E7204600F0A8FB32
:103D900008212846FFF7F0F8DCE700BFF8B58D7A78
:103DA000032D00D8F8BD042D23D10B7A0C460C2B23
:103DB000F8D10646FDF7B4FF94F82030294640EAD2
:103DC00003053046FFF7ECF80023A769EDB2A361C5
:103DD00007B33B792E2B0ED17DB901233B713946B8
:103DE0003868FAF7B1F8304601F03EFD0023A372BF
:103DF000F8BD00DEF8BD00DEEEE703233B71B38CB7
:103E000007F11C01FB80237A0C2B05D1304600F012
:103E100053FDE4E700DEDCE700DEF7E710B58B7A60
:103E20000C4682B0042B1ED8DFE803F017100312F3
:103E300010000B7A0A2B14D1019001F015FD00221D
:103E400094F820300198A27280F8643102B010BD5D
:103E500002B0BDE81040FFF783BD01238B7202B0B2
:103E600010BD00DEE8E700DEF0E700BF70B50446F5
:103E700006F032F958B1D4F8F85035B1D4F8FC2036
:103E80002B68AA42C4F8F83021D0284670BD0546F8
:103E90000121032006F0E8F82A4606460121032006
:103EA000F8F7C2F8D4F8F85045B1D4F8FC202B68E4
:103EB0009542C4F8F83008BFC4F8FC30002EE4D0B6
:103EC000012203201146F8F7AFF8284670BDC4F868
:103ED000FC30284670BD00BFF8B506460C4606F01B
:103EE000FBF868B1D6F8F850AC421FD1A3690BBB00
:103EF0003046FFF7BBFF2046BDE8F840FFF712B899
:103F000005460121032006F0AFF807462A460121A5
:103F10000320F8F789F8D6F8F850002FE4D00122F2
:103F200003201146F8F780F8AC42DFD000DEA36929
:103F3000002BDDD01B792E2BDAD100DED8E700BFB5
:103F4000F8B505460C4606F0C7F840B100232360DB
:103F5000D5F8FC30F3B11C60C5F8FC40F8BD06464E
:103F60000121032006F080F8012107463246032094
:103F7000F8F75AF82660D5F8FC3073B11C60C5F824
:103F8000FC40002FEAD0BDE8F84001220320114692
:103F9000F8F74AB8C5E93E44F8BDC5E93E44F0E744
:103FA00070B5054606F098F818B1D5F8F8402046E7
:103FB00070BD04460121032006F056F8064622464D
:103FC00001210320F8F730F8D5F8F840002EEED0A4
:103FD000012203201146F8F727F8204670BD00BFE4
:103FE00038B50546FFF7DCFF037A0446013B0B2B8F
:103FF0001BD8DFE803F0060606061A1A1C1414067E
:104000001A06014600222846FFF752FEA37B03B999
:1040100038BD21462846BDE83840FFF75DBF014660
:104020000022284601F056F9F0E700DEEEE70146EF
:1040300000222846FEF772FDE8E700BF90F8040171
:10404000A0F10100B0FA80F040097047012380F828
:1040500004317047002380F804317047B0F81831FC
:10406000A0F80231704700BFA0F80211704700BFEE
:104070000023A0F80231704738B50C4611461A46A5
:10408000A3690546FBB1217A01390B2923D8DFE862
:1040900001F0060606062222241D1D0622062146E0
:1040A0002846FFF7BDFDA36923B11B792E2B1CBF4A
:1040B0000023A361A37B03B938BD21462846BDE890
:1040C0003840FFF709BFA2612161DCE7214628469D
:1040D00001F0B4F8E7E700DEE5E721462846FEF701
:1040E00081FCE0E738B50B7A0C46033B0546092B0B
:1040F00009D8DFE803F0050808080D0808050805D9
:104100002146FFF77BFD0022A37B626143B938BDE6
:104110002146FEF77BFD0022A37B6261002BF6D0D7
:1041200021462846BDE83840FFF7D6BE38B50B7AA1
:104130000C46072B054608D0A37B03B938BD2146A2
:104140002846BDE83840FFF7C7BEFEF791FDF3E70C
:104150000222002380F80021A0F80231704700BF3E
:1041600038B590F800310446032B1BD8DFE803F084
:1041700002111011FFF714FF034648B11D7A2046C3
:10418000FFF72EFF0A2D14BF0123032384F800310B
:1041900038BDFFF705FF0028FAD02046BDE83840BB
:1041A000FFF71EBF00DE38BD10B590F800310446A1
:1041B000032B1BD8DFE803F00D020C02FFF7F0FE23
:1041C00090B100230122A4F80231827384F80031F7
:1041D00010BDFFF7E5FE28B100220123A4F802215B
:1041E000837310BD00DEF7E700DEEAE700DE10BDF6
:1041F00090F80031022B05D000D87047032BFCD07B
:1042000000DE7047002380F80031704738B590F821
:1042100000310446032B3AD8DFE803F009261213D5
:1042200020462946FEF7E6FE2846FEF77BFE20469E
:10423000FFF71CFE05460028F2D1022384F8003166
:1042400038BDFFF713FE05460028F6D02946204664
:10425000FEF7D0FE2846FEF765FE2046FFF706FE75
:1042600005460028F2D1E8E7FFF700FE05460028E2
:10427000E3D029462046FEF7BDFE2846FEF752FE53
:104280002046FFF7F3FD05460028F2D1D5E700DE12
:1042900038BD00BF38B50546FFF7E8FD68B10446F4
:1042A00021462846FEF7A6FE2046FEF73BFE28469E
:1042B000FFF7DCFD04460028F2D100242846214601
:1042C000A5F8024101F05EF985F8004138BD00BF54
:1042D000012112220378417043F003030370C2707E
:1042E000704700BF012113220378417043F003039C
:1042F0000370C270704700BF4FF0020C07220B78AA
:1043000081F801C043F003030B70CA7090F84C3081
:104310000B7170470B7980F84C3070474FF0020CEE
:1043200007220B7881F801C043F003030B70CA70B9
:1043300090F84C300B71704709224FF0080C10B503
:104340000B7881F803C043F003034A700B7090F9B7
:1043500037300C46002BACBF63460E23CB70F9F709
:10436000F1F80022606061F30702C1F307200B0C33
:1043700060F30F2263F317421B0A63F31F62A2600C
:1043800010BD00BF38B50C460546F9F7DBF8092229
:104390002378627043F00303E2702370D5F8403154
:1043A000217263F0FF031840030C1A0AA3710B0C6F
:1043B000C0F307252071E271C1F307201A0A657165
:1043C0006072A372E27238BD09220B784A7043F022
:1043D00003030B70CA70D0E94E23100CC2F3072CF4
:1043E0000A711A0C81F805C088714FEA102C0B7203
:1043F000C3F30720130A81F807C048728A72CB7290
:10440000704700BF2DE9F0414FF040540546486821
:10441000104E430F83EA107303F00103A3FB04342F
:104420008A68064002F0EF0886EA0304F9F78AF882
:104430000440012008EA010164F0FF02C5E950418F
:104440003240C5F83C81C5F8382185F83001BDE817
:10445000F08100BF2FCF87F74FF040522DE9F04198
:10446000054648680E4E430F83EA107303F00103BC
:10447000A3FB02328968064001F0EF0786EA0304D5
:10448000F9F760F8B846012304400F40C5E95047EA
:10449000C5F83861C5F83C8185F83031BDE8F08158
:1044A0002FCF87F74FF0030C19220B7881F801C04A
:1044B00043EA0C030B70CA7090F820300B7190F82F
:1044C00021304B71704700BF02220B784A7043F0D5
:1044D00003030B70CA7090F820300B71704700BF57
:1044E0000B7980F8203070474FF0060C40F60C51E5
:1044F0000378054A43F0030380F801C00370A0F875
:104500000310C0F805207047F105FFFF4FF0060CBF
:104510000C220B7881F801C043F003030B70CA70C2
:1045200090F82A310B71B0F82B31A1F80530B0F8B2
:104530002D31A1F807307047012380F829310B791C
:1045400080F82A31B1F80530A0F82B31B1F80730E6
:10455000A0F82D31704700BF03224FF0170C0B78E5
:1045600081F801C013430B70CA70D0F82530D0F821
:1045700021208B604A6090F829300B7390F82A3024
:104580004B7370470D21042210B50378417043F03E
:1045900003030370C270841805F09EFD0C2120B146
:1045A0002046BDE8104003F039B82046BDE8104071
:1045B00003F02AB8012105220378417043F0030378
:1045C0000370C270704700BF01210622037841705A
:1045D00043F003030370C270704700BF01210B2238
:1045E0000378417043F003030370C270704700BF4B
:1045F0004FF0020C0D22037880F801C043F0030352
:104600000370C2700171704700B54FF0030E4FF098
:10461000110C037880F801E043EA0E03037080F880
:1046200003C0017142715DF804FB00BF0B7980F893
:104630004D304B7980F84E30704700BF4FF0030C7F
:1046400016220B7881F801C043EA0C030B70CA7084
:1046500090F82030C3F3C2034B7190F82030C3F3BD
:1046600002030B71704700BF0A7990F8203062F3A3
:10467000C5031A4680F820304B7963F3020280F8B4
:10468000202070474FF0030C17220B7881F801C0EF
:1046900043EA0C030B70CA7090F89C31C3F3C20359
:1046A0004B7190F89C31C3F302030B71704700BF4C
:1046B000CB8843850B7980F82C304B7980F82D30EE
:1046C000704700BF4FF0180C0F220B7881F801C023
:1046D00043F003030B70CA70C38C8B80038DCB80B7
:1046E000438D0B81838D4B8190F834300B73C38ED7
:1046F000A1F80D30038FA1F80F30438FA1F81130CE
:10470000838FA1F81330C38FA1F81530B0F8403073
:10471000A1F81730B0F84230A1F81930704700BF47
:104720004FF0180C10220B7881F801C043F00303FE
:104730000B70CA70C38C8B80038DCB80438D0B8133
:10474000838D4B8190F834300B73C38EA1F80D30FC
:10475000038FA1F80F30438FA1F81130838FA1F898
:104760001330C38FA1F81530B0F84030A1F81730DE
:10477000B0F84230A1F81930704700BF8B88C3846D
:10478000CB8803850B8943854B8983850B7B80F818
:104790003430B1F80D30C386B1F80F300387B1F86B
:1047A00011304387B1F813308387B1F81530C387D0
:1047B000B1F81730A0F84030B1F81930A0F8423005
:1047C000704700BF00B54FF0000C4FF00C0E0B7897
:1047D00081F801E043F003030B7081F803C090F807
:1047E00023300B4A0B71036BA2FB03239B0AA1F836
:1047F0000530438DA1F80930038DA1F80730838D72
:10480000A1F80B30838CA1F80D305DF804FB00BFDC
:104810005917B7D140F2E2420B7980F82330B1F852
:10482000053002FB03F30363B1F809304385B1F8A7
:1048300007300385B1F80B308385B1F80D308384E0
:10484000704700BFB1F8093003844B68C0F82230CC
:104850000B7A80F8263070474FF0090C14220B7841
:1048600081F801C043F003030B70CA70B0F85A30EE
:104870008B80B0F858300B81B0F85E30CB80B0F848
:104880005C304B81704700BF4FF0090C15220B784C
:1048900081F801C043F003030B70CA70B0F85A30BE
:1048A0008B80B0F858300B81B0F85E30CB80B0F818
:1048B0005C304B81704700BF4FF0090C15220B781C
:1048C00081F801C043F003030B70CA70B0F86A307E
:1048D0008B80B0F868300B81B0F86E30CB80B0F8C8
:1048E0006C304B81704700BF8A88A2F11B03E02B1C
:1048F00021D8B1F808C0ACF11B03E02B1BD870B570
:1049000044F2481ECC88A4F5A4739BB2734511D819
:1049100000234E891946A6F5A475ADB26CF30F03BA
:1049200066F30F0162F31F4364F31F41754598BF9F
:10493000C0E9183170BD70478A88A2F11B03E02BD3
:1049400021D8B1F808C0ACF11B03E02B1BD870B51F
:1049500044F2481ECC88A4F5A4739BB2734511D8C9
:1049600000234E891946A6F5A475ADB26CF30F036A
:1049700066F30F0162F31F4364F31F41754598BF4F
:10498000C0E9183170BD704700228B698A610BB392
:10499000192293F804C01A71828CDA8091F82020D1
:1049A0001A774AB90A8DBCF12E0FDA834A8D1A8420
:1049B0008A8D5A840AD07047C28CBCF12E0FDA83DC
:1049C000028D1A84B0F892215A84F4D119461868DD
:1049D000F9F7BABA00DEDBE730B5C38C0A8D4C8D2F
:1049E00093428D8D85B002D1038DA34214D0012353
:1049F00081F8223002950B6BCDE900240C7A91F8F6
:104A00002320898C0391A4F10801B1FA81F14909AD
:104A1000FCF7B0FF05B030BDB0F892315B1B18BF9A
:104A20000123E5E7F8B50023CD690C460746164695
:104A3000CB618DB3291D112E0AD8DFE806F02009BD
:104A400009090909091C090909090909090924149D
:104A500000DEEB79294663733846FEF789FA237A3C
:104A6000092B14D0F8BD084694F8202094F82110A2
:104A7000FFF7CAFDEDE72046FFF73EFCE9E72046D9
:104A8000FFF7A0FEE5E72046FFF74AFEE1E73846DC
:104A9000BDE8F84000F090BDFEF754FA0546002846
:104AA000C8D100DEC6E700BF38B58B690C460546A5
:104AB00083BBFEF75BFA2E2100220123A061017166
:104AC000226394F83420218D84F823304AB1B1FB5D
:104AD000F2F313FB02F3E08C9BB298429CBF1946A1
:104AE0002385238F994204D340F2E24202FB03F371
:104AF00023632846FCF730FF0346298D0022063148
:104B00000B44A38428462146FFF78CFF4FF60B7316
:104B1000638138BD00DECCE738B504460D4600F0B1
:104B200043FD20B929462046FEF704FA30B910218A
:104B30002046FEF721FA0923AB7238BD04F1E000EC
:104B4000FEF720F90028F2D12046FDF7D1F9002820
:104B5000EDD029462046FEF7F5F9E861FEF7FEF9AB
:104B600010B90C23AB7238BD29462046FFF79CFFD5
:104B70002046BDE838401021FEF712BA70B50C4649
:104B80000646FFF729FF237A092B1DD094F82250FF
:104B9000ADB100232146304684F82030FFF7F4FE03
:104BA000304600F061FE237A092B05D10C4B1A68C0
:104BB000964204BF00221A600023A37270BD2046F3
:104BC000FEF708FAA561EBE7304600F0FBFC237A1C
:104BD000092BDBD194F82030002BDAD1D6E700BFC7
:104BE0004887022070B506460C4600F0DDFC10B187
:104BF0000623A37270BD054621463046FEF79AF99A
:104C00000028F5D0112221463046FFF70BFF304631
:104C100000F02AFE237A092B04D1044B1A6896422D
:104C200008BF1D600023A37270BD00BF488702202B
:104C3000F8B5294A064613680C468BB183420FD05B
:104C400002238B7200F0B0FC054620B921463046A5
:104C5000FEF770F968BB2046BDE8F840FEF7ACB936
:104C6000218DF38C1660994212D00023A569A361AF
:104C700085B303232F792B71B38C204605F11C01DA
:104C8000EB80FFF71FFD2E2F1FD00423A372F8BD6A
:104C9000628D338D9A42E8D1A28DB6F892319A4254
:104CA000E3D12046FEF796F900220523A261A37204
:104CB000F8BD4FF47263214630462384FFF792FF1C
:104CC0002046FEF787F9A561F8BD29462868F9F75F
:104CD0003BF9DAE700DECCE748870220F0B50C4666
:104CE000897A054683B00C2900F2E080DFE811F0F4
:104CF00012001E00490052005E0068007C00DE00C9
:104D000081008B009400CC000D00002A00F0D380BD
:104D100003B0F0BD002AFBD1237A082B00F0DF801E
:104D2000092B40F0C3800123A372F1E7012AEFD1E0
:104D300019462046FFF722FDE38C052B1BD9228D57
:104D4000B2F5486F17D8934215D8638DB3F5FA7F43
:104D500011D240F67646A08DA0F10A0189B2B14287
:104D600009D8013313FB02F3B3EB800F03D294F89D
:104D70003430934207D940F61E73214628462384D7
:104D80002DE0012AC4D82146284603B0BDE8F040F2
:104D9000FFF74EBF002ABBD10192FEF7DFF8019A60
:104DA000002840F0B7800323A372B1E7032A7FD025
:104DB000042AADD10F22062384F82120A372A7E78D
:104DC000002AA5D195F93730002B80F2848094F821
:104DD000203083B10F232146284684F8213003B0C8
:104DE000BDE8F040FFF7FEBE002A91D121462846DB
:104DF000F5E7002A8CD1284600F0D6FB002871D0B8
:104E00000823A37284E7002A82D12146284603B0F2
:104E1000BDE8F040FFF780BE022A7FF479AF95F835
:104E20003720C2F3C011D2096AD019462046FFF7D5
:104E3000F1FC40F67A41228D931F9BB28B427CD8C5
:104E4000638DB3F5FA7F78D240F67646A08DA0F157
:104E50000A0189B2B14270D803FB0222B2EB800F83
:104E60006BD22846FCF778FD47F6FE72A38C1B1A1E
:104E70009BB293427FD92823284685F8643100F0FD
:104E8000F3FC0023A37243E7002A7FF441AF2846D6
:104E9000FCF75AFDA38CC01A03043FF539AF214635
:104EA000284603B0BDE8F040FFF768BE00DE2FE7FC
:104EB0000523A3722CE7FEF751F800283FF428AF32
:104EC00021462846FFF7F0FD1021284603B0BDE833
:104ED000F040FEF765B821462846A26197E70A230D
:104EE000A37215E721462846FEF724F8002887D04C
:104EF000102221462846FFF795FD0A23638107E724
:104F0000284684F84C1000F04FFB0646B8B10D233C
:104F1000A372FDE6A669A261002E3AD00323377979
:104F20003371AB8C204606F11C01F380FFF7CAFBFE
:104F30002E2F1BD00423A372EAE61E239CE72146F2
:104F40002846FDF7F7FF0028E1D007222146284632
:104F5000FFF768FD284600F087FC237A092B90D1E3
:104F60000D4B1A6895428CD11E608AE73146306835
:104F7000F8F7EAFFDEE72046FEF71EF80B23284687
:104F8000A372FCF7E9FCA38CC31A1A043FF5C0AE68
:104F900085E700DEC2E700BF488702202DE9F04127
:104FA0002C4E044633680D462BB1834203D00123B7
:104FB000AB72BDE8F0812046FFF740F80028F6D13B
:104FC000204600F0E7FA07460028F0D1294620469F
:104FD000FDF7B0FF0028EAD02046FCF7BDFC804674
:104FE0000121204600F0CEFAA5F83680D5F81C80C5
:104FF00085F834703460EF61B8F1000F1BD028469B
:1050000008F10401FFF75EFB98F8073041466B7327
:105010002046FDF7ADFF2B7A092B08D094F83730E6
:10502000DB0901D100DEC4E704236B81C1E7204620
:10503000FFF714F8F2E729462046FDF783FF804684
:105040000028DCD100DE04212846FFF73BFB98F85E
:105050000730FFDE48870220F8B515468A7A0C46ED
:105060000646062A09D8DFE802F00430080838644A
:105070000A001DB9237A092B29D000DEF8BD002DC6
:10508000FCD1FCF761FCA38CC01A0304F6D42946BA
:10509000304600F077FA21463046FFF79DFC237A30
:1050A000092B00F09F8094F82250002D40F0A6803C
:1050B0002046FDF78FFF3046A561FFF775F8237A8C
:1050C000092B62D00023A372F8BD002DD6D1214652
:1050D0003046BDE8F840FFF761BF032D6DD0042DC9
:1050E0005ED0022DCAD119462046FFF793FB40F649
:1050F0007A41228D931F9BB28B4264D8638DB3F5A6
:10510000FA7F60D240F67647A08DA0F10A0189B2FD
:10511000B94258D803FB0222B2EB800F53D2294682
:10512000304600F02FFA2046FDF746FF0623A37213
:10513000F8BD002DA2D1FEF781FF10B10523A372A7
:10514000F8BD21463046FDF7F5FE0028F6D0294689
:10515000304600F017FAE769E561002F5AD094F85D
:10516000202094F82110381DFFF74EFAFB793946BC
:1051700063733046FDF7FCFE237A092B46D0304698
:10518000FFF712F8237A092B9CD196F93730002BC0
:1051900036DB294B1A68964294D100221A6091E7B7
:1051A0001A222146D0F8403123F00203C0F84031E2
:1051B00084F82020FFF7E8FBE1E75B7921463046E1
:1051C00084F82030F6E70021304600F0DBF91E239A
:1051D000304686F86431FEF7E7FF237A092B7FF427
:1051E00071AFD2E73046FEF743FF237A092B7FF4F5
:1051F0005AAF94F82030002B3FF455AF0023DDE781
:105200003046FEF7B1F90028C3D05BE73046FEF721
:1052100025FFB4E721463046FDF794FE07460028F7
:105220009DD100DE042094F8202094F82110FFF78F
:10523000EBF9EB79FFDE00BF4887022070B50C4622
:10524000D17F054602F11C0311290AD8DFE801F0DD
:105250002809090909090922090909090909090986
:105260001A14242380F86431FEF79EFF237A092B59
:105270001CD00023A37270BD2146BDE870400322FC
:10528000FFF7EABEA37A012BF5D9043B022BF2D932
:1052900000DE70BD2146BDE870400422FFF7DCBE91
:1052A0002146BDE870400222FFF7D6BE95F937309F
:1052B000002B06DB064B1A689542DAD100221A60F1
:1052C000D7E72846FEF750F90028F3D0D1E700BF12
:1052D0004887022013460022FFF7BEBE70B5D57F77
:1052E00002F11C03CDB10F2D12D024230E4680F8FD
:1052F0006431044600F0B8FA337A092B05D1094B22
:105300001A68944204BF00221A600023B37270BD71
:105310000122BDE87040FFF7E1BC0222BDE8704009
:10532000FFF7DCBC4887022013460022FFF7D6BCFB
:1053300000230322FFF7D2BC00230422FFF7CEBCD8
:10534000D37F70B5012B05460C4607D0242380F887
:10535000643100F089FA0023A37270BD8B7A012BAF
:1053600004D013F0FD0FF8D000DE70BD084602F146
:105370001C01FFF767FA2846268CFCF7EDFA47F682
:10538000FE73361AB6B29E4202D80223A37270BDD3
:105390002823284685F8643100F066FA0023A372BA
:1053A00070BD00BF38B58B7A012B05D0022B0C469F
:1053B00003D0A3B901238B7238BD0546FCF7C4FAAC
:1053C000238CC01A0304F7D4284604F12201FCF709
:1053D000BDFB284600F048FA0023A37238BD00DE6A
:1053E00038BD00BF0346D3F8082108468A420DD1D4
:1053F0008A69A2B90A46D3F80CC111686245C3F89C
:10540000081108BFC3F80C11FDF78CBD00DE8A69D6
:105410002AB9D3F80821002AEDD1FDF783BD12790E
:105420002E2AF6D100DEF4E738B5D0F8085104464C
:105430002B7A013B0B2B28D8DFE803F00606060683
:1054400018181D131306220600222946FEF7E6FC53
:10545000AB7B2BB129462046BDE83840FFF7C2BFE1
:1054600038BD00222946FFF75FFFF1E700222946F9
:10547000FCF79AFFECE700222946FDF735FCE7E749
:1054800000222946FFF78EFFE2E700DEE0E700BFDB
:1054900070B5D0F8085104461DB394F81431012BAF
:1054A00003D1022384F8103170BD29462046FDF750
:1054B00041FD0028F5D029462046FDF743FD06466C
:1054C00088B12846311DFEF717FFF37931466B731B
:1054D0002046FDF74DFD01220023AA7384F8103108
:1054E00070BD00DED9E700DEEBE700BFF8B5D0F80D
:1054F00008510446A5B394F81431012B03D10123BC
:1055000084F81031F8BD29462046FDF713FD002828
:10551000F5D029462046FDF715FD064680B3204606
:10552000FEF73EFD2A7A037A371D93421AD0082BE4
:105530001AD02A2194F830311BB1D4F840315B07DE
:1055400017D43846FFF754F8F37931466B73204689
:10555000FDF70EFD01220023AA7384F81031F8BD77
:1055600000DEC8E72321E5E7092A0CBF23212A2111
:10557000E0E70A46384694F81711FFF745F8E3E7E5
:1055800000DECCE780F81611704700BF704700BFFF
:105590000020704790F81501003818BF01207047AF
:1055A000D0F80801704700BF90F81401A0F1010085
:1055B000B0FA80F040097047B0F81831A0F8123105
:1055C000704700BF0023A0F81231704738B5D0F8FB
:1055D0000841F4B1D0F80C21236894420546C0F884
:1055E000083108BFC0F80C319CB121462846FDF7B0
:1055F00001FD2046FDF796FCD5F808414CB1D5F8E1
:105600000C2123689442C5F80831EED1C5F80C315D
:10561000EBE738BD70B505460C4639B1042900D01A
:1056200070BDFFF7D3FF85F8104170BDD0F8086159
:10563000002EF5D0337A112B11D84FF0010C3149DF
:105640000CFA03F0014061B910F4386F07D00A2B4F
:1056500013D0CBB195F81631F3B9644604E000DEFF
:10566000337A0A2B09D07BB1284685F81541FFF71C
:10567000DBFE032385F8103170BD2846FFF7D4FE0A
:10568000052385F8103170BDD37F284686F84C304D
:10569000BDE87040FFF7FCBE95F93710002910DB1C
:1056A000012B20D0022BBBD12846FEF779FC327AA1
:1056B000037A934221D0082B1DD02A2385F8643128
:1056C00070BD012BEED12846FEF76AFC08B1FF231E
:1056D000C3720123284685F81531FFF7A5FE032381
:1056E00085F8103170BDD37F284685F81731BDE8A5
:1056F0007040FFF7FBBE092ADFD1232385F8643110
:1057000070BD00BF7FF4030038B50C4689690546BB
:1057100010461A46237AF1B10C2B57D8DFE803F074
:105720000D070707073C3C484242074E0700214649
:105730002846FEF7DFFAA16921B10B792E2B1CBF99
:105740000023A361A37B2BB121462846BDE8384046
:10575000FFF748BE38BDA26120610C2B36D801A1ED
:1057600051F823F0C95702002F5702002F570200AB
:105770002F5702002F570200995702009957020035
:10578000B1570200A5570200A55702002F5702008B
:10579000BD5702002F57020021462846FCF7BAFDEC
:1057A000A169C9E721462846FFF798FDA169C3E72B
:1057B00021462846FDF77AFAA169BDE72146284629
:1057C000FFF7BEFDA169B7E71146B5E700DEA169A5
:1057D000B2E700BF38B50B7A0C46072B05460FD051
:1057E0000C2B0AD00022A37B62612BB121462846F4
:1057F000BDE83840FFF7F6BD38BDFEF7CFFAF1E758
:10580000FDF776FAEEE700BF38B50B7A0C46072BAA
:10581000054608D0A37B2BB121462846BDE8384079
:10582000FFF7E0BD38BDFDF767FAF3E70422002378
:1058300080F81021A0F81231704700BF90F81031A5
:10584000052B0ED8DFE803F0060907030603D0F89E
:10585000083123B97047FFF71BBEFFF747BEFFF7BC
:10586000E3BD00DEF6E700BF90F81031052B04D849
:10587000DFE803F004151305040500DE704700237C
:10588000D0F8082180F815315AB100230121A0F881
:105890001231917380F810317047FFF7F9BDFFF7AF
:1058A00025BE00DEF1E700BF90F81031052B04D8CB
:1058B000DFE803F004090B04050400DE7047002351
:1058C00080F810317047FFF711BEFFF7E1BD00BF50
:1058D00090F8103110B50446052B12D8DFE803F01C
:1058E000030D09030803FFF771FE042384F8103148
:1058F00010BDBDE81040FFF7CBBDBDE81040FFF77D
:10590000F5BD00DE10BD00BFF0B504460E461546DD
:1059100083B06BB1D27F1B2A36D8012390F83710A1
:105920002E4FC9098B4007EB420149780B4040D10B
:105930001846FDF78DFB074620B300230360D4F81B
:105940000C311BB31860C4F80C0194F81031052B0E
:1059500042D8DFE803F01E27030606062046FFF7BD
:1059600097FDBB7B1BB139462046FFF73BFDD4F8C2
:10597000081139B12B463246204603B0BDE8F0404D
:10598000FFF7C2BE03B0F0BD0023D1E7C4E9420077
:10599000DBE72A4600212046FFF73CFEBB7B002BBD
:1059A000E5D0E0E72046FFF7A1FDBB7B002BDED072
:1059B000D9E717F812300A2BBAD10193FFF706FE88
:1059C00000222046A4F8122184F8152184F8102121
:1059D000FEF760FC019BABE700DEC2E7009B040022
:1059E00010B50446FFF7F2FD0023A4F8123184F845
:1059F000153184F8103110BD00B9704700DE7047D2
:105A000030B991F8D43023F0010381F8D4307047D5
:105A100000DE91F8D43023F0010381F8D4307047D0
:105A20004FF6FF712DE9F041079D9DF81870B5F80C
:105A300024C08C452FD006460146284690461C4679
:105A4000FBF7CCFB38BB2B780133DBB22B7033B3C5
:105A50000022144BB5F860111C8101340C44997A72
:105A600005F1100067F3000199720F49D8608B604F
:105A7000C3E9006801200B46A5F860411146F6F71E
:105A800007FB50B9FF20FBF7C7FB2846BDE8F041F4
:105A9000FF21FBF73DBEBDE8F08100DEF2E700DE4E
:105AA000D6E700BFD044022038090020012800D0EA
:105AB000704700B583B00191F8F7E2FA019981428D
:105AC00002D103B05DF804FB00DEFAE72DE9F04FE8
:105AD000044692460A6895B0D2F80080227F4F7C37
:105AE000C2F38012D0F81E008DF83F20628CFF2F89
:105AF0000D46DAF800601290ADF84C2058D112AB88
:105B000093E803001090ADF84410224652F82E9B03
:105B1000B4F82EC09278AAF808C08AF80A20D4F8FF
:105B20002A200AF12200CAF80420D4F83A200521DC
:105B3000CAF8222094F83E200271F6F7C7FB9AF8C3
:105B4000272000F03F0060F305028AF8272094F830
:105B50003F200128C2F304018AF82810A18E02F028
:105B60001F02AAF8161089B20AD91B3202F01F02CE
:105B70000B2A05D840F67A42063989B2914223D9D8
:105B800000260125C8F808609AF82C20214666F303
:105B900000028AF82C202571E4684846F8F7C8F915
:105BA000214620682571F8F7CFF915B0BDE8F08FD0
:105BB00010AA38460DF13F0100F008FC9DF83F2087
:105BC00002328DF83F20A0E7002140F2E24B2A6824
:105BD00030465160BAF81630E28E0BFB03F3AAF898
:105BE00018200B93628E0C92FDF7E8FA94F83F2090
:105BF00096F8D410520962F3430186F8D41001F0EC
:105C0000D3FF0D9096F8D400C0F3420001F0CEFF10
:105C10000D9A0B9B104403FB00F08D4A00F5742095
:105C200000F23F20A2FB00205A08800C963ACAF8E6
:105C30003000CAF8342094F8312019460BFB02F2E8
:105C40009B46CAF84420228F3046A6F89221FDF7E1
:105C5000A1FA804A80495A44B2FBFBF290B2C6F8DE
:105C60009811A6F88C01BAF8181001F1060C6045DD
:105C700004DDC1F57F41FA31014488B22246A6F81D
:105C8000880112F81CBFD207CBF3401B00F1D6806D
:105C90004FF48072A28398F81A0001F0C5F800282A
:105CA00000F0AA80626AC4F82B20228DA4F82F206D
:105CB000FF2F00F0BD80BDF84C201298A4F82920D9
:105CC000C4F825009DF83F201098A277BDF8442025
:105CD000C4F81F00A4F82320BAF8162030466286C4
:105CE000BAF81820A286B6F89221E28696F8D42057
:105CF000C2F3420284F83820FAF750FF02462146E8
:105D0000AAF814204846E2806C68F8F711F91C21C3
:105D1000BAF8142027682171E280BBF1000F78D116
:105D20002146384684F81CB0F8F70EF99AF8670057
:105D3000012100F00700BAF85C70BAF85E4001F08B
:105D400045FD84463C444FF0961740F2E24904F288
:105D5000D5146444CAE903777460DAF830300B9CD8
:105D6000DDF830E0E71AEC68002209FB0E4404F28B
:105D7000D144E41A02210120A4EB0C04F6F754F9F3
:105D80004046FAF75FFA354BCDF804800093AB68D4
:105D9000821CA3F2857301210020D2B22344F7F7BD
:105DA00097FB01284CD098F81830DB0729D43046EF
:105DB000FAF7F4FE4FF4F873C21C00202849089348
:105DC0000696AB6807912749A3F285730591716820
:105DD000D2B20491CDE90200012101970094F7F7B6
:105DE000A9FA10F0FD0F31D1012202211046F6F779
:105DF0001BF915B0BDE8F08FC4F82B00A4F82F00F4
:105E000056E700230122184611460093F7F72CFBB2
:105E1000CDE79AF827200AF1040042F040028AF800
:105E2000272000F0BDF84FF0010BAAF8280077E713
:105E30000021C4F82510A4F8291043E700DE27E765
:105E4000F8F71EF98045AED000DEACE700DECBE708
:105E500083DE1B437FC3C901404B4C00AD5A020097
:105E6000F9590200215A0200C38D23B190F8D420C1
:105E700012F0010300D0704730B501240C4D89B0F9
:105E800042EA040CCA1C0595032180F8D4C0D2B2A2
:105E90000690CDE901331846049300930394F7F775
:105EA000C7FA10F0FD0F01D109B030BD00DEFBE7ED
:105EB000015A020038B50C461546FAF783FE48B180
:105EC0001CB1BDE83840FDF79FBA2946BDE838400F
:105ED000FDF774BA022038BD38B50C461546FAF7FE
:105EE00071FE58B190F93730002B05DA2A46214669
:105EF000BDE83840FDF796B90C2038BD022038BD0A
:105F000010B41F204FF0FF342521034B034A1C60BF
:105F10001871117010BC7047F488022009BB022070
:105F200010B5864602FB011102781C4C114484FB1B
:105F300001020A44521102EBC20002EB80028A1AEB
:105F4000D0B28EF80000C108595C02F0070241FA95
:105F500002F212F001029DF808C01DD1B0FBFCF165
:105F60000CFB110110465C1EC9B2043300F1080E8F
:105F700014F8012F5FFA8EFE12F0010F00F1010CF0
:105F80004FEA520202D039B10139C9B25FFA8CF03E
:105F90008645F1D19C42E9D110BD00BFA7C867DD9D
:105FA00042880088504070474FF0030CF0B52F4DE9
:105FB0002F4C4840060A5FFA80FE0EEB8E2E06EB51
:105FC000862004EA401705EA400605EA4E0004EA86
:105FD0004E1E3E4340EA0E0000EB002706EB062E65
:105FE00006EB0E2600EB0720C6F30746C0F307407A
:105FF00040EA062000EB00100CF1FF3C08441CF0C6
:10600000FF0C80B2D6D141401A48A0FB01400C1AC7
:1060100000EB5400400900EBC00400EB8400081AB8
:10602000C0F3C404145D00F007052C41E407C0B2BE
:106030001AD4604601FB03F3561EC3F30743043230
:1060400000F1080516F8011FEDB211F0010F00F183
:1060500001044FEA510102D033B1013BDBB2E0B29F
:10606000A842F2D19642EBD1F0BD00BF1021020050
:10607000408408004D91CFBA1B491C482DE9F043DC
:1060800000230126451EA1F1020C06E00133082B76
:1060900001F1060100F1280024D003EB830215F87A
:1060A0003220D407F2D59CF800409CF801E0C2F3FE
:1060B00080120768B0F8048006FA03F99A400133A9
:1060C00044EA09044EEA0202082BA1F804808CF885
:1060D00000408CF8012001F1060141F8067C00F136
:1060E0002800DAD1BDE8F083028902201945022098
:1060F0002DE9F047002301271E481F4ADFF87C8066
:10610000DFF87C90951EA0F1020C15F8331007FA09
:1061100003F6C90724D598F8001059B112F8011CEC
:10612000072901EB810405D819F834104C0701D573
:10613000C90615D515F833109CF801E0C1F34001EC
:106140009CF8004099404EEA010ED2F800A09188D8
:1061500034438CF800408CF801E08180C0F800A046
:106160000133082B00F1060002F10802CDD1BDE891
:10617000F08700BF2E8A0220EE8902200BBB02208E
:10618000184502200820704738B50020FAF78CF82F
:10619000C8B90E4C0E4D621E14F83030072B07D8CC
:1061A00003EB830315F8331021F0200105F83310B9
:1061B00012F8303023F0010302F8303001300828A3
:1061C000EAD1002038BD0C2038BD00BFED89022087
:1061D000184502202DE9F04F804683B00020FAF7E1
:1061E00063F8002840F0988098F800300546FF2BAF
:1061F00026D0504E4FF0FF09044608F1010BB71EA0
:1062000003F0010A09E0B9F1FF0F04F101021BD00C
:106210000134082C06F1080638D017F83420D207CC
:10622000F1D517F83420C2F340025245F0D10622CE
:1062300059463046019320F07CFD019B0028E7D1B0
:10624000002003B0BDE8F08F072C5FFA84F904F159
:1062500002046BD017F83210C8070ED4082C06F1D0
:10626000100613D017F83420D107D1D517F83420F1
:10627000C2F340025245CBD1D9E7144617F8342077
:106280000836C2F340025245C2D1D0E7B9F1070F38
:1062900048D817F839204FEAC90A63F3410207F8D2
:1062A0003920D8F801200AF10203FA50BBF8042083
:1062B0003B449A8098F800301F4E03F0010306F12A
:1062C000FF3804E00135082D06F1280628D005EB3B
:1062D000850418F83420E400C2F38011D207F1D508
:1062E0009942EFD1062259463046019320F021FD14
:1062F000019B0028E6D118F80430EDB243F02003EA
:1063000008F8043017F83930BA4443F001038AF82A
:10631000015007F8393093E70C2003B0BDE8F08F47
:10632000FF25EFE7072003B0BDE8F08F4FF0070926
:10633000AFE700BFEE890220194502202DE9F041A8
:1063400006460020F9F7B0FFC0BB37780446FF2FA0
:106350002FD01C4D06F1010807F00107AE1E04E026
:106360000134082C05F1080525D016F83430C3F3A4
:106370004002DB07F4D5BA42F2D106224146284654
:1063800020F0D7FC0028EBD106EBC4035B78072B89
:1063900008D80D4A03EB830312F8331060F345115C
:1063A00002F83310002016F8343023F0010306F809
:1063B0003430BDE8F0810220BDE8F0810C20BDE85A
:1063C000F08100BFEE89022018450220072800B5A1
:1063D0001AD80F4B00EB800E13F83EE04FEA800C0A
:1063E0001EF0010F12D084444FEACC0013F83CC0D9
:1063F0000130CCF3801C81F800C0195803441160AF
:106400009B8893805DF804FB00DEE2E700DEEAE7AC
:10641000184502200820704710B50020F9F738FF12
:1064200098BB02461A4B1B4C187893F8281062F35D
:10643000000062F30001187083F8281093F85000F0
:1064400093F8781062F3000062F3000183F85000C3
:1064500083F8781093F8A00093F8C81062F3000056
:1064600062F3000183F8A00083F8C81093F8F000ED
:1064700093F8181162F3000062F3000183F8F00052
:1064800083F818112270104610BD0C2010BD00BFFB
:10649000184502200ABB02202DE9F04F834683B045
:1064A0000020CDF800B0F9F7F3FE002855D11BF815
:1064B000012BDFF8248102F0010304461F4608F196
:1064C000FF39019204E00134082C08F1280840D07B
:1064D00004EB840219F832604FEA840AF007C6F32D
:1064E000801109EBC205EED5B942ECD1062259461E
:1064F000404620F01EFC0028E5D173070746019AAC
:106500002FD4364D02F00108AE1E04E00137082FEB
:1065100005F1080512D016F83730D907C3F3400249
:10652000F4D54245F2D106225946284620F001FC16
:106530000028EBD1FF2306EBC706737000205444FC
:1065400019F8343023F0010309F8343003B0BDE802
:10655000F08F022003B0BDE8F08F0C2003B0BDE83F
:10656000F08FDFF87CE09EF800305E1E023B062BC9
:10657000F6B203D895F817C0B44502D18EF8006082
:10658000BFE7184B3D4603EB0C12904603EB061396
:106590000FCB88E80F00DFF8508005EB850309EB8F
:1065A000C30219F83330D90705D5580703D598F831
:1065B0001730B34207D00135082D08F12808ECD177
:1065C000009B1A78DAE7009B82F817C01A78074B0D
:1065D00003F80C50D2E700BF19450220EE890220D3
:1065E0000ABB02206C89022018450220648902201F
:1065F0002DE9F8431D465B7903F0C003402B01D021
:10660000BDE8F8830E46F9B1DFF86090002400F091
:10661000010809F1FF3704E00134082C09F12809C9
:10662000EED004EB840317F83330D907C3F380129C
:10663000F2D54245F0D106223146484620F079FB9A
:106640000028E9D1E2B202E0072AD9D8084F02EBCC
:10665000820217F83230D200DB07D1D52868183211
:10666000B850AB883A449380CAE700BF194502206E
:10667000184502202DE9F84F82461B4E1AF8019B5F
:1066800000240F4606F1FF3809F0010904E0013447
:10669000082C06F128061AD004EB840218F83230D0
:1066A000D500C3F38012DB07F1D54A45EFD10622AE
:1066B0005146304620F03DFB83460028E7D118358F
:1066C00008EB050406212046F5F74EFC20B94FF0F3
:1066D000020B5846BDE8F88F58F805003860A388CB
:1066E0005846BB80BDE8F88F194502202DE9F047D8
:1066F0008246164E1AF8019B00248846771E09F040
:10670000010904E00134082C06F128061BD004EB33
:10671000840217F8323007EBC205C3F38012DB079F
:10672000F0D54A45EED106225146304620F001FB15
:106730000028E7D16B6A1A68C8F800209B88A8F87F
:106740000430BDE8F0870220BDE8F087194502203B
:1067500010B504460020F9F79BFD40B91CB1012C8F
:1067600001D0122010BD034B00201C7010BD0C2066
:1067700010BD00BF0BBB02204FF47A7202FB00F089
:10678000014B1860704700BFFC8802202DE9F047DC
:10679000824600208846F9F77BFD70BB1C4E1AF834
:1067A000019B0446771E09F0010904E00134082C1E
:1067B00006F128061ED004EB840217F83230D5000B
:1067C000C3F38012DB07F1D54A45EFD106225146CB
:1067D000304620F0AEFA0028E8D1B8F1000F12D010
:1067E000B8F1010F0CD17B5D43F010037B55002005
:1067F000BDE8F0870220BDE8F0870C20BDE8F087F7
:106800001220BDE8F0877B5D68F304137B55EEE74B
:106810001945022000232DE9F04F334C334904F190
:10682000FF3C14F83320072A07D802EB820211F844
:1068300032E02EF0200E01F832E01CF8332022F076
:1068400001020CF833200133082BEAD1002391F820
:10685000F040274D63F300042B7081F8F0404FF0B7
:10686000FF354FF0FF3491F8182191F800A063F341
:10687000000291F8289091F8508091F8787091F882
:10688000A0E091F8C8C081F818211A4A63F3000A01
:1068900063F3000963F3000863F3000763F3000E7A
:1068A00063F3000C144EDFF854B01370144BC6F8A9
:1068B00000B0C3E9004581F800A081F8289081F874
:1068C000508081F8787081F8A0E081F8C8C028B1C4
:1068D000BDE8F04F0B490C481CF0F3BE0A48BDE878
:1068E000F04F1CF0FCBE00BFED89022018450220CD
:1068F0000BBB02200ABB0220FC880220A0BB0D00BB
:1069000010450220316B0200E044022008B9024821
:1069100070470248704700BF008902202C8A02207D
:10692000A8B147F6122240F2E730002110B5094B1A
:106930001B68E3FB02014FF47A720023DAF7D8FDFB
:10694000BDE8104002460B4603480CF04DB9024822
:106950001CF0C5BEFC880220E0440220002208B5DD
:10696000084B1A8030B90021074B084A1B78118068
:106970001BB908BDFFF7BCFBF5E7BDE80840FFF712
:106980007BBB00BF2C8A02200BBB022000890220A7
:106990002DE9F04F804687B01DF072F844014B019D
:1069A000241A43EAD06363EB0103A2009B00101892
:1069B00043EA947341EB0301C90041EA507147F681
:1069C00012220023C000DAF793FD81460191B8F14D
:1069D000000F18D1514B0846D3E90013B3F1FF3F24
:1069E00008BFB1F1FF3F0ED0B9EB01024C4960EB9B
:1069F000030309688A4273F10003ACBF4FF0010A38
:106A00004FF0000A01E04FF0010A0024454EDFF884
:106A100018B1F71F04EB840217F83220A500D30742
:106A200015D5BAF1000F01D1900710D42A1917F823
:106A30003220510759D42A1917F83220120745D4A9
:106A4000254417F8352042F0020207F835200134BA
:106A5000082C0BF1060B06F12806DBD1BAF1000F6A
:106A600004D02E4B019AC3F800905A60B8F1000F81
:106A700008D00020F9F700FC044618B194F85E3005
:106A80005B0702D407B0BDE8F08FA37E072BF9D8CF
:106A9000FF238DF80830637F02A904EB830304F120
:106AA0001C001D6A01F0BAF929466A7805460232CF
:106AB00020F00AF929462046F9F706FC9DF808302F
:106AC000FF2BDFD0637707B0BDE8F08F02A9304617
:106AD00017F0B0FC02A9F8B98A880298ABF8042034
:106AE000C6F81DB0CBF80000AAE7327C0F490DF1C3
:106AF000170C01EB02110DF1070211F8010902F860
:106B0000010F6245F9D106F1170102A817F092FCB6
:106B1000002890D000DE8EE700DEDDE71045022081
:106B2000FC8802201F450220348902207B89022034
:106B300010B50120FFF72CFF47F6122240F2E73094
:106B40000021084B1B68E3FB02014FF47A7200231B
:106B5000DAF7CEFCBDE8104002460B4602480CF0C6
:106B600043B800BFFC880220E044022007280FD869
:106B7000094A00EB800312F833104FEA800C0B0730
:106B800006D58B0706D5844402EBCC02506A7047C9
:106B90000020704700DEF6E71845022007280AD8D3
:106BA000064900EB800011F83020C000530702D5E1
:106BB0001E30084470470020704700BF184502206F
:106BC0002DE9F047894617460AB1FF2313700024C8
:106BD000254D00F0010A6E1E04EB840316F83320E5
:106BE0005FFA84F8D2074FEA840313D4CFB13A781E
:106BF000FF2A04F1010426D0082C04EB840105F1DE
:106C000028055FFA84F84FEA84030FD016F8311094
:106C1000C907EDD5234416F83330C3F38013534529
:106C200009D00134082C05F12805D5D14FF0FF0813
:106C30004046BDE8F08706224946284620F079F80C
:106C40000028EED1F4E7082C87F8008005F128052C
:106C50005FFA84F8EAD004EB840316F83320A3002B
:106C6000D007D7D4C3E700BF194502202DE9F04F64
:106C7000074685B000200E469046F9F709FB00282C
:106C800075D1B946044619F8010B0DF10F024946BA
:106C9000FFF796FF072840F2B8809DF80FA0BAF1E1
:106CA000070F7CD80AEB8A024FEAC20B594DD7F87E
:106CB00001000BF101016850B9F8040029448880F3
:106CC000387815F80B104FEA8A0360F3861105F83F
:106CD0000B100093102105EB0B0330460193F5F7E1
:106CE00043F915F80BC0102160F3820C404605F8FB
:106CF0000BC0F5F739F915F80B1000F0010060F33F
:106D0000C3014B0705F80B104DD4002864D10021B6
:106D10000BF11802009BA818A950818003EB0A010F
:106D200015F831203C4E22F0120205F8312097F878
:106D30000080B71E08F0010804E00134082C06F1B9
:106D4000080618D017F8342012F0010BC2F34001E6
:106D5000F3D04145F1D10622494630461FF0E9FF04
:106D60000028EAD107EBC40787F801A005E00C2052
:106D700005B0BDE8F08F4FF0000B009B002053449E
:106D80009A4615F833304FEA4B1223F0210342F0B4
:106D900001021A4305F83A2005B0BDE8F08F07203C
:106DA00005B0BDE8F08F1D4B1D4A197805EB0B0CA3
:106DB00002F801A01B4A8CF8171002EB011C0131EC
:106DC000197006F10F01013E11F801E9B1420CF80A
:106DD00001EFF9D100289AD00020D8F800300BF14B
:106DE0000701D8F804E0D8F808C0D8F80C606B5058
:106DF000009B2944C1F804E0C1F808C0CE6003EB51
:106E00000A0105EBC101486281E7122005B0BDE827
:106E1000F08F00BF18450220EE8902200ABB022035
:106E2000648902206B890220072807D8044B00EBF5
:106E3000800013F83000C0F3C00070470020704796
:106E4000184502200346024A024812781A70704719
:106E50000ABB02206C8902200C4B1B7883420BD9A1
:106E60000B4B185C07280CD80A4B00EB800213F878
:106E70003230DB0707D5704700DE054B185C07286A
:106E8000F2D900DEF0E700DE704700BF0ABB022047
:106E9000648902201845022007280DD8084A00EB13
:106EA000800312F833108300C90707D5034412F892
:106EB0003300C0F3401070470020704700DEF5E754
:106EC000184502201378FF2B19D12DE9F047194DF1
:106ED0000446AE46002303EB830C15F83CC09E002D
:106EE0001CF0010003D0CCF3801CA44509D0013371
:106EF000082B0EF1280EEED10120BDE8F08701200D
:106F00007047F0464FF0000C4F1E18F801AF17F80D
:106F1000019F0CF1010CCA45E9D1BCF1060FF4D177
:106F200013701E4415F836305A07E6D5C3F3001027
:106F3000E3E700BF18450220024B1878003818BF5D
:106F4000012070470BBB022000F05EBB08B5002398
:106F500003F0CEF9002008BD10B584B0079BD3E93B
:106F600000209047012812D004460DF10F010DF1C9
:106F70000E00F7F747F80020064B009001219DF81E
:106F80000F209DF80E00F6F76FFA034B1C6104B05A
:106F900010BD00BF9D6F02005846022010B50024AE
:106FA00084B00DF10F010DF10E00F7F72BF89DF8ED
:106FB0000F2002210132044B9DF80E000094D2B242
:106FC000F6F752FA04B010BD59700200F0B51C4635
:106FD0008DB007460D460DF12E000DF12F0116461E
:106FE000F7F710F8069400249DF82FC03B460CF1EB
:106FF000010C0121CDE90744CDE90344CDE9014469
:107000009DF82E00059600955FFA8CF2F6F792F93E
:1070100010F0FD0F0AD00648009401210461054BD1
:107020009DF82F209DF82E00F6F71EFA0DB0F0BD4A
:10703000584602209D6F020070B50446059DF6F784
:10704000E7FF2B462046BDE87040C821014AFFF704
:10705000BDBF00BF596F020001480BF063BB00BF0A
:10706000608A022070B50446059DF6F767FA21464E
:10707000F6F766FAC82800D970BD2B462046BDE851
:10708000704040F2DC51014AFFF7A0BF39700200A6
:1070900008B50122002102481CF02BFA002008BD8F
:1070A000608A0220024BA0F2A462C3E9002070476C
:1070B00058460220F0B58DB00746F6F73FFA234C4C
:1070C0000546E168F6F73CFA6368E56083422AD832
:1070D00000260DF12F010DF12E00F6F793FF1C4A4B
:1070E000CDE90766CDE9052762682B46CDE9036245
:1070F00022680321CDE901269DF82E009DF82F205E
:107100000096F6F717F910F0FD0503D06FF08B002D
:107110000DB0F0BD00230F4A0F480BF03DFB40B906
:1071200020690DB0F0BD28462168F6F709FA05463A
:10713000CEE72B4603219DF82F209DF82E000095C9
:10714000F6F792F96FF07300E2E700BF58460220AD
:10715000657002000E720B00608A02200020F6F7B4
:10716000CBB800BF08B5F6F7E9F9014B986008BD48
:107170005846022001207047684620F007018D46DE
:1071800001B502F031F9EBF77DF9BDE80140854624
:10719000704700BF08B5094BD3F828213AB9012040
:1071A000F4F7D8FFBDE808400220F4F7D3BF002071
:1071B000C3F82801F6F7ACF8F1E700BF00200E5045
:1071C0000020F4F7C7BF00BF90B90E4B0E4A1978E4
:1071D0001078CBB288420DD10C480D49013390F89C
:1071E00000C013700B78634507D003780B707047AD
:1071F00000DEEAE700DE1378EEE700DE03780B70CE
:10720000704700BF0CBB02200DBB022011BB022047
:1072100010BB02200B4A0C4B117893F800C08C4530
:107220000DD012781A70094A094B18B911781878DC
:10723000884202D012781A70704700DEFAE700DE4A
:10724000EFE700BF0FBB02200EBB02200CBB0220E9
:107250000DBB022002F034BA08B50B490B4A91F875
:1072600000C0137803989C450BD000220B70084B8C
:10727000114698600120F4F70BFF00B908BD00DE4D
:1072800008BD00DE1378F0E70CBB02200DBB022026
:10729000480900202DE9F0412D4A2E4D12782B7817
:1072A0000C469A428AB005D12B4B2C4A1B78127897
:1072B0009A4244D026682A4F06F2726840463968DE
:1072C000F6F73EF9002803DB00200AB0BDE8F081A4
:1072D000244A254B11781A78914213D11E4A1F492E
:1072E0001278097891420DD00022197810460131A8
:1072F000C9B2197011461D4B0092F6F7B5F810F09F
:10730000FD0F22D11A48E168C7F8008000220790DB
:1073100040F27260174C3346CDE9054129780131BE
:10732000C9B22970009011461046CDE90322CDE97B
:1073300001220892F5F7FEFF0AB0BDE8F081066869
:107340000446074F06F27268DCE700DE00DED9E78C
:1073500010BB022011BB02200CBB02200DBB02207F
:10736000808A02200EBB02200FBB02201572020091
:10737000C9710200597202007F4A9368002B00F025
:1073800090801368002B00F08B802DE9F04F814630
:1073900089B04FF0FF338DF80A300DF10A00F6F78F
:1073A000B1FF0446002839D0037F9907F5D1857ACB
:1073B00015F00205F1D1C3684B4556D0A8462F46BB
:1073C00006680DF10A00F6F79DFF8346E0B1027FE3
:1073D0009207F6D1827A9307F3D4C268B8F1000F0E
:1073E0001FD04A4521D0DBF800A031465046F6F7C1
:1073F000A7F800280DF10A00BCBF5F465646F6F715
:1074000081FF83460028E2D1002F08BF2746394676
:107410003846FFF73FFF30F002033FD109B0BDE827
:10742000F08F914545D08046DDE7227F204642F02F
:1074300002022277E168A2699047D845A9D1FF23CB
:107440008DF80A300DF10A00F6F75CFF04460028BB
:10745000E4D0037F9F07F5D1837A9E07F2D4C368F7
:107460004B4502D000DED0F80C90434A4846137BCF
:1074700043F001031373D2E9001303AA98470646A9
:1074800000B310F1100F5ED03B4A002093681168E2
:10749000984716F10B0F1ED08C36BFD000DEBDE72B
:1074A0007047354918460A7B42F001020A73F6F725
:1074B00045BF237F204643F002032377E168A36999
:1074C0009847BCE7237F204643F00203A269E168A6
:1074D00023779047A2E700230226FF27264AD2F807
:1074E0000890D2E9004813608DF80B700DF10B0085
:1074F000F6F708FF90B1037F9A07F7D40DB9DB07C1
:10750000F4D4C368A342F1D1037F214643F00203C0
:107510008269037790478DF80B70E7E70125AE424B
:1075200001D02E46E0E70794002449464046039BDD
:10753000009604AACDE904440694F6F79BFE0028C1
:107540007FF46CAFAAE7A37A43F00203A3720DF1B4
:107550000A00F6F7D7FE014600283FF45FAF037F2D
:107560009D07F4D1837A9C07F1D4FFF793FE30F0A6
:1075700002033FF453AF91E77046022010B517485D
:107580001BF09EFD38B30024154B9C6000F0A4FA5C
:1075900000281FDB224621468A20EAF7F1FE224618
:1075A0000121E320EAF7ECFE214622461E20EAF7FD
:1075B000E7FE4FF480720B4B8A20C3F88824EAF769
:1075C000AFFEE320EAF7ACFE1E20EAF7A9FE01F0C9
:1075D00025FF204610BD6FF0120010BD4875040055
:1075E0007046022000A0085008B500F087FA002875
:1075F00009DB8A20EAF7A2FEE320EAF79FFE1E20BD
:10760000EAF79CFE002008BD0A460146024892B2F5
:1076100083681B68184700BF4875040030B4074DE5
:10762000AB685C6834B1A4468AB2002301462846A0
:1076300030BC60476FF0570030BC7047487504009D
:1076400030B4074DAB685C6834B1A4468AB20023FD
:107650000146284630BC60476FF0570030BC704789
:10766000487504000020704730B5044683B078B3F5
:107670001D4B1A68824225D0FF250DF107008DF8B9
:107680000750F6F73FFE38B91AE0A1420AD00DF1D3
:107690000700F6F737FE98B1037F9B07F7D4C16860
:1076A000002CF2D1037F826943F0020303779047F5
:1076B0000DF107008DF80750F6F724FE0028EBD1F6
:1076C00003B030BD9B686BB1014600209847D3E7FB
:1076D000054A9368002BCFD011680029CCD0002038
:1076E0009847C9E700DEC7E77046022000207047D0
:1076F00010B50446F6F7F8FD8CB90D4B9A68AAB19F
:1077000000221C689A601A6004B124680020F6F711
:1077100015FE2046F6F7A4FE28B1002010BD002873
:10772000F3D100DEF1E700DE002010BD00DEE7E768
:107730007046022040F27260704700BF10B51446D8
:10774000F5F7FCFE2146F5F7FBFE002805DB51307E
:10775000B0F58A7F38BF002010BD002010BD00BFEB
:10776000262810B5044613D0272809D0252817D17C
:10777000022001F0D9FE2046BDE8104001F0DABE3B
:10778000502001F0D1FE2046BDE8104001F0D2BEED
:107790001A2001F0C9FE2046BDE8104001F0CABE23
:1077A0000A2807D927280AD900DE2046BDE810405C
:1077B00001F0C0BE0230400001F0B6FEDBE703304E
:1077C000400001F0B1FED6E701F01ABF01F024BF7E
:1077D00008B501F075FFBDE8084002F0EBB900BF45
:1077E00008B501F06DFF02F0E5F9BDE8084002F0D0
:1077F00099B900BF08B501F063FF02F0DBF902F0B0
:10780000BFF902F0E3FBBDE8084002F08BB900BF0E
:10781000014608B5114801F0F7FD01F0A9FF60B17C
:1078200002F09EFA01F02EFE00F0A6F900280EDB11
:10783000BDE808400020FFF75BBF01F017FF02F032
:107840008FFA01F01FFE00F097F90028F0DA00DE51
:10785000BDE808400020FFF74BBF00BF5572020093
:1078600010B5044601F02CFF02F0A4F902F088F9EB
:1078700002F0ACFB02F056F92046BDE81040FFF7DD
:10788000C7BF00BF10B5044601F01AFF21460D48DE
:1078900001F0BAFD01F06CFF40B100F06DF9002875
:1078A0000ADBBDE810400020FFF722BF01F0DEFE3A
:1078B00000F062F90028F4DA00DEBDE81040002094
:1078C000FFF716BF557202002DE9F04FFF248046E6
:1078D000894692461F4689B09DF848B08DF81F40F2
:1078E0000DF11F00F6F70EFD002864D0037F9D0701
:1078F000F6D1837A9C07F3D405683E689DF81F3063
:107900000446294630460593F5F71AFEBBF1000FF1
:107910007DD0BC4208BF002426460DF11F00F6F7BB
:10792000F1FCC0B1027F9107F7D1827A9207F4D4BB
:1079300002682946049010460392F5F701FE039A67
:10794000049B00280DF11F00BCBF15461E46F6F72C
:10795000D9FC0028E6D1059B8DF81F30464B9A686C
:10796000002A74D1002E72D14CB3BBF1000F61D14B
:107970001A7BB97A02F0010201F002010A434ED1EA
:107980004946534640463A460096F6F773FC014690
:10799000002848D0BB7A9B070AD4002C14BF264687
:1079A0000E463046FFF776FC30F0020300D000DED2
:1079B0006FF0760427E0304B9A68002A45D11A7B95
:1079C000B97A02F0010201F002010A433DD01A7BAC
:1079D000384622F001021A73FA68C3E901891A6075
:1079E000D04704460DF11F00F6F78CFC014650B15C
:1079F000037F9D07F6D1837A9A07F3D4FFF74AFCF9
:107A000030F0020331D1204609B0BDE8F08F0028E4
:107A1000BFF67FAFFF2335465C4605937CE7BC424B
:107A2000D5D000DED3E700DEBB7A9F07C0D4002E9E
:107A3000B7D1B2E753463A4649464046CDF800B082
:107A4000F6F718FC0028B3D1B1E7002426464946D2
:107A5000534640463A46CDF800B0F6F70BFC0146D7
:107A600028B1BBF1000FA3D1DEE700DECBE700DEDB
:107A7000BBF1000F9CD1D7E77046022001F1100046
:107A80000AF050BE70B505460C468AB001220021AE
:107A900004A81BF02EFD0323002602930D4B69461C
:107AA00028460396019315F0CEFC002810DB3146E2
:107AB00047F6122340F2E7304FF47A72E4FB0301F9
:107AC0000023D9F715FD02460B4604A80AF064FE10
:107AD0000AB070BD7D7A020038B5012002F05CFD6D
:107AE00001240023044D6B60AC60EB602946BDE8C7
:107AF000384015F0A8BC00BF888A022010B50120CC
:107B000002F04AFD0446044915F00CFD2046BDE88C
:107B1000104015F0E3BC00BF888A02200C4B1A7895
:107B20000AB100207047012010B5187002F034FD32
:107B30004FF47A710446FFF7A5FF38B9204615F0D7
:107B4000CDFC02280CBF00206FF0040010BD00BF68
:107B500012BB022008B5074BD3E8EF2F511CC3E836
:107B6000E01F0028F8D1002A01DC02F01DFD0020F2
:107B700008BD00BF848A022008B50A4BD3E8AF2FA6
:107B8000002A0CDDD3E8EF2F511EC3E8E01F0028C8
:107B9000F8D1012A01DC02F019FD002008BD6FF0C8
:107BA000770008BD848A022032207047014B33F8E9
:107BB00010007047389B040010B50446FFF71AFE0A
:107BC00001F0D4FF2046BDE81040FFF721BE00BF02
:107BD00030B583B0044601F0B7FDFFF7F9FD9620FC
:107BE00001F0FEFF002318461A46194601F06EFF09
:107BF0000120F6F7E3FA78B31C3001F0F5FC01F050
:107C000085FD38BB2146154801F0FEFBFFF794F9CE
:107C1000A8B902F00DF900210446084601F0FEFC67
:107C200000210546084601F0F5FC2C44CB34201A0F
:107C300002F0A0F803B0BDE8304002F0F1B80DF159
:107C40000700FFF7FFF8002201469DF8070002F049
:107C500035F9DEE700DED5E700DECDE7DD820200A4
:107C600010B50446FFF7C6FD01F080FF2046FFF780
:107C7000CFFD0021044B012208469C60F4F708FA6E
:107C800000B910BD00DE10BD58090020814208B5C2
:107C90000ED00B7ADB0702D46FF08B0008BD0C4BC3
:107CA0001360FFF757FF00280FDB6FF00A0008BDD5
:107CB0000B7B01EB83010B691B7803F00F03012B96
:107CC0000CBF00206FF08B0008BD00DEEDE700BFA9
:107CD0002981020010B548B10C46FFF74DFF00287E
:107CE0000BDB2046BDE81040FFF702BD044801F061
:107CF0008BFBBDE8104001F0B9BC00DEF1E700BF2E
:107D0000B97B0200042210B50024074B28219818E3
:107D1000F4F7C6F8054B9C810222214604481BF06B
:107D2000E8FB204610BD00BFC88A0220B88A0220A6
:107D3000A08A0220042210B50024074B282198189D
:107D4000F4F7AEF8054B9C810222214604481BF053
:107D5000D0FB204610BD00BFC88A0220B88A02208E
:107D6000A08A022010B504460548F4F7BDF820B1FA
:107D7000034600205870636010BD6FF00B0010BD0B
:107D8000C88A02200022034610461A705A709A6070
:107D9000704700BF38B51D4D2B7B6A7B9A4202D0DD
:107DA00055F8234034B91A48F4F79EF8044680B1D8
:107DB000204638BD17480AF015FD2B7B6A7B9A4296
:107DC000F6D00133DBB2032B08BF00232B73204610
:107DD00038BD0023104A0F480AF0DEFCA0B90D4858
:107DE0000AF000FD2A7B6B7B93420BD0531CDBB265
:107DF000032B08BF002355F822202B7312B1144621
:107E0000204638BD00DED3E700DEE8E7B88A02206E
:107E1000C88A0220A08A02205A62020010B50278A5
:107E200043789A4214D0D4B244700278944204D079
:107E30005A1C4370D3B2022B0ED01A460B7000EBC3
:107E40008204606800B110BDFFF7A4FF606010BD40
:107E50000133DBB2022BF0D100221346EEE700BF64
:107E6000F8B5027843780446934226D0D5B2154A35
:107E700004EB8507507B92F80CC0431CDBB2032B4C
:107E800008BF00239C450E46796806D042F82010B2
:107E900053730D480AF046FC00216B1CDBB2022B29
:107EA00008BF0022796014BF1A46134601212370CF
:107EB000317004EB82046068F8BD1A4604EB82045A
:107EC0006068F8BDB88A0220A08A022030B5037A23
:107ED0000446C3F3021393FAA3F0002BB0FA80F028
:107EE00008BF4FF0FF3083B000F1010044D0217A89
:107EF0005A1E134063F3061121722430FFF730FC41
:107F000000230DF1070104F10C008DF80730FFF795
:107F1000A7FF054670B3284601F06CFB2B7803F0F1
:107F20000F03022B1DD00DF1070104F11800FFF71C
:107F300097FF30B39DF8073063B92146124801F02E
:107F400063FA962001F04CFE002003B0BDE83040FB
:107F500001F0A6BDD5F80230C0F80230EB88C3802E
:107F6000EBE72146094801F04FFA03B0BDE8304085
:107F700001F0C6BD00DECEE700DE237AC3F30213B4
:107F8000B5E700DED6E700BFD17B0200E57F020047
:107F900010B50446FFF72EFC237A03F07102012A84
:107FA00006D11A46C3F3420363F306122272D3B218
:107FB00013F0700F05D0636853B193F82C309B0712
:107FC00006D501F0D3FD2046BDE81040FFF720BCE8
:107FD0002046FFF77BFF01F02FFBBDE8104001F0CA
:107FE0001FBF00BF10B5044601F0AEFB2046BDE840
:107FF0001040FFF7CDBF00BFF0B5C4680546636809
:1080000083B0002B57D101F00BFA082001F054FA8D
:108010000021084601F038FA00222521082001F04D
:10802000B3FA384B01A8019301F09AFA364940F2AD
:108030005B6001F0A7FB237A20461A46C3F3420394
:1080400063F306122272FFF741FFFEF775FF637AB2
:1080500003F0030358BB03BB27682E683846FFF7BD
:1080600069FB03461E446A6806F21311012001F001
:10807000C5FD01F0D5FE2046F8F7F0F8811C324628
:108080003846C9B2FFF75AFB054608BB2046FFF742
:108090002DFBD8B9002003B0F0BD0120FEF736FC5F
:1080A000024641780232007801F040FDD4E7181E04
:1080B00018BF0120F2E793F82C309B07A3D021468C
:1080C000124801F0A1F901F0D1FAE3E700DEE1E79F
:1080D00040F211430E4A0F490F4814F043FE2A465E
:1080E0000E490F4814F03EFE40F211410848DFF7F8
:1080F0008BFE0C48214601F087F901F0B7FA6FF0CA
:108100008B00C8E7D6BE898E55555500857802008C
:10811000B4990400009A040044990400489B0400A8
:10812000049A0400B97B020070B5C36804461E6857
:10813000F5F704FA05463046FFF7FCFA024600233D
:10814000AD1AC4E9005323812046BDE87040FFF713
:1081500053BF00BF10B582B00446FFF7FBFC0028F8
:1081600009DB0023074A084908480094F6F7BAF9E2
:1081700018B902B010BD00DEF3E77730F9D000DEA9
:10818000F7E700BFF97F0200D57C02008D7C02007A
:108190002DE9F0410D46417A1746CA071E469DF863
:1081A000188009D5B8F1000F17D02B78B7EBD31F83
:1081B0001AD00020BDE8F0812946044611F8020BD0
:1081C000079AC0F38010FEF77DFE0028EDD1637A98
:1081D000DB07EED5B8F1000FE7D1079B1878FEF763
:1081E0005BFE0028E1D1E4E70622304605F10801F4
:1081F0001EF09FFDB0FA80F04009BDE8F08100BF9D
:108200002DE9F84F1F460B9B06460C4692469DF8FB
:1082100028909DF830506BB9437A03F00303012B8B
:108220002CD9002D3AD02378BAEBD31F4AD00020A6
:10823000BDE8F88F884618F8020B0D9A4146C0F346
:108240008010FEF73FFE0028F2D094F800B0BAEBA1
:10825000DB1FECD13846062204F108011EF069FD4F
:108260000028E4D10D9B1B78FF2B1ED0B27AFF2A89
:108270001BD0981AB0FA80F04009D9E711F8020B28
:108280000D9AC0F38010FEF71DFE0028CBD1737A43
:1082900003F00303012BCAD9002DC4D10D9B18781C
:1082A000FEF7FAFD0028BED1C1E7CBF3801BCB451A
:1082B000BDD1062241460B981EF03BFDB0FA80F07E
:1082C0004009B5E70622384604F108011EF031FDE9
:1082D000B0FA80F04009BDE8F88F00BF2DE9F04307
:1082E0008BB0044601F01CFAC0B2002800F099805F
:1082F00001F054FA054601F04DFC814601F054FCB2
:1083000001F07AFE064601F05BFEEDB2804601F018
:108310000BFCFFF76FFA45B92146604801F074F88D
:108320000BB0BDE8F04301F0A1B916F0FF067BD118
:10833000FF2301208DF82730F5F740FF0546002880
:1083400000F09580237B05F11C0104EB83031F697A
:108350005FFA89F93B4613F8020B00F00F0CBCF1F1
:10836000010F08BF07F10808C0F380124FEAD017C9
:10837000287F18BF4FF0000800F00F0003285BD0E3
:108380000528C9D1687F2228C6D160680028C3D0DB
:1083900090F82C008007BFD40DF127000390CDE9A1
:1083A000018920460097FFF72BFF0028B4D0042056
:1083B000F5F704FF0028AFD02146394801F024F832
:1083C00001F054F901F0A2F9002852D1626892F844
:1083D0002C3043F0010382F82C30F5F709FF172207
:1083E0004FF6FF730271C3808460054601F0B0FC54
:1083F000286101F017FD00210446084601F00EF93E
:10840000241A6C61B6B19DF827306B76F5F7F0FE53
:10841000034629462868EB60F5F714FF0BB0BDE86A
:10842000F083FFF7E7F977E75FFA88F0FEF714FDCE
:1084300003467EE7FF23E8E7687F0C287FF46CAFF4
:10844000B8F1000F7FF468AF0DF127000190CDF86F
:1084500000902046CDE906230591FFF799FE50B91B
:10846000DDE90512287F079B00F00F0088E700DE9A
:1084700068E700DEAAE721460A4800F0C5FF01F0E0
:108480003FFB237E04EB8303D86901F0B3F801F0CE
:108490003DF90028C2D000DEC0E700BF917F020096
:1084A000617C0200E57F0200F8B50546FFF7A2F9FE
:1084B000F5F7C6FF044600283ED001201F4B204A96
:1084C0001B7812788340024003F002031343A27921
:1084D0001C4922F0030213431B4A0988A371137835
:1084E000A1802070237219B195F92730002B04DB8D
:1084F0002846BDE8F840FFF78BB995F82C30C3F358
:108500000213022B16D0042B0CBF4FF4BC77282784
:1085100001F07AFC064601F07DFC0023361AE66085
:10852000EA6B2846C4E90427EB636B64BDE8F840B6
:10853000FFF76EB91827EBE700DEBEE715BB022098
:1085400016BB02207EB9022013BB022008B501F041
:108550002FF9034601211A78002061F301021A70F5
:1085600008BD00BF00207047704700BF002330B433
:108570000749084A0B801380074C084D08480949F1
:10858000094A2B70237003700B70137030BC704756
:1085900080B902207EB9022016BB022015BB022042
:1085A00017BB022014BB022013BB0220814207D05C
:1085B00091F82C305B070CD50C4B188848B97047E4
:1085C0000A4A0B4B11881A7821B9032A08D900DE10
:1085D00003E0074B1B78032BF9D86FF08B00704733
:1085E00001326FF00F001A70704700BF80B902208F
:1085F00014BB022038B50D4680B30446FFF7BCFA21
:10860000002848DBE36821894A1C9983598B0A4476
:1086100093F927105A83002914DBF5F711FF03465D
:10862000002836D0002101249A79998022F0030293
:1086300042F002029A711C7019722846BDE8384057
:10864000FFF756B820891A6B996B00FB02220A4487
:10865000596B8A4228BF0A469A63DEE791F92730B0
:10866000002B0ADB29460D4800F0CEFE00F0FEFF8D
:1086700095F87E301B0708D438BD094B1B88002BAA
:10868000F0D10122074B1A70ECE7BDE8384001F049
:108690000BBC00DEC6E700DEB4E700BFA984020021
:1086A00080B9022015BB0220F8B504460120F5F779
:1086B00085FD58B30021417794F8675000F11C07FD
:1086C00005F007052846B4F85A6000F0DDFE94F87E
:1086D0007E30AA001B07F1B242F001020ED5043130
:1086E0000820C9B200F050FF3A46294604F17F0045
:1086F00001F0A0FBBDE8F84000F076BF082000F0D4
:1087000043FF3846BDE8F84000F06EBF00DED1E719
:1087100038B50446FFF75CF8244AA0891388013372
:10872000138001F05DFA94F8662094F86700C2F3B4
:10873000C003002102F0070200F0070001F0C6F9B3
:108740002046FFF7B1FF00F0E1FF60BB01F070FBD6
:108750000346258A94F8670001210D3500F00700D3
:108760001D4400F05BFF94F86730054403F00703F5
:10877000022B16D0042B0CBF4FF4BC73282394F8A3
:1087800066001D44C0F3C00100F0070000F042FF86
:10879000281A01F0EFFA2146BDE83840044800F0FD
:1087A00033BE1823EBE700DED0E700BF80B902201C
:1087B000C9880200F8B505460F4690F86610B0F873
:1087C000586001F007042046C1F3C00100F05CFED0
:1087D00095F87E30A200DB0642F00102F1B20DD521
:1087E00004310820C9B200F0CFFE394605F1A000DF
:1087F00001F024FBBDE8F84000F0FCBE082000F0CA
:10880000C3FE3846BDE8F84000F0F4BEF0B50546BA
:1088100083B001AA0F46D0E91A01F3F7C9FB95F816
:108820007E3006465A0738D448B3019C95F87D300F
:1088300095F87C2004341C4412B9627885F87C20B9
:1088400033B10122237862F30103237095F87D3060
:1088500095F87C202846D31A6370F9F73BF86378C3
:1088600083422AD90122607000212378A17003F08D
:108870000F0343EA021323703C6003B0F0BD43F0E2
:10888000040385F87E3000F093FF0446237823F03C
:10889000100323703C6003B0F0BD43F0040385F87F
:1088A0007E3000F085FF0446002EEFD0037843F0C1
:1088B000100303703C6003B0F0BD3268EB6ED21A57
:1088C00018BF0122D0E700BF2DE9F04182B0044675
:1088D00000F026FFC0B2002876D000F05FFFC5B2DE
:1088E00001F022F9FEF77CFF0120A64A1388034419
:1088F0001380F5F763FC0646002800F0E980C5B94F
:10890000A14B1F78002F6AD10122204601A91A70BD
:10891000FFF77CFF94F92730002B80F2F880676C1A
:10892000B846002F00F0CF804FF000082F46019D81
:1089300060E094F87E30327F03F00101C2F38000E2
:10894000884200F0A28094F9272081F0010161F3B0
:108950000003002A84F87E3005DA94F82C3043F0C6
:10896000080384F82C3094F87E305D0700F1C6804F
:10897000D4E91A0101AAF3F71BFB0546F0B194F8FC
:108980007D20019B1344597971B194F87E30D8064B
:108990000AD5D4F8B0300133C4F8B030D4F8B430CC
:1089A00043F10003C4F8B43094F87C300A44D2B2E6
:1089B0009A42C0F0B48000F0D18000DE4FF0000891
:1089C00094F87E30327F62E0FEF70AFF21466F485E
:1089D00000F01AFD02B0BDE8F04100F047BE013FD3
:1089E000FFB2204601A91F70FFF710FF002F91D1A1
:1089F000A846019D2146654800F006FD01F080F87B
:108A000094F87E202B78294662F3C3032B7094F8E8
:108A10007E302A78C3F3400363F3820220462A7033
:108A2000FFF7C8FE00F072FE00286ED101F0ECF9ED
:108A300088B1B8F1000F15D04FF6FF73A08A9842A5
:108A400000F084804146F8F7D9FE7FB902B0BDE856
:108A5000F041F5F7EFBB01F0CBF901F0CFF9B8F138
:108A6000000FE9D117B902B0BDE8F081F5F7C0FBFE
:108A700003233371A38A31463068F380F5F7CAFBCC
:108A800002B0BDE8F041F5F7D5BB4FF00008C2F3E6
:108A9000C002C3F340039A4244D0002700223A4B5D
:108AA00020461A7001223A4B01A91A70FFF7AEFE58
:108AB00094F92730002B4CDB337FDA0603D4019D79
:108AC0002B78DB0626D5334B1B7833B1019D91E71C
:108AD00000DE002D3FF414AF2BE7E08901F080F8B1
:108AE00094F8670000F0070000F0DAFF21462A48FA
:108AF00000F08AFC01F094F9019D81E723F0040362
:108B000084F87E3000F054FE58E700DE8EE7002740
:108B1000B846D8E76B78002B3FF46CAFD3E784F806
:108B20007D204BE70320F5F749FB0028B5D094F8EA
:108B30007E3083F0020384F87E30737F002BACD04C
:108B400094F87E30190729D40127A7E700DEA08A10
:108B500078E7636C002BAFD03D46E7E60022E06E7D
:108B6000A4F87C2004F16801F3F72AFA019B1B6842
:108B70002B60019B1D60DDF8048094F87E30327F0D
:108B800085E700BF7EB9022017BB0220A98402003E
:108B900016BB022014BB02201187020001F052F91B
:108BA000002860D001F076F900284CD1D4F88F303D
:108BB000D4F89320134304D1337F03F00303032B32
:108BC0002BD00222294B214629481A7000F01CFCA8
:108BD00000F04CFD00F09AFDB8B901F015F960B154
:108BE000B8F1000F3FF43FAF4FF6FF73A08A9842F1
:108BF0000DD04146F8F702FE28E701F0F9F801F040
:108C0000FDF8B8F1000FEFD12DE700DEE5E700DE5B
:108C10004146A08AF8F7F2FD18E700F0CDFD427852
:108C20000146272ACDD8033206F11C001EF04CF86D
:108C3000D4F88F30D4F89320013BC4F88F3042F140
:108C4000FF33C4F893300121D4F88F30074A013341
:108C5000C4F88F30D4F8933004F18F0043F100034F
:108C60001170436070E700DE9CE700BF13BB022079
:108C7000A98402004FF6FF732DE9F043C46883B066
:108C8000A28A9A4200F0EF800646FFF76FFC0021AF
:108C90003389628B208C1A4492B21044618380B273
:108CA00094F82710A383431C238401F03F03490653
:108CB000E28300F1A48094F8281004F129000093C5
:108CC00004F12203FDF72CF90546D4E90C31A26B1F
:108CD000A08BA36303FB0022E36B00208A4294BFB6
:108CE0009B185B18D4E910728B4228BF0B463A449C
:108CF000C4E9100294F8671094F82C20E36361F340
:108D0000061284F82C2094F87E2012F0040200F061
:108D1000888000F085FB082000F0CEFB201D00F0CD
:108D20001FFC2389A17A40F25B6043EA014100F015
:108D300029FD2846FEF714FD21464F4800F064FB4C
:108D4000A08900F04DFF94F8662094F86700C2F304
:108D5000C003002102F0070200F0070000F0B6FE99
:108D60002046FFF7A1FCD4F8008037684046FEF7A4
:108D7000E1FC03461F44726807F21311002000F063
:108D80003DFF814601F016F8002001F037F8E36B53
:108D900094F8670003F11102636C012100F00700F1
:108DA00003EB420500F038FC4D44054494F867009D
:108DB00000F00700022832D004280CBF4FF4BC7327
:108DC000282301211D4400F029FC284400F0D2FF93
:108DD000A18A3A4603314046C9B2FEF7AFFC0546C8
:108DE000A0B1B37A9B072AD500252146234800F07D
:108DF0000BFB00F03BFC284603B0BDE8F083218D5F
:108E000004F12202FDF7D0F805465EE72046FEF7A2
:108E10006DFC78BB0025284603B0BDE8F08318231D
:108E2000CFE7D4E91A01F3F7C3F800287FF471AF54
:108E300094F87E3043F0040384F87E3069E74FF401
:108E4000AC730F4A0F49104813F08CFF2A460F49A4
:108E50000F4813F087FF4FF4AC710948DEF7D4FFD9
:108E60006FF08B05C1E721460A4800F0CDFA00F00B
:108E7000FDFBCFE700DECDE7C98802006178020084
:108E8000309A0400009A040044990400549B0400A2
:108E9000049A04008578020010B582B00446FEF7FB
:108EA00059FE002809DB0023074A084908480094B6
:108EB000F5F718FB18B902B010BD00DEF3E7773004
:108EC000F9D000DEF7E700BF758C0200F5850200DF
:108ED000AD850200264B0246D3F8A413013106D01B
:108EE0002349D1F8A00310F0010009D170474FF6D3
:108EF000FF71D3F8A8339BB28B42F1D100207047A9
:108F0000D1F8A4331360D1F8A803C0F3072363F0AA
:108F10003F0310715371D1F8903301331CD0D1F855
:108F20009433013318D0D1F89833013314D0D1F8E9
:108F30009C33013310D0D1F89033C2F80630D1F809
:108F40009433C2F80A30D1F89833C2F80E30D1F811
:108F50009C33C2F8123008E00023C2F80630C2F891
:108F60000A30C2F80E30C2F812300120704700BF3C
:108F700000C0FF000023144A036043608360C360A5
:108F8000D2F88033013318D0D2F88433013314D0AF
:108F9000D2F88833013310D0D2F88C3301330CD09F
:108FA000D2F880330B60D2F884334B60D2F8883328
:108FB0008B60D2F88C33CB60704700230B604B6022
:108FC0008B60CB60704700BF00C0FF0000214FF4F2
:108FD0008062034BC3F82811C3F81423704700BF05
:108FE00000200E50034B1878421C003818BF012097
:108FF0001A70704718BB0220064B187830B1013840
:10900000C0B21870003818BF0120704700DE187811
:10901000F5E700BF18BB0220054BD3F84427D3F86F
:1090200040075200D3F84417F7D40029F5DB704706
:1090300000200E5030B484460C461D4AD2F8443706
:10904000D2F8401713F08043D2F84407F6D1002835
:10905000F4DB012502EB0C12C2F82C354FEA8C022E
:10906000D2B24FEA0C1C0CF1A04002F1A04201392F
:1090700000F5622002F56222C0F820151560D0F8D4
:1090800020259142FBD0A2424FF00102D0F82415D6
:109090000CF1A04388BF0131C1F3130103F5622332
:1090A000C0F82045C0F82415C3F82C2530BC704703
:1090B00000200E502DE9F04300256F4CC4F80055F8
:1090C0000225A942C4F8005502D0042900F0A98065
:1090D00080256A496A4E022AC6F81413C4F8801023
:1090E000684CC4F89C1104F58024C4F89C106649AF
:1090F000A4F58224C4F80455C1F80455634C5E49B4
:10910000C1F8044500F0B380032A40F08680A32212
:10911000C1F848250268584912BAC1F81C254268AE
:10912000012612BAC1F8182582684FF00E0E12BA45
:10913000C1F81425C268564F12BAC1F81025027C36
:10914000C1F82C25B0F81340027E64BA02F0010287
:10915000A4B244EAC214B0F8112052BA44EA02445C
:10916000C1F82845D0F819404A4A24BA9260C1F89B
:109170002445D0F81D00424C00BAC1F82005D4F8AF
:10918000280E1546002405F8044FD2F82C805FFA0B
:1091900080FC41480CF102091061956101383F4D96
:1091A00069F317081680C2F82C8006F1506600F1AA
:1091B00003085561D5611062D7605662C2F82880F5
:1091C00082F82FE0C2E913535564D56DACF1040C5D
:1091D0006CF31705D565C2E90C44C2E9184402F1E5
:1091E0000805D763566582F85FE0C1F8305502F193
:1091F0003805C1F83855C1F80441D1F80451C1F817
:109200000841D1F80811591C941D03331164511DF4
:10921000946391649365BDE8F083E322C1F8482527
:1092200078E74FF0080C8026C4F84455144F1C4DC5
:109230001249C7F85053C4F88850134D022AC5F894
:1092400004C5C7F81413C4F880100E4CC4F89C1160
:1092500004F58024C4F89C1012490C4CC1F8046534
:109260000549C5F80465C1F804457FF44DAFC32234
:10927000C1F848254EE700BF006004500700008099
:1092800000A00850003004500020085002000001E7
:109290000200000BD08B02203D8C02200100000C4C
:1092A0000300008000200450F0B402240025464B47
:1092B0000229C3F80055C3F80045444CC3F80445DF
:1092C0007ED0032978D1A321C3F8481503683E490D
:1092D0001BBAC1F81C35436801251BBAC1F8183503
:1092E00083684FF00E0C1BBAC1F81435C3681BBA63
:1092F000C1F81035037CC1F82C35B0F81340037E5B
:1093000064BA03F00103A4B244EAC314B0F8113004
:109310005BBA44EA03442E4BC1F828451E4600249C
:10932000D0F819709B603FBAC1F82475D0F81D00C1
:10933000284F00BAC1F820051D80DF6050789A617F
:1093400026F8020F03321A625A6A1E6160F317028E
:109350005A62214E021D21489C62D8615E6183F8E9
:1093600027C0DC625865DE6D1D48C3E918441864E7
:1093700062F31706013803F10802DE65DF63186542
:1093800083F85FC0C1F8302503F13802C1F83825F1
:10939000C1F80441D1F80421C1F80841D1F80821ED
:1093A000C21C9A650F4A0D60591DC3E91121DA6488
:1093B0009A1D9A63F0BC7047E321C3F8481585E70E
:1093C000C321C3F8481581E700600450000005017F
:1093D000D08B02200200000B0200000C0100000DE7
:1093E0003D8C02200100000C044BD3F8203223B145
:1093F000034A044B10681B681847704700A00850C8
:10940000488E02204C8E0220024B034A19601060E5
:10941000704700BF488E02204C8E0220704700BF6C
:109420000022012130B4144B1448154DC0F8282EE9
:10943000C3F8A020C3F8A420C3F8A820C3F8AC2028
:109440005962D962C3F81028D3F8104844F4804414
:10945000C3F81048C3F81428D3F8144844F400445F
:10946000C3F81448C0F80021C0F80421C0F804175C
:10947000296330BC704700BF0020085000A008508E
:1094800000E01050704700BF02280ED0042807D11A
:10949000084B01F00101C1F10601C3F80015704746
:1094A0000321044BC3F8001570470421014BC3F896
:1094B0000015704700A00850072821DC00F10A03BE
:1094C000DBB2112B15D910F10C0F20DA10F10E0FB1
:1094D0001FDA10F1100F18DA10F1140F1DDA10F165
:1094E0001C0F18DA2930CCBF4FF498724FF48872F1
:1094F00002E00B4A52F823200A4BC3F810277047AA
:109500003F22084BC3F8102770470422F4E70622D5
:10951000F2E70522F0E70122EEE70222ECE700BFC6
:10952000609B040000A00850014BC3F80807704777
:1095300000A00850094B40F4090040F04000C3F877
:109540004005D3F8282E22F00072C3F8282ED3F855
:10955000282E42F00072C3F8282E704700A0085051
:1095600000210123074AC2F83C1EC2F8403EC378DE
:10957000C2F8343E8178038843EA01431B02C2F8F3
:109580002C3E704700A00850C2F38203022B02F069
:10959000030221D0042B0CBF4FF0C74C4FF0000C3E
:1095A000013A022A98BF4CF4801C00F00F000C4BCB
:1095B00040EA0C0040F48070C3F8200ED3F8280E67
:1095C000084A0240C3F8282ED3F8282E114341F44C
:1095D0004031C3F8281E70474FF0807CE0E700BFA1
:1095E00000A008500000F8FE014BC3F8D00E7047F1
:1095F00000A00850014BC3F8D00E704700A00850DF
:10960000022804D004280CBF2A20292070472820D3
:10961000704700BF0120704729207047022809D0F9
:10962000042801D00A20704711F0010F0CBF192047
:109630001E207047052070474FF40050012110B4E0
:10964000064A074B074CC3F81823C4F88C20064A77
:10965000C2F80405196010BC704700BF0D000080FF
:1096600000A00850005008500020085000234FF47C
:109670000050012130B443F688740E4A0E4DC5F8EF
:109680008C30C2F8A030C2F8A830C2F808050B48E8
:109690005162D162C0F8DC35A0F51C20C0F88030E2
:1096A00000F58820C2F80845C0F80034016130BCDC
:1096B000704700BF002008500050085000200E5096
:1096C0000022114BC3F80022D3F80012C3F80C2279
:1096D000D3F80C12C3F81822D3F81812C3F81C22BE
:1096E000D3F81C12C3F85C22D3F85C12C3F83822FA
:1096F000D3F83812C3F82022D3F82012C3F850222E
:10970000D3F85032704700BF00A00850034BD3F885
:109710000002003818BF0120704700BF00A00850A9
:10972000064BD3F8180238B10120054A05491368E1
:10973000D1F848150B441360704700BF00A00850D3
:10974000408E022000500850064BD3F8180238B162
:109750000120054A05491368D1F848150B441360E8
:10976000704700BF00A00850408E022000500850F3
:10977000034BD3F82005B0FA80F04009704700BFD2
:1097800000A0085040F20312034BC3F8442EC3F864
:10979000480EC3F84C1E704700A00850034BD3F886
:1097A0000C0E003818BF0120704700BF00A0085001
:1097B00000487047408D0220004870473C8C0220D2
:1097C0002DE9F04FDFF8B08283B098F800E08946C9
:1097D0000EF1040C9DF830105FFA8CFC0193A74F3A
:1097E0004FEACC030091A64EA649DBB21F449DF878
:1097F00038A0C6F81813396000210EF10104A24DFB
:1098000004F001049346E20015440EF10E02D2B2B8
:10981000B9F1010F42F00042296054D0002839D03C
:109820002D259A480CF1700140F82120C6F804213A
:10983000002692480433DBB20EF1060E18445FFA9C
:109840008EFE924B0EF1700E43F82E604FEA8C0C98
:1098500043F8212002600CF1502C0CF5002CDCF8B0
:1098600040358B48AB428ABFDCF8403501235B1B97
:109870004FF40055CCF840358149824B834AC0F8FB
:109880000455C1F81833C2F8C83088F8004003B056
:10989000BDE8F08FBBF1020F7FD0BBF1040F4BD1BD
:1098A000019911F0010F0CBF45254A25774F744EE1
:1098B00004F10E0040F000400CF1700147F8212047
:1098C000C6F80401B4E701283BD0009E022E35D033
:1098D0004AF23C5549F6C471042E18BF0D460EF1EC
:1098E000060EBBF1020F5FFA8EFE00F0A880BBF1FE
:1098F000040F54D0674905F51A552C35A1FB051501
:10990000624F5F4E0CF1700147F82120AD09C6F897
:10991000002170BB1BF0040F2BD00099022900F02E
:10992000A5804AF2B8104AF23071009E042E18BF8A
:10993000014642F2B8404FE03625B7E749F64045C8
:10994000CDE70099022900F08F8004290CBF2B2558
:109950002A254E4F4A4E04F10E000EF1060E40F03D
:1099600000400CF1700147F821205FFA8EFEC6F826
:1099700000015046012805D0002644480EF1700E23
:1099800040F82E603D480433DBB218443F4B4FEAA9
:109990008C0C43F8212002605DE7322586E73D49C3
:1099A00005F5EB451435A1FB0515384F344E0CF188
:1099B000700147F82120AD09C6F800210028D8D150
:1099C000009902294BD0009946F2180004290CBFD7
:1099D0004AF230714AF2B81101442E480CF5A876CB
:1099E000A0FB010129484FEA8E0E50F826000EF127
:1099F000502EB0EB911F98BF01204FEA91160EF543
:109A0000002E88BF801BCEF8400508201B49043378
:109A1000DBB24FEA8C0CCEF8C021CEF8C021CA5080
:109A20001D4B0CF14002D2B213441C4A01F5FF4118
:109A3000C1F850231A60164BC3F804050BE715490B
:109A400005F5AB551C35A1FB0515104E0C480CF166
:109A5000700146F82120AD09C0F8002189E749F6D8
:109A6000346146F21800B7E7292572E749F63461F8
:109A700042F2B840B0E700BF19BB02208020085076
:109A800000A008500D000080A02008500050085091
:109A900000200850D34D6210805008500300008011
:109AA00010B5084B084A84B00446C3F800240023CC
:109AB00001201A461946CDE901330094FFF780FED4
:109AC00004B010BD00A008500100080070B58C461D
:109AD00016461D460024084B084A84B00121C3F8ED
:109AE0000024024663462046CDE900650294FFF754
:109AF00067FE04B070BD00BF00A008500100080060
:109B00000022054B05490648C1F80004C3F8A0200F
:109B1000C3F8A820704700BF0020085000A00850DC
:109B200001000800704700BF012070474FF0000C93
:109B300010B44FEA8C03146803F1A04303F50A2321
:109B4000C3F8504E94880CF1010CBCF1080FC3F817
:109B5000704E02F10602ECD1034B40EA0120C3F83B
:109B6000900E10BC704700BF00A00850034AD2F806
:109B7000903E23F0FF03C2F8903E704700A00850CB
:109B80000022034BC3F82422D3F82432704700BFCD
:109B900000A00850034BD3F82402003818BF01205E
:109BA000704700BF00A00850014BD3F8180E704753
:109BB00000A00850002343F6887110B40548064CF5
:109BC000064AC4F8DC35C0F88030C2F8081510BC6D
:109BD000704700BF0060045000200E500020085065
:109BE000044B054A1B780433DBB203F5A87342F833
:109BF0002300704719BB022000500850F0B4A2F5B2
:109C00007423484CA3F51073A342074604D902F508
:109C10007422013902F51072434B0125A3FB022384
:109C20009B0C502B184638BF5020002402264FF0C2
:109C3000050C3E4A1944D560C51A3D4BC2F804458F
:109C4000C2F810C5C2F80865C2F840050E1AC3F87C
:109C5000DC45D3F84427D3F840175200D3F84447E3
:109C6000F7D4002CF5DB01220139C3F8D015DA62F4
:109C70002F4AD2F8D0359942FBD04FF0000C012189
:109C80004FF48074D2F8D4259E4238BF0132284B5D
:109C9000C2F31302C3F82CC1C3F8D065C3F8D425AE
:109CA000244AC3F8DC15C3F8AC21A3F5BC23C3F8E0
:109CB000A02103F58023C3F8A0201C49A3F500537D
:109CC000C3F80445A3F58023C1F88020C3F80445F8
:109CD000EFB10132C1F8C02101F5A041C1F8002166
:109CE0004FF40072C3F8042500274FF40051124AC4
:109CF000124B1560124E134D0C4C134A3760C5F8C9
:109D00001833C4F88C30C2F80415F0BC70470F4A01
:109D1000C1F8C0210B49C1F804214FF40072C3F807
:109D20000425E1E7BFBDF07F83DE1B4300500850F0
:109D300000200E5008000080448E02200D0000809C
:109D4000408E022000A0085000200850090000802A
:109D5000024BD3F8D425D3F8D005704700200E501D
:109D600001230249024A4B60536370470050085078
:109D700000E0105070B44FF4C056094B094C0A4A29
:109D80000A490B4DC3F84405C2F80C43C3F8C4405C
:109D9000C3F8C411C2F81011C5F8046570BC70474F
:109DA000005008500B00008000A008500C000080FC
:109DB0000020085009490A480A4B0B4A10B4C1F860
:109DC0000003C3F8C000C1F80C234FF44061074CF6
:109DD000C3F8C420C4F8041510BC704700A0085094
:109DE0000A000080005008500B000080002008503E
:109DF000014BD3F84405704700500850014B1860E0
:109E0000704700BF388C0220014B1868704700BFB4
:109E1000388C0220014BD3F84005704700500850A1
:109E2000704700BF014B1868704700BF408E02208A
:109E30000020704713460122FFF73CB90A46012172
:109E4000FFF732BA38B50223104CC4F80433D4F803
:109E5000043163B92025EFF3118085F31288BFF335
:109E60006F8F13F0E4FFD4F80431002BF3D00220FD
:109E70004021064B064AC3F80803C2F88811D3F8FC
:109E80000801B0FA80F0400938BD00BF00600450FE
:109E900000E100E0034BD3F80004003818BF0120B4
:109EA000704700BF0060045001210022024B59603E
:109EB000C3F80025704700BF00600450F0B40325CC
:109EC000374C384B9208D3F8D03E042AC4F80055DA
:109ED000354A364C08BF4527A26002F180722261E4
:109EE00003F1020203F1050318BF40276260E3603B
:109EF000002851D002232E4E1844251D45F833105A
:109F000004EBC30201338342966001F11001F5D1E5
:109F100000214FF0FF330122402604EBC000C0E9CE
:109F20000111236023481E4BE465C3F83055C3F884
:109F30003805C3F80825C3F80011D3F80021C3F889
:109F40000411D3F80421C3F80811D3F80821154AE5
:109F5000C2F8947ED2F800043043C2F80004C2F87C
:109F600038121549D2F83802C2F83813A2F59022F7
:109F7000C3F88010C2F80465A3F5405302F58222AD
:109F8000C2F89810C3F8981103F57C33C3F8046540
:109F90000A4B2366F0BC70470220251DB8E700BFBE
:109FA0000060045000A008500300000B6C8B0220DE
:109FB0001000000DC88B0220060000800400000B7A
:109FC000014B1868704700BF6C8B022000234020B3
:109FD00010B4064A064C0749C2F83832D2F8382283
:109FE000C4F80035C1F8080510BC704700A008503F
:109FF0000060045000200850124BD3F83832FBB1F7
:10A0000001231149C1F80433D1F800313BB9C82309
:10A0100001E0013B03D0D1F80021002AF9D0012052
:10A020004021094B094AC3F80803C2F88811D3F844
:10A0300004212AB1D3F80801B0FA80F04009704732
:10A040000020704700A008500060045000E100E0CC
:10A050000139012905D8E3200AB1E8F761B9E8F729
:10A060006DB900DE704700BF29B10139012905D85B
:10A07000E320E8F777B91E20E8F774B900DE002086
:10A08000704700BF88420BD0012803D0022809D0B6
:10A0900000207047A1F10200B0FA80F0400970473B
:10A0A00001207047A1F10100B0FA80F0400970472B
:10A0B000012908D0022906D051B94FF08042054B42
:10A0C000C3F8002170470822024BC3F81C217047D7
:10A0D00000DE704700E100E008B519F020FB08BD84
:10A0E000032803D8054B185C28B1704700DE034BEA
:10A0F000185C0028F9D100DE704700BFA89B04005F
:10A10000013810B41C46042806D8DFE800F0081116
:10A110001A23030004292FD000DE10BC7047042945
:10A12000FAD1194B02219C60002010BCF1F7B0BF9E
:10A130000329F1D10121154B08469C6010BCF1F7B1
:10A14000A7BF0429E8D1124B02219C60012010BC5A
:10A15000F1F79EBF032908D00429DDD102210D4B60
:10A1600008469C6010BCF1F793BF0B4B01219C602B
:10A17000022010BCF1F78CBF084B02219C60032029
:10A1800010BCF1F785BF00BFB8090020A809002066
:10A19000980900207809002088090020680900201B
:10A1A00001460A20FEF746BF2DE9F0434FF0100E9E
:10A1B000012400224FF0070C374B00EB0E0800F192
:10A1C000200700F1300600F140055C60016809BA23
:10A1D000C3F81C15416809BAC3F81815816809BA93
:10A1E000C3F81415C16809BAC3F81015C0F8308057
:10A1F00080F834E080F8352080F8362080F837C0C9
:10A2000080F8382080F8392080F83A2080F83B2008
:10A2100080F83C2080F83D2080F83E2080F83F20E8
:10A22000076480F844E080F8452080F8462080F8F4
:10A2300047C080F8482080F8492080F84A2080F8FC
:10A240004B2080F84C2080F84D2080F84E2080F87C
:10A250004F20C3F83065C3F83855C3F80021C3F860
:10A2600004211C6005E0D3F8041131B9D3F830158E
:10A2700019B1D3F800110029F5D05C60D3F80411AE
:10A280000029A2D1D3F83095B9F1000F9DD0C3F8C1
:10A290003015BDE8F08300BF007004502DE9F04197
:10A2A0000126124C4720D4F830756660E8F746F86E
:10A2B000D4F80401A7F1400540B10021C4F804110D
:10A2C0003046D5E90E32BDE8F0411847D4F80031E8
:10A2D00043B1C4F80001A7F12001D5E90E32BDE871
:10A2E000F041184700DEBDE8F08100BF0070045067
:10A2F00070B5044694B00E461546214610226846B5
:10A300001C46F1F723FE102231460DEB0200F1F757
:10A310001DFE6846FFF748FF25B11022284608A910
:10A32000F1F714FE2CB108AD0FCD20606160A26082
:10A33000E36014B070BD00BF30B585B001909DF8EA
:10A3400020000C4C0C4D8DF808008DF80910ADF86C
:10A350000A200393AC4202D3002005B030BD23682D
:10A3600013B1019A934203D1D4E9013101A898476E
:10A370000C34EFE768840400748404000122024B6B
:10A38000C3F80424704700BF002008E070B50D46F4
:10A3900006490446411A49114022054815F0D7FEE6
:10A3A0002B4601462046BDE870401847948E022097
:10A3B000C874040037B540230C460A490093411A7B
:10A3C000491105462346084A084815F0ECFE0146A7
:10A3D00028B12846234603B0BDE83040184703B0F3
:10A3E00030BD00BF948E022013020400C874040024
:10A3F000F8B500220121054640F20510E7F7C0FF3D
:10A400000F4803F0ADFC0446B8B903F0C9FC2F694E
:10A410000C49384613F004F8031E09DB0126BE641C
:10A420002D69084905F1200012F0FAFF031E02DA37
:10A430001C462046F8BD6E65FBE76FF00404F8E7A4
:10A4400079A50200AC9B040010B50022012386B060
:10A450006C46CDE9022304ABCDE90433074A6B46D1
:10A46000CDE9004415F0CEFE28B943F60952002389
:10A47000684608F091F906B010BD00BF1F02040045
:10A4800010B5EFF31184202383F31288BFF36F8F8D
:10A49000074A136823F00201DB07116002D4012090
:10A4A00017F00CF984F31188BFF36F8F10BD00BF54
:10A4B000EC8E02200C22104B014602FB00330020E0
:10A4C00030B4D3E910521864EFF31180202484F3E0
:10A4D0001288BFF36F8F9C6C04F0C00444F0020438
:10A4E0009C6480F31188BFF36F8F1DB12B4630BC85
:10A4F0000248184730BC7047948E0220C87404008C
:10A5000010B4EFF31180202282F31288BFF36F8F13
:10A5100016490B6843F0020413F001030C6017D0D6
:10A52000134BD3F80C3413F4803311D0EFF31181B3
:10A5300082F31288BFF36F8F0E4A936C03F0C0034F
:10A5400043F00203936481F31188BFF36F8F0123FB
:10A5500080F31188BFF36F8F1BB1002010BCFFF791
:10A56000A9BF012010BC17F0A1B800BFEC8E0220DB
:10A5700000E01050948E0220022808D0042808D150
:10A58000044B986C10F0070003D1FFF793BF012034
:10A59000FBE77047948E0220024BC0B203EB4010E1
:10A5A000704700BF948E0220074BD3E8EF2F42F094
:10A5B0000101C3E8E01F0028F7D1930702D401206E
:10A5C00017F074B8704700BFEC8E022010B5EFF39F
:10A5D0001184202383F31288BFF36F8F074A136817
:10A5E00023F001019B07116002D4012017F066F8E7
:10A5F00084F31188BFF36F8F10BD00BFEC8E022073
:10A600002DE9F041012280463549D1E8EF3FC1E80C
:10A61000E02F0028F9D133B9324933484B60CB6081
:10A620008A6012F010FF08F1FF33012B4BD8B8F10C
:10A63000010F06D12D4BD3F8503403F00303012B47
:10A6400041D019F06CF8054650B1EFF31186202384
:10A6500083F31288BFF36F8F0125244C244F20E031
:10A66000244B1B78002BF0D00422204B0646C3F865
:10A670000823F2E74DB3304613F0D9FBD4F8403449
:10A6800013F0FF030DD1D4F8082152B1C4F80831FA
:10A69000D4F8083120220123C4F84034C7F8A0219F
:10A6A0002361D4F84C24D4F84C34D203E2D503F01F
:10A6B0000303012B02D0B8F1010FDBD155B186F3B2
:10A6C0001188BFF36F8FBDE8F0810021202019F0C1
:10A6D000F4F8D3E70422054BC3F80423F3E700BFE3
:10A6E000908E0220808E0220B48E022000E0105056
:10A6F00000E100E00DBD022008B5074818F0E0FCBD
:10A7000038B10648E8F790F90448E5F7F7FE00206D
:10A7100008BD6FF01200FBE78875040021A7020056
:10A720000A2838B50446074D04D1AB680D212846E8
:10A730005B689847AB6803485B68E1B2984720467E
:10A7400038BD00BF887504000023024A0020C1E91B
:10A750000023704700D0170000487047D09B0400CA
:10A76000024B0B6001231360704700BFD89B0400AD
:10A7700008B501220548114618F0BBFEFCF788FC1D
:10A78000034B044A0020C3F80C2508BDF08E0220BC
:10A7900000B004508000008038B542F201030F4D34
:10A7A0001446C5F80035A1B11CF08EFABFF35F8FD7
:10A7B000D5F81834DB0706D4C4F308041CB1012310
:10A7C000AB60BFF35F8F4FF40052044BC3F800251A
:10A7D00038BDFF211CF09EFAE8E700BF00B004502E
:10A7E000F0B5051E0F46144687B033DB1B4B9D4268
:10A7F00030D8C5F5BE1303F580539A422AD8FAB172
:10A800004FF0FF324FF0FF33154807F0C5FFFCF75C
:10A81000A5FC0646B8B101238DF81430114B4FF456
:10A82000FA50009302AB04940193CDE90275FCF752
:10A8300039FC6846FCF73EFC0446094807F072FF05
:10A84000204607B0F0BD224639462846FFF7A4FF50
:10A850003446F2E76FF01504F2E700BFFFCF1700B0
:10A86000F08E02206902040010B50C1E10461A4634
:10A870000CDB084B9C4209D8C4F5BE1404F5805487
:10A88000A24203D81CF020FA002010BD6FF0150082
:10A89000FBE700BFFFCF170070B546680546B068FC
:10A8A000C0B117F001F90146A0B9B06803F04CFE41
:10A8B0000446A8B902460C49B06817F0DFF82246F2
:10A8C0000121DB20E7F75CFD2246012140F20D105B
:10A8D000E7F756FD2846BDE87040044912F0D5BFA1
:10A8E0006FF0040070BD00BF6DAA02008B0304006E
:10A8F0002DE9F04340F206354768D00648BF4FF0D7
:10A90000030C3B7C02EA050558BFC2F3401C87B02C
:10A9100001F01F06B5F5837F144646EA43168DF80D
:10A9200003C045D00DD8062D44D005D8A5B1022DC1
:10A9300012D06FF0150038E0B5F5807FF9D1012510
:10A940000AE040F20222954236D0B5F5407F35D07C
:10A95000B5F5007FEDD10425220331D501237A68B6
:10A960008B405360B86890BB5F2E06F01F034FEA20
:10A97000561175D83C4A52F82120C4F3004102EB2D
:10A980008302D2F8803081F00101C4F3404423F403
:10A99000706344EA410423F00F031C4344EA8C042F
:10A9A00044EA0524C2F88040002007B0BDE8F083E7
:10A9B0000925D1E70825CFE70625CDE70525CBE713
:10A9C000630341BF01237A688B409360CAE7314635
:10A9D0000DF1020217F055F814F4403F80460CD1F7
:10A9E0003146B86817F066F8B8F1000FDCD19DF871
:10A9F0000210B86803F0E0FDD6E74FF0000901ABA4
:10AA0000CDE90199CDE90439CDF80C903146B8680B
:10AA100003AA16F07FFF4845C6DB14F4003314D0B8
:10AA20009DF80330C4F3004484F001048DF80E3027
:10AA30008DF80C508DF80D404B463146B86803AA8E
:10AA400003F00CFD0028CFDAAEE7CDE904330DF1B9
:10AA5000030303933146B86803AA16F05BFFF1E7DE
:10AA6000203350F82330FFDEE09B04004209022A25
:10AA7000034670B503D0012A18D0CAB170BD0E4E7E
:10AA8000326951680029F9D0012503F01F030C68D1
:10AA90009D400029F2D08A682A4002D030464B6897
:10AAA00098473CB1236821461C46F2E7034EE7E78E
:10AAB000034EE5E72346F6E7287504000875040011
:10AAC000E8740400F0B545681646A8682A7C01F0D1
:10AAD0001F0487B044EA4214002868D0B6F5001F6E
:10AAE00004D1214617F038F8002051E00020B6F5D7
:10AAF000800F01AA0190506039D1B3F1007F14BFDB
:10AB0000052304238DF804300023CDE904230393A7
:10AB1000EB680DF1030723FA01F111F0010139D1BE
:10AB2000B6F1A07F36D104F01F035F2C4FEA54101A
:10AB300003F120033ED8214A52F8202052F8233056
:10AB4000DB0727D43A462146A86816F09AFF16304C
:10AB500018D002972146A86803AA16F0DBFE002849
:10AB600016DB01222146A86816F0A6FFBCE7B3F168
:10AB7000C06F05D0B3F1007F14BF01230223C1E7EA
:10AB80000323BFE73946A86803F020FD0028E0DA78
:10AB900007B0F0BD3A462146A86816F072FF0028BB
:10ABA000D8D19DF80310A86803F006FDD2E76FF036
:10ABB0008500EDE751F82330FFDE00BFE09B040085
:10ABC000B0B500AF234D284618F07AFA034688BB8B
:10ABD0006C4688B029686A461F48CDE905014FF4E4
:10ABE0000071ADF81C101D4942F8101F4FF4E251DE
:10ABF0001B48E6F743F8A5466FF012042046BD4611
:10AC0000B0BD2B686D468AB06A461649CDE905137A
:10AC10000123CDE907344FF40073ADF82430124B13
:10AC200042F8103F00234FF431510D48E6F726F863
:10AC3000AD46E3E72A69A9681368284623F00203B2
:10AC400013600B68002201219847041ED9DB002401
:10AC5000D4E700BFE87404009B1F05000300000157
:10AC600080820400B21F050005000001082913B509
:10AC700028BF08210C46084AD2F80433D2F808232A
:10AC80001BBA12BA00920A46694601931CF01CF8DE
:10AC9000204602B010BD00BF00C0FF001A4BD3F821
:10ACA000002602F0010312F0060F18BF43F0100354
:10ACB000110648BF43F48073D10548BF43F08003B9
:10ACC000510548BF43F02003510648BF43F002033B
:10ACD000910548BF43F08003D10448BF43F080038F
:10ACE000110748BF43F02003D10648BF43F02003BB
:10ACF000910648BF43F02003120548BF43F40063A8
:10AD000003600020704700BF00E010504FF0FF329A
:10AD1000024B0020C3F80026704700BF00E010502F
:10AD2000054B064A01219362054A4FF482701A606E
:10AD30000022E7F725BB00BF2C8F0220080A002065
:10AD4000004010502DE9F04F89B002AFBB6043685E
:10AD5000D0F810A0D3F820B09B8A3A617B614FF005
:10AD6000FF324FF0FF3305460C4615F03BFB0AF16E
:10AD70004403FB600026002300220AF1440007F090
:10AD80000BFD33463A69964201D300235DE0207AF9
:10AD9000010700F19A803A690136964221680BD288
:10ADA000820709D4227D80EA020C0CF0010C02F02B
:10ADB00004025CEA020C24D0002B50D101F0604266
:10ADC000B2F1005F4ED14FF00009D4F80080A388A3
:10ADD000BA68CAF86080217A28460092424600F09C
:10ADE000ABF8031E31DB43F609520023F86807F085
:10ADF000D3FC00284BD0284615F00BFB6FF07303F3
:10AE000023E04FF001086268D7F814E003EB020C6E
:10AE1000F44529D96C468CB0286802A92E4ECA6127
:10AE2000C1E905637B690A46C1E9083040F2035372
:10AE30000B852A4B42F8103F00234FF4515128480C
:10AE4000E5F71CFF6FF01B03A54628467B6115F054
:10AE5000CDFA7B691C371846BD46BDE8F08F4FF030
:10AE60000008D0E79846CEE7C00705D40BEB0300F7
:10AE70007B601BF029FF7B6862681A4493B2B8F1CB
:10AE8000000F0CD1002B9ED09946D846A0E7DAF8E7
:10AE90005C30002B1CDB237ADB0702D400230C344C
:10AEA00070E7C345FAD123460AE0A9EB0201D8684E
:10AEB0001FFA81F918FA81F17B601BF005FF7B68AE
:10AEC0005A680C3B9145F0D2E8E76FF08503BCE788
:10AED0006FF00403B9E700BFF91F05000600000189
:10AEE0009882040008B5CA0743681ED4C1F3420122
:10AEF00002290BD003290ED0012911D14FF0CC72B9
:10AF00009B6A1B680020C3F8242508BD9B6A4FF08C
:10AF1000C8621B68F6E79B6A4FF07F621B68F1E727
:10AF20000121034A034812F0E6FB6FF01500ECE73D
:10AF3000DD20050098820400F0B50C461D4616463B
:10AF400089B04768122200210DF10E001BF0E2FECD
:10AF500004F001038DF80C30BDF8383004958DF8FD
:10AF60000D30BB8C0696AB420AD20A4800930121F1
:10AF70002B46094A12F0D2FB6FF01B0009B0F0BD5E
:10AF8000C4F3400282F00102B86A520103A904F03E
:10AF900043F8F3E798820400EF200500B0B50446BB
:10AFA000456800AFAB6998470121E86915F022FABE
:10AFB000234629462A69A86A16F0F7FF002818DAFE
:10AFC00023686C4688B06A460C49CDE905134FF4F6
:10AFD0000073ADF81C300A4B42F8103F09480023BB
:10AFE0004FF4E251E5F74AFE6FF00400A546BD4676
:10AFF000B0BD2046044912F048FCF8E736210500B0
:10B00000030000019882040085040400034610B484
:10B010000C46DA88006802F04002197922438368FE
:10B020009C6934B1054BA446134010BC02F0B072C9
:10B0300060476FF0570010BC704700BF400000062B
:10B04000F0B550F8184C85B063682269DB68D2E827
:10B05000AF2F012A17D01838C21A1649D7104F43FC
:10B060000C2163689D68DE6801FB0755284616447D
:10B0700015F02BFA002808DA012100903B460E4A11
:10B080000E4812F04BFB05B0F0BD96F91030984217
:10B09000F9D030744FF0FF374FF0FF360121031E17
:10B0A0002A8918BF01232046CDE902670091FFF7E6
:10B0B00043F9E8E7398EE338562105008882040019
:10B0C0002DE9F3470D464668036939B1012937D0A8
:10B0D0006FF08504204602B0BDE8F0870122D3E876
:10B0E000EF1FC3E8E02F0028F9D14FF00C08736878
:10B0F000AB4201DC0024EDE7B768337D08FB057740
:10B100006BB94FF400113846FFF780FF041E06DAD2
:10B11000012123462C4A2D4812F0F6FADAE7717D18
:10B1200061B9384615F0BCF9044638B101212B4607
:10B13000274A2648009412F0F1FACBE70135D6E70A
:10B140000025D6F80C80D3E8EF2FC3E8E15F002993
:10B15000F9D14FF00C0908F1100A73689D42C9DA61
:10B16000B768737D09FB05773BB94FF480313846EA
:10B1700015F096F904460028D8D1337DA3B140F2EA
:10B18000E730002147F6122734684FF47A72002323
:10B19000E4FB0701D6F7ACF902460B4608F11800AC
:10B1A00007F056FD0135D8E7384615F08EF94823EB
:10B1B0006B434FF0E8610AF803003846FFF726FFBB
:10B1C000041EEFDAA4E700BFC52105008882040051
:10B1D000722105002DE9F04F85B0D0F804800026DB
:10B1E000D8F80C2002AF02F118031D4638607B60CE
:10B1F000D8F80420B24205DC98F81420002A7FD148
:10B20000002423E00C2303FB06F9D8F808A05AF821
:10B2100009000AEB090417F053FFE0B95AF80930A6
:10B220006C4688B01B6802AA3F49C2E905134FF477
:10B23000007393833D4B42F8103F4FF4E2510346B5
:10B240003B48E5F71BFDA5466FF0120420460C377E
:10B25000BD46BDE8F08F20464FF4803115F020F94F
:10B26000044638B13346334A00900121304812F089
:10B2700055FAEBE73B68284645F8183CD8F810101B
:10B2800018F01FFA98F81410002936D14FF0010A6F
:10B29000D8F80800284B00EB090B9BF804100AFAB9
:10B2A00001F145E9043150F80900A5F11401826863
:10B2B000D46964B15246A047041E0BDA01211F4A2B
:10B2C0001B4812F018FA1E4A33460094CDE76FF07F
:10B2D0005704F3E7584615F0F8F84FF0E86105F821
:10B2E000080C5846FFF792FE041E06DA154A23465C
:10B2F00051460F4812F008FAE5E70136483577E77E
:10B3000047F6122540F2E7300021D8F800404FF40C
:10B310007A720023E4FB0501D6F7EAF802460B46F1
:10B32000786807F095FC6BE79221050003000001A7
:10B330008882040072210500F5040400A2210500A2
:10B34000BE210500C521050003460A46F0B419795F
:10B35000DB88006813430125094A06699A4334686B
:10B3600008BF83F440238D4023F48012DB078768F5
:10B370004CBF2C43AC4334603B68F0BC184700BF63
:10B3800001001000292808B51FD00FD80F281ED0A3
:10B3900006D807281DD00A281DD0D5F7F5FD08BD11
:10B3A00014281AD01F28F8D10F48F8E7B0F5C87F45
:10B3B00015D005D83E2814D0C828EED10B48EEE7AA
:10B3C000B0F5487FE9D10A48E9E70A48E7E70A48C3
:10B3D000E5E70A48E3E70A48E1E70A48DFE70A4801
:10B3E000DDE70A48DBE700BF0000FA4100004B43FD
:10B3F00000004B4414AE26427B147A4185EBF940A1
:10B4000052B82641D7A3A6410000CB4300007A42A0
:10B4100038B590F828500446002D808B08BF0225CF
:10B42000FFF7B0FF0D49D5F707FED5F7F1FF90B153
:10B43000A27F531F072B0ED8094B9340B3FBF0F0AC
:10B440004FF47A7305FB0000B0FBF3F06430C828BA
:10B4500038BFC82038BDC820FCE700BF00007A44D0
:10B4600040420F002DE9F04706698946B08BFFF78F
:10B4700089FF3D49D5F7E0FD0746012096F81EA05B
:10B48000F47F00FA0AF0D5F783FD3946D5F788FE38
:10B490000434BAF10A0F0546E4B261D9384633499B
:10B4A000D5F772FFB0F1000818BF4FF00108504601
:10B4B000D5F76EFD07464846D5F766FD4FF0824149
:10B4C000D5F7BAFD4FF0814181463846D5F7B4FD36
:10B4D00001464846D5F7A6FC2549D5F7A5FC4FF00F
:10B4E0008341D5F7A1FC81464046D5F751FD014681
:10B4F000D5F79AFC01463846D5F794FC4FF08141C8
:10B50000D5F79AFD01464846D5F74AFE0DF0A6F953
:10B5100007462046D5F73CFD3946D5F78DFD00217D
:10B520001BF08FFE0746308CD5F732FD1149D5F759
:10B530007BFC2946D5F780FD4FF082410446384612
:10B54000D5F772FC2946D5F777FD01462046D5F799
:10B550006BFC0549D5F770FDD5F75AFFBDE8F087BC
:10B560004FF00008A3E700BF00007A440024F4472E
:10B570000000E0410000884008B50121034A04486A
:10B5800015F00CF86FF0730008BD00BFFA2105003C
:10B59000E08204002DE9F04F8BB00646DDE914A9E6
:10B5A000884617461C4615F028F800283CD1204D47
:10B5B0004FEA18232B7085F801802FB124B1224661
:10B5C0003946A81C1BF080FB023406AF0DF11008B1
:10B5D000BAF1000F1FD0B9F1000F1CD0154BA9F123
:10B5E000020B5A46002118461BF094FB02230393DA
:10B5F00001234246CDE90654CDE9080BCDE900A967
:10B600000297CDF810D0059302A9304614F0B5FF8B
:10B610000BB0BDE8F08F012300223946CDE9045478
:10B62000CDF818800793F0E76FF07300F0E700BFE4
:10B6300072BC02202CBC02207FB5827F036890F888
:10B6400028105E680029A2F1050308BF0221072B1C
:10B6500098BF234B04469CBF9B1813F8052C90F809
:10B66000293088BF372243B990F93D328BB3134458
:10B670002F2B30DD5A2B30DCDBB294F83E22002534
:10B68000002A08BF1A4602F07F0207238DF808102F
:10B690008DF80E2040F2272102AA3046CDE9005550
:10B6A0008DF80950ADF80A50ADF80C50FFF772FF55
:10B6B000304614F0F3FF01232A4684F83C324FF45D
:10B6C0000A712B463046CDE90055FFF763FF04B001
:10B6D00070BD1346D1E73023CFE75A23CDE700BF33
:10B6E000A43205002DE9F04F04691F4694F82CA000
:10B6F000436885B00646904615460193BAF1000F9F
:10B7000000F0858004F104094FF0FF334FF0FF3261
:10B71000484614F041FF94F806312BB1002384F819
:10B720000631706814F093FF04F5067007F05AF8BC
:10B730004FF0000B6FF073032046C4E98C3BFFF71A
:10B740007BFF061E08DA484684F83CB214F041FF3D
:10B75000304605B0BDE8F08F14F022FFB7F1FF3F8F
:10B7600008BFB8F1FF3F06468B4636D04FF47A73D8
:10B77000A5FB035103FB071147F61123E81847F611
:10B7800012224FF0000341F10001D5F7B1FE074648
:10B790000D460023039314F003FF801B61EB0B01A4
:10B7A000B842A9411DDB4FF0000A002384F83C3267
:10B7B000039BBAF1000F20D0C3F3C013C4F830329A
:10B7C000D4F830320321134A134814F0F8FE4846E7
:10B7D00014F0FFFED4F83062BAE741F28837002552
:10B7E000D7E7019803A914F01BFF10B9039BDB02F4
:10B7F000DBD4022014F0EFFECDE76FF07302C4F843
:10B8000030220221054A044814F0D9FED8E76FF02F
:10B8100015069DE737220500E0820400142205008A
:10B820001FB5094B044618689B880290ADF80C3090
:10B83000002340F22311CDE900332046062302AA5B
:10B84000FFF7A8FE04B010BD6F8504002DE9F0439A
:10B850000546036885B05E680F463046FFF7E0FF97
:10B86000322014F0B8FEAB694FF400711BBA039399
:10B87000002303AACDE9003330460423FFF78AFEF4
:10B88000304695F8081214F019FFA88B95F8083285
:10B890003E2895F81E9085F8093200F0A98000F244
:10B8A0009080142800F0A68000F284800A2800F01E
:10B8B000A3800F2800F0A280C41F18BF0124A40099
:10B8C000FFF760FD44EA091456498DF80C40D5F79E
:10B8D000B3FBD5F79DFD544C95F81F8004FA09F48D
:10B8E000B4FBF0F44FEA0818B4F57A5F28BF48F0CB
:10B8F0000108002402234FF4087103AA3046CDE961
:10B9000000448DF80D80FFF745FE95F8253040F294
:10B910002321A3420CBF1223342330468DF80C3070
:10B92000CDE90044012303AAFFF734FE77B395F96C
:10B930002230A3426EDD0A2B6EDD0F2B4FF0040484
:10B940006DDC0523002744EA0314102340F2022192
:10B950008DF80E3003AA03233046CDE900778DF829
:10B960000C708DF80D40FFF715FE95F8223040F26F
:10B9700003215B008DF80C30052330468DF80D3027
:10B98000CDE90077022303AAFFF704FE304696F8BC
:10B99000411014F06BFE95F8242095F826300092A3
:10B9A0003046FF22298C83F0010314F0ABFE05B072
:10B9B000BDE8F0831F2823D0292814BF04240A24BB
:10B9C0007EE7B0F5FA7F1DD009D8FA281CD0B0F573
:10B9D000C87F1BD0C82814BF04240D2470E7B0F51D
:10B9E000487F15D0B0F57A7F14BF0424072467E799
:10B9F000032465E7092463E7082461E701245FE77E
:10BA000002245DE706245BE7052459E70E2457E787
:10BA10000F2455E7022395E70124042392E7072327
:10BA200090E700BF00007A4440420F002DE9F04F3C
:10BA300085B0109D9B46DDE90E3A16460469D0F8A4
:10BA40000480039385B9261D4FF0FF324FF0FF337A
:10BA5000304614F0A1FD3046C4E90C5584F8065177
:10BA600014F0B7FD002015E094F82C1081B1BBF163
:10BA7000FF3F08BFB2F1FF3F05D0BAF1FF3F08BF5B
:10BA8000B3F1FF3F09D10121384A394814F086FD4E
:10BA90006FF0150005B0BDE8F08F002704F1040930
:10BAA0004FF0FF324FF0FF33484614F075FD256329
:10BAB0004FF47A75119B4046636314F0C8FD40460D
:10BAC00014F0ECFD3B463A464FF48F714046CDE909
:10BAD0000077FFF75FFD39462046FFF7B7FEA6FB6C
:10BAE000056105FB0B1147F6112B16EB0B0047F612
:10BAF00012224FF0000341F10001D5F7F9FC0128B3
:10BB000038BF0120039B0646A3FB050105FB0A1174
:10BB100010EB0B004FF0000347F6122241F1000139
:10BB2000D5F7E6FC012838BF01204FF0010BC20316
:10BB3000F103B2FBF5F2B1FBF5F1C4E98360824693
:10BB400084F814B2404614F03AFE404614F0A6FDC4
:10BB500084F806B184F80571054833460321054A87
:10BB6000CDF800A011F0DAFD484679E7462205003D
:10BB7000E08204007A22050070B58CB005460E46BE
:10BB8000144614F03AFDC8B901220E4BCDE9074026
:10BB900018705A700493022304AACDE9002308AA5E
:10BBA000CDE90530CDE902236946284602AACDE950
:10BBB00009360B9414F0E1FC0CB070BD6FF073000B
:10BBC000FAE700BF2ABB02202DE9F04F9FB002AF79
:10BBD00007F1280B82464622002158461BF09AF8AE
:10BBE0000423CDE900B3002340F212211A46504647
:10BBF000FFF7D0FCC7F824D08CB097F8285097F8FE
:10BC0000294097F82A1097F82B3002AAC2E90913A5
:10BC100007237F4EC2E90754C2E905604FF4635120
:10BC200042F8103F7B4814F0D1FC4622D7F824D0CC
:10BC3000002158461BF06EF8402259465046FFF747
:10BC40009BFF97F8282097F836303A6197F829201B
:10BC500098B0FA6097F82E20FB61BA6097F82F2011
:10BC600097F82A907A6097F8302097F82B80BA617D
:10BC700097F8312097F82CE07A6197F8352097F8FB
:10BC80002DC03A6297F8326097F8335097F83440F5
:10BC900097F8373002AA6049C2E90A8EC2E9051056
:10BCA0003969C2F830C0D161F968C2E91254C2E9F9
:10BCB0000819B9685748516379689163B969D163C4
:10BCC0007969C2E91016396A1165F969C2E9151373
:10BCD000132349F6C00142F8103F14F077FC4622C6
:10BCE000D7F824D0002158461BF014F80823CDE9DA
:10BCF00000B3002340F22A211A465046FFF74AFCBF
:10BD000090B097F8288097F829E097F82AC097F81C
:10BD10002B6097F82C5097F82D4097F82E1097F835
:10BD20002F3002AAC2E90D130B23DFF8F090C2E90D
:10BD300009C6C2E9078EC2E90590C2E90B5445F66F
:10BD4000C00142F8103F334814F040FC4622D7F8B7
:10BD500024D0002158461AF0DDFF0423CDE900B3BA
:10BD6000002340F20B211A465046FFF713FC97F8C8
:10BD700028C097F8295097F82A2097F82B10002808
:10BD800043D153426E468CB002ACC4E907C5E362AE
:10BD900025460823DFF888E0C4E90921C4E905E065
:10BDA00045F8103F2A4644F2C0011A4814F00EFC30
:10BDB0004622B546002158461AF0ACFF0423CDE9CF
:10BDC00000B300234FF488711A465046FFF7E2FB98
:10BDD00097F8286097F8291097F82A2097F82B30C1
:10BDE0008CB0C4E909230723DFF838C0C4E9076130
:10BDF000C4E905C02A464FF463510648236114F094
:10BE0000E5FB7437BD46BDE8F08F0023BAE700BFFD
:10BE10009E220500E0820400D4220500392305009B
:10BE20007B230500B8230500F7B5002406694568A3
:10BE3000306086F80741301D17F071FA0122214663
:10BE400006F5067017F055FB06F1500706F13C00A9
:10BE5000474917F0DAFB23464FF42062384645493C
:10BE6000009406F057FE4449384617F05EFC2868F7
:10BE700017F026F948B9414A0121414814F08EFBD8
:10BE80006FF01204204603B0F0BD2B7E23B1E868AA
:10BE900017F016F90028EED0A86A05F1280417F06B
:10BEA0000FF908B9374AE7E7286A17F009F908B91E
:10BEB000354AE1E7286B17F003F908B9334ADBE7A5
:10BEC00020464FF48031FFF73FFA04460028D9D1CD
:10BED0004FF4B01105F12000FFF736FA04460028B0
:10BEE000D0D14FF4803105F13000FFF72DFA044630
:10BEF0000028C7D1012795F83430254A07FA03F303
:10BF0000C6E93F23286B06F1F8018368DB6913B9A2
:10BF10006FF05704B6E73A46984704460028B1D177
:10BF2000EB8E286B95F8341003F0400384680269A7
:10BF3000A469002CECD012688F4017420CBF43F06C
:10BF4000B86383F0707323F0794323F47F0323F401
:10BF50007F434FF0A07223F0BF03A04704460028A0
:10BF600090D103210B4A064814F018FB8AE700BF62
:10BF700099C7020088E80220E9230500F52305009F
:10BF8000E0820400072405001B240500302405007E
:10BF9000C3050400442405002DE9F04F87B0036871
:10BFA0000622D3F80490002302AF07F1080BBB6010
:10BFB0000D46ABF804304FF48071CDE900B248462D
:10BFC0001A46FFF7E7FA0346A8B16C4688B002AA02
:10BFD0002B4B4FF4E651C2E905354FF400739383C0
:10BFE000284B294842F8103F14F0F0FAA5461437C0
:10BFF000BD46BDE8F08F04223C8997F808A097F869
:10C000000980D7F80A604FF48871B860CDE900B2B2
:10C01000024678604846FFF7BDFA7B6870BB7B89B3
:10C020005BBA1FFA83FB09F1280014F07DFA7860EF
:10C0300009F1300014F078FAE94690B002AA7B6862
:10C040001249C2E90C304FF40073C2E90515138799
:10C050000AF007010E4B64BAD161A4B208F00701DF
:10C0600036BA1162C2E90A6B546245F2C041064811
:10C0700042F8103F14F0AAFACD46B8E79B46D2E743
:10C080008024050003000001E082040098240500DC
:10C090000A00000137B5036804465D68284614F0BD
:10C0A000D6FA284614F0FAFA00234FF48F711A4694
:10C0B000CDE900332846FFF76DFA284694F80812B8
:10C0C00014F0FCFA94F80832284684F8093295F8FE
:10C0D000411014F0CBFA94F8242094F82630009202
:10C0E00083F00103FF222846218C14F00BFB284625
:10C0F00014F0D4FA94F814328BB34FF47A71D4F864
:10C100001022D4F80C32D203DB03B2FBF1F2284642
:10C11000B3FBF1F114F053FB012384F80631002343
:10C12000032084F8053114F056FA284614F0B6FAC4
:10C1300020460E49FFF730FF05F1300014F0F4F906
:10C1400088B103210A4A0B4814F028FA04F13C0193
:10C1500004F1500003B0BDE8304017F081BA284622
:10C1600014F0BDFAD8E703B030BD00BFDB240500F2
:10C17000E7240500E08204002DE9F04F046989B04E
:10C18000039394F82C3080468946164645680293FE
:10C19000002B00F0658194F8053103F0FF0723B10F
:10C1A0006FF00F0009B0BDE8F08F531EFE2B00F2B8
:10C1B000578194F827B0BBF1020F38D12046FFF722
:10C1C00027F947F6122E8446394640F2E7304FF4FD
:10C1D0007A720023ECFB0E01D5F78AF902460B4672
:10C1E000404694F806A1FFF77DFA031E5FFA8AFA2B
:10C1F00014DDBAF1000FD3D0236B002BD0D0251D56
:10C200004FF0FF324FF0FF33284614F0C5F92046B7
:10C21000FFF740FF284614F0DCF9C1E707D013F11F
:10C22000580F04D0904A5946904814F0C8F94FF07E
:10C23000000A04F104084FF0FF324FF0FF3340468C
:10C2400014F0AAF92846C4F830A084F806A114F026
:10C25000FEF9284614F022FA534652464FF48F71E5
:10C260002846CDE900AAFFF795F994F92230534505
:10C2700040F3AA800A2B40F3AA800F2B4FF004034F
:10C2800000F3A880052243EA02134FF0000A8DF85C
:10C290001930102340F202218DF81A3006AA032328
:10C2A0002846CDE900AA8DF818A0FFF773F994F895
:10C2B000223040F203215B008DF81830052306AAD6
:10C2C0008DF8193028460223CDE900AAFFF762F95C
:10C2D00094F8263094F824202846218C83F001031A
:10C2E0000092F2B214F00EFA284614F086F9E0B982
:10C2F0000223DFF87CA18AF800008AF80130B9F146
:10C30000000F05D0324649460AEB03001AF0DCFC68
:10C3100004AB0693012302360022284606A9CDF875
:10C3200010A00596079314F028F9284614F0B6F9E2
:10C33000039B4FF0000AA363012384F8053148F200
:10C34000020306AA40F20D21CDE900AAADF818308B
:10C35000284603238DF81AA0FFF71CF9454920460B
:10C36000FFF71AFE404614F034F914F019F9CDF82D
:10C3700018A00646894641F2707A14F011F9801B24
:10C3800061EB0901504571F1000134DA94F805318F
:10C3900073B34FF0FF334FF0FF32404614F0FCF818
:10C3A00094F8053103F0FF0BB3B94FF0000B404692
:10C3B00014F00FF9BBF1000F1CD194F80531BBB19B
:10C3C000022014F008F9D8E7534602225BE7012364
:10C3D000042258E7072256E7284606A914F020F958
:10C3E0000028E2D1069B1B03DFD584F80501DEE7B8
:10C3F0004FF0000B5F464FF0FF334FF0FF324046E7
:10C4000014F0CAF894F80531E3B1069B02211A4AE8
:10C41000164814F0D4F8002384F80531029F94F8EC
:10C42000063113B92046FFF735FE37B1A06B20B1B6
:10C43000002107F0E5FA0023A363404614F0C9F891
:10C440000020AFE637B1069B03210C4A074814F0E1
:10C45000B6F8E3E703210A4A044814F09FF8DEE740
:10C460006FF015009EE600BF1A250500E08204006B
:10C470002ABB0220432505004F250500762505002F
:10C48000932505002DE9F041054688461746002111
:10C4900001268AB001AC102205A8CDE90144CDE9FE
:10C4A00003111AF037FC23463A46414628460994C0
:10C4B0008DF82160FFF760FE044600BB3946284630
:10C4C000FEF7D0FF47F61227214600F5FA7540F235
:10C4D000E730B5404FF47A720023E5FB0701D5F74A
:10C4E00007F802460B46314605A807F031FA051E4B
:10C4F00005DA054A3146054814F050F82C46204626
:10C500000AB0BDE8F08100BFA9250500E082040063
:10C510002DE9F04784B081460D4602AF0321794AE8
:10C52000794805F1200614F039F80121304614F05D
:10C5300010F8044658B1754A0121734814F02EF8DA
:10C540006FF0040420460837BD46BDE8F0870A2096
:10C5500014F041F82146304613F0FBFF08B16C4A55
:10C56000EAE74FF4967014F036F8284614F045F8D0
:10C5700020B10221674A644814F010F84FF0040A11
:10C580000324002607EB0A0800237E601A4640F2C7
:10C5900001112846CDE9008AFEF7FCFFC0B10A2050
:10C5A00014F019F8013CEFD1A246032153465A4A30
:10C5B0005548009411F0B2F8284614F048F80446A3
:10C5C00000B30346554A01214F4813F0F8FFB9E77D
:10C5D0006E468CB097F806A0FC7939797B7902AA6F
:10C5E000C2E9073A08234E48C2E9094AC2E90501EF
:10C5F000D46244F2C001444842F8103F13F0E6FF11
:10C60000B546D2E7012642463E713346CDE90000E9
:10C6100040F206212846FEF7BDFF044610B1414A0C
:10C620000346D0E7284614F039F895F841304246E1
:10C630003B7110234FF489717B712846CDE900448A
:10C640000223FEF7A7FF044610B1374A0346BAE7B4
:10C650006F2342463B714FF49171CDE900003346A0
:10C660002846FEF797FF044610B1304A0346AAE772
:10C67000052013F0B0FF284613F0BFFF38B12C4A55
:10C680003146214813F08AFF6FF073045AE73C717A
:10C690003346CDE90044424640F207212846FEF7E2
:10C6A00079FF044610B1234A03468CE70C233B7004
:10C6B000042378603A46CDE900834FF49271334603
:10C6C0002846FEF767FFD8B9FB885BBA9BB2032107
:10C6D000194A00900C4811F021F8284613F0DEFFAB
:10C6E00095F8403089F80832002389F8093201238F
:10C6F00089F807310321114A034813F04FFF21E75E
:10C700002346E4E7B9250500E0820400D7250500AB
:10C71000EB25050001260500652605007F2605009E
:10C720002C26050092260500B0260500CC26050023
:10C73000E7260500072705001F27050043270500FA
:10C7400070B505690E4695F807316BB94168284602
:10C75000FFF7DEFE044638B1012103460C4A0D48BE
:10C7600013F02DFF204670BD334605F1180206F187
:10C77000140153F8040B8B4242F8040BF9D1012346
:10C7800085F82C302846F17AFFF760F80024E9E7B5
:10C7900057270500E08204002DE9F04FA3B050F8C0
:10C7A0003C3CA0F1380802AF5C684FF0FF32814694
:10C7B0004FF0FF33A0F13C05404613F0EDFE00239F
:10C7C00007F1740120467B6713F02AFF04F1300360
:10C7D00006461846EA46D7F874B0FB6613F0A4FE86
:10C7E0008AB002AA2E4BC2E90760C2E9053B0523C5
:10C7F0004FF423512B4842F8103F13F0E7FED54683
:10C800000EB301213346284A264813F0D8FE99F882
:10C81000CA30002B00F0F68199F8C930002B40F0A7
:10C82000F1817B6F23F07F4222F48032002A00F0F6
:10C83000E98102211D4A1B48009610F06FFF28462F
:10C8400013F0DAFFDEE17B6FDA0304D50221184A28
:10C85000144813F0B4FE7B6F63BB0023D7F874A0B9
:10C860001AF4801F00F071810020D9F8F8B1CAF3E2
:10C87000C01189F80002BBF1000F00F05E81D9F809
:10C88000FC41C9E97E004046F96613F0A2FE22464B
:10C89000F96E59F83C0CD8478437BD46BDE8F08F97
:10C8A00070270500E082040095270500EA280500AE
:10C8B000B72705004FF0000B23F07F4323F43B0321
:10C8C00023F47D4323F0FF03B3F5802F89F8C8B02C
:10C8D000C3D1204607F17201A7F872B013F05AFFD6
:10C8E0000822B7F87230C7E91EBB7B6607F17803F0
:10C8F000CDE9003240F22A215B465A462046FEF737
:10C9000049FE002840F0FD8097F87D3097F87BA025
:10C910005B421BB2FB6697F87E305B421BB2BB6684
:10C9200097F97C305B45B8BF03334FEAA30B204631
:10C9300007F1720113F02EFF97F87220002A00F021
:10C94000E480A7F8722009F1CC031946D2B2204640
:10C950003B66FFF711F900234FF48F711A46CDE9BA
:10C9600000332046FEF716FE284613F045FFBBF1C4
:10C97000000F05DAD7E91A239342B8BF1346FB66C6
:10C98000404613F026FE99F8CC3099F8CF80BB6072
:10C9900099F8CD3099F8D0E07B6099F8CE3099F8CD
:10C9A000D1C0FB6099F8D2303B6199F8D330FB617C
:10C9B00099F8D430BB6199F8D5307B6199F8D630BD
:10C9C0007B6299F8D7303B6299F8D830FB6299F8CE
:10C9D000D930BB6299F8DA307B6399F8DB303B637E
:10C9E00099F8DC30FB6399F8DD30BB6399F8DE30F1
:10C9F000C7F800D03B6499F8DF30ACB07B6499F89D
:10CA0000E03099F8E660FB6499F8E13099F8E75076
:10CA1000BB6499F8E23099F8E840FB6599F8E33097
:10CA200099F8E900BB6599F8E43099F8EA107B655C
:10CA300099F8E53002AA3B6599F8EB303B668A4BE2
:10CA4000C2E90FEC53617B6EC2E9063AFB6E1362DA
:10CA5000BB6EC2E9093BBB68D3627B681363FB68AA
:10CA6000C2E90D383B695364FB699364BB69D364C5
:10CA70007B6913657B6A53653B6A9365FB6AD36583
:10CA8000BB6AC2E9280113667B6BC2E92654536670
:10CA90003B6B76499366FB6B7548D366BB6B13673C
:10CAA0003B6C53677B6C9367FB6CD367BB6CC2F8C2
:10CAB0008030FB6DC2F88430BB6DC2F888307B6D6E
:10CAC000C2F88C303B6DC2E924363B6EC2F8A83008
:10CAD000272342F8103F13F079FD59F80C4CD7F892
:10CAE00000D0002C3FF4D8AE59F8083C97F87220DB
:10CAF000CDE900B3FB6E09F1CC0159F83C0CA0471D
:10CB0000CAE6DA46C7E91ABB11E70AF1FF33FE2B82
:10CB10005246A7F872A07FF616AF002300937B6EF3
:10CB20000221544A524810F0F9FD2046FFF74CF814
:10CB3000284613F061FE012390E6FB66C9F8F41164
:10CB400009F5EE7005F0EEFDFB6E1AF4002F0FD024
:10CB50004FF0000B284689F8C9B0FFF79BFA59F847
:10CB6000040C20B1594606F04BFF49F804BC0123E0
:10CB70001AF4001F06D099F8C9201AB9284613F0F4
:10CB80003BFE01233C4A1AEA020F38D06E468AB0B7
:10CB900002AA3A4B4FF422515361CAF38053936176
:10CBA000CAF34023D361CAF380431362052330489C
:10CBB00042F8103F13F00AFD2046B546FFF704F88F
:10CBC00000234FF48F711A46CDE900332046FEF75B
:10CBD000E1FC99F8C93013B9284613F00DFE404620
:10CBE00013F0F7FC59F80C4C002C3FF455AE59F8F3
:10CBF000083C019300231A46194600937DE7002B59
:10CC00003FF405AE04F1300013F08EFC48B399F800
:10CC1000C8300133DBB2042B89F8C8301BD9002699
:10CC2000174A0121124813F0CAFC2146284689F808
:10CC3000C860FFF76DFC31462846FEF707FE0C483A
:10CC40000221104A13F0AAFC2846FFF723FA4046B7
:10CC500013F0BFFC20E6494609F1140016F000FD70
:10CC6000F5E789F8C800F2E7D2270500C0380100CF
:10CC7000E0820400A928050000024000C828050041
:10CC8000242905004F29050003699A7F531F072BAC
:10CC90009DBF034B9B1813F8050C3720704700BF4E
:10CCA000A4320500036803F01F025F2B02604FEA05
:10CCB00053129ABF024B53F822000020704700BF66
:10CCC000BC9C04002DE9F74F154607464FF00108BC
:10CCD00000EB8101B94203D1002003B0BDE8F08F21
:10CCE0003A68C2F3C323082BC2F3080400F29A8007
:10CCF0004E48C65C40F2FF139C4208BF4FF0FF3421
:10CD0000B2F1B05F4FEA12630ED2152B10D8DFE8F4
:10CD100003F01221605D26585D0F0F0F0F636E0F39
:10CD20000F0F0F0F0F0F7174382B69D04E2B50D08F
:10CD30006FF08500D1E7C5F80446621C3FD001A81A
:10CD40000194FFF7AFFF019B4FF0010908FA03F3CD
:10CD5000436012E0C5F80C464FF0000A43E04FF084
:10CD60000009C5F80046601C29D001A80194FFF70E
:10CD700099FF019B08FA03F383604FF0010AD7F88B
:10CD800000B001A81BF4004F1CBF4FF001094FF089
:10CD9000000A0194FFF786FF019B254C00EB8300FE
:10CDA000D0F88020CBF3412B330243EA8B0343EAD4
:10CDB0000A031440234343EA4903C0F88030043790
:10CDC00088E7C5F804464FF00109CCE7C5F80846E6
:10CDD000C2E7C5F81046B0E7C5F80046002EBBD143
:10CDE0004FF0000A0826631CE9D0D146C7E7C5F812
:10CDF0000446F3E7C5F84045E5E7C5F84445ABE729
:10CE000001A80194FFF74EFF019B4FF0010A00EBD0
:10CE10008300D0F8803023F0E04343F08043C0F833
:10CE20008030E0E76FF0150057E700BFAC32050037
:10CE3000F0F0FCFF2DE9F041466800AF96F826803F
:10CE4000044608F00308B8F1000518BF012513F0E7
:10CE500039FEB06A30B92946204613F0ACFEBD4613
:10CE6000BDE8F08116F02CF90346B8B9B26A6C46F9
:10CE700088B011686A461F48CDE905014FF400717A
:10CE8000ADF81C101C4942F8101F1C484FF4E25129
:10CE9000E3F7F4FE6FF01200A546E0E7B8F1000FEB
:10CEA0000CBF4FF4B0134FF4D013F28DB06A96F864
:10CEB0002C101A434FF0010CD0F810E042F300039D
:10CEC00003F44023DEF80060534023F480120CFA90
:10CED00001FCDB07D0F808804CBF4CEA060626EAC6
:10CEE0000C06CEF80060D8F8003098470028B2DA77
:10CEF000B5E700BF7F290500030000011883040087
:10CF00000122014B1A60704700700D500C29036913
:10CF10000BD1DB6A064907484B4393FBF0F100FB5A
:10CF2000113311600020536070476FF08500704727
:10CF300090D0030040420F000022044B0069C3F868
:10CF40000021D3F8003105F0EDBB00BF00700D509B
:10CF50007FB505692B6B63B321F040010C292BD100
:10CF600005F118064FF0FF324FF0FF33304605F061
:10CF7000E3FA134B0024019303236946286B0394BF
:10CF8000029310F060FA4FF0FF324FF0FF33284663
:10CF900005F002FC286B10F0A1FA0A4BD3F8082523
:10CFA000EA6201225A60304605F038FB204604B0A0
:10CFB00070BD6FF00A00FAE76FF08500F7E700BF79
:10CFC00001CF020000700D5010B504690020FDF77C
:10CFD000E3FA20634FF0FF320021204616F089FA71
:10CFE00004F1180016F09BF900220121D720E5F783
:10CFF000C7F9D720E5F794F90122024B0020C3F8C6
:10D00000042310BD00700D500023064A32F8021BA5
:10D01000814201D11846704701330C2BF6D16FF0D5
:10D0200015007047B4B7040070B505690B012A6A92
:10D030000C46D6681121F02203F0F003B047002817
:10D040000BDB0B2C88BF41F608234FF000009CBF80
:10D05000034B33F81430EB8470BD6FF00400FBE732
:10D06000B4B7040008B50221034A044810F043FB9A
:10D070006FF0850008BD00BFE3290500A081040012
:10D0800070B505690B012A6A0C46D6681021F0229A
:10D0900003F0F003B04700280BDB0B2C88BF41F6F0
:10D0A00008234FF000009CBF034B33F81430AB84CF
:10D0B00070BD6FF00400FBE7B4B7040008B50121B0
:10D0C000034A044810F017FB6FF0040008BD00BFCE
:10D0D0000D2A0500A0810400F7B5436804461B68CB
:10D0E0009847051E07DA0121344A354810F003FB42
:10D0F000284603B0F0BD26691221336A2046DD6858
:10D1000080231A46A847002804DAFFF7D7FF6FF0FC
:10D110000405EDE748F6B80015F0B6FF336A0F21B5
:10D1200020469B680DF1070298470028EDDB9DF82B
:10D1300007306A2BE9D10021204613F003FE014697
:10D140000028E2D11F4B2046F360FFF799FF00282B
:10D15000DBD10421204613F005FE01460028D4D17E
:10D16000194B2046F361FFF75FFF05460028CCD13D
:10D17000336A0722DF680A2103462046B8470028A1
:10D18000C3DB336A4622DF68122144232046B847B6
:10D190000028BADB336A1521DF68102320461A46BF
:10D1A000B8470028B1DB336A1621DE6880232046A9
:10D1B0001A46B04700289BDAA7E700BF272A0500D8
:10D1C000A08104000000744200B88845F8B5064606
:10D1D0000D460769F1B1012935D1B88CFFF714FF6D
:10D1E000C1B23046FFF74CFF40B1184A29461848F3
:10D1F00010F081FA6FF004042046F8BDF88CFFF7B8
:10D2000003FFC1B23046FFF70FFF04460028F3D0FA
:10D21000104AEBE73B6AF022DC680B461021A0477E
:10D22000041E05DA0C4A0121094810F064FAE3E70C
:10D230003B6AF022DC6811212B463046A047041ED1
:10D24000DADA064AEFE76FF08504D5E7472A0500EA
:10D25000A0810400662A05007C2A05009C2A05009E
:10D2600008B50649026943681162586815F028FF3D
:10D2700000280CBF6FF01200002008BD949D040030
:10D2800038B5054644680121E06813F09FFF6B68DC
:10D2900019686369C1F82435E28BA38BA07E134320
:10D2A000228C1343628C1343627E9BB20243207E26
:10D2B00002431343C1F86C3569680B68D3F8002248
:10D2C00042F48022C3F800220822C3F800254A6AEB
:10D2D0000121C3F83C270022C3F840271965D3F881
:10D2E00030110029FBD0C3F800252846BDE838409E
:10D2F000014910F0CABA00BFEB1104002DE9F0415A
:10D3000004460D46476816F00AFA88B12022EFF36A
:10D3100011831E4682F31288BFF36F8F616809681C
:10D32000D1F83011D1B983F31188BFF36F8FEEE7D5
:10D330001A4B1B78002BE9D04FF020086426636855
:10D340001B68D3F83031B3B9012014F05EF9013E07
:10D35000F5D10021202016F0B0FAEFE77B6A012218
:10D360001D702046796A13F019FF86F31188BFF308
:10D370006F8FBDE8F081EFF311831E4688F31288AA
:10D38000BFF36F8F62681268D2F83021002AE5D1AE
:10D3900083F31188BFF36F8FDBE700BF0DBD022061
:10D3A0002DE9F04745680121D0F81080064600AF0E
:10D3B000686B13F0FAFFE96B481C19D0A86B14F0E6
:10D3C000EFF810F1130F04460AD10121364A37480D
:10D3D00013F0D1FF6FF012042046BD46BDE8F08780
:10D3E000411D05D10121324A304813F0C4FFF3E753
:10D3F0004FF00109EB6A9847D8F830500835D8E962
:10D400000C3203EBC203A5F10802934209D808F1DC
:10D41000280014F029F83046264910F036FA044660
:10D42000DAE755F8080C15F04BFE034615F8041C16
:10D4300055F8080CABB96C468AB06A46006807918B
:10D440004FF400711C4DADF820101C49CDE905507A
:10D4500042F8101F4FF411511448E3F70FFCA54692
:10D46000B8E735F8023CD0F810C0DA07DCF8004025
:10D4700054BF43F4B01383F4D01323F4801209FA99
:10D4800001FEDB07D0F808A04CBF4EEA040424EAF2
:10D490000E04CCF80040DAF800309847041E05F17D
:10D4A0000805ACDA98E700BFF02A050030830400D5
:10D4B0001B2B0500F1130400382B050004000001AC
:10D4C00010B502780346002A6ED10C69D4F890207A
:10D4D0003AB9D4F88C006FF07301BDE8104013F036
:10D4E000ECBFD4F8840050B1D4F8881039B1DB68AF
:10D4F0002BB1834203D0D4F89C1019F0E5FBD4F88B
:10D50000803043B1D4F890209A4216D90121274A9D
:10D51000274813F030FFD4F8883043B1D4F8902076
:10D520009A4224D90121214A214813F024FFD4F83A
:10D530008C00BDE8104013F0D2BF9B1AC4F88030B5
:10D540007BB9E36E04F180020833E366236F04F1D4
:10D550007001013B236704F16C0013F013FFE067D7
:10D56000D9E7E36F002BD6D01344E367D3E79B1AC8
:10D57000C4F8883083B9636F04F1880208336367A5
:10D58000A36F04F17801013BA36704F1740013F069
:10D59000F9FEC4F88400CAE7D4F88430002BC6D062
:10D5A0001344C4F88430C2E710BD00BF5C2B0500F3
:10D5B000308304002DE9F04F8DB01D468B888046E6
:10D5C0009B048A4616460469D0F804B000AF43D4E1
:10D5D0004FF0FF324FF0FF3304F1380005F0DCF874
:10D5E000C4F82CA0002E3ED1E6660023236704F188
:10D5F000800204F1700104F16C0013F0C3FE0646D2
:10D60000E067002D35D165670023A36704F1880228
:10D6100004F1780104F1740013F0B4FE0023C4F89F
:10D620008400A36616B1D4F8803043BB10B1D4F89F
:10D63000883023BBA36A13B19B889E0405D40023C2
:10D64000E36204F1380005F06DF86FF01505284627
:10D650003437BD46BDE8F08F236C002BB8D1E36AA8
:10D660009942B5D1BEE73368E366002BBDD073683D
:10D67000BCE72B686367002BC6D06B68C5E7D8F89A
:10D680000450D8F810902B687B6099F8953023B13E
:10D69000D9F828309A4500F0A680BAF804C01CF4E6
:10D6A000006312D00121914A914813F064FE6FF09B
:10D6B0008505A36A13B19B889B04C8D40023E36249
:10D6C00004F1380005F02EF8C1E71CF0010F17D067
:10D6D0006D4688B0D8F800106A468648CDE9050145
:10D6E0004FF40071ADF81C10834942F8101F4FF43D
:10D6F000E2517F48E3F7C2FAAD466FF01505D8E76F
:10D700001CF0080F05D07D4A0121794813F033FE43
:10D71000F3E70CF4FC63B3F5807F01D0784AF3E7BC
:10D72000DAF800E0774B9E4501D8774AECE707F13D
:10D73000080604350FCD0FC60FCD0FC67B6895E8E0
:10D740000300734594BFFB61C7F81CE01CF00202A4
:10D7500086E803000CF0040335D0002B0CBF022335
:10D760000323CCF3001C87F8203087F821C0D9F8B8
:10D770000030D3F800365D1C0CD003F01F01634865
:10D780005B0912BB022B00F2AC8050F8232001236E
:10D790008B40936099F895302BB1484601F0BAFB65
:10D7A000002389F8953043464846594A07F1080155
:10D7B00014F063FA051E11DA01212B46554A4C4834
:10D7C0000FF0A2FF75E79B08CBE7022B00F28B80DE
:10D7D00050F8232001238B405360DBE70123C9F875
:10D7E00028A089F89530012384F89430DBF83C10A8
:10D7F000481C0AD0DBF8380000F092F8743004D1ED
:10D800000221454A3A4813F0B6FD0022012104F1F5
:10D81000280013F009FE404613F061FE00231A466B
:10D82000206F82423DD100221146A56FA9423FD10F
:10D83000934238BF13464FF4FA5202FB03F5A36A32
:10D8400047F6122C1B6840F2E730B5FBF3F50021D8
:10D85000C8354FF47A720023E5FB0C01D3F748FE7C
:10D8600004F1500602460B46304604F095FF02468E
:10D8700028B30121294A1E4813F07DFD00252046CA
:10D88000C4F8905001F046FB6FF07301404684F8F5
:10D89000955013F012FE304604F0A4FF6FF07305AC
:10D8A00007E7E16E01EBC201496801320B44B8E7BA
:10D8B000606F00EBC100406801310244B6E7A56E1D
:10D8C00015F1740FDAD02DB9A36A9B889A047FF5FD
:10D8D000F0AEBCE6D8F810001146283013F0A4FDD5
:10D8E000E7E69260FFDE00235B60FBE77A2B050032
:10D8F00030830400942B050003000001B62B0500C3
:10D90000D52B050047E80100042C0500549E0400B7
:10D91000C1D40200352C05005A2C0500842C0500CA
:10D920002DE9F0410D46064614F018F9002207468D
:10D930002946304614F0C0F85F2D05F01F044FEA69
:10D9400055122BD8184B53F8223003EB8404D4F82B
:10D950008020164B134043F00C03C4F8803013F0C2
:10D960004DFE80463368DB597BB10027304629469F
:10D9700014F0F2F8D4F880200C4B3846134043F0F2
:10D980000403C4F88030BDE8F08113F037FEA0EB4B
:10D990000800C728E6D96FF07307E7E700232034B3
:10D9A00053F82430FFDE00BFE09E0400F0F0FCFFDF
:10D9B00070B40F4CD4E90015501A63EB050640090A
:10D9C00040EAC6602026E0FB0615C4E900150024E5
:10D9D00000250849C1E90023074BC3E90045EFF3DF
:10D9E000118186F31288BFF36F8F70BC05F01EBEE5
:10D9F00028490220104902202049022008B50022AF
:10DA00000121E420E4F7BCFC164A0020D2F81837C4
:10DA100023F44033C2F8183700F02CFF002820DB35
:10DA20000120114900F0B2FF00281ADB00F0FCFED3
:10DA30000E4B20F01F00C3E900010D4B0022C3E98B
:10DA400000014FF0FF304FF0FF310A4BC3E90001F6
:10DA5000094B0A49187A00F0F7FE67220020084BAC
:10DA60001A6008BD00200E50780B002028490220C3
:10DA70000849022010490220700B0020B1D9020091
:10DA80005090022008B500F0CFFE064AD2E90032DD
:10DA9000C01A054B61EB0201C3E90001400940EAED
:10DAA000C16008BD284902202049022010B500F0BD
:10DAB000BDFF0120FCF770FD0FF010FDBDE8104028
:10DAC000054B064A1B684FF47A70B3FBF2F35843D8
:10DAD000034B43F0010318477C0B002040420F002A
:10DAE00090850400F7B5224B0146224F187A224B4D
:10DAF000D7E90056D3E900239E4208BF954211D1D1
:10DB0000B1F1806F0ED24901012938BF01210122F4
:10DB10004D1946F10006C7E9005603B0BDE8F040D4
:10DB200001F010B8154BDFF858C0D3E90043DCE929
:10DB3000002CA41843EB0C0C4FF0200E2246634639
:10DB4000C1FB0E23954276EB0301C7E900230DD2FA
:10DB5000291B66EB0C04C82974F10004B4BF012131
:10DB60000021009100F0B8FF03B0F0BD0021F8E7FC
:10DB7000700B002018490220104902202849022079
:10DB800020490220064BD3F840231C2A05D1D3F8A4
:10DB90004403431E5842584170470020704700BF5D
:10DBA00000C0FF0003689A070CD50368DB070DD59A
:10DBB0000922074BC3F80C250F22C3F804250122C4
:10DBC0001A60FEE7034B0360EF3B0360704700BF42
:10DBD00000801050F000FA5008B50123404A414837
:10DBE000C2F80038404AD2F840231C2A04BF3F4AFA
:10DBF000C2F80C34FFF7D6FF0830FFF7D3FF083028
:10DC0000FFF7D0FF0830FFF7CDFF00F5F470FFF706
:10DC1000C9FF374AD2F88C3043F44063C2F88C30E5
:10DC20000022D30003F57F0303F54043D3F800142B
:10DC300001310AD0D3F8001439B1D3F800140132FD
:10DC4000D3F80434402A0B60EBD1254BD3F84024A1
:10DC5000002A41D0FFF796FF48B1234BD3F8342375
:10DC6000244B9A429EBF1E4B234AC3F84026FFF71F
:10DC700089FF18B1214B224AC3F8AC27FFF782FF76
:10DC800048B13422164BC3F82426D3F83C2622F49C
:10DC90000022C3F83C261B4B1549D3F80026D207B7
:10DCA00044BF6FF00102C3F80026174BD3F81825C4
:10DCB00022F00302C3F81825D3F8182542F0030216
:10DCC000C3F81825D1F88C2042F44062C1F88C20AA
:10DCD0000022C3F8A02508BDC822C3F84024B9E734
:10DCE0000000125000C50D5000C0FF00003005506C
:10DCF00000ED00E0001D0A1840E0A91E00A0085039
:10DD000078000A0400E0105000B004500D4B0001F0
:10DD1000034452B1D3F808250A43C3F80825D3F8C1
:10DD20000C251143C3F80C157047D3F8082522EAD7
:10DD30000102C3F80825D3F80C2522EA0102C3F832
:10DD40000C25704700F00C50014B13F093BC00BF42
:10DD50000DDD0200014B1B68184700BF54900220E4
:10DD600010B50C4C237993B9012323710A4B002879
:10DD7000206018BF184600F0F7F850B9236807482C
:10DD8000002B08BF1846BDE8104000F039B86FF00E
:10DD9000770010BD5490022055DD0200A916040042
:10DDA00008B5084B1B6843B140F20510E4F7DAFAF6
:10DDB00018B940F20510E4F7B3FA0122024B1A70C9
:10DDC00008BD00BF549002200CBD022038B50423CA
:10DDD0000A4C42F21075C4F8083301236361002332
:10DDE000C4F80831D4F80831D4F84C34DB0304D536
:10DDF000012013F00AFC013DF6D138BD00E01050BF
:10DE0000064A13793BB9012110601171044A184682
:10DE1000C2F8403470476FF0770070475C90022082
:10DE200000E0105010B51D4B1D4CD3F84C14D3F826
:10DE30004C2411F4803F19D002F00302012A01D0D2
:10DE40008AB90022154BC3F840240022C3F80821E8
:10DE5000D3F8082101221A6122688AB9D3F808216F
:10DE6000002AFBD014E0FFF7B1FFEAE7D3F848241B
:10DE7000D107E6D5D3F850249207F4D422681AB11A
:10DE80000422C3F8042310BDD3F80821002AFBD0D4
:10DE90000022C3F80821D3F80831F4E700E010505D
:10DEA0005C900220F8B50125184C194ED4F80C33BB
:10DEB00003F00C0303B9F8BDB3FA83F30027C3F1F1
:10DEC0001F039A0002F5807292B202F1A04202F59D
:10DED0008712176005FA03F1022B1268D8B2C4F852
:10DEE000081310D1D4F84C34D4F84C349B070AD121
:10DEF0000423C4F84054C4F804332561D4F80C3327
:10DF000003F00C03D6E733689847F7E700E01050BA
:10DF10005C900220712238B5104B0021C3F8082311
:10DF2000012242F210745A60C3F80011D3F80011B4
:10DF30000B490A4DD1F840131C2908BFDA60D5F807
:10DF40000C3413F4803305D0012013F05EFB013C48
:10DF5000F5D138BD034A5371FBE700BF00E0105014
:10DF600000C0FF0064900220054B0246187918B9E2
:10DF70001A6001221A7170476FF07700704700BF76
:10DF8000649002200022164BC3F81021D3F8101120
:10DF9000C3F81821D3F81811C3F81421D3F81411B9
:10DFA0001049D1F840131C2904BF01219960C3F81E
:10DFB0000021D3F8002101221A600B4A126852B9DD
:10DFC000074BD3F80021002AFBD00022C3F8002120
:10DFD000D3F8003170477122C3F80423704700BFA3
:10DFE00000E0105000C0FF0064900220F8B5012648
:10DFF000194C1A4DD4F80C3303F0710303B9F8BD72
:10E00000B3FA83F30021C3F11F039A0002F5807273
:10E0100092B202F1A04202F58712116006FA03F7EC
:10E02000042B1268D8B2C4F8087308D0062B10D09D
:10E030002B689847D4F80C3303F07103DEE7022312
:10E040006B71C4F81411D4F814312023C4F80433CC
:10E05000EEE76971ECE700BF00E010506490022029
:10E060001022054911F8013D013A01330B701B0ADA
:10E0700001D0002AF6D1704760490220254B90B0AC
:10E0800004931123244A2549CDE9062308AB0593BF
:10E0900040F61102224BCDE90A12089320330C936B
:10E0A00021230CAA09921F4A0090CDE90E230123D7
:10E0B000CDE901320D9320231B4A0393D2F800349B
:10E0C00043F00103C2F800344FF0A34304AA1A60DE
:10E0D0000322C3F810D05A63BFF35F8F9A639A6A22
:10E0E00012F0240F12D1D86B10F02300F7D14FF0AB
:10E0F000A34310225A6300225A630B4AD2F8003419
:10E1000023F00103C2F8003410B070474FF0FF3025
:10E11000EDE700BFEC9E040004000020200000207A
:10E120003049022010000020008004502DE9F04109
:10E1300004464FF000088CB06F4608EB0700FFF76D
:10E140008FFFFFF79BFF6D46064608BB08F11008DE
:10E15000B8F1300FF0D11CB104F13002944210D16B
:10E160000FCD0D4C0FC495E80F0084E80F0010345C
:10E170000CAB13E90F0084E80F0030460CB0BDE88B
:10E18000F081396854F8043B4B4047F8043BE5E71D
:10E190004FF0FF36F1E700BF304902202DE9F04192
:10E1A00019B1002855D0402956D800244FF4807664
:10E1B000A6464FF400772A4ADFF8A8C0D2F8003408
:10E1C00043F00203C2F80034274A284B82F839E0B2
:10E1D0001E601C645C645F63C3F800C01D6B15F0B7
:10E1E0000E0FC5F34208F9D0B8F1050FEED092F842
:10E1F00039508DB95D68032DF0D9D3F880501D6179
:10E20000D3F880505D61D3F880509D61D3F8805081
:10E21000DD61012582F839505D68B1EB850FDDD8ED
:10E22000124A61B1D2F88030041D00F8013B8442EB
:10E230004FEA132301F1FF31F3D00029F5D100207B
:10E24000074AD2F8003423F00203C2F80034BDE8D4
:10E25000F0816FF01500FAE76FF00600F7E700BFF6
:10E260000080045001000400304902200010805159
:10E2700030B58DB030216846FFF790FF18B14FF0F0
:10E28000FF300DB030BD6846FFF750FF0028F6D1D3
:10E2900001240025014BC3E90C45F2E73049022077
:10E2A00010B50B4C94F83830012B0BD040220021D4
:10E2B000204618F02FFDFFF7DBFF30B9012384F86B
:10E2C000383010BD6FF07700FBE76FF08B00F8E798
:10E2D00030490220F0B505460C4685B021B1002832
:10E2E00035D0B1F5803F32D81A4E736BB3F5803F0D
:10E2F00018D3FFF7BDFFA8B16FF08B0005B0F0BDDC
:10E30000102C6846274628BF1027FFF7A9FEFFF705
:10E31000B5FE0028F0D128463A46694618F0D4FCEC
:10E32000E41B3D44002CEBD12046FFF7FFFE002804
:10E33000E2D1D6E90C32013342F1000221462846EF
:10E34000C6E90C32FFF72AFF0028D7D0D4E76FF0D8
:10E350001500D3E730490220036803F01F025F2B4A
:10E3600002604FEA53129ABF024B53F8220000207A
:10E37000704700BFF09E0400034A4309D35C00F0DD
:10E380001F001844C0B27047B5320500F0B506460C
:10E39000002487B0114F019117F8012B06AB03EB56
:10E3A000D20313F8143C02F00702D34013F0010328
:10E3B00006D10134032CEFD10023184607B0F0BD7D
:10E3C000074A03AD07CA85E8070055F824100A6A12
:10E3D00046F824200A62002AEBD0EEE7C532050099
:10E3E000D4840400F7B504460846FFF7C5FF04EBE4
:10E3F0004006B38A0D46DB072AD5204613F068FA9B
:10E400002946204613F0C5F950B1204613F0D7F93C
:10E410000023276807EB8000C0F81035C0F81035DE
:10E420002946204613F0F4F9002101A8B182019594
:10E43000FFF792FF019B00EB8300D0F88020064B92
:10E44000134043F00203C0F88030084603B0F0BD2B
:10E450006FF01500FAE700BFF0F0FCFF2DE9F04384
:10E46000044685B0084615461F46FFF785FF0E4651
:10E47000804625B3204613F097F918B9204613F0CB
:10E4800088F918BB04EB4809B9F8143003F01C03F1
:10E4900013B16B78012B19D001238DF80F300023B5
:10E4A0003046CDE900536A1CAB1C0DF10F0113F08F
:10E4B00018F9B9F8143043F00303A9F81430002F09
:10E4C0003ED03146204613F06FF920B96FF01500A9
:10E4D00005B0BDE8F0830022397823684FEA810C4B
:10E4E00003EB8103C3F81025C3F8102504EB4802A1
:10E4F000938A23F4604323F0200393827D78FDB157
:10E500002468B8786444D4F810750E4B2D043B4051
:10E51000C4F8103541F6F07305F4403503EA0613EC
:10E520000005D4F810752B4300F4801003433B43DF
:10E53000C4F81035938A43EA413343F020039382B1
:10E540000020C5E70FE0ECFF70B590F87440054679
:10E5500090F8756044BB46222146143018F0DAFB6F
:10E560002146134A2B6852F836608E4212D100249D
:10E5700040F20D10C3F84441D3F844210D4A9342B0
:10E5800008BFDB20E3F7CCFE0123204685F874307A
:10E590002B6670BDCAB2920002F58070442A04BF97
:10E5A0001C501A580131E0E76FF07700F1E700BF27
:10E5B000FC9E040000A00D5090F87500024B03EB88
:10E5C000800013F03EB800BF800B002010B5064B52
:10E5D00090F875000C4603EB800013F018F8002843
:10E5E000A4BF2070002010BD800B00202DE9F04F4B
:10E5F000804658F804BB90F87540DBF814136A4B5A
:10E60000C9B253F8342007468BB0584641F4003164
:10E6100013F037F98203054639D50023CDE90733D6
:10E620000993614BE60003EBC404636807A819462D
:10E630000093FFF7ABFE331D03934FF0000A5B4BD3
:10E640000DF11C090293029A574912F8013B0292FC
:10E65000039A02EBD3028A5C03F0070322FA03F366
:10E66000DB071AD40AF1010ABAF1030F09F1040910
:10E67000E9D14FF400310022584613F002F9009915
:10E6800007A8FFF783FE0028D7D125F40035012421
:10E69000002D73D10BB0BDE8F08F454B534404936C
:10E6A000D9F80060002EDDD096FAA6F6B6FA86F606
:10E6B000049B1C7846EA44142046FFF75DFE07EBF6
:10E6C0004000818AF208C1F382030593019301237C
:10E6D00019F8020006F0070603FA06F620EA06001B
:10E6E00009F8020006A80694FFF736FE069A11F014
:10E6F000100F02F1200250F82260059BC6F301467C
:10E7000023D04046019A214613F063F806A80694E8
:10E71000FFF722FE069BF6B2203350F82330C3F3F6
:10E7200001439E4207D10021204613F023F83146D1
:10E73000204613F01FF806A80694FFF70DFE0122ED
:10E74000069B02FA03F30362AAE7022E14BF02211A
:10E7500003212046059313F00DF8059B032B03D0EE
:10E76000022E07D1012BE6D121464046019A13F033
:10E7700030F8E0E7032EDED1022BF4E795FAA5F39B
:10E78000B3FA83F304FA03F225EA020503F5A27251
:10E790005BF8222007EB43034046B3F86410C2F352
:10E7A000014213F016F873E7FC9E0400C532050021
:10E7B000C53205000123034A03FA00F093680343BE
:10E7C00093607047980200200123044A03FA00F086
:10E7D000936823EA00039360704700BF980200200B
:10E7E00073B504460191EFF31186202383F3128859
:10E7F000BFF36F8F0B4D019B6A6801A81340019313
:10E8000012F005FF002807DB01226B68824023EA33
:10E8100002036B602070002086F31188BFF36F8FB6
:10E8200002B070BD980200204FF0FF326FF04043FD
:10E8300030B5044CD4E90001824273EB0105F9D3F1
:10E8400030BD00BF40270E5030B50C25074B1C18BB
:10E8500094F8544005FB0433C3E9031218750123EF
:10E86000034A8340C2F8243330BD00BF9802002021
:10E8700000200E50F8B53E4C2278002A72D13D4B54
:10E88000D3F8101521F00201C3F81015D3F81015B4
:10E8900041F00101C3F810150521C3F8A4160421A5
:10E8A000C3F8AC160723672101F001000244013BC5
:10E8B000D2B24FEA5101F7D1052A56D119464FF08D
:10E8C000010C2B4E00256720CFB204E00CFA02F2B7
:10E8D00020EA0200013590FAA0F25FFA85FEBE45FB
:10E8E000B2FA82F2F2D3013132750529224482F85C
:10E8F000547006F10C06E5D1012100251E489A0846
:10E9000001FA02F212F0670F18BF1D500433302BCA
:10E91000F5D1E420E3F704FD164B1849D3F8102590
:10E9200003F5C07322F00202C3F8902340F6FF7291
:10E93000C3F8A82100221A60A3F5807004338B422B
:10E940000260F8D101250B4B0D4A1D660D4B5D2071
:10E950001B68B3FBF2F358430B4B2B439847002043
:10E960002570F8BD6FF07700FBE76FF08B00F8E7DC
:10E970009802002000200E5000210E50B0210E50B1
:10E9800040420F007C0B0020A085040038B5244BCA
:10E990000D46D3F8102594073CD4D3F8102542F047
:10E9A0000202C3F81025C0B1D3F8482712F00102C3
:10E9B00002BFD3F8481741F00101C3F84817184BBC
:10E9C000D3F84017D3F844174800F9D42AB9D3F83C
:10E9D000482722F00102C3F84827124B124A1B684D
:10E9E000B3FBF2F30E4A03EB4313B3B1D2F8401773
:10E9F000D2F8441749000BD44FF0FF312846FFF7F7
:10EA0000EFFE044610B92878FFF7D4FE204638BD43
:10EA1000013BEAE76FF07704F8E76FF07304F5E77E
:10EA200000200E507C0B002040420F002DE9F047E3
:10EA3000DFF89C9067234E4656F8044F0025E443C8
:10EA40004FF00108234F04F06704C7F82833E9B2F8
:10EA5000E4B9E420E3F772FC1E4BD3F8482722F018
:10EA60000102C3F84827D3F8102522F00102C3F8A9
:10EA70001025D3F8102522F00202C3F81025012238
:10EA80005A669A6689F80040BDE8F087D9F80830E0
:10EA900008FA05FA0AEA030313F0670F02D00846E2
:10EAA000FFF792FED9F80430DB4303F0670313EA63
:10EAB0000A0F09D0002207EB0513C3F82C25E30742
:10EAC00002D5304612F0BDFD64080135BFE700BF36
:10EAD0009802002000200E5070B51E461546174AB9
:10EAE0009DF81010131893F854300C3302EBC30444
:10EAF00042F833506660C6F313020401A1B104F179
:10EB0000A04404F56224C4F82055C4F824250C4C14
:10EB100080000444236833B1FFF786FEA842B14168
:10EB200001D20023236070BD04F1A04303F56223EA
:10EB3000C3F82055C3F82425F5E700BF980200204C
:10EB400000210E50F0B50E4D2B1893F854300001F3
:10EB50000C3355F8334005EBC3077E68641800F1A9
:10EB6000A04021F0004146F1000641EAC27100F5E3
:10EB7000622045F833407E60C0F82815F0BD00BF24
:10EB800098020020F7B5284B284CD3F82C6304F1E9
:10EB900088070EB903B0F0BD96FAA6F00123B0FACB
:10EBA00080F08340DA43224926EA0306231893F8CB
:10EBB0005450830019440C2303FB0543DB6873B3F3
:10EBC000D7E8EF3F03EA020CC7E8EECFBEF1000F33
:10EBD000F6D1C340DB0719D5020102F1A04202F5CC
:10EBE0006222D2F82435D2F82025D1F800C0BCF139
:10EBF000000FCED04FF0000CC1F800C00C2101FB7B
:10EC0000054529690091E9688847C2E705F10C03C9
:10EC100004EBC30C54F83320DCF80430E5E70A6851
:10EC2000002AB6D00B60B4E700200E5098020020F6
:10EC300000210E5010B5184BD3F80443E1040AD557
:10EC4000D3F830213AB10022C3F83021D3F8303163
:10EC5000124B1B689847A2040BD50F4BD3F83421F5
:10EC60003AB10020C3F83401D3F834310C4B1B689F
:10EC7000984763040ED5084BD3F8382152B10022CF
:10EC8000C3F83821D3F83831054B0120BDE81040D6
:10EC90001B68184710BD00BF00E0105070900220A4
:10ECA0006C900220036803F01F025F2B02604FEAA2
:10ECB00053129ABF024B53F822000020704700BF46
:10ECC0000C9F040010B50B4B04680B4A0B488442A0
:10ECD00008BF1346B3FBF1F001FB1033834206D2A9
:10ECE000C30704D47E288CBF0020012010BD002063
:10ECF000FCE700BF0024F4000020A10700A004509E
:10ED000037B51446421C054618D0012902D1BBB1C3
:10ED100012F07FFF01A80195FFF7C4FF019B0A4A8B
:10ED200000EB8300D0F88050A30043EA41030B437B
:10ED30002A40134343F4A063C0F8803003B030BDD1
:10ED400012F073FFE6E700BFF0F0FCFF2DE9F84F8B
:10ED500091F8213005460C46002B00F0A08091F878
:10ED6000228029685B4A5C4F5C486369914208BF16
:10ED70000746B7FBF3F75A4BD3F840331C2B13D19C
:10ED8000022F95F8223040F28D80227E12F0FD0F86
:10ED900040F088807A080132D2B2904538BF904660
:10EDA00043F0080385F8223094F8232095F82230A8
:10EDB00062F3000385F82230227CDBB262F3410368
:10EDC00085F8223094F823600EBB237E0121012BAD
:10EDD00094BF0023012332462068FFF791FF33469A
:10EDE00032466068FFF78CFF33463146A27EA0684A
:10EDF000FFF786FF0121237C3246E06883F00103A0
:10EE0000FFF77EFF0B463246E069FFF779FF94F883
:10EE10002130002B49D04FF0FF336B6294F8211062
:10EE200094F812E0207E627E002948D0E668217CBA
:10EE300094F8249094F820C02B68B9F1000F12D1F7
:10EE4000D4E900BAD4F80890E469C3F800B6C3F86E
:10EE500004A6C3F80896C3F80C46C3F81066C3F8B6
:10EE6000B815C3F8B085003A18BF01220228C3F8CC
:10EE7000C0E5C3F82C7525D0032826D0012801D180
:10EE800042F00202C3F85425C3F8ACC56B68FBB16D
:10EE90002868BDE8F84FC0F30830E3F741BA4FF0F7
:10EEA00002085EE723F008037CE7E3686B62227CDC
:10EEB00095F8223062F3410385F82230AEE74FF037
:10EEC000FF36B5E742F00402DCE742F00602D9E77C
:10EED000BDE8F88F00A004500024F4000020A10732
:10EEE00000C0FF00431C07B50ED0019001A8FFF73A
:10EEF000D9FE019B00EB8300D0F88020044B134027
:10EF000043F00203C0F8803003B05DF804FB00BF9B
:10EF1000F0F0FCFF38B504460068C0F30830E3F7B2
:10EF20000DFA636843B12146154A51F8043BC3F812
:10EF30000823206812F085FE2368D3F80006D3F872
:10EF40000416D3F8085694F82230DB0714D4FFF7E0
:10EF5000C9FF2846FFF7C6FF0846FFF7C3FF606AF0
:10EF6000FFF7C0FF2368D3F80C06D3F81016FFF79D
:10EF7000B9FF0846FFF7B6FF002384F8203038BDFC
:10EF80000700F81F70B5847B2CBB02685F2A02F073
:10EF90001F034FEA52111FD840F60C05104E56F8C9
:10EFA0002120104902EB8302D2F880300B402B4322
:10EFB000C2F8803042685F2A02F01F034FEA521005
:10EFC0000AD856F8202002EB8302D2F880300B409A
:10EFD0002B43C2F8803070BD203354F82330FFDE5D
:10EFE000189F0400F0F0FCFF00210268094BC1608B
:10EFF000C2F80833D2F8003223F0FF5323F4BC5395
:10F00000C2F800320123C2F8001580F8263080F8DB
:10F01000281070472264F81F00232DE9F04780F87C
:10F0200027304B6805460E461746046833B1CB6857
:10F0300003F06043B3F1005F40F042813378023B5C
:10F04000012B06D8336903F06043B3F1005F40F051
:10F0500037819D4BC4F8083395F8283003F0FF0240
:10F060003BB16FF00F08EB68C4F804334046BDE8CD
:10F07000F08707F01403B3FA83F35B0985F82830AF
:10F08000337885F82430737885F82530F3682B6160
:10F0900073686B613369AB61B3682F62EB61C7F36F
:10F0A000001385F829307378C4F88835C4F83821FE
:10F0B000D4F83831C4F82821D4F82831C4F8142100
:10F0C000D4F81431C4F80421D4F8043117F0010342
:10F0D00018BF0123C4F84C3717F0020318BF0123EF
:10F0E000C4F814373378032B00F28180DFE803F093
:10F0F0005E764A024FF48073C4F80032D5E90423E7
:10F10000C4F83C27C4F84037012323654FF0006161
:10F11000204612F009FF0028F8D1D5E90623C4F8EB
:10F120003C27C4F840374FF48063EB604FF0000891
:10F1300017F0080910D13378032B0DD0012B6A6822
:10F140006CD1A362002A55D073682BB96B68002B71
:10F1500000F09480012363606B68002B00F08E80C8
:10F16000780744BF0023EB6079065EBFEB6843F08D
:10F170000203EB60EB6843F02003EB60EB68C4F83C
:10F18000043373E7D5E90423C4F83C27C4F84037B7
:10F19000D5E90623C4F80427C4F808374FF484538C
:10F1A000C4F80032012323610223BEE7B806D5E983
:10F1B0000423C4F83C27C4F840374BBF4FF4807396
:10F1C0004FF40073C4F80032C4F800324CBF4FF45F
:10F1D00080630223EB6001232361A7E7D5E90423C1
:10F1E000C4F80427C4F808374FF48053D8E76FF009
:10F1F00015089DE76A6902B963604FF0010A40F2A1
:10F20000024940F22241204612F08EFE810601D5CD
:10F21000C4F804A010EA090FF3D095E70123236591
:10F22000002A91D16A693AB340F2024A19EA0A0FF8
:10F230008AD140F22241204612F076FE10F0200FD3
:10F240008146F3D04FF48041204612F06DFED4F891
:10F25000003208B19A0505D401222261626040B1F2
:10F260004FF00009DB05E1D54FF48061204612F034
:10F270005BFE4FF00009D9E76360D5E70022D4F8C0
:10F28000C434C4F8C43485F828206BB19A0756BF3B
:10F2900003F001086FF00D08A8F18C0813F0040FBB
:10F2A00018BF6FF00A08E1E67B063FF5DFAE2046A7
:10F2B000291D12F0F7FD002808BF6FF08B08D5E676
:10F2C0006FF00C08D2E600BF2264F81F70B5056825
:10F2D000022186B00446284612F026FE202106466A
:10F2E000284612F021FED0B1D6B9E3684FF4804130
:10F2F000C5F808330223E360E3682846C5F8043301
:10F3000012F012FE18B1D5F800329B0502D4012389
:10F310002B616B60012384F8273006B070BD8EB37B
:10F32000236A5E060AD494F827303BB92846211D8B
:10F3300012F0B8FD80F0010084F82700236A13F072
:10F34000040337D1C5F83831D5F83821C5F8343140
:10F35000D5F8343194F8293013B194F82730F3B14B
:10F3600000230122C5F80032E3602E4BC5F30431BF
:10F37000C5F808338A40C5F343432B49603341F84D
:10F3800023200CE04FF48061284612F0CDFD94F864
:10F390002430002B2FD194F82930002BE1D0A38CFE
:10F3A000ADF804302369049363690293A36905935C
:10F3B000E3690393D5F8C4349807C5F8C4342AD454
:10F3C00059072AD4DA072AD494F827309B00DBB2F5
:10F3D0008DF8003094F829300BB984F82830236A6E
:10F3E0005B0703D594F82730002B96D0D4E9013180
:10F3F0006846984791E74FF40073C5F8003222231E
:10F40000E360084BC5F80833E368C5F8043301230B
:10F410002B652B6181E70123DAE70223D8E7032379
:10F42000D6E700BF2264F81F00E100E0036803F0A4
:10F430001F025F2B02604FEA53129ABF024B53F830
:10F4400022000020704700BF249F0400F7B5064645
:10F4500012F0D6FD084612F0D3FD01A80196FFF781
:10F46000E5FF40F60D050C46019B2C4900EB83009F
:10F47000D0F8803001940B402B43C0F8803001A8B5
:10F48000FFF7D4FF019B012700EB8300D0F8803009
:10F490000B402B43C0F88030042012F0B6F8092549
:10F4A00001A80194FFF7C2FF019AC368D340DB07AC
:10F4B00014D401A80196FFF7B9FF019B013D07FA9B
:10F4C00003F38360042012F0A0F8304612F098FD98
:10F4D000042012F09AF815F0FF05E1D101A801947B
:10F4E000FFF7A4FF0123019A93408360042012F0E8
:10F4F0008CF8204612F084FD042012F086F801A852
:10F500000194FFF793FF019AC368D34013F0010FF2
:10F510000CBF6FF08B00002003B0F0BDF0F0FCFFDB
:10F52000184B194A11F0805F30B50CBF1C461446C9
:10F53000036883EA010525420DD043F30904013431
:10F5400009D001EA0204114A1A4042F09F4242F4F3
:10F55000E002944203D100230360012030BD0A0D74
:10F5600002F4E064B4F5806F05D1C3F38924C1F3DC
:10F5700089218C4201D20020F0E752B203EB8223B2
:10F580000360F8E700FC0F7000FCFF7F00FC0F0039
:10F590002DE9F04F0646D1E9039587B03C300F4680
:10F5A0009A46059512F06AFD9046044680B1C2F372
:10F5B00089246CB1F36BCAF38922C3F38923934284
:10F5C00004D16FF0010007B0BDE8F08F6CD30024C8
:10F5D000C8F3892B284612F03AFD031D4B45F0D89D
:10F5E0000423A9EB000905AACDE9019203933A6827
:10F5F000002100923046324612F073FD0028E2D11D
:10F60000059B1BBA6B4023F000430593BBF1000F31
:10F610001ED0290D01F4E062B2F5806F18D1AAEB7B
:10F620000402C2F3892CC5F38920844510D322F04B
:10F630007F4222F4700222F47F7222F0030242F031
:10F64000804242F48012AA42BBD049B204EB81242A
:10F65000AAEB0401694011EA080127D145F3090327
:10F660000133AED0129BC5F30908984528BF9846D0
:10F67000119BCDF80C800293109B324604334B440F
:10F6800001933B6830460093434612F02AFD002860
:10F6900099D1129B0146A3EB0802119B03EB0800D2
:10F6A00017F038FB60198EE7014C91E71D4691E792
:10F6B00000FCFFFF30B587B003AD1446084B094A84
:10F6C000009512F0C3FD002804DA831C00D100204D
:10F6D00007B030BD2946204612F0C3FCF7E700BF53
:10F6E0000C00F07F0000F07F38B50749044617F0A2
:10F6F0003DFB05490546201817F07AFB0444605D80
:10F70000B0FA80F0400938BD40F60400F0B51C4660
:10F7100040F2FF339A4205460E4685B004F1080CCC
:10F7200008D160461A49D1F747FF02232370002011
:10F7300005B0F0BD036F9702013343EA8223CDF891
:10F7400000C0144A12F082FD0028F1DB000D02AB6C
:10F750002070009347F00053314628460E4A43F08C
:10F76000080312F073FD0028E2DB40F20223B3EB42
:10F77000105F4FEA105202D1039B6360D7E740F25B
:10F7800001239A42D3D1C0F309006060CFE700BFE4
:10F7900040F6040000FC0F7800FC0F702DE9F04FDC
:10F7A00000258A46A946ABB01F46BDF8E030CDE93A
:10F7B0000A550593BDF9E430BDF8DCB0069004931A
:10F7C000384612F044FCDAF80C3000EB0208984599
:10F7D00065D20423039309ABCDE90183069ADAF8D5
:10F7E0000030002100931046042312F07AFC002818
:10F7F00040F01981099B1BBA7B4043F000473C460F
:10F800000997DAF800300A9308F104030B930AAB66
:10F81000369A89EA04061640844A16403DD1369A43
:10F82000C2F38922002A00F0A4804FF03C0C0CFBAC
:10F8300005FC34990CF1A8026A4442F86C1C359915
:10F8400022F85CBC42F8681C3699B34642E91919A3
:10F85000B146059942F8483C22F85A1C04990CF12B
:10F86000A80322F8581C3A990DEB030C42F8541CDB
:10F870003B9942F8707C42E91414DDE90A01ACF1CD
:10F880004C0342E91EA8443A3B9382E80300684BCC
:10F89000CDE90466013536963A93424690E7359BAA
:10F8A000002B40F3BE803499349B08313491359954
:10F8B0001C68013990465B6809943591A8E7B2F558
:10F8C000817F1ED11C460026099BC3F30902964284
:10F8D000E3D2049AA168C3F38923134441EA832144
:10F8E0002378626803F5407341EA0351DDE93A3059
:10F8F00098470028C0F2978004F10C04CDD101365E
:10F90000E2E71A46049B04EB8321DDE93A3098478D
:10F910000028C0F28880C0D0002D00F084803C22F6
:10F920002AAB013D02FB053252E91C73349352F8B5
:10F93000683C0AAE359352F8643C52F84C4C36930E
:10F9400032F85A3C52E91101059332F9583C86E8E5
:10F95000030052E91EA8049352F8543C52F8609CEC
:10F960003A9352F8503C32F85CBC3B9352F8483C16
:10F970000994369AC2F3892232B1C4F389225A45D6
:10F980008BD305998A4288D2C4F30A52002A84D0C4
:10F9900040F201118A4292D1254A07933A9B934241
:10F9A0003FF47BAF3C222AAB02FB05360021A6F1D7
:10F9B000780017F0AFF9349B26F85CBC46F86C3C35
:10F9C000359BC4F3090B46F8683C369BC4F3892485
:10F9D00046E91939059BA4EB0B0426F85A3C049B15
:10F9E00046E91EA826F8583C3A9B124A46F8543C71
:10F9F0003B9B46F8707C46F8503C0BF101030593A5
:10FA0000049B4FF000591C4423B20493079B4FF012
:10FA1000FF379A46002301359846CDE935323493B5
:10FA20003BE7002078E72BB0BDE8F08F0000F07FC7
:10FA300021F5020000FC0F602DE9F04F984685B0DB
:10FA4000836E0F9D119EDB691446AA199A420746E0
:10FA500089461ED96FF0530043E02368E068023303
:10FA60001DD1D4E901130B449D4218D28D4216D307
:10FA7000A3EB050AB24528BFB246691A01445246B3
:10FA8000109817F021F9109B554453441093A6EB9E
:10FA90000A064EB36FF0010B08F1FF3ADDE7C4F838
:10FAA00000B0BB6E5B69B5FBF3F25A436260B96E9E
:10FAB000D1F814C0896A0AEB0C032B44B3FBFCF3A6
:10FAC0000CFB03F38B4228BF0B464946A360CDE9EC
:10FAD0000103009238460E9B044AFFF759FD0028A7
:10FAE000BBDA05B0BDE8F08F3046FAE700FCF7FF5F
:10FAF0002DE9F04F97B004AF7B60C36E80460D4692
:10FB000016463BB11268934240F2148272689342E7
:10FB100040F2108200214FF0040907F12803C7E9E1
:10FB20000A11CDE90113CDF80C90336842460093D9
:10FB300040464B4612F0D5FA044610B110F1540F6E
:10FB40005DD1CDF80C904FF0000907F12C03029322
:10FB5000CDF804907368424600934946042340461A
:10FB600012F0BFFA044600284ED010F1540F46D1CF
:10FB7000494656F821304FF0FF342B6081F00103E5
:10FB8000BB6056F823306B6007F1480303EB81013B
:10FB900051F8203CAB600023EB6002237B614FF007
:10FBA000FF360422304605F10801C7E90C6602F071
:10FBB000C5F90023A246B146C7E903333862BB61E9
:10FBC000FB61484612F043FA0422FB69002103441A
:10FBD000FB61D8F86830039207F124020292FA69B7
:10FBE000404601922A680092DB69424612F079FA97
:10FBF000064688B116F1540F00F02B81344620469A
:10FC00004C37BD46BDE8F08FD7E90A31C91A002943
:10FC1000D4BF00210121ACE70422386A07F1240196
:10FC200002F08CF97B6A38621BBA89EA030BBBF1DC
:10FC3000000FC7F824B01EDA4FEA195303F4F0633B
:10FC4000A3F5A06673427341EA68002A40F003817D
:10FC5000D5E90031B86807F1480202EB800252F89A
:10FC6000202CC5E90013AA607A69012A00F04A81B4
:10FC700001237B6193E7584612F0E9F9D8F8683020
:10FC8000DA69FB69C318934200F2E380F9692B68D3
:10FC900001F104094FEA1B5101F4F061B1F5A06FC5
:10FCA00038D10421039107F14001CDE9019100937E
:10FCB000314613464046424612F013FA06460028E3
:10FCC00098D13A6C3B6A9A4240F0C3807B6A042226
:10FCD0001B0DD8F82C0007F120018BEAC37B02F042
:10FCE0002DF9C8F82C00786A12F0B1F9FB691844B4
:10FCF000BB69C5E9030BAB823B6BAB617B6BEB6113
:10FD0000FB68EB754FF0FF333B6253465446D946D0
:10FD10009A4656E707F120010438CDE90090029198
:10FD20004046414612F0B9FA064600287FF462AF19
:10FD30007B6A190D11F4E0601DD1BA69C3F3892300
:10FD40009A4201D80133BB61796A3B6F7A684B40B4
:10FD500013403B6067D1D7E91E302A68C7E91029F4
:10FD600007F140029847061E3B6859DA16F1540F16
:10FD70003FF46AAF42E7B0F5806F1DD1BA6948B26F
:10FD800042FA81F18AB2BA616C4A0AEA020242F08E
:10FD90009F4242F4E002934202D14AF0004AD3E784
:10FDA000BAF1FF3FD0D0C3F38923CAF3892293422B
:10FDB000CAD80AEB802AC7E7B0F5C06F2B6815D107
:10FDC00001F001020821FA60D8F86820039107F1D8
:10FDD0003001CDE9019100933146D3694046424656
:10FDE00012F07FF906460028AED003E7C1F30A02FD
:10FDF00040F2FF518A42A7D10821D8F86820039128
:10FE000007F13801CDE901910093D36931464246AB
:10FE1000404612F066F954301BD001233B6193E752
:10FE20007B6A03D19A465346A2466FE7444A8AEA60
:10FE300003010A4052B1022EF5D1CAF38922C3F35D
:10FE400089218A42EFD343F0004AECE74FF0FF3AB2
:10FE5000E9E70023F8E60021A97523B3D8F8681074
:10FE60008869B2FBF0F300FB1323E3B93B69D3B11C
:10FE70004FF0FF333B6407F140030293BB6B4046F6
:10FE8000CDE90023CA692B68414612F006FA20B179
:10FE900010F1540F01D00446B1E6D7E90F32981A99
:10FEA00043424341AB75294608F13C0012F0E6F8A5
:10FEB00090B1D8F83C30C4F38922C3F389239A4225
:10FEC00004D144F000447B6F43B912E0611CFAD0C6
:10FED0009A4288BFA4F580647B6F3BB1AA8AC4F3C1
:10FEE0008923934228BF13467A6F1380002CBFF6F4
:10FEF00086AEAB8AC4F38924A34294BF00246FF07A
:10FF000001047CE66C468CB004AA0E485362506132
:10FF10004FF400730C481385906140F26A500B4B0C
:10FF2000C2E907014FF45151094842F8103F12F05D
:10FF300031FAA5466FF0530461E600BF00FC0F00E4
:10FF400000FCFF7FC22C0500EC2C05000600000120
:10FF5000B08204002DE9F04F8DB00693036A156856
:10FF60008B61436A8046CB612B780E460492002B4E
:10FF700000F08880464CC4F30A53022B059304D149
:10FF80002846444916F034FF05442846414916F0F6
:10FF9000EDFE0128074606D12B782E2B0CD105F15A
:10FFA000010A5546E7E7022806D102463A492846A3
:10FFB00016F0BFFE002865D005EB070AD1464FF0CA
:10FFC000010B4846334916F013FF81444846314936
:10FFD00016F0CCFE0246C8B1012805D199F80010F0
:10FFE0002E2910D19144ECE702280CD107902A4920
:10FFF000484616F09EFE079A28B9BBF1010BF1D1D5
:020000023000CC
:1000000009F1020ACDE70BF1010BEBE72B78002B8E
:1000100034D0049B1D60059B022B36D140F2FF3388
:10002000C4F389249C4206F118091BD10DF1240B5D
:100030001A4B4A460293069B3146CDE9007340466F
:100040004FF0F043CDF80CB0CDE909850B97FFF7E1
:100050004FFD041E12DBA4D1F37D002BE8D16FF01D
:1000600001040BE00E4B314643EA842340460D4A1F
:10007000CDF8009012F0EAF8041ED7DA20460DB051
:10008000BDE8F08F6FF01504F8E76FF01304F5E7A3
:1000900000FC2F0040F60400851705005B230400D8
:1000A0000800002000FC0F7080B500AF8AB06A46DF
:1000B0000B4B4FF4125105930A4B0B48069341F238
:1000C000781307934FF40073ADF82030074B42F8D4
:1000D000103F12F05FF96FF05300BD4680BD00BFC6
:1000E000122D0500EC2C0500B08204000400000174
:1000F0002DE9F04F9046CE6A4A6B0746B2420C4655
:1001000085B05BD2B61A9E4228BF1E46B146DFF8C4
:10011000B0B001F1400AB9F1000F01D1304618E04A
:10012000216B480304D5BB6EE26BDB699A421BD19D
:10013000CA02636B10D404F13C02029204F138024B
:10014000CDE900325146D4E90A23384612F073F95A
:1001500030B105B0BDE8F08F6FF00102C4E90E23A5
:10016000216B41F480212163BB6EE26BDB6901925C
:100170009D1A4D4528BF4D4611F48011CDE90285E9
:1001800015D0A28838464BEA8222009204F1080179
:100190005246FFF751FC0028DBD1636BA8442B4487
:1001A0006363E36BA9EB05092B44E363B3E7A26B3D
:1001B00038460092524611F094FFECE70020C8E761
:1001C000000010202DE9F0470123144600228CB0D6
:1001D000C4E90623194B08AD06460F460FCB85E848
:1001E0000F00DFF85C80DFF85C9004F1180A5046DD
:1001F00011F012FF10B16FF0010018E029462046FF
:1002000012F019FBB0B93B68524606937B68214651
:10021000079305ABCDE90283CDE900900A4B304648
:100220000596FFF765FC0028DFD0831CDDD00CB0FD
:10023000BDE8F0876FF05300F9E700BFE0840400E9
:100240006522040008000020FF03F07F2DE9F04F35
:1002500095B004460D46164600211C220CA80593B5
:1002600016F058FD012340F2022A1393484B0DF17A
:1002700020080FCB88E80F0012A811F0CDFE20B1A6
:10028000A76A002F54D1384640E041460CA812F02E
:10029000D2FA002879D130461299A847002835D1E2
:1002A00030461399A84788BB204612AA0CA912F021
:1002B00074F858BB8146DFF8DCB0374FBDF84420F6
:1002C0001FFA89F39A42D7D906AA0BEA892300922A
:1002D0002046324A3B430CA911F0B8FF002804DA4B
:1002E000831C13D109F10109E8E7BAEB105F4FEA6B
:1002F00010530ED1079B2246009300212046CDE9E2
:100300000156069B12F0E0F80028EBD015B0BDE8CE
:10031000F08F059A002AE5D0B3F5007FE2D1304690
:100320000699A8470028F1D130460799A847EBE77E
:10033000BB79012B01D03F68A3E73B6B03F4881323
:10034000B3F5803F13D03B6B03F49013B3F5003F3C
:10035000F1D1CDE901567B6B224600932046BB6B61
:1003600007F1400112F0B0F80028E4D0CEE7CDE963
:100370000156FB6A224600932046BB6A07F1400102
:1003800012F0A2F80028DED0C0E76FF05300BDE7FE
:10039000E084040000FCFF030800002000FC0F7054
:1003A00038B5C26D436D00251344C26E0446B3FBDD
:1003B000F2F102FB1133826E4365C565D36A016EAB
:1003C000DB008B4294BF83658165D26A2946406E0B
:1003D00016F0A0FC0123224620460449FFF736FF11
:1003E00018B1E36EC4E91655236638BD99200400A0
:1003F000B0B504460D4600AFA16DE36D8B4224D32A
:10040000226E002A4BD1626D1344E26E6C46B3FB40
:10041000F2F18AB002FB11336A462549254805915D
:100420002549069140F2C221CDE907134FF400732C
:10043000ADF82430214B4FF4315142F8103F11F008
:10044000A9FF6FF01B00A54621E0606EDA08825C10
:1004500003F00700C240D2071BD4626D1344E26E62
:10046000B3FBF2F102FB11332B60A56DE36D226E3D
:100470000133013AAB42E365226616D2616EDA08B7
:10048000885C03F00703D84010F00100EED1BD46B0
:10049000B0BD0133E365236E013B2366ADE7204623
:1004A000FFF77EFF0028A7D0F1E70020EFE700BFAD
:1004B000352D0500B0820400EC2C0500050000017C
:1004C0002DE9F04F04460D4687B0204605A9FFF7F9
:1004D0008FFF064658B9DDF81480A06E414612F031
:1004E00032F80646002853D010F1540F56D030464B
:1004F00007B0BDE8F08F2A6B0DF1130A12F4801FCC
:10050000CDE9017AA3EB0703CDF80C901CD0AA88A3
:100510002449204641EA8222009205F108015A4608
:10052000FFF78AFA70B9012322462046CDE902A9D5
:10053000CDE9008704F1100112F0BBF860B110F1B1
:10054000540F2BD00646D2E7AA6B5946009220469C
:10055000224611F0C6FDE5E70137EB6BBB42CAD876
:10056000A36EE1699A6AE86C16F0AEFB236904F1A8
:1005700010012B6463696B64A369AB64A06E11F016
:10058000E4FF2B6BC5F8388043F400332B63AEE7F0
:1005900007464FF0010905F1400BDEE74FF0FF334E
:1005A000236192E700001020002307B5044901AA47
:1005B0000193FFF74BFE00B9019803B05DF804FB0F
:1005C000D92004002DE9FF411446012300226D4685
:1005D000C4E90623124B06460F460FCB8DE80F00E9
:1005E00004F11808404611F017FD10B16FF001003A
:1005F00010E02946204612F01EF970B939464046EF
:1006000011F014FD30B142462146304611F0C5FECE
:100610000028E7D004B0BDE8F0816FF05300F9E79F
:10062000E08404002DE9F04F0D46816E6A688B6905
:10063000C96914325F1E8A4294BFBF187F184FF0F9
:10064000000AB7FBF3F70446D1466FF0030B5F4394
:100650008BB06E68BE4219D34FF0FF322B690892FF
:10066000A9EB0302CDE9003208AE029621462046EE
:100670002B6809F1040211F010FE002847D1089BF5
:10068000534500F0B2806FF0530040E040F2FE327C
:10069000ABEB06033B440436934294BFF618B618FE
:1006A000BE424FF0FF0335D38DF81F30A26ED2E962
:1006B0000632D21AB24236D3012203920DF11F0242
:1006C000CDE901622A68002100922046224611F0FD
:1006D00008FD10B110F1540F19D1A36E21469A698B
:1006E0004FF0FF33099309ABCDE901230096204673
:1006F0002B68089211F0D1FD10B110F1540F06D102
:1007000029462046404A08AB12F03AF858B10BB0DF
:10071000BDE8F08FA7F11402964228BF1646BE42EC
:100720008DF81F30C2D29DF81F206B68D243ABEB0F
:100730000308C2F3C01202F5A062B04448EA0258AE
:10074000AB6848F47F2848F4406888EA03031BBA82
:10075000089308AB19460422E86801F0EFFB082271
:1007600008ABE860039202936B68099001932B68D1
:1007700004F110010093224600232046059111F058
:1007800098FF0028C3D10599B9F1000F04D16B6817
:10079000D5F80CA003F104099DF81F30B7426FEAA9
:1007A00003034FEA036303F0004383EA0803AB60EB
:1007B0004FF0FF336E60EB6006D9A36E62699B6AEF
:1007C0001344B3423FF645AF4FF0FF332246236058
:1007D0002046002311F033FF002898D1A06E036952
:1007E000984700283FF435AF91E70422CDE9009205
:1007F0000296214620462B6811F04FFD002886D135
:10080000089B002B83D03EE708FCFF5F2DE9F04FEB
:1008100099B008AFC7E90132B7F870300446FB6001
:10082000836E0D465A6A8B68002A03F10103B7F8FC
:100830006C908B601BDC4FF00008002600234FF00B
:10084000FF326968C7E90B32C7E90D23A06EB962B0
:10085000C36C002B4ED0083BFB6311F074FE0028E4
:100860004AD010F1540F40F0D380464611E00132D7
:1008700042F00102B3FBF2F102FB1133002BDAD19B
:100880000126284607F12801BB62FE6211F0CEFB6B
:1008900058B34FF0FF334FF000084FF0010A2846DD
:1008A000236107F12801C7E90A8A11F0BFFB00287C
:1008B00040F0B2806C468AB06B6808AA5D495E4819
:1008C00051615E49916140F63D01C2E907134FF461
:1008D000007393845A4B4FF4325142F8103F11F099
:1008E00059FDA5466FF01B0092E0B046A5E7804693
:1008F0005646A3E7C369AEE707F1280A0423514629
:10090000204605F1080211F01CFF0028A9D107F1CB
:100910001403C7E9054A07934A4B02460693C9F1F7
:1009200000031BB20593FB682046CDE90393464BB9
:1009300002937B680193BB680093B96E4FF0FF335D
:10094000FEF72CFF00288CD105F11801084611F0A4
:1009500063FB68B9EA7D0B463C4902F5C06241EA97
:1009600002522046514611F00BFF00287FF479AF68
:100970000023C7E907337B624EB904F13C0107F15C
:100980001C0011F06EFB04F1300111F06AFB04F160
:10099000480B07F11C00594611F063FBFB69024646
:1009A0006FF3090329462046FB61FEF783FE78BBFF
:1009B000D7E9073213437A6A134309D051462046D8
:1009C000234A07F11C0311F0DBFE00287FF449AF36
:1009D00051462046FFF726FE00287FF442AFD5E9B6
:1009E0000032C5E90023FB68A3EB0909FB6AA5F8FF
:1009F0001490EB603B6B2B61A064CBE9010036B92E
:100A000004F13C03303494E8070083E807003046E3
:100A10004437BD46BDE8F08F2046291DFFF7E8FCAE
:100A200000283FF464AF10F11C0FF1D1002E3FF409
:100A300059AF03E7542D0500B0820400EC2C0500EB
:100A4000050000012B28040000FC0F4008FC0F00EB
:100A50000CFCFF7F2DE9F04F40F2FF4C0D469B460A
:100A6000002140F2014499B008AFFA60BA6ED7F89D
:100A70006C80064603EBC200984240F09E8000293D
:100A800040F0BE80AB7D002B40F0D4804FF0FF33B0
:100A90003361B5F814904FF00008A9EB080ABAF1D9
:100AA000010F00F26D81B8F1000F2BD01FFA88F80A
:100AB000CDE9018900955A4629463046BB6E12F0B1
:100AC00043F90446002800F0488110F11C0F70D152
:100AD000D5E900136C468CB008AAA1485362506156
:100AE0004FF400739F481385906140F691009E4B30
:100AF000C2E907014FF452519C4842F8103F11F0EF
:100B000049FCA546B36E5A6A002A46DDAB6801323D
:100B1000013342F00102B3FBF2F102FB1133002B6F
:100B20003BD14FF00108284607F12801BB62C7F806
:100B30002C8011F07BFA824678BB3046FFF734FDFB
:100B4000041E6BDBF36E1C1BB4EBD30F25D9CDE970
:100B500001A900955A4629463046BB6E12F0F4F8BA
:100B60000446002800F0438110F11C0F21D16C468F
:100B70008AB008AA7E4B4FF412515361794B7B48DF
:100B8000936140F6B103D3614FF400731384794B42
:100B900042F8103F11F0FEFBA5460023CDE90053BB
:100BA000CDF808905A4629463046BB6EFFF72EFE18
:100BB0000446002C80F2B58030E01A684FEA125EDD
:100BC000C2F30A52A24204D1AA8A0132AA8208338D
:100BD00052E7624504D1AA8A0121013AAA82F6E7C6
:100BE0000EF4E06EBEF5C06FF1D15A681268AA61CA
:100BF0005A685268EA611A68C2F30052EA75E6E779
:100C0000AB8A002B7FF43EAF424629463046FFF7C1
:100C1000D9FC044638B1831C3FF434AF2046443736
:100C2000BD46BDE8F08F98F81730002B3FF42AAF8F
:100C3000022476E04FF0FF312B68EA68BB62C7E917
:100C40000D122B69B06EFA623B63C16C09B30839AF
:100C5000F96307F1280807F114017E61C7F81880CD
:100C600007914549304606910021CDE90411CDE9AF
:100C70000211B96ECDE900B12946FEF78FFD044699
:100C800048B114F11C0F3FF401AF14F1540FC5D15A
:100C9000FCE6C169DBE706F1300307F11C091946E0
:100CA000C7E907007862484611F0DBF906F13C031A
:100CB000194606F1480ABB6011F0D3F9514611F00C
:100CC000D0F9D7E90810FA6901436FF3090211431B
:100CD000FA6110D04A4629463046FEF7EBFC04463E
:100CE00000289BD14B4641463046244A11F048FD2E
:100CF00004460028C5D141463046FFF793FC044620
:100D00000028BED1FB6AEB603B6B2B6106F1300320
:100D100093E8070006F13C0383E80700B464CAE9DE
:100D20000144FB68D6F828801B68BB62FB685B68DF
:100D3000FB6206F12003BB60B8F1000F3FF46EAF19
:100D400008F10809484607F1280111F06FF98246B9
:100D500000284ED0D8F80080EEE7C1469BE600BFE1
:100D6000812D0500EC2C050006000001B082040076
:100D7000A52D0500040000012B2804000CFCFF7FBA
:100D80000023BB6207F1280307934F4B1FFA88F239
:100D9000069353421BB2CDE904934C4B039202934A
:100DA000BB6E0022CDE900B329464FF0FF33304639
:100DB000FEF7F4FC044600287FF4FBAEB36EDA6C59
:100DC00002B9DA69BAF1FE0F0ED899694B1E03EB2E
:100DD0005203B3FBF1F34B43283A934228BF134627
:100DE000BA6A9342BFF45FAE08EB5A0855E6C146B3
:100DF000D3E6CC46AE46BEE80F00ACE80F009EE856
:100E00000F008CE80F00FB68994506D040F2FF41C7
:100E100040F20140BB6E9A451ED108F1200AB8F895
:100E20000420B8F81C309A4294D398F81F10002977
:100E300090D05046B9687B6011F0F8F818B17B6823
:100E4000D21AA8F8042052464946304611F0A5FAB5
:100E50000028E4D00446E1E65BF83A30C3F30A52D6
:100E60008A421ED1B8F80420C3F389239A420AD1DA
:100E700098F80630022B03D04FF0FF33C8E9023355
:100E80000AF1010AC6E7FBD998F80630013A022BAD
:100E9000A8F80420F4D1D8F82830013BC8F828304D
:100EA000EEE78242ECD1B8F80420C3F389239A42DA
:100EB000E6D398F806300132022BA8F80420DFD1DF
:100EC000D8F828300133E9E7C520040000FC0F40C2
:100ED0002DE9F04F05460F4691469A46866A9DB029
:100EE000002E5FD13E463B680CAC04937B680DF14D
:100EF000300805930FCE0FC496E80F0014AE84E8B7
:100F00000F004B463A4641462846CDE900A6FFF77A
:100F1000A1FD041E71DB384604A911F087F848B919
:100F2000BC46C646BEE80F00ACE80F009EE80F00C6
:100F30008CE80F00022C29D13946284605F14802D9
:100F4000FEF7B8FB0446002857D1149BFA7D0493A2
:100F5000159B02F5C0620593944B019043EA02533E
:100F600008930123314600932846183708AB04AA9A
:100F70000997FFF76FFD041E3FDB4746B446BCE808
:100F80000F000FC79CE80F0087E80F004FF0000B21
:100F9000DFF81C92874F012C40F0B38005F120034D
:100FA00003938DE006F10800B84201D1366897E757
:100FB000394611F03BF80028F8D1B379012BF5D16F
:100FC000336BD902F2D5AB6EF26A9B6A9A42EDD9C5
:100FD000736B3146F363EB6E28462B66FFF770FAAE
:100FE000044650B9336B314623F4801328463363EB
:100FF00011F0ADFD04460028D8D020461DB0BDE854
:10100000F08F0AF1080104A811F010F808B9CAE934
:1010100002249AF80630022B07D10AF12C0104A809
:1010200011F004F808B9CAE90B24DAF800A052E07C
:101030000121284611F0BEF9314605F1300011F0CA
:101040001DF8002863D02A6BC5F838A0C2F38923A5
:101050003A40C5E90C2AC4F389229A4201D9A4F581
:101060008064149ADDF854A00292069240F2FF3296
:1010700093420CBF002349EA832308930023CDE960
:1010800009340193022331460093284608AB06AA8F
:10109000CDF81CA0CDF82C80FFF7DCFC041EACDBE7
:1010A000012C37D1C446B646A346029BCDE9043A8B
:1010B000BEE80F00ACE80F009EE80F008CE80F00C0
:1010C000039904A810F0B2FFDDE90C2408B9C5E9C2
:1010D0000824D5F828A0BAF1000F92D1324628464C
:1010E00004A9FFF76FF8041EA2DAA21C85D13246CC
:1010F000284604A9FFF766FA044670B1831C7FF402
:101100007CAFBBF1000F0CBF0024032475E740F255
:10111000FF33A6E74FF0010AE9E72B6BC3F309039E
:1011200023B12846CAF1000111F044F9314605F116
:10113000300010F0A3FF002835D02A6BC2F38923BA
:101140003A402A630022C5E90D22149A17490492F5
:10115000159A2846059240F2FF3293420CBF0023B5
:1011600049EA832308939DF86730002203F5C063A2
:1011700041EA0353CDE90A38022309920192009310
:10118000314608AB04AAFFF765FC041EFFF635AF35
:10119000C446B646BEE80F00ACE80F009EE80F005C
:1011A0008CE80F00F7E640F2FF33CEE708FC0F00B3
:1011B0000000F04FFF0300802DE9F041036B04466F
:1011C000C3F309030F46A0B0002B52D000261C2207
:1011D000002108A815F09EFD012300258DF8373069
:1011E0000F930EA810F018FF28B1002DEED1002E9D
:1011F00039D10126EBE720460EAA10A911F0CDF84F
:1012000058B99DF837300BBB204618AA0EA9FEF737
:10121000D9FF00282FDA811C5FD020B0BDE8F08113
:1012200091423ED1039A93423AE0236BC3F3892261
:101230006FF39E2323630023C4E90D3340F2FF3391
:101240009A4235D0314B43EA822332E00DF1200C33
:101250000DF1400EBEE80F00ACE80F009EE80F0055
:101260008CE80F00BDE7216B2046494249B211F0DE
:10127000A1F80020D1E7002EE8D10DF108080346BF
:10128000234A2046CDF8008018A910F0DFFF00287F
:10129000C3DBDDE90E31029A9A42C1D1039B994228
:1012A000D4D008A904F1300010F0E8FE0028BCD129
:1012B000002300220493174BCDF81C80CDE90523B1
:1012C0000223204604AA08A9FFF702FE0028A4DB97
:1012D000032808BF45F0010583E7002EB6D0002F94
:1012E000B4D0204604F1480210A9FEF7E3F9002823
:1012F00093D19DF85720084B02F5C06243EA025390
:10130000049316AB05930123DBE700BF0000F04F09
:1013100000FCFF7F08FC0F6008FC0F0010B5036B9A
:1013200004469B0590B022D500F1200208A911F0D7
:1013300034F8002844D1234B6A460293A36E20461A
:10134000DB6908A90393E36E0493236F0593636F2E
:101350000693A36F07931C4B009302AB01930123E9
:1013600011F02CFD60BB236B23F400732363E36B4C
:101370001B0D13F4E06F06D10121204610B0BDE82B
:101380001040FFF719BF204604F1400208A911F0F0
:1013900004F8A8B9E36BA063C3F38922236B08A9FF
:1013A0006FF39E23C4E90C30084B43EA8223CDE956
:1013B000023002AA0123204611F000FD0028DBD0F4
:1013C00010B010BD01000200180010200000F04F06
:1013D00073B514460E4600F1480221460546FEF755
:1013E00069F970B9E27D084B02F5C06243EA025325
:1013F0000093183401236A4631462846019411F0BF
:10140000DDFC02B070BD00BF08FC0F002DE9F04309
:1014100013F0020F8BB006460D469846039237D163
:10142000129B05F108072B65002339466B63EB63BC
:10143000EB643046C5F830802B1D03AAFEF78AFD09
:10144000041E05DAA31C1AD10398FEF74DF9B0B1BA
:101450000123AB71B36AA01C2B60B5625BD118F499
:10146000807F0CD0039C7449204615F07FFC225CE1
:10147000002A4DD1336F834213D26FF023042B6BBC
:10148000294643F4002330462B6311F002FD04E0AB
:10149000FFF744FF04460028C2D020460BB0BDE849
:1014A000F083AB886549DFF8988140EA832041EA00
:1014B000832140F4801048EA8323CDE90412CDE96A
:1014C0000604CDE9083239460323304604AA11F058
:1014D00075FC10F11C0F0446CFD00028CFD1444634
:1014E0004FF000084FF00C092B6D9A68424538D830
:1014F0001B68002B65D0EB64B06E05F1400111F064
:1015000024F840F20123B3EB145F64D00024C4E755
:101510006FF01304B3E718F4007F40F08380240DCC
:10152000012C40F08280AB8818F4806F4FEA83234F
:1015300008D043F000542B6B44F4801443F4803300
:101540002B63CDE705F1280243F0005300923946A2
:1015500030463C4A43F0080310F078FE041EBFDA20
:101560008DE72A6BD10705D42B6B9A071DD408F1A0
:101570000108B9E709FB08F25868B5F804C08118FA
:101580008B68825C496843EA8C2302F540720091C3
:1015900043EA0253394630462B4A10F057FE0028E2
:1015A000E2DA831CE0D0044669E72A6D526809FB41
:1015B00008229168B26F91423AD843F480332B638A
:1015C000D5E7B36E986AE1F75DFAE864002893D135
:1015D0006FF00B0453E72B6B6FF0010243F48013A1
:1015E0002B630023C4F30904AA62EC622A646B64CF
:1015F000B36E9A6AAA64002C88D040F2FE339342FC
:1016000028BF1346A988EA6C43EA81230092394631
:1016100030460C4A43F0005310F018FE041EBFF68B
:1016200075AF2CE76FF0100429E76FF0140426E77C
:101630006FF01B0423E700BF40F6040000001040D9
:101640000000102000FC0F7000FCFF7F30B597B049
:10165000054610F085FF044620B16FF00B042046CC
:1016600017B030BDAB6E0146DA6A686E15F052FBFA
:10167000D5E91A326C65DB6A2846DB00C5E91742FA
:10168000934294BFAB65AA650EA911F0F5F8044624
:10169000002832D11B4B08AA0293AB6E0EA9DB695E
:1016A0000393EB6E04932B6F05936B6F0693AB6FF5
:1016B0000793154BCDE90830144B28460A93144B79
:1016C0000B93144B0C9302AB0D93032311F076FB99
:1016D000044690B9034602468DF84E000EA92846EE
:1016E00011F06CFB044640B9012300906A4628467D
:1016F0000EA9019310F051FE0446284610F067FE33
:10170000ADE700BF01000200000010400800F00F2C
:101710008F010500180010202DE9F0479AB004AFA2
:10172000044610F01DFF0646002840F009810146DE
:101730001C2207F1380015F0EDFA01237B65824B7E
:1017400007F110080FCB88E80F00DFF80092DFF8F0
:1017500000A207F1500010F05FFCB0B1236B04F160
:10176000300203EBD373236304F13C0307CA83E81D
:101770000700E26EE36A2266B3FBF2F102FB11336B
:1017800063650023C4E916335CE0414607F1380085
:1017900011F051F8002840F0D0800823FB603B1D79
:1017A000C7E90149CDE902A36A4B019000932046A5
:1017B000694B07F1500207F13801FEF799F9051E50
:1017C0003CDB00F0AE8045F30905013500F0A9804F
:1017D000BB6B20462362FB6B5F4A636207F1200309
:1017E000009307F138015D4B10F030FD051E25DB3D
:1017F0003B6A190C02299AB201D1012A27D96D46F8
:101800008EB004AA56489BB250615648536290610C
:1018100041F2BB100123C2E907010221C2E90A1308
:101820004FF4007344F2404113864F4B42F8103F8F
:101830004E4810F0AFFDAD466FF01505204610F094
:10184000C6FD2E4630465837BD46BDE8F087236BAF
:1018500082F0010223F4007343EA42232363FB6A0C
:10186000C3B1216F8B4214D96D468CB004AA404895
:1018700050613C48906141F2D910C2E907035162BE
:101880004FF4007313853B4B4FF4515142F8103F16
:10189000CEE723673B6B6BB1616F8B4209D96D4615
:1018A0008CB004AA344850612E48906141F2E41093
:1018B000E3E763677B6B93B1A16F8B4209D96D46F8
:1018C0008CB004AA2D4850612648906141F2EF1077
:1018D000D3E7E26FA3679A4294BFE267E367A26E21
:1018E000BB6A116A59B1994209D06D468CB004AAFD
:1018F000234850611B48906141F2FE10BDE7E3664A
:10190000796AD36999420CD06D468CB004AA1D48FF
:10191000536250611348906141F20720C2E9070108
:10192000AEE7204604F1300207F13801FDF7C2FEB0
:10193000054600283FF40DAF80E76FF053057DE7C3
:101940006FF00B067EE700BFE08404008F01050006
:101950005B2304000800F00F00FCFF7F180010203C
:10196000C82D0500EC2C050008000001B082040021
:10197000F42D0500060000011A2E0500402E05007A
:10198000662E05008C2E050070B598B004460391B4
:10199000FFF7C4FC00285CD1034603AA204606A931
:1019A000FEF7D8FA002854DB40F2FF32C0F3892357
:1019B000934250D0A26A000D02280E924FEA83256E
:1019C00004AE20D145F000532046244A009643F04F
:1019D000080306A910F03AFC00283ADB32462046FC
:1019E00010A910F0DAFC002833D1159B33F47F02E4
:1019F0002DD10121204610F0DDFC0EAB8DF83E20EC
:101A0000ADF83C20A362002345F09F450593324684
:101A10000123204645F4E00506A9049511F0CEF90E
:101A20000E9BA362A8B9236BC3F309038BB14FF0DC
:101A3000FF31204610F0BEFC06AA10A9FEF7C2FD39
:101A400038B9204610AA06A9FFF7C2FC01E06FF0E2
:101A5000260018B070BD6FF01500FAE700FC0F709B
:101A60002DE9F04FADB00546CDE90412FFF756FC65
:101A70000346002840F015810DF12009494628460B
:101A800004AAFEF767FA061EC0F20D8140F2FF3885
:101A9000C6F38927474505D16FF0150420462DB0C0
:101AA000BDE8F08F28460DF10E0305AA10A9FEF738
:101AB00051FA041E32DBC4F389234345ECD0484677
:101AC00010A910F0B3FAAB6A80461893A31C35D165
:101AD000DDF814A07A49504615F048F91AF800309C
:101AE0001BB1330D022B40F0E0802B6F8342C0F01E
:101AF000DF80B8F1000F19D02B6B02346FF39E23F7
:101B000043EA872343F09F4343F4E0032B63089B9E
:101B10006B63099BAB634FD1BB460DE0A21CBDD1EB
:101B20000598FDF7E1FD0028C9D1B7E7BDF80E30F3
:101B3000BB42F1D807F1010B002343E0330DB3EBB7
:101B4000145F4FEA145206D0022A0CBF6FF014043F
:101B50006FF01304A2E7BDF80E30002840F0AB8010
:101B60009F4201D1002499E7022A25D1554A0DF15F
:101B7000880A42EA83232846534ACDF800A010A9D8
:101B800010F064FB002854DB524628461AA910F0D6
:101B900004FC00284DD11F9B33F47F0247D1012163
:101BA000284610F007FC18AB8DF86620ADF86420CD
:101BB000AB62B8F1000F9FD1BB46BDF80E20434B7E
:101BC00043EA82230024BDF80E202293404B3C4977
:101BD00043EA8223CDE92434059B4FEA822A184642
:101BE000239415F0C3F8059B6FF3130627934AEA75
:101BF000070346EA0A0643F08053064343F4801382
:101C0000CDE928392696B8F1000F02D12F4C44EACD
:101C10008B24002328462B9322AA052310A92A945B
:101C200011F0CCF8044630B1189BAB6236E76FF088
:101C30002600044632E7B8F1000F17D02B6B1A0DBF
:101C400012F4E06F12D06FF39E23C5E90C301F4BE6
:101C5000A86343EA8723CDE9063049460123284695
:101C600006AA11F0ABF804460028DDD1189BAB6240
:101C70002B6BC3F30903002B3FF474AF4FF0FF311C
:101C8000284610F097FB10AA1AA9FEF79BFC044601
:101C900000287FF403AF28461AAA10A9FFF798FB83
:101CA000C7E70446FAE63446F8E66FF01304F5E6B3
:101CB0006FF02304F2E6022A7FF41EAF56E700BF5E
:101CC00040F604000800002000FC0F700000F04FF8
:101CD000000010402DE9F047A6B005460191FFF73E
:101CE0001DFB044688B9AB6A28461C9301AA0DF176
:101CF00002031EA9FEF72EF9831C044609D1DDF864
:101D000004804046FDF7F0FC40B9204626B0BDE80F
:101D1000F0870028A8BF6FF01004F6E740463D4961
:101D200015F024F82B6F0646834270D3EB6E04AF98
:101D3000394628462B6610F09FFD04460028E4D162
:101D40000CAC0DF1780CBCE80F000FC49CE80F0040
:101D500084E80F000DF1480A9DF84730002B4DD163
:101D6000DFF8B49001233946284602AACDE9029A49
:101D700011F024F804460028C7D19DF88F30D3B164
:101D80000121284610F016FB1CABAB6214AA0123FC
:101D90000CA98DF87640ADF87440CDE9149711F098
:101DA0000DF81C9B0446AB620028AED14FF0FF310A
:101DB000284610F0FFFABDF80220184B46EA8226AA
:101DC00043EA8223149300231593154B284643EAD4
:101DD0008223CDE918379DF88F3046F40016002B8A
:101DE0000D4B18BF002314AACDE91A371EA90423EE
:101DF000CDE9166810F0E2FF044686E75246284611
:101E00000CA910F0CAFA04460028A5D07DE76FF0AF
:101E100023047AE740F6040008FC0F60000010403D
:101E200008000020F0B501F1080687B003920C46C7
:101E30000023314603AA0546FEF78CF800282ADB6A
:101E4000030D022B29D140F2FF33C0F389209842C1
:101E500004AF15D12B6A04936B6A05933A46314659
:101E6000284610F09AFAB0B9A368A080E362E3684C
:101E7000A06223630223A371AB6A2360AC620AE011
:101E8000074B314643EA8023064A2846009710F064
:101E9000DDF90028E2DA07B0F0BD6FF01300FAE7D1
:101EA0000800002000FC0F702DE9F04115460C469B
:101EB00006464FF484720021284614F02BFFA36AD3
:101EC00063B9284602231B4900F8083BCFF774FB8F
:101ED0000120A36A0133A362BDE8F081012B22D067
:101EE00004F1200804F10807A288A38B93420BD1C8
:101EF000E07F0028F0D042463946304610F04DFAD7
:101F00000028E9D10246A0802B4639463046FDF72D
:101F1000FDFB08B1831CDFD1A388023003F101036C
:101F2000A380E1D0D4E728460223034900F8083B08
:101F3000CCE700BF861705008517050030B50C4DAE
:101F40000A44914200D130BD11F8013B83EA0004FC
:101F500004F00F0455F8244084EA101080EA1313AB
:101F600003F00F0355F8233083EA1010E9E700BFB0
:101F7000309F0400F8B50F4614461D46084E304603
:101F800011F09EF810B96FF08300F8BDB3683946C0
:101F900030461B68A2B298470028F4D12C60F4E7C1
:101FA000487504002DE9F84304460D4600AFEFF3F1
:101FB0001188202383F31288BFF36F8F04282A4AE5
:101FC00098BF2A4BE9468AB09668117C98BF53F8AF
:101FD00020306A4688BF264BCDE9073140F20133F5
:101FE0002448ADF82430244BCDE9050442F8103FD5
:101FF00000234FF431512148DEF740FECD4645B174
:10200000EB69C3F3080323B101211D4A1B480BF000
:1020100072FB2EB1304611F08BFB08B1037803B987
:102020001848E9468AB06A46174B0790CDE905364D
:1020300040F20133ADF82030144B42F8103F00233A
:102040004FF411510D48DEF719FE2946CD462046C2
:10205000D5F768FB88F31188BFF36F8F3046E0F740
:1020600021FABD46BDE8F88374900220709F0400F9
:10207000B12E0500BF2E05000500000100830400FD
:10208000E72E050076E10400082F0500040000019A
:1020900038B50A4B53F82040013053F82050A54280
:1020A00000D838BD606830B1037EDB0701D410F082
:1020B000EFFF0834F3E723689847FAE7849F0400AA
:1020C000012270B52E4B86B003201A70FFF7E0FF97
:1020D00001F00CFD2B4C2C4DAC4219D10420FFF724
:1020E000D7FF2A4C2A4D2646AE4204F1300415D3C0
:1020F00000F0E4FF254CAC422CD300F0F3FFD5F701
:102100002DFF244A938923F00103938106B070BD0B
:1021100054F8043B002BE1D09847DDE754F80C3C21
:10212000059354F8103C049354F8143C039354F86A
:10213000183C029354F81C3C019354F8203C009343
:1021400054E90A2354E90C0100F0C0FD54F8303C76
:102150005E65C8E7D4E90A23B3F1FF3F08BFB2F1D7
:10216000FF3F05D052EA0301206803D111F0C1FB03
:102170003034C0E70849183001F0C8F9F8E700BF6B
:102180000DBD02201081040018810400A07F04000E
:10219000A07F0400F84902200D380400882370B5A0
:1021A000134E012203FB0066002386B0CDE9042311
:1021B0000F220193CDE9023214234FF4A0720D4D8A
:1021C0000D4903FB0055044602FB00110B4B304642
:1021D000009500F07BFD337C2C7423F004033374F2
:1021E000074B013403EBC423EE606B6006B070BD97
:1021F000704902207490022088FA02205B320400A9
:1022000088F202207FB50020FFF742FF294B03F53B
:10221000006282F3088883F30A880024E023264DB5
:1022200085F82230EC772C766C76AC7685F82040F9
:102230006B6A43F4E0236B6285F82340E0F728F8EB
:10224000E0F71AF94FF0FF33AB62EB62E0F716FBF1
:10225000E0F798F9DEF7A0FB184800F0A1FD012097
:10226000FFF716FF0220164DFFF712FF00F064FF84
:10227000144B4FF400525D61134B14490593012335
:102280002846CDE90343CDE90144114B009400F009
:102290001DFD06462B7C284623F004032B7411F009
:1022A00081FA2046FFF77AFF31462846084AE0F7D0
:1022B000C3F800BF88F2022000ED00E0284B0220A6
:1022C000F84902207490022035CF0400C8FB022098
:1022D000C120030038B5064C064DAC4201D30020A6
:1022E00038BD2046D4E9011210F037FF1834F4E766
:1022F000F00C0020200D00201FB5054CCDE9002377
:1023000002940A46002110F0E6FE04B010BD00BFA2
:102310003DCB030038B5074C074DAC4201D300203C
:1023200038BD204610F03FFF08B92034F5E76FF0C4
:102330001500F5E7500C0020F00C002073B50C469A
:10234000EFF31181202585F31288BFF36F8F0569A4
:102350005DB125602B680361C3690133C36100204F
:1023600081F31188BFF36F8F11E052EA030603D1A6
:102370006FF00B002560F3E7CDE90023024608303B
:1023800000F0FAFD18B9034B9B685B69236002B04B
:1023900070BD00BF74900220F7B50E4604469DF84C
:1023A0002010EFF31187202080F31288BFF36F8F86
:1023B000656A2069854245D22568AC4219D0C5B10D
:1023C000284610F055FF05F1180011F020FB3146AA
:1023D000E268686914F078FC00232846C5F8843068
:1023E00011F0E0F904F10800394611F03DFA00203F
:1023F00036E0E268D9B13146206A14F065FC236A00
:10240000E2681344A2692362934201D163692362A3
:10241000636A10210133636204F1280011F075FC36
:102420000028DFD187F31188BFF36F8F18E0E069D0
:1024300063693146984208BFA069801AE06114F0D0
:1024400043FCE5E752EA03010CD0084904F1080017
:1024500089684E61CDE900233946224600F08CFDA3
:1024600003B0F0BD6FF02200DCE700BF74900220E3
:10247000F7B504460846EFF31186202181F3128850
:10248000BFF36F8F616A00293BD0E268E16914F005
:102490001BFCE369E26825681344A269E361934287
:1024A00004BF6369E361636AAC4203F1FF336362B3
:1024B00036D02846002D34D0002710F0D9FE05F183
:1024C000180011F0A4FA6969E268206A14F0FCFBB4
:1024D000236AE26828461344A2692362934204BF38
:1024E00063692362636A01336362C5F8847011F023
:1024F00059F904F10800314611F0B6F9384603B035
:10250000F0BD52EA030111D00A4989684861CDE95A
:1025100000233146224604F1080000F02DFDEEE7CD
:10252000002086F31188BFF36F8FE8E76FF0220079
:10253000F7E700BF749002202DE9F34104461746E7
:102540001E46EFF31188202383F31288BFF36F8FA9
:10255000304BC2689B6872B18068984217D057EAC6
:10256000060216D188F31188BFF36F8F6FF00F004A
:1025700002B0BDE8F08193F90E1001322161C4E987
:10258000023288F31188BFF36F8F0020F0E72169D2
:10259000F3E793F90E1090F90E30994230DA994230
:1025A000A8BF194610F0B3FE054622464146CDE9C4
:1025B0000076194800F0E0FC0028E6D0EFF3118621
:1025C000202383F31288BFF36F8FA068D0B12368F4
:1025D00021699C420AD04BB193F90E309942A8BFB1
:1025E00019466FF07F039942B8BF194610F08FFE6D
:1025F00040B13146084811F037F96FF00A00B7E7EB
:102600000025D2E7002DF4D186F31188BFF36F8F38
:10261000F3E700BF749002200EBD0220F8B5836876
:102620000546002B40D0234A926893423FD1C368AD
:10263000012B03D9013BC3600020F8BDEFF31187E4
:10264000202383F31288BFF36F8F0169806810F035
:102650005EFE2C68A54207D10023C5E9023387F34B
:102660001188BFF36F8FE7E7002CF5D0D4E9003273
:10267000002613605A60237CC4E9006623F002033D
:102680002374A66004F1180011F0C1F9AC6094F94C
:102690000E3020462B61C4F8846011F083F839466F
:1026A000054811F0E1F8C7E76FF01500C5E74FF0F6
:1026B000FF30C2E7749002200EBD022073B5EFF325
:1026C0001185202181F31288BFF36F8F0468B4B1A4
:1026D0002368426823F00303944208BF4360036009
:1026E00023689B0704D06668204611F0C5FB34467A
:1026F00085F31188BFF36F8F204602B070BD52EA98
:102700000301F5D0CDE90023294600F10C02083081
:1027100000F032FC0028EFD1014B9B685C69EBE7CD
:102720007490022070B5EFF31186202383F3128892
:10273000BFF36F8F0468A0421BD0D4B1D4E900323C
:10274000002513605A60237CC4E9005523F002037E
:102750002374A56004F1180011F059F92046C4F85B
:10276000845011F01FF83146BDE87040094811F05F
:102770007BB8D0E902329A4218BF0133022183604C
:10278000103011F0C2FA0028EDD186F31188BFF3A2
:102790006F8F70BD0FBD022013B5EFF311812024A0
:1027A00084F31288BFF36F8F846844B1013C846066
:1027B00081F31188BFF36F8F002002B010BD52EA81
:1027C000030406D181F31188BFF36F8F6FF00F0000
:1027D000F3E7CDE900230246014800F0CDFBECE72A
:1027E0000FBD0220F8B50546EFF31186202383F3D1
:1027F0001288BFF36F8F00272C68A54219D0C4B18F
:10280000D4E9003213605A600023227CC4E900330B
:1028100022F002022274A36004F1180011F0F7F80C
:102820006FF00A032046C4F8843010F0BBFF012784
:10283000E2E700230221AB6005F1100011F065FA18
:1028400028B927B986F31188BFF36F8FF8BD3146D9
:10285000BDE8F840014811F007B800BF0FBD0220E5
:1028600007B5074B4FF40052009306494FF0FF3372
:10287000054800F04FF9002003B05DF804FB00BFED
:102880009C9F0400C81B0320804A02202DE9FF41C1
:1028900004462027534EEFF3118887F31288BFF3C5
:1028A0006F8FD4F88C50F5B9022104F1A40010F018
:1028B00030FE002870D004F19C050022012128463A
:1028C00011F037F80028F8D100234FF0FF320293BF
:1028D0004FF0FF334146CDE90023434804F1940211
:1028E00000F054FDD7E7D4F890202B689542C4F847
:1028F0008C3008BFC4F89030D4F8A43043F0020301
:10290000C4F8A430EB6823F0040343F00103EB6048
:102910006B6888F31188BFF36F8F28469847EFF3F1
:10292000118887F31288BFF36F8FEB68D80623F006
:1029300001023ED4EA60EB689A0717D5306823F0AD
:102940000203EB6090B10021036878B142689542C0
:102950003DD10368002934D172683360904200D1C0
:102960007360002340F8083BFFF7DCFED4F8A43086
:1029700023F00203C4F8A430DB0530D4D4F88C3043
:10298000003B18BF012388F31188BFF36F8F002B22
:1029900081D000F0D9FB7EE7D4F8A430D90693D5D6
:1029A000C4F8A40088F31188BFF36F8F04B0BDE8AA
:1029B000F08123F01103EB6005F11000FFF7B2FE88
:1029C000B9E70B607368984208BF7160C9E70146B8
:1029D0001BB11A6818461346B7E71A46FAE70023F0
:1029E000D1E700BF9490022010BD0220F8B5C36863
:1029F00004469A070E46C3F3400542D45F0742D40B
:102A00000B680BB983680B60E368D80742BFA36803
:102A100002253360376858BF012557B31B4B9A68AE
:102A2000D7F888309A421ED110F079FE80F001006C
:102A3000C0B2D7F8A430D907C3F380021CD5F2B1D5
:102A4000F8B100232360D7F8903073B9C7E9234465
:102A5000384610F079FDE36843F00403E36033681F
:102A6000A3602846F8BD0020E3E71C60C7F890404B
:102A7000EEE76FF0150506E06FF0120503E01B07A7
:102A8000DFD56FF00F0500233360EAE77490022072
:102A9000F8B5C368064603F00503002B0C4614BFC7
:102AA000012700271CD085680122002104F11000B5
:102AB00010F01FFD2046134910F0A7FDE36843F016
:102AC0001003E360F3685B0712D5336823606BB9CA
:102AD000D5F8903033B9C5E92344284610F034FDC9
:102AE0003846F8BD1C60C5F89040F6E73460F4E75E
:102AF000D5F88C302360D5F89030C5F88C40002B89
:102B0000EBD1F0E7293504000146014810F0A8BDDB
:102B1000804A0220F0B50446002089B00E9DC4E929
:102B2000230004F19400C4E9250004F19C00C4E9E9
:102B3000270055B32879002840F2011008BF012072
:102B4000C4F8A40000204FF0FF364FF0FF37CDE966
:102B50000330CDE90100CDE9066720460C4B009417
:102B600000F0F2F855B1296811B1204610F0DDFDF2
:102B70006B791BB1A38943F00103A381204610F0B8
:102B8000B8FEC4F8884009B0F0BD0120D8E700BF06
:102B90008D28030037B501900846EFF311842021FA
:102BA00081F31288BFF36F8FC16811F01E0F16D129
:102BB00053EA020508D101A9FFF718FF84F3118831
:102BC000BFF36F8F03B030BD41F00801C1600199C0
:102BD00010308161034900F099FC0120EEE70020EC
:102BE000ECE700BFBD35040001460148FFF7D2BF46
:102BF000804A0220F7B50C4616461D460190EFF3B9
:102C00001187202383F31288BFF36F8F084610F0DB
:102C10008CFC55EA060309D1204601A9FFF7E6FE20
:102C200087F31188BFF36F8F03B0F0BDE3683246BE
:102C300043F00803E360019B0449A36204F1100020
:102C40002B4600F063FC0120EAE700BFBD3504001D
:102C500001460148FFF7CEBF804A02202DE9F0412E
:102C60000546EFF31187202383F31288BFF36F8F9C
:102C70000468A0421BD0D4B10026204610F042FDCB
:102C800004F1180010F0C3FEB0462046C4F884805A
:102C900010F088FD2C680136A54210D07CB120468A
:102CA00010F030FD04F1180010F0B1FEEDE787F3ED
:102CB0001188BFF36F8F00263046BDE8F08139469A
:102CC000014810F0D1FDF7E711BD02202DE9F043D6
:102CD000984685B000F15803C0E91633109B0026D2
:102CE00083810423073222F0070503740F9B01EB55
:102CF00005090F4683734946C0E906668660C673B8
:102D00000446DFF78BF80E9B073020F00700606762
:102D1000C4E91B7502930D9BA9EB000901930C9B61
:102D20004A460093394643462046DFF769FB054B88
:102D300066659B6803B19B6F4846A36705B0BDE815
:102D4000F08300BF74900220F0B5002587B0059590
:102D5000109DDDE9127604950F9D044603950E9DA6
:102D600002950D9D01950C9D0095FFF7AFFFB6F103
:102D7000FF3F08BFB7F1FF3F05D056EA070305D173
:102D8000204610F0B6FD204607B0F0BD3A46334667
:102D900004F11800014900F0B9FBF4E70D38040014
:102DA000012310B50374838100230446C0E91B335B
:102DB00000F08EFE014B9C6010BD00BF749002209D
:102DC0006FF00A01094A9368C3F884100849C3F8F0
:102DD00080004B6843F080534B60002383F31188DD
:102DE000BFF36F8F9368D3F884007047749002200C
:102DF00000ED00E070B590F91020037C002A2FDB75
:102E0000D9062DD11A4C63F07F032246037452F881
:102E1000183FE169934207D1C0E900210860E061F1
:102E20000FE09942F8D01B68002BF5D093F90E60A3
:102E300090F90E50AE42F4DD5968C0E900310860E7
:102E40005860A569954200D005B9E568A3681A7C69
:102E5000D20606D1DA897F2A03D9AA690AB9636141
:102E600070BDAB4202D0284600F0D2FA6561F7E7A8
:102E70007490022038B590F910200146002A037C96
:102E800004DA03F07F03037410F054FC0D4D2A465E
:102E900052F8184FAB68944200D004B9EC688B42EA
:102EA00007D01A7CD20604D1DA897F2A01D9A26917
:102EB0002AB1A34202D0204600F0AAFA23466B6151
:102EC00038BD00BF74900220B3F1FF3F08BFB2F1DC
:102ED000FF3F03D00249183000F018BB704700BF15
:102EE0000D380400034648B9EFF3058232B9064AAB
:102EF00051699268914201D0FFF762BF83F3118854
:102F0000BFF36F8F704700BF7490022038B5184C24
:102F1000A168E0690B68814214BF1A460022496823
:102F20000B605960A368E1692AB9124AC3E900211C
:102F30000B60E3610AE092F90E5093F90E008542AE
:102F400012DD5168C3E900210B605360A569094B8C
:102F50009D4200D005B9E568A3689D4202D028468D
:102F600000F056FA656138BD8A42DED01268DBE7B0
:102F7000749002208C900220F8B5DDE906670D4BB5
:102F80000C46986811460C4A1060EFF3118220221B
:102F900082F31288BFF36F8F9D68284610F0DCFB28
:102FA000284632463B46FFF78FFF2046BDE8F840F3
:102FB000FFF706BF749002209C900220F8B50446EB
:102FC000EFF31187202383F31288BFF36F8F037C05
:102FD00049B203F01F02002A0CBF0126002635D19A
:102FE00003F07F032A4D037410F0A4FB2A46037CF0
:102FF000817363F07F03037452F8183FE8699342CA
:1030000007D1C4E900200460EC610DE09842F8D0DB
:103010001B68002BF5D093F90EC08C45F6DD59687E
:10302000C4E900310C605C60AC69944200D004B922
:10303000EC68AB689C4202D0204600F0E9F96C6174
:1030400087F31188BFF36F8F3046F8BD9B071CD5FF
:10305000856810F06FFB81732B689D4209D16B6806
:10306000C4E900531C606C60EAE76A689A42F6D0D3
:103070001B68002BF3D093F90E208A42F5DD5A68C5
:10308000C4E9003214605C60DAE78173D8E700BFFE
:1030900074900220034648B9EFF3058232B9064A1C
:1030A00051699268914201D0FFF78ABE83F311887B
:1030B000BFF36F8F704700BF74900220EFF3118150
:1030C000202383F31288BFF36F8F054B9A68D37B5D
:1030D000013BD37381F31188BFF36F8F704700BF3B
:1030E0007490022070B5EFF31186202383F31288C9
:1030F000BFF36F8F0F4DAB68DA7B0132DA732A466C
:1031000052F8184F944200D004B9EC681A7CD206E9
:1031100004D1DA897F2A01D9A2692AB19C4202D05E
:10312000204600F075F923466B613046BDE87040DB
:10313000FFF7D8BE74900220024B03F11802C3E9D6
:10314000062270477490022070B5EFF31186202399
:1031500083F31288BFF36F8F1A4CA168E0690B6884
:10316000814214BF1A46002249680B605960A36867
:10317000E1692AB9144AC3E900210B60E3610AE05E
:1031800092F90E5093F90E00854216DD5168C3E99D
:1031900000210B605360A5690B4B9D4200D005B91F
:1031A000E568A3689D4202D0284600F031F96561C8
:1031B0003046BDE87040FFF703BE8A42DAD012689D
:1031C000D7E700BF749002208C900220F8B550EA37
:1031D000010306460C4603D1FFF7B6FF0020F8BDF9
:1031E000EFF31187202383F31288BFF36F8F124D03
:1031F000124BA8681860FFF73DFEA86823463246C8
:103200000F49183000F082F9AA680446137C38464A
:1032100043F004031374FFF7D3FDAB68D3E90A232B
:10322000B3F1004F08BF002AD8D110F025FC201AB6
:1032300020EAE070D3E700BF749002209C90022047
:103240000D380400014B9868704700BF749002204D
:103250002DE9F84304468789EFF31186202383F391
:103260001288BFF36F8F037C190705D586F3118889
:10327000BFF36F8FBDE8F883D90943F008026FD11F
:103280000274A36813B1204610F05CFA04F1180030
:1032900010F0BDFBA56D04F15808A84511D04FF002
:1032A000000975B1284610F04DFA05F1180010F02C
:1032B000AEFB2846C5F88490FFF79CFDA56DA84598
:1032C000EFD1DFF8BC80D8F808309C4250D1EFF342
:1032D0000589B9F1000918BF4FF00109D8F8185055
:1032E000284A954200D00DB9D8F80C50AB4202D014
:1032F000284600F08DF82046C8F814500AF080FDEA
:10330000B9F1000F02D02048FFF74AFDD8F8083085
:103310009C4230D1EFF305836BBBA289D20711D554
:1033200086F31188BFF36F8F83F31188BFF36F8F1C
:103330000423184602DFEFF31186202383F312885B
:10334000BFF36F8F3046FFF73BFDFB0792D500239D
:1033500083F31188BFF36F8F0423184602DF89E7D8
:1033600003F07F0343F00803037410F0E3F988E7E8
:103370004FF00009B2E786F31188BFF36F8FE4E7DF
:10338000749002208C900220284B0220D3B5DDE9F6
:103390000667089CCDE90067FFF7EEFD1CB1034B03
:1033A0009B685B69236002B0D0BD00BF74900220AF
:1033B000027C034612F01F0210D10A4988420DD048
:1033C0000949086868B1D9897F2909D893F90E207D
:1033D000064B1B689A42B8BF002070470020704718
:1033E0001046704770490220880B0020A0900220F0
:1033F0000122044BC01A044BC0105843034B1A540B
:10340000704700BFB04B0220ABAAAAAA12BD02208F
:1034100070B50C4B0C4D1E7CFFF7CAFF182303FB45
:1034200006550446284610F0F2FA0022074B9A553A
:103430003CB1621E2846BDE870400549D31700F034
:1034400065B870BD74900220B04B022012BD0220FE
:10345000F133030038B5EFF31185202383F312888D
:10346000BFF36F8F0F4B104A9C681068A04206D1C3
:10347000FFF7CEFF85F31188BFF36F8F38BD0021B2
:103480001B7C1160094AD35C002BF3D02046FFF768
:103490008FFF0028EED0237CDB0601D1FFF736FD3D
:1034A0002046E5E7749002209C90022012BD022085
:1034B000024B1868984208BF002070478C0B002010
:1034C000034B1B680BB9FAF7DDBA0020704700BF49
:1034D000A490022030B570B10B4B5B6898420AD0C3
:1034E000036843B1D3E90421D0E90445121941EB43
:1034F0000501C3E90421D0E9003213605A600023BA
:10350000C0E9003330BD00BF8C0B0020B3F1FF3F9A
:1035100008BFB2F1FF3F2DE9F84F04469946154622
:103520001F467AD08160EFF31188202383F312883D
:10353000BFF36F8FB9F1000FDFF8E4A020DBFFF7D6
:10354000BFFFDAE90027013549F100092D1849EBE1
:10355000E07306464FF00109C4E90453AD1843EB8C
:103560000707FFF7A5FF0346DFF8B8E0DEF804A081
:10357000EBB9C4E900EACAF80040CEF8044028E0FC
:103580006FF00103DAE900125B1A4FF0FF3161EBD3
:1035900002025B1B62EB0902012B72F10001BCBF4E
:1035A000012300224FF00009C0E90432D9E7D3E932
:1035B000041CD4E904208A4270EB0C0B24DA891A2B
:1035C0005A686CEB0000C3E90410C4E900321460CF
:1035D0005C60FFF76DFF84420ED1134B1B685BB933
:1035E000B9F1000F02D1FFF76BFF0646304610F02D
:1035F000F7F90021FAF776FA88F31188BFF36F8F95
:1036000028463946BDE8F88F521A60EB0C00534546
:10361000C4E90420ADD01B68AAE700252F46EFE7D8
:10362000C84B02208C0B0020A49002202DE9F0470B
:10363000DFF8A8900246C9F800000D46FFF738FFF2
:1036400000260027DFF898804FEAE27ED8E90013D1
:1036500050B1D0E9044CA2427EEB0C0A1ADAA41A4B
:103660006CEB0E06C0E904460024521843EB0E032F
:103670002046C8E90023C9F8004010F0B1F92146FE
:10368000FAF730FA85F31188BFF36F8FBDE8F04782
:10369000FFF7E0BE611843EBE473C0E90467C8E9D3
:1036A0000013FFF717FF01224FF00043C0E9042386
:1036B00085F31188BFF36F8F83689847EFF3118507
:1036C000202383F31288BFF36F8FD9F80020121BD9
:1036D000C9F80020FFF7ECFEB6E700BFA490022077
:1036E000C84B022010B5EFF31184202383F3128816
:1036F000BFF36F8FFFF7E4FE0346054AD2E90001EE
:10370000181841EBE37184F31188BFF36F8F10BD7C
:10371000C84B0220F8B50446EFF31187202383F34A
:103720001288BFF36F8FD0E90423B3F1004F08BFB5
:10373000012A04D087F31188BFF36F8FF8BDD0E959
:103740000A566A1C46F10003022A73F1000334D3BF
:10375000013D46F1FF36002EBCBF00252E4610F07D
:103760008FF9013041F10001401946EB01010128B8
:1037700071F1000148DB10F083F96FF002030130B2
:1037800041F10001401946EB010183426FF0004313
:103790008B413EDB10F074F9013041F100016FF014
:1037A0000102401946EB01034FF0FF31121A61EBA1
:1037B000030320461949FFF7A9FE236B0133236356
:1037C000236A63B187F31188BFF36F8F2046984750
:1037D000EFF31187202383F31288BFF36F8F54F820
:1037E000185FA542A6D0002DA4D028460FF0E9FF0F
:1037F0000023C5F8843087F31188BFF36F8F284604
:10380000BDE8F8400FF0CEBF6FF001024FF0FF337C
:10381000CFE700224FF00043CBE700BF153703008E
:103820002DE9F04105461C4690461F46EFF31186F0
:10383000202383F31288BFF36F8FB4F1FF3F08BFDB
:10384000B2F1FF3F05D186F31188BFF36F8FBDE85A
:10385000F081002C09DB012A74F10003BCBF0122B6
:10386000002412F1FF3844F1FF37284610F0CFF85A
:10387000DDE906010023C5E90A012B6342463B4608
:1038800028460249FFF742FEDDE700BF1537030077
:1038900070B50546EFF31184202686F31288BFF336
:1038A0006F8F10F0B4F820B184F31188BFF36F8FDD
:1038B00070BD6B6A63B184F31188BFF36F8F2846C4
:1038C0006B6A9847EFF3118486F31288BFF36F8F0A
:1038D00005F118000FF0AAFF0028E5D00FF062FFF5
:1038E0002146BDE8704001480FF0BEBF13BD022065
:1038F0001423F0B50024202703FB0100134E01B967
:10390000F0BD10F8073CA0F1140C03F03F03102B9E
:1039100040F80C4C0CD826FA03F3DB0708D550F816
:10392000143C2BB150F8105C2B605D6040E90544FD
:1039300082F31188BFF36F8FEFF3118287F3128840
:10394000BFF36F8F60460139D9E700BF1601010050
:103950002DE9F74F1D46274B16469F68012387F830
:10396000603087F8613052EA05030CBF0123002361
:1039700007F16002804610F0FEF88146EFF3118BEC
:103980004FF0200A8AF31288BFF36F8F97F86040D8
:103990004CB901465A464046FFF7AAFF8BF31188FF
:1039A000BFF36F8F0BE0002387F8603056EA050302
:1039B00009D18BF31188BFF36F8F6FF00A04204693
:1039C00003B0BDE8F08F5946CDE900650A4A0B48BF
:1039D000FFF7D2FA0446EFF311858AF31288BFF39A
:1039E0006F8F2A4649464046FFF782FF85F31188CC
:1039F000D6E700BF74900220940B002014BD022073
:103A0000034610B5EFF31184202282F31288BFF32E
:103A10006F8FC160012181600068834205D184F30A
:103A20001188BFF36F8F002010BDD0E90032136002
:103A30005A600023C0E9003310F024F921460248FF
:103A40000FF012FFEFE700BF14BD022073B504466C
:103A5000EFF31186202383F31288BFF36F8F8368FF
:103A6000594003EA02050A405340002200930949E5
:103A70006B4601920FF080FFDDE9003223EA02037A
:103A800004F10C003146A3600FF0EEFE284602B0B0
:103A900070BD00BFE93D04002DE9F04105460E462A
:103AA00017460FF03CFE28B9074B9B689C6F14B972
:103AB000BDE8F081054C3B46324629462046BDE82C
:103AC000F04110F0C1B900BF74900220F00C00204A
:103AD000014B8367704700BFF00C00200146024A8B
:103AE0000020FFF7D9BF00BF3DCB0300014809F01C
:103AF0002CB900BF762F050070B500F11C02041F21
:103B000000250120074E56F8041B54F8043FC94312
:103B10005B1845EB05011B1841F10000A242F2D1F0
:103B200070BD00BF0CAB0400F8B5064608460D4654
:103B30000024FFF7E1FF0246C117C0F1000E204646
:103B4000DFF82CC05CF8043B55F824702EEA030320
:103B5000DB1940EB00079B1846F8243004F1010400
:103B600041EB0702082C4FF00001EBD1F8BD00BF7C
:103B70000CAB040038B505460C460A46283110F057
:103B800003FA283010F00DFA04F1500105F150004D
:103B900010F0E7F904F1780105F17800024ABDE878
:103BA000384010F031BC00BF2CAB04002DE9F041CF
:103BB0000C469EB00746684610F0D8FE69460AA833
:103BC00010F0D4FE0AA9084610F0D0FE0AAA10464A
:103BD000214610F019FC0AAA6946684610F014FC48
:103BE0006946684610F0C2FE6A4668460AA910F0A7
:103BF0000BFC69460AA810F0B9FE04250AA908467C
:103C000010F0B4FE013DF9D16A4668460AA910F0E9
:103C1000FBFB69460AA810F0A9FE09250AA9084677
:103C200010F0A4FE013DF9D10AA908466A4610F039
:103C3000EBFB0AA914A810F099FE132514A9084655
:103C400010F094FE013DF9D10AAA104614A910F013
:103C5000DBFB0AA9084610F089FE09250AA90846D7
:103C600010F084FE013DF9D16A4668460AA910F0B9
:103C7000CBFB69460AA810F079FE31250AA908464F
:103C800010F074FE013DF9D10AA908466A4610F009
:103C9000BBFB0AA914A810F069FE632514A9084605
:103CA00010F064FE013DF9D10AAA104614A910F0E3
:103CB000ABFB0AA9084610F059FE31250AA90846AF
:103CC00010F054FE013DF9D16A4668460AA910F089
:103CD0009BFB6946684610F049FE6946684610F04D
:103CE00045FE22466946684610F08EFB69460AA8E2
:103CF00010F03CFE0AA92246084610F085FB14A8E5
:103D000010F024F914A9204611F090FA044614A8E2
:103D100010F020F914A90AA811F088FA14A9804615
:103D2000084610F027F90AA811F080FA144906464F
:103D300014A810F01FF901460AA811F077FA0546F9
:103D4000694638460E4A10F05FFB46EA050282F0EB
:103D500001026946384610F049F92821684611F0F9
:103D6000E2F90DEB010011F0DEF914A811F0DBF916
:103D700044EA080444EA06001EB0BDE8F08100BF32
:103D80007CAB0400F0B5C7B006460F466846114646
:103D900001221C4610F03BF90AA810F0DBF814A829
:103DA00010F0D4F869461EA810F0DBF828A810F02F
:103DB000D1F80025013C2146384610F0A5FF2A46DF
:103DC0001EA9424005460AA810F0F8F828A914A830
:103DD00010F0F4F828AA1EA932A810F0E2F80AA9F7
:103DE00014AA3CA810F0DDF8084610F0CDF828AA77
:103DF0001EA914A810F0C8F80AAA32A928A810F021
:103E000003FB14A93CAA084610F0FEFA3CA932A80C
:103E100010F0ACFD0AA93CA810F0A8FD14AA28A92E
:103E20001EA810F0B1F8104610F0BBF832AA3CA959
:103E30000AA810F0E9FA3CA9084632AA10F0B1F835
:103E400014A9084610F092FD244A3CA928A810F0B5
:103E5000F2F91EA9084610F089FD32A9084628AAE1
:103E600010F092F8694614AA28A810F0CDFA32AAE8
:103E70003CA914A810F0C8FA013C9CD22A461EA9FD
:103E80000AA810F09BF828A914A810F097F814A914
:103E9000084611F0E6F90AA914AA084610F0B4FA87
:103EA00030460AA911F047F92821684611F03BF97C
:103EB0000DEB010011F037F914A811F034F932A814
:103EC00011F031F91EA811F02EF928A811F02BF9E4
:103ED0003CA811F028F947B0F0BD00BF42DB01005B
:103EE0002DE9F04F9DB00C4601900021642203A8FB
:103EF0000DF10C0812F00EFF00264146DFF8C8E075
:103F000004F13C0A251FAC46084600225EF8047BFB
:103F10004FF0000B03685CF8049FE7FB093B9B181C
:103F20004BF10002E24540F8043BF1D10136092E85
:103F30000A6401F10401E5D10021202203A812F056
:103F4000E9FE002103AB00209C460646D3F84090D2
:103F5000DFF878E0C1F108074FF0000BDCF8002033
:103F60005EF804AB0130E9FB0A2B92194BF1000615
:103F7000B8424CF8042BEFD10131082903F10403B6
:103F8000E1D1012100201C34D8F8002055F8043F6D
:103F9000D2439B1840EB00025B1842F10001AC4297
:103FA00048F8043BF0D103A90846FFF7BDFD0822FD
:103FB000019803A90FF091FF642103A811F0B3F851
:103FC0001DB0BDE8F08F00BFA89F04000CAB04003B
:103FD0002DE9F041044600F128060122304604F1A3
:103FE000500804F178050F4610F011F840460FF024
:103FF000B1FF3146284610F0B9FC29462046184A40
:1040000010F002FA4246294628460FF0CAFF204621
:1040100021460FF0B9FF2946224610F0F5F9214656
:104020002046FFF7C3FDB8B122462946204610F0CE
:10403000EBF9204611F02FF9FB7FB0EBD31F03D132
:10404000214620460FF096FF28463246214610F0C2
:10405000DBF90020BDE8F0814FF0FF30FAE700BF48
:1040600054AB04002DE9F0410446E6B004AD2E4BFC
:104070002E4A284611F084F920A80FF06BFF2AA8D9
:104080000FF068FF34A80FF061FF204610F06AFEC1
:104090001F23DFF89C802046CDE901530CAA16AB04
:1040A00020A9CDF8008010F0C9FF9F23214FCDE952
:1040B00001532046009716AB0CAA20A910F0BEFFB2
:1040C0001E26214620463EAA10F009FF2046CDE9D3
:1040D000015616AB0CAA20A9CDF8008010F0AEFF57
:1040E00006F18003CDE901532046009716AB0CAAD8
:1040F00020A910F0A3FF013EE3D20CA8282111F063
:1041000012F83EA8A02111F00EF816A8282111F0EF
:104110000AF820A8782111F006F82021284611F08D
:1041200002F866B0BDE8F081C8320500E83205004B
:104130008CA30400CC9F04002DE9F0470D46ADF59B
:10414000846D00F12009B8AF4946044690463846D0
:1041500008220FF0B5FE294618A8FFF739FF28B14D
:104160004FF0FF300DF5846DBDE8F087214640A883
:10417000FFF72EFF0028F3D13846FFF7BDFC0028DB
:10418000EED190AA18A968A810F0A9FE384618A97F
:10419000FFF7F0FC3A4668A990A810F0F5FD90A949
:1041A000E0A8FFF7E7FCFC221146404610F0ACFD0A
:1041B00008B9013AF8D14FF6FF71FC240132D2B2AE
:1041C0008DF80B20ADF808108DF80A1021464846EE
:1041D00010F09AFD08B9013CF8D14FF6FF71013497
:1041E000E4B2944218A88DF80F40ADF80C1038BF17
:1041F00014468DF80E1010F0B5FDDFF810A118A9C7
:10420000084668AA10F06BFE43462246032102A826
:1042100010F0B8FE4B460646052103A810F0B2FE8A
:10422000002E054637DDA022761002FB067218A983
:10423000084610F0A9FD002D4CDD78226D1002FB20
:1042400005A20EAB009304AB18A9084610F0F4FDCC
:10425000013CD4D240A990A8FFF78CFC18A90846CD
:1042600090AA10F091FD18A9084640AA10F037FE58
:1042700018A9084640AA10F032FE18A9084640AA1C
:1042800010F02DFE18A968A811F016F8204968A8AA
:1042900010F040FF66E7CED06FF09F0106EBD676B8
:1042A00076104E439AA8B9190FF05BFE06F128016B
:1042B000394490A80FF055FE06F150013944A4A8E6
:1042C0000FF04FFE06F178013944AEA80FF052FE10
:1042D00090AAACE7BCD06FF0770305EBD5756D10F5
:1042E00005FB03A59AA829460FF03BFE05F128011E
:1042F00090A80FF036FE05F15001A4A80FF03AFE89
:104300000EAB009390AA04AB9EE700BF4CA704003D
:104310000833050010B5044694B00AA801220FF036
:1043200076FE0AAA68460E490FF02EFE10460FF0E0
:1043300038FE114610F095FF0AAA6946684610F04B
:1043400063F86946204610F0F6FE2821684610F012
:10435000EAFE0DEB010010F0E6FE14B010BD00BF48
:10436000A4AB04002DE9F04F0368A7B00E93436897
:10437000DFF8FC810F93836800F138091093C3685C
:104380001193036912934369139383691493C36967
:104390001593036A1693436A1793836A1893C36A43
:1043A0001993036B1A93436B1B93836B1C93C36B1F
:1043B000DDE916BA1D9300F13803229300F1B8032A
:1043C0000C931C9BDDF874E00B931A9B08931B9BCA
:1043D0000993189B0693199B0793149B0593159BB0
:1043E0000A93129B0393139B0493109B0193119BBD
:1043F0000293DDE90E6300934FEA9A324FEA9A4442
:1044000044EA8B3442EA8B4262404FEACA5444EA9F
:104410005B244FEA9B314FEA9B4C4CEA8A3C62405A
:1044200041EA8A4159F8084F4FEACB5381EA0C011F
:1044300043EA5A234B40D9F80410D8E900753C19D7
:1044400045EB01051919089B42EB050223EA0B070E
:10445000099B079D23EA0A04069B0AEA05050BEA65
:1044600003037B40CB180B9984EA050442EB04025A
:104470005B1800994FEA86744FEA167545EA0115F4
:1044800044EA91044FEA81774FEA117141EA06113B
:1044900047EA960787EA0107009984EA05044FEA8C
:1044A000466545EAD1154FEA416141EAD61184EAF1
:1044B000050487EA0107039D01994EEB020281EA98
:1044C000050E0299049D0EEA060E81EA050C00997C
:1044D000039D0CEA010C019908F1080829400B9191
:1044E000029D04990D400B998CEA05058EEA0101A5
:1044F000611847EB0504059DDDF824E013EB050C7E
:104500000A9D42EB05055B18039942EB04020591F5
:1045100004990A9108990B910C99494540F08981B9
:1045200014490C9100210B910B9910310B910C99AE
:104530000D91229905910899209109992191069947
:1045400008910799CDE906BA09910399E3461E91AE
:104550000499AA461F9101990196039102991E465A
:1045600004910099009202916FF001010A9103E019
:10457000A8850400208604000A9901F00F0408347D
:1045800000EBC401496850F834704FEAD1484FEA53
:10459000C10E48EA47384EEA577EFC0C4FEAC7097D
:1045A00088EA0E0EBF0949EA517944EA413447EAE4
:1045B00081678EEA911E059984EA0904674051F8E3
:1045C000084F059149683F194EEB010E0599C1E965
:1045D000007E0A99A1F10D0404F00F04083400EBE9
:1045E000C401D1F8049050F834804FEA590141EAEF
:1045F000C87123914FEA182141EA096124914FEAD9
:10460000192141EA086125914FEA5804249944EAA6
:10461000C97461402491259C23994FEAD8184C40D5
:104620002146249C48EA496884EA0804E41981EA9E
:10463000D911059F4EEB0101C7E900410A9F4FEADE
:104640009C38A7F1050E0EF00F0E0EF1080E00EBD0
:10465000CE0750F83EE07F6814EB0E0441EB0701F3
:10466000059F4FEA953EC7E90041AF0C47EA8C37FA
:104670004EEA8C4E8EEA070EEF0547EA5C278EEA7B
:10468000070E089F4FEA9C4949EA853927EA0C073B
:1046900048EA854888EA090823974FEACC59099FD8
:1046A00049EA552988EA090827EA0509069F0CEA1C
:1046B000070C079F3D40239F89EA050587EA0C0701
:1046C000DDF834C018EB07074EEB050E5CF8085F09
:1046D000DDF81080CDF834C0DCF804C07F194EEB53
:1046E0000C0E3F19209C41EB0E013F19219C4FEA13
:1046F000127544EB01014FEA837E1C0FCDF88CC08C
:104700004FEA827C4EEA920E4CEA930C44EA021481
:1047100045EA031584EA0E0485EA0C054FEA436E68
:104720004FEA426C4EEAD21E4CEAD31C84EA0E04D5
:1047300085EA0C05DDF80CE0DDF804C08CEA0E0C0F
:10474000DDF808E00CEA030C8EEA080E0EEA020E11
:10475000019B039A1340029A8CEA0303E31802EACE
:1047600008021E9C8EEA020245EB020217EB040CC3
:104770001F9CCDF87C8041EB0405FB1841EB020245
:104780000A9901310A9103991E910899209109997A
:1047900021910A990E295ED10C9980310C910B99C7
:1047A00040297FF4C1AE0E99CB180F9941EB02025C
:1047B000C0E90032109B009A9E19119B029943EBAD
:1047C0000203C0E90263019A129B9B18139A42EB01
:1047D00001024146C0E90432039A149B9B18159AC2
:1047E00042EB0102C0E90632169B179A13EB0C0349
:1047F00042EB0505C0E90835189B199A13EB0B032A
:1048000042EB0A02C0E90A32069A1A9B07999B18E2
:104810001B9A42EB0102C0E90C32089A1C9B0999D1
:104820009B181D9A42EB0102C0E90E3227B0BDE889
:10483000F08F069908910799CDE906BA0991019977
:10484000E34603910299019604910099AA461E46F7
:1048500002910092D0E5069908910799CDE906BA30
:1048600009910199E34603910299019604910099F7
:10487000AA461E46029100927EE600BF054B5A787A
:10488000022A04D11878C31F5842584170470020AB
:10489000704700BFA89002200E4B0340B3F1607F29
:1048A00006D1B1F5885F0CBF00206FF0860070471D
:1048B000B3F1707F0BD101F4E043B3F5005F06D193
:1048C00011F4E06F14BF00206FF0860070476FF0A6
:1048D000860070470000C07F8A42F8B506460D4644
:1048E00000F0D2806C4B22F4FF7121F0010199425B
:1048F00022F0FF070FD003F588539F420BD022F41C
:104900007F7121F00301A3F57063994203D003F591
:10491000A0639F4227D1604B25F4FF7121F0010174
:10492000994210D05D4925F0FF038B420BD025F44E
:104930007F7020F00300A1F57061884203D001F57B
:10494000A0618B420FD115F0FF000BD0544B40F00B
:104950000070984240F09A8082EA0500FF288CBFE0
:1049600000200120F8BD05F0FE43B3F1A06F11D186
:1049700002F0FE43B3F1A06F71D182EA050333F474
:104980007E136CD12C046AD5C5F30540C2F30542F1
:104990009042E4E7B3F1407F61D102F0FE43B3F10E
:1049A000407F5CD182EA050030F47E1457D1314655
:1049B0002846FFF771FF002868D13A4912F47C10AD
:1049C00001EA020116D0B1F1607FC2F3054335D18F
:1049D000D1B241F0007101F17E410339102901D8B3
:1049E000314C645C15F47C1F2ED19C4214BF002016
:1049F0000120B7E7B1F1607F0AD1D3B243F0007371
:104A000003F17E43033B102B44D82849CB5CDFE7FE
:104A1000B1F1707F16D106F4E043B3F5005F37D1F2
:104A20000123C6F302218B4006F4E041B1F5005F9B
:104A3000D8D10124C6F30226B440D3E7B1F1707F88
:104A4000D0D1F1E70346CDE718B9C5F30541A1423E
:104A50001AD0290403D5C5F3054098427FE725F411
:104A60007F03B3F1106F0AD102F0FE43B3F1106F70
:104A70000CD10F48104040F01060A842B6E70D4B33
:104A80009D4203D1AF42B1E701206BE7002069E707
:104A90000346C9E703469BE7000200060013000631
:104AA000FF0000020000C07F283305002833050006
:104AB0000000FFF60001000A37B505460C46FFF777
:104AC000DDFE78B100230A4601932946074801AB71
:104AD000FDF750FA20B9019BA34218BF6FF0930075
:104AE00003B030BD6FF08800FAE700BFAC90022041
:104AF000F0B50446084624F47F01B1F1106F87B089
:104B000026D1456800F120012D0A21D1068806F43E
:104B10004F45B5F5824F1BD10F4D104F254045F045
:104B20001065BD4214D1F6B2122E11D14588B5F5EB
:104B3000807F0DD10E9D009204950D9D03950C9DD7
:104B4000CDE901352346426E11F0F2FC07B0F0BD0D
:104B50006FF08500FAE700BF0000FFF600000209D1
:104B60002DE9F843884617461C4600F0EDFA054645
:104B7000002844D1D8F80060B6F8009009F4E0436A
:104B8000B3F5804FB36808BF27F0010737EA030386
:104B90002DD1A4B3244B24F4FF7222F001029A42D7
:104BA00010D0224A24F0FF0393420BD024F47F71EB
:104BB00021F00301A2F57062914203D002F5A062D8
:104BC00093421FD114F0FF0304D0194A43F000733D
:104BD00093421ED022464846F168FFF77DFE074605
:104BE00068B9224648463169FFF776FED0B96FF0C2
:104BF000840500233046C8F8003011F01CFA28461E
:104C0000BDE8F88304F0FE43B3F1407F04D12304F0
:104C1000E0D56FF08605ECE7B3F1A06FF7D0044B59
:104C20009C42D6E73D46EAE7000200060013000674
:104C3000FF00000238B500F0FE43B3F1407F0446A8
:104C40000D4602D06FF0860038BDFFF725FE002824
:104C5000F8D114F47C1F18D0C4F30543032B137050
:104C600022D9224A2240B2F1607F31D1E4B244F02D
:104C7000007404F17E44033C102CE3D81C4A125DFE
:104C80009342DFD8202BDFD90EE0184B2340B3F13D
:104C9000607F0FD1E3B243F0007303F17E43033B27
:104CA000102B04D9002313706FF08500CCE7114955
:104CB000CB5CD3E7B3F1707FF4D101F4E043B3F5FB
:104CC000005FEFD10123C1F302218B40DBB2C5E7C6
:104CD000B2F1707FB6D105F4E042B2F5005FB1D118
:104CE0000122C5F30225AA40CAE700BF0000C07F29
:104CF00028330500283305002DE9F04F00249B469A
:104D000001F0FE438FB0B3F1806F0F46DDE9186804
:104D10009246DDF86890099474D10B464FF4807286
:104D200009A9FFF71DFF054600286FD1099B1B88C5
:104D300003F4E042B2F5005F1CD113F4E06F19D028
:104D4000374927F480728A420AD001F500718F42F8
:104D500006D034498F4203D0A1F53F418A4209D1A0
:104D60000124C3F302239C40102C0ED900266FF0BF
:104D7000830530E042F20402934202D12A4B9F4263
:104D80000DD02A4B9F420CD10D24A04540D3214683
:104D90000AA8FFF791FE054620B100261BE00C246F
:104DA000F3E700240998426E00F1200146B335195B
:104DB000D0F804C0A8EB04035FEA1C2C23D1CDE992
:104DC00005390AABCDE903B50093CDE9014A3B466D
:104DD00011F0A8F90546099811F02DF90746DDB93B
:104DE000D8B924B1224630460AA911F06DFFD9F88E
:104DF00000301C443846C9F800400FB0BDE8F08FC1
:104E00003546D5E726466FF08605E4E72646E2E715
:104E100000266FF08905DEE72F460024EAE700BF91
:104E20000010C00400FF4004000180040013C0040F
:104E30002DE9F0411F46002388B0079301F0FE439F
:104E4000B3F1806F0C469046109E18D06FF0860527
:104E5000079811F0F0F8002814BF014629460846CB
:104E60002C4B1A684A4053085B4252421343326843
:104E7000DB1722EA0302326008B0BDE8F0810B467E
:104E80004FF4007207A9FFF76BFE05460028DFD13B
:104E90000798038803F4E042B2F5005F17D10121BF
:104EA000C3F3022213F4E06F01FA02F10FD01A4D9E
:104EB00024F48072AA4215D005F50075AC4211D0D9
:104EC000164DAC420ED0A5F53F45AA420AD042F29B
:104ED0000402934202D1124B9C4218D0114B9C42C7
:104EE00002D10D21B942B1D84368426E1B0A00F1CC
:104EF0002001ABD10F9B049603930E9BCDF800804D
:104F0000CDE90173234611F05BF90546A0E70C21BA
:104F1000E8E700BF389702200010C00400FF4004FB
:104F2000000180040013C004002307B51A46009155
:104F3000024910F0A1FF03B05DF804FBCCAB040004
:104F400010B5114C2378580744BF03F0FB032370BE
:104F5000990705D500F096F8237823F00203237013
:104F600063781BB10023094A636053600023082162
:104F70000648637000F0CEFF2378DA0744BF23F0C1
:104F80000103237010BD00BFA8900220AC90022046
:104F900038B5FFF773FCD8B9124C2378DA075CBF39
:104FA00043F0010323709D0707D400F063F82378D2
:104FB000054643F00203237088B9627832B9D907F5
:104FC00004D5094962604A6002226270580702D51E
:104FD0000025284638BD43F004032370F8E7FFF7A7
:104FE000AFFFF6E7A8900220AC90022000F140420B
:104FF0000F2A30B50CD868241D4B04FB02331A7EEF
:10500000022A02D15A69824226D06FF08B001CE03E
:105010006FF04043421E9A420ED2154A00241346B6
:10502000157E022D02D15569854212D00134102C13
:1050300002F16802F4D1E8E700F1004303F58033A0
:10504000B3F5704FE9D36FF0870030BD6FF0960075
:10505000FBE7682202FB04331A7E022AF6D1DA69E2
:10506000501CF3D00132DA6100200B60EDE700BF85
:10507000B49002200122024B002083F88026704762
:10508000B49002202DE9F0410A4C002526464FF04D
:10509000010803272046C4F81C802776013510F04C
:1050A0009EFC102D04F16804F4D1002386F88036AC
:1050B000BDE8F081B4900220F8B5214D064695F880
:1050C00080360F46002B34D000242B462246197E12
:1050D000F9B13CB9022905D1D96919B91979002961
:1050E00018BF1C460132102A03F16803EFD114B92E
:1050F0006FF08C000BE0237E022B04D1E3695A1C75
:105100001CBF0133E361204610F069FC10B100249C
:105110000DE01C46237E7BB90123237636B1094B73
:10512000651BED105D4305F18045356000203C6056
:10513000F8BD6FF08800EAE76FF09600E7E700BF80
:10514000B4900220C54EECC438B50025084B0D6064
:1051500093F8803643B1FFF749FF10F18C0F02D16D
:105160006FF087000D6038BD6FF08800FBE700BF6F
:10517000B490022010B500F0FE44B4F1A06F07D047
:10518000B4F1806F01D0094C00E0094CA04202D07C
:105190006FF0850010BD0120B1F5105F1070F7D1E0
:1051A0000BB90020F6E702221A70FAE70002C003EA
:1051B000004440042DE9F0471C460546894600F1AD
:1051C0000807384690460E889DF920A011F0C3FBD1
:1051D0002C60B9F80290314600234A46204610F070
:1051E0005AFF014600284DD0384600F0D9FE00286D
:1051F0003CD153464A464146384600F0F1FEA8BB32
:1052000004F0FF42B2F1906F06F4E04332D0B3F500
:10521000005F0DD0687142F204039E4202D11B4B25
:105220009C422DD01A4B9C420CBF0D2400241CE044
:105230000123C6F3022293406B7116F4E06FEAD0AB
:10524000144A24F4807393420AD002F50072944207
:1052500006D0114A944203D0A2F53F429342DAD1DC
:105260000124C6F30226B440E4B22C71BDE8F04735
:1052700010F013BB0122B3F5005F6A71CBD1DCE7FC
:105280000C24F2E76FF08500BDE8F0870001800490
:105290000013C0040010C00400FF40042DE9F04FCB
:1052A000144602689B4602F0FF4385B0B3F1906F4D
:1052B0000546DDE90E780E4600F08380436A4179A9
:1052C0002344B3FBF1F34B43BB427CD83F4B9A42A0
:1052D00061D182680023002A45D0177907F01F07A3
:1052E0000393C8F80030002C39D0686A05F108092A
:1052F00030B3A7EB000AA24528BFA24609303146C9
:105300005246484411F0E0FC6B6AA4EB0A04534493
:105310009F4256446B6213D103AB3A46009305F1AA
:1053200011015B46484600F0ADFE10F0B6FAB8B980
:10533000D8F80030039A1344C8F8003093446862E8
:105340000DF10C0AA74210D94CB1686A2246093007
:105350003146484411F0B8FC6B6A23446B6200206C
:1053600005B0BDE8F08F1F46BAE75B463A463146C6
:105370004846CDF800A000F085FE10F08EFA002817
:10538000EED1039AD8F80030E41B13443E44934412
:10539000C8F80030D6E714B9C8F80040DFE75B462C
:1053A00022463146CDF8008005F1080000F06AFE83
:1053B00010F073FAD8F80030BB4288BF6FF0960047
:1053C000CEE7BC42E7D96FF08900C9E7004440044A
:1053D000F0B504460F46002187B0164602A81022F9
:1053E0001D46019111F096FC636A2BB12368284A8F
:1053F00023F48063934248D02A4601AB02A904F10A
:10540000080000F07FFE10F048FA0446002835D16D
:10541000102E344628BF102426B12246384602A951
:1054200011F052FC1B492D680B6808686340454029
:105430000C6883EA050284EAD27460084042644240
:1054400020430C685B1B84EAE0740A6823EA0403C7
:1054500005EAE070034382EAD372530809685242B6
:105460005B421343019CDA1781EAE37324EA0304E5
:1054700004F0960402F08A031C43644202A810213F
:1054800000F048FD204607B0F0BD6FF08604F5E758
:10549000004040043897022010B5036804462BB141
:1054A000054A934205D1043010F040FF00202060EF
:1054B00010BD6FF08800FBE709000002F8B507682F
:1054C00005460C4607BB124B994213D1061D3046C8
:1054D00010F028FF3046394600F0A4FA064628B9F5
:1054E0002C603046BDE8F84010F0D7B92846FFF7E9
:1054F000D3FFF6E701F0FE44B4F1007F14BF6FF074
:1055000086006FF08500F8BD6FF08800FBE700BFF4
:105510000900000210B5074B04689C4206D1043014
:1055200010F009FFBDE8104010F0B7B96FF0880027
:1055300010BD00BF090000022DE9F0411F460478AC
:10554000064644F0007404F17E44033C102C98BFDE
:10555000104B884615468CBF00241C5D3A601AB17A
:105560002121404611F0D6FBAC420DD832680A4BDF
:105570009A420CD14146301D10F01DFF10F08DF9FC
:1055800000B93C60BDE8F0816FF08900FAE76FF088
:105590008800F7E739330500090000022DE9F047DC
:1055A00016460268354B0D4622F47E11994280461C
:1055B0008AB016D102A9043011F097FA044620B936
:1055C0003246284602A911F07FFB102102A800F004
:1055D000A1FC204610F061F9044620460AB0BDE85F
:1055E000F087274B1340B3F1607F43D10022D0F8FE
:1055F00004A001925FFA8AF343F0007303F17E4343
:10560000033B102B98BF1F4A00F1080794BF12F804
:10561000039091463846202201AB02A910F092FB7C
:1056200004460028D9D15146384610F053FB0446B1
:10563000D8B94A46384608F1780110F06CFB0446A8
:1056400098B93846019A02A910F065FB044660B982
:105650002022384601AB02A910F074FB044620B9A1
:105660003246284602A911F02FFB019902A800F04A
:1056700051FCB2E76FF08804AFE700BF0002C0033F
:105680000000C07F4A33050038B5026804464AB1BD
:10569000104B22F47E11994206D1043000F064FCD4
:1056A00000232360002013E00B4B1340B3F1607F15
:1056B00008D14021783000F02DFC04F1080010F0F2
:1056C000FAFAEDE7B822002111F024FB6FF0880010
:1056D00038BD00BF0002C0030000C07F2DE9F047C5
:1056E000076894B01546044688461A461C9E002F4B
:1056F00040F0C480634B26F47E199945066013D1AF
:10570000061D304611F027F9B8F800103B46484610
:10571000B8F8022010F0BFFC014610BB6FF0850501
:105720002046FFF7B1FF0AE0574B3340B3F1607FEB
:1057300009D0B822394611F0EDFA6FF085052846F8
:1057400014B0BDE8F087F6B246F0007606F17E436D
:10575000033B102B039214D94660002A4AD190468D
:1057600052E0304600F01CFC28B929463046B8F813
:10577000022011F00FF910F090F80546002DDED050
:10578000CEE7102B1BD8DFE803F02020201A1A20C8
:1057900020091816141A1A12100E0C003B4B6360E5
:1057A000BCE73B4BFBE73B4BF9E73B4BF7E73B4B9E
:1057B000F5E73B4BF3E73B4BF1E73B4BEFE73B496F
:1057C0004660CB5C002BC8D0A8E7402A466014D9BD
:1057D0004FF0400803AB0193402329460093304625
:1057E00004AB10F0C6FA054670B1402104A800F0E1
:1057F00091FBC3E74FF00008ECE71AB1294604A873
:1058000011F062FA4FF040080DF110094B46039D6C
:10581000AF4225D1A8EB050A3621524609EB050017
:1058200011F078FA05F1770104F1770321449942E8
:105830001DD104F1780052465C21284404F1080788
:1058400011F068FA3146384610F044FA054600284F
:10585000CBD14246384604A910F05DFA0546C4E7AC
:105860001A78013782F0360203F8012BD0E719F8D5
:10587000012B82F06A0203F8012FD8E76FF0880548
:105880005DE700BF0002C0030000C07F0A00000205
:1058900013000002120000021100000210000002BA
:1058A0000D0000020C0000020B0000025B3305003B
:1058B00038B50468ACB10C4B24F47E159D4206D17A
:1058C000043011F08DF8BDE838400FF0E6BF074B0B
:1058D0002340B3F1607F04D1BDE83840083010F0B8
:1058E0001ABA6FF0880038BD0002C0030000C07F04
:1058F0002DE9F04F0446CFB0039100F1480346ADC7
:1059000000F168062A4618685968083303C2B34292
:105910001546F7D14FF0000C04AAD2E94483019355
:105920003F4BD2F824B1D2F818510293D2E94797ED
:10593000D2E94216BCF10F0F5AD8039B53F82C3012
:105940001BBA4FEAF52E87EA0900DDF808A08EEAB7
:10595000B51E28408EEA756E784070445AF804EB04
:105960009360704403444FEA713E46EA0100CDF86B
:1059700008A08EEAB10E06EA010A00EA080040EA31
:105980000A008EEAB15EDDF804A00CF1010C5B4464
:105990008644BCF1400F9A44BB46734402F10402B2
:1059A000CDF804801DD104A8C0E94897C0E946A5F8
:1059B000C0E94468C0E94231C0E9003E45A904F1AC
:1059C0004403643453F8042F51F8045F9C422A4482
:1059D0001A60F7D14FF4947100F09CFA4FB0BDE813
:1059E000F08FB0464F460E46A94619465546A1E7E8
:1059F000136852F834AC4FEAF34E8EEA734E52F805
:105A0000380C8EEA932E52F8143C03444FEABA4005
:105A100080EAFA10734480EADA00034491E700BF99
:105A2000D0AB040003460846C1B9C3E910110D4AC2
:105A30000D49DFF838C0C3E912120D4A0D49C3E918
:105A400014C20D4AC3E916120C4A1A6602F17452C6
:105A5000A2F52302A2F692425A6670476FF08600C2
:105A6000704700BF85AE67BB67E6096A72F36E3C9C
:105A70003AF54FA57F520E518C68059BABD9831F19
:105A8000043004289ABF034B33F910006FF08300F1
:105A9000704700BFCCB70400014B10F029BE00BF17
:105AA00074AD040070B5144606460D4688B0214614
:105AB00020460C4A10F07AFE224621466846FFF73F
:105AC000EBFF6A4631463046FFF7E6FF224669465D
:105AD0006846FFF7E1FF6A4629462846FFF7DCFFE4
:105AE00008B070BD74AD040030B5044689B010F044
:105AF000BFFD0C4A2146684610F052FD05460121C3
:105B0000684610F031FD6A462146684610F048FDAF
:105B10002DB1003818BF0120404209B030BD4FF010
:105B2000FF30FAE730AD040030B589B0044610F01C
:105B300037FD054621466846044A10F01BFD2A46FB
:105B40006946204610F043FD09B030BD74AD040035
:105B500070B5044690B00D461146164610F088FD0B
:105B60002146234A08A810F01BFD012803D04FF05E
:105B7000FF3010B070BD1146204610F0F6FD2846EB
:105B800006F1200110F074FD2946194A08A810F00A
:105B900007FD0128EBD11146284610F0E6FD2A4604
:105BA00029466846FFF778FF2246214608A8FFF7F6
:105BB00073FF08A922460846FFF76EFF08A9224690
:105BC0000846FFF7B1FF08A922460846FFF7ACFFD9
:105BD00008A922460846FFF7A7FF08A90846044B74
:105BE000044A10F070FD684608A910F001FDC0E7F6
:105BF00074AD040010AD040070B504460D461646A1
:105C000098B0114608A8FFF747FF344B2146684675
:105C100008AA10F058FD214608AA10A8FFF784FF33
:105C2000694610AA08A8FFF737FF08AA1146684678
:105C30002A4B10F048FD69466846284B08AA10F028
:105C400042FD2A46294610A8FFF726FF10AA114652
:105C50001046224B10F037FD214610AA08A8FFF786
:105C60001BFF08AA114610461C4B10F02CFD10AA71
:105C700011461046FFF710FF10AA184B11461046A8
:105C800010F021FD6A4669462046FFF705FF2146D0
:105C9000204608AAFFF748FF2146204608AAFFF73A
:105CA00043FF324629463046FFF7F6FE0B4B32469D
:105CB0003146304610F007FD2246284608A9FFF776
:105CC00033FF6A4629462846FFF7E6FE294628465E
:105CD00010AAFFF729FF18B070BD00BF74AD040013
:105CE0002DE9F04F9946054692460C46A3B02C9EEE
:105CF0002F49324602A810F053FCD6F800B03146C6
:105D00000BF0010202A80DF1480810F060FC002120
:105D1000404610F029FC4A4641460AA8FFF704FF16
:105D200001225146284610F052FC012249462046E5
:105D300010F04DFC01211F4A1AA810F02CFD6FEA4B
:105D40000B02204602F001020AA910F040FCFF27D6
:105D50007B0922AA02EB830353F8806C07F01F0231
:105D6000D64086EA0B06F2434946404602F001025D
:105D700010F02DFC404606F001020AA910F027FCA5
:105D8000214628461AAAFFF737FF534621462846E0
:105D9000CDF800801AAA10F04BFD013FD8D1214662
:105DA00028461AAAFFF77EFE23B0BDE8F08F00BF99
:105DB00030AD040074AD04002DE9F74306460D46EE
:105DC000174698464FF004092021304610F091FD07
:105DD00080B931462846FFF787FE044638B9414668
:105DE0003846074B074A0095FFF77AFF04E0B9F100
:105DF0000109E9D14FF0FF34204603B0BDE8F0833C
:105E0000D0AC0400F0AC040030B599B00D4610AB36
:105E1000694608AAFFF7D0FF04462021684600F033
:105E200079F86CB92846084A08A910F0EFFC064A30
:105E300010A905F1200010F0E9FC204619B030BD92
:105E40004FF0FF34F9E700BF74AD040070B5AAB09D
:105E500002AD064628461446FFF746FEC8B922465C
:105E600012A90AA8FFF774FE0446A8B90AAA22A933
:105E70001AA8009512ABFFF733FF3046084A1AA95B
:105E800010F0C4FC2846202100F044F820462AB037
:105E900070BD6FF00204F5E76FF00104F2E700BF98
:105EA00074AD040070B59AB002AE05463046FFF7F7
:105EB0001BFE0446C0B90E4B0E4A12A90AA8009652
:105EC000FFF70EFF2021304600F024F828460A4A4A
:105ED0000AA910F09BFC084A12A905F1200010F055
:105EE00095FC20461AB070BD6FF00204F9E700BFC0
:105EF000D0AC0400F0AC040074AD0400014B1B688E
:105F0000184700BFA00B0020014B1B68184700BFBB
:105F10009C0B002010B50A46044619B1024B002123
:105F20001B68984710BD00BFB8AD0400F0B504462B
:105F30000B4B0C4E586800B9F0BDC579C5F384050C
:105F400056F825502D78A54208D1457905F00F0760
:105F5000B1EB871F02D1B2EB151FEDD00833E9E793
:105F6000C0AD0400BCAD040010B50446A8B1806B00
:105F700010B1242110F0E5FC606B40B12368074AA2
:105F8000DB79C3F3840352F823305B6998472046DA
:105F9000BDE810403C21FFF7BDBF10BDBCAD040003
:105FA00038B505460C46A9B13C22002110F0B2FEDE
:105FB000E3790A4AC3F3840352F823301B6913B907
:105FC00000202C6038BD984768630028F8D16FF036
:105FD0008C00F7E76FF08600F4E700BFBCAD04006B
:105FE00070B4DCB2012C25D804681CB3E57905F047
:105FF0000305012D05D8657905F00F05B2EB851F66
:1060000018D142600372E5790C4EC5F38405012B6B
:10601000406B56F8255008D0637903F0F004302C1B
:1060200003D003F0E003402B02D1AB6870BC1847EB
:10603000EB68FBE76FF0860070BC7047BCAD0400F6
:1060400038B5036805461446BBB1102A13D8DA796F
:10605000D20707D41B795B09B4EB830F4FEA8302A5
:106060000BD314462CB1224605F1200010F02CFE73
:106070002C63002038BD0248FCE76FF08600F9E78A
:10608000809FFFFFF0B40468049F1CB96FF0860086
:10609000F0BC704700243C6006683EB3347914F0CD
:1060A0001F0423D0767906F0F006102E11D1A242FB
:1060B0001ED13A6002680F4CD279C2F3840254F8C0
:1060C000222054680A46A446F0BC90F90810406BA0
:1060D0006047994208D1C369002BD7D1B2FBF4F3D2
:1060E00004FB1322002AD1D10348D1E70348CFE7AC
:1060F0000348CDE7BCAD0400809FFFFF809CFFFFFD
:10610000809DFFFF10B50146006808B300201060B5
:1061100018600A68537903F0B004302C17D003F0EC
:10612000E004402C13D003F0F003602B0FD0902B31
:106130000DD0A02B0BD09279463A012A07D9102B0B
:1061400009D1CB698342A0F5C54008BF002010BD2E
:106150006FF08600FBE70148F9E700BF809FFFFF73
:1061600070B50C2300242246CD582EBA42EA4602CE
:1061700012BAC250043B1A1DC5F3C014F3D1084B28
:106180001A680B7882EAD31253085B4252421343D7
:10619000DB17C27B03F087035340C373002070BD3D
:1061A00038970220C02AF0B544D0B2F5807F43D0A2
:1061B000802A40F0BA800A23036000240346520973
:1061C00043F8044F01EB820251F8044B8A4243F832
:1061D000044FF9D103680C2B30D00E2B5ED00A2B64
:1061E00026D1534D534900F1A006426955F8044B9E
:1061F0008768C2F30723CB5C7C406340140E0C5DC0
:10620000103083EA0443D4B20C5D83EA0463C2F322
:1062100007440C5D83EA042350F8044C8360634018
:106220000468C36063405A40036142618642DCD126
:106230000020F0BD0C23BFE70E23BDE73C4C3D49D9
:1062400000F1C005C26954F8046B8768C2F30723E4
:10625000CB5C7E407340160E8E5D183083EA064399
:10626000D6B28E5D83EA0663C2F307468E5D83EA8B
:10627000062350F80C6C8360734050F8086CC360C0
:10628000734050F8046C03617340066843617340C7
:106290005A408361C2618542D4D1C9E7244D254962
:1062A00000F1E006446A55F8042B8768C4F307231D
:1062B000CB5C7A405340220E8A5C876983EA0243B2
:1062C000E2B28A5C203083EA0263C4F307428A5C4C
:1062D00083EA022350F8142C8360534050F8102CAA
:1062E000C360534050F80C2C03615340DAB28A5C0F
:1062F00043617A401F0ECF5D82EA0762C3F307272E
:10630000CF5DC3F30743CB5C82EA072282EA0343F3
:1063100050F8042C836153400268C36153405C40D1
:10632000036244628642BDD182E76FF01F0080E7BE
:1063300010AE04006C3405002DE9F04FC9B002AD79
:10634000044628460E46174610F0A5FC00233146A9
:106350003A4628466360FFF725FF0646002833D1FA
:10636000029F039B04A903EB870301EB830251F80F
:10637000233004F1180EA3605368103AE360936968
:1063800071462361D369914663617B1E9846294813
:10639000DFF8A4C02760B8F1000F1EDC002F4FEA21
:1063A0000313C8BF1C46C3F10003DCBF0023002455
:1063B000D018D3580EEB04014EF8043043684B60FC
:1063C00083688B60C368CB6002A84FF48C71FFF7C1
:1063D000A1FD304649B0BDE8F08F01F11004A9F1EC
:1063E000040B01945BF8044F250E1CF8055050F87F
:1063F00025A0E5B21CF8055050F8255085EA3A2A48
:10640000C4F307251CF80550C4F307441CF80440E6
:1064100050F8255050F824408AEA356585EA34451D
:10642000019C41F8045BA142DCD108F1FF38A9F1DD
:106430001009B0E738AE04006C3405002DE9F04FC8
:1064400001298C469E4693B000F273834368176817
:1064500056689568D46850F8082B99004FEA62088E
:1064600008F1FF38BCF1000F40F0BC8150F8233038
:10647000421887EA030A536830327340029352F895
:10648000283C6B405546039352F8243C63401E461B
:10649000DDE902040493D14B52E9069BCDF814B018
:1064A00052F810BC52E90817CDF818B052F80CBCDD
:1064B0002032CDF81CB052F828BCB8F1000FCDF84E
:1064C00020B052F824BCCDF824B000F3CA80BCF14F
:1064D000000F03D1DDE902045546049E5FFA85FCF6
:1064E00053F82CC0020E53F8222081EA0C0181EAF5
:1064F0003221C6F3072253F822205FFA80FC81EA9A
:106500003261C4F3074253F8222053F82CC081EAC9
:106510003241220E53F8222087EA0C0787EA3227FD
:10652000C5F3072253F822205FFA84FC87EA32671A
:10653000C6F3074253F8222053F82CC087EA3247AB
:10654000320E53F8222089EA0C0989EA3229C0F375
:10655000072253F82220F6B289EA3269C5F30742CE
:1065600053F8222053F8266089EA32482D0E059A06
:1065700053F82550C4F3072453F824407240C0F365
:10658000074053F8200082EA3525954B85EA3464AC
:1065900084EA30403C0E1D5DCCB21C5D069A0E9123
:1065A000544084EA0564C0F307255D5D079A84EAD8
:1065B0000524C8F307455D5D0F9784EA05444FEA5B
:1065C00018655E5DFDB25D5D1190554085EA06651A
:1065D000C1F307269E5DCDF8408085EA0625C0F30D
:1065E00007469E5D0A9485EA0645060E0B9513F84C
:1065F00006C05FFA88F69E5D089AC0B2564086EAE9
:106600000C66C7F3072C13F80CC0099A86EA0C260F
:10661000C1F3074C13F80CC0090E86EA0C4613F8B8
:1066200001C0195CC7F307475140C8F307229A5CC1
:1066300081EA0C61DB5D81EA022282EA03430C9667
:106640000D93CEF800400AA82021CEF80450CEF8D1
:106650000860CEF80C30FFF75DFC002013B0BDE8F9
:10666000F08F4FEA106C53F82CB05FFA85FC53F8AA
:106670002CC008F1FF3881EA0C0CC6F3072153F84F
:1066800021108CEA3B2C8CEA316CC4F3074153F89F
:1066900021108CEA314C210E53F821B0C1B253F8CD
:1066A00021107940C5F3072753F8277081EA3B2171
:1066B00081EA3761C6F3074753F8277081EA37410B
:1066C000370E53F827B0E7B253F82770F6B289EACD
:1066D0000707C0F3072953F8299087EA3B27019160
:1066E00053F8266087EA39690599C5F307472D0EE7
:1066F00053F82550C4F3072453F824407140C0F3E5
:10670000074053F8200081EA3526019986EA34666D
:106710005FFA8CF486EA304653F82450080E069946
:1067200053F82000694081EA302553F82770C6F3FA
:10673000072053F8200089EA374785EA3065C7F318
:10674000074053F82000079985EA3045380E53F882
:1067500020409DF8040053F82000414081EA342095
:10676000CCF3072453F8244080EA3460C6F307448E
:1067700053F8244080EA3440340E53F82490FCB29D
:1067800053F824400899F6B2614081EA392401990E
:1067900053F82660C1F3072953F82990099984EA30
:1067A0003964CCF307494FEA1C6C53F82CC0714094
:1067B00081EA3C260199C7F3072753F82770C1F3F4
:1067C000074153F8299053F8211086EA37664FF0B5
:1067D000010C84EA394486EA31465DE638AE0400AD
:1067E0006C33050050F8233001447B4002934B6822
:1067F0004FF0000C734003938B68CF4A6B400493B7
:10680000CB68303163401E46DDE90305029C0593E9
:1068100051F810BC51E90837CDF818B051F80CBC4C
:1068200051E906A9CDF81CB051F808BC2031CDF8CB
:1068300020B051F824BCB8F1000FCDF824B000F31B
:10684000BA80BCF1000F03D1DDE90305059E029C6F
:106850005FFA84FC52F82CC0310E52F8211083EA02
:106860000C0383EA3123C0F3072152F821105FFAA9
:1068700080FC83EA3163C5F3074152F8211052F8D6
:106880002CC083EA3143210E52F8211087EA0C070D
:1068900087EA3127C5F3072152F821100E9387EAC2
:1068A0003167C6F3074152F8211087EA3147E9B250
:1068B00052F821102D0E8AEA010C010E52F8211017
:1068C00052F825508CEA312CC6F3072152F82110DA
:1068D000F6B252F826608CEA316CC4F30741C4F377
:1068E000072452F8244089EA0606C0F3074052F80C
:1068F000200086EA352585EA346484EA304052F87F
:1069000021108E4A040E155DDCB2145D069E8CEAE1
:106910003141744084EA0564C7F30725555D0F973C
:1069200084EA0524C1F30745555D109184EA0548C2
:106930001D0E565DFDB2555D079C1190654085EAC0
:106940000665C1F30726965DCDF8288085EA062501
:10695000C0F30746965D85EA06453E0E0B9512F894
:1069600006C0CEB2965D089C090E664086EA0C66AB
:10697000C0F3072C12F80CC0C0B286EA0C26C3F391
:10698000074C12F80CC0C3F3072386EA0C4612F832
:1069900001C0115C0998D35C4140C7F30747D25D41
:1069A00081EA0C6181EA032383EA02430C960D938A
:1069B000CEF8008047E64FEA166C52F82CB05FFA2A
:1069C00084FC52F82CC008F1FF3883EA0C0CC0F3A9
:1069D000072352F823308CEA3B2C8CEA336CC5F346
:1069E000074352F823308CEA334CC3B252F82330B9
:1069F0005F40230E52F8233087EA3327C5F307237D
:106A000052F8233087EA3367C6F3074352F823303E
:106A100087EA33430193030E52F823B0EBB252F8E6
:106A200023302D0E8AEA0303C6F3072A52F82AA060
:106A3000F6B252F8266083EA3B2352F8255083EAE7
:106A40003A6AC4F30743C4F3072452F8244089EA9E
:106A50000606C0F3074052F8200086EA352686EA8B
:106A6000346686EA30465FFA8CF052F82040069889
:106A700052F8233060400446300E52F820008AEA73
:106A8000334384EA30240198079FC0F3072052F86B
:106A9000200084EA3064C3F3074052F8200084EAFF
:106AA00030444FEA1C6052F820509DF8040052F820
:106AB0002000474087EA3520C3F3072552F82550C8
:106AC00080EA3560C6F3074552F8255080EA354024
:106AD000019D2D0E52F82590DDB252F82550089FE9
:106AE0001B0E6F4087EA3925C6F30729F6B252F824
:106AF000299052F82660099F52F8233085EA3965BB
:106B00007740CCF30749CCF3072C87EA332652F8B9
:106B10002C3052F8299086EA3366019B4FF0010C25
:106B2000C3F3074752F8273085EA394586EA3346EA
:106B30006EE66FF0860091E538B204006C34050013
:106B40000346054900B5DBF717FD5DF804EB01448A
:106B5000184600F003B800BF10000000F8B54F4A17
:106B60000D460023D0E90001CAF772FC002A044652
:106B7000B7BF02F5A8324A4B4A4B02F5C072E4187F
:106B800041F100064FF46161E01CB2FBF1F301FB3F
:106B900013224FF03C01AB60B2FBF1F301FB132277
:106BA00046F100016B6000232A600722CAF750FCFF
:106BB000002A54DA0732AA613B4800233B4A2018D6
:106BC00066F10001CAF744FC384B48F6AC6140F26C
:106BD000B45703FB104440F26D164FF0050CB4FBA4
:106BE000F1F1B4FBF7F32144C91A314BB4FBF3F3D1
:106BF000C91A48F69463B1FBF3F3B1FBF6F2B1FBAB
:106C0000F7F123445B1A992106FB123303EB83044B
:106C10005E1C0234B4FBF1F779430231B1FBFCF1A5
:106C2000761A40F2F9518C424FF4C8748CBF6FF061
:106C30000901022104FB00203944012998BF0130D9
:106C4000B3F5997F13D3A3F59973A0F26C70EB6140
:106C50000023EE60C5E904102B622846F8BD002E23
:106C6000AA61A9DB114A002320463146AAE797070B
:106C700010D14FF0640C92FBFCF70CFB17275FB9A7
:106C800092FBF4F704FB1722B2FA82F252093B336B
:106C90001344DAE70022FAE70122F8E78051010005
:106CA0006CFA0A006BFA0A0050C5FDFFB13A020007
:106CB000B03A02000CB430B58BB004460D46202229
:106CC000002102A810F026F80223002D06948DF86A
:106CD0000A300C4B039312DB01D06B1E1C440FAA2D
:106CE0000E9902A80794019200F0BAFC15B1069B18
:106CF00000221A700BB0BDE8304002B0704700248B
:106D0000EDE700BF977304000EB470B58BB0044676
:106D1000202200210FAD02A855F8046B0FF0FAFFF6
:106D2000022302A82A4631468DF80A30074B069402
:106D30000393019500F094FC0028A4BF0023235482
:106D40000BB0BDE8704003B0704700BF97730400FC
:106D50002DE9F84F81468846002319F803005A1C94
:106D6000202800F08E81A0F10901042940F28981D8
:106D70002B28144631D02D2834D0042540F0200390
:106D8000692B31D06E2B5DD000224FF00A0A964657
:106D900017461346114615F4006C68D040F02006E3
:106DA000A6F1610BBBF1050F61D8573EF6B256450F
:106DB00062D340F0200005F08006782840F0A380E0
:106DC000002E50D053EA010640F09F8045F4006C3D
:106DD0004FF0100A1FFA8CFC83E0042519F802001A
:106DE0009C1CCBE74425F9E7A74B0026A74F13F8D7
:106DF000011B49B119F80420601C42F020028A42AC
:106E000024D0A34A93422ED13046394610F004FADA
:106E100048B119F80430282B05D1013419F8043091
:106E20000134292B14D16B0602D507F100431F460C
:106E3000B8F1000F02D04C44C8F800403046394643
:106E4000BDE8F88F934B0026934FD0E70446CEE77A
:106E500023F02002413A192AE0D9A3F13002092A8D
:106E6000DCD95F2BDAD0002600270024E0E7A0F170
:106E70003006F6B256453BD245F0800C15F48070D2
:106E80001FFA8CFC25D1BAF10A0F14BF4FF00F0B7B
:106E90004FF0100BDE450EDCA80527D4AAFB033506
:106EA000F3180AFB015545F1000153EA010018D01F
:106EB0000EF1010E15E045F4C07CBAF10A0F1FFA7D
:106EC0008CFC06D1042E04D9052E4FF0020708BF12
:106ED0000646002E18BF47F001071CF4007F00D1C2
:106EE000013219F804006546013454E7013AD5E748
:106EF000FE2E7FF45EAFAE053FF55BAF45F4007C40
:106F00001FFA8CFCEDE7002EADD0BCF1000F70D065
:106F100092007026864218D119F80400661C2B28AE
:106F200004D02D2867D145F48065ADB219F806C0AC
:106F3000A61C04466046A0F1300CBCF1090F5DD9D7
:106F400001340CBF06F1FF34B41E53EA010004F112
:106F5000FF3400F09380280576D53632B1F5800FE6
:106F600064D34E48B1F5000F65D2824263DB3B43E8
:106F7000084603F00306032E03D003F00606062E90
:106F800009D1043341F10000B0F5000F22BF0132F6
:106F900001234FF48000B2F5806F6CDAB0F5800FFA
:106FA0004FEA90014FEA930326BF21F4801102F2C9
:106FB000FF32002243EA807341EA025718461E4618
:106FC000394601F07BFC0138022804D8344B2222D8
:106FD000DBF7D2FA1A503046394601F06FFC01381F
:106FE00002283FF620AF2E4B2222DBF7C5FA1A50BB
:106FF00019E765268EE74FF0FF349CE7002440F246
:10700000D34A4FF00A0B5445DCBF30380BFB040465
:1070100019F806000136A0F1300CBCF1090FF2D9C5
:10702000680548BF6442224434468EE7DB1802F10B
:10703000FF32494192E75E0803F00103013246EA5C
:10704000C176490833438DE796441EF5A27F0FDDD4
:10705000BEF59B7F0FDA03F0010038430130800852
:10706000181841F1000100F09DFF06460F46B2E7F7
:1070700000260027AFE70026044FACE700260027D4
:10708000D1E6134669E600BF6F3505000000F07FCA
:10709000723505006C3505000000F87F02FCFFFF2B
:1070A0000C0000002DE9F047002380460F4618F839
:1070B00003C05A1CBCF1200F00F05D81ACF1090146
:1070C000042940F25881BCF12B0F144630D0BCF19A
:1070D0002D0F32D000264CF02003692B2FD06E2BC1
:1070E00055D000214FF00A098E460B460D4616F486
:1070F00000605FD04CF02002A2F1610ABAF1050FE6
:1071000058D8573AD2B24A4559D34CF0200C06F021
:107110008002BCF1780F40F08E80002A47D0002D0D
:1071200040F08B8046F400604FF0100980B271E0AF
:10713000002618F802C09C1CCDE74026F9E78F4BCB
:107140004FF0FF4513F8011B49B118F80420601CEB
:1071500042F020028A421DD0894A934227D1284614
:1071600010F067F848B118F80430282B05D1013425
:1071700018F804300134292B0ED1730601D505F11E
:1071800000450FB144443C602846BDE8F0877D4B84
:107190007D4DD7E70446D5E723F02002413A192A6E
:1071A000E6D9A3F13002092AE2D95F2BE0D000250D
:1071B0000024E6E7ACF13002D2B24A4531D246F0C3
:1071C000800016F4807C80B21DD1B9F10A0F14BF83
:1071D0004FF0070A4FF0080AD64507DCB6051ED463
:1071E00005FB0925B5B10EF1010E13E046F4C070A0
:1071F000B9F10A0F80B206D1042A04D9052A4FF04A
:10720000020308BF6246002A18BF43F00103860547
:1072100000D4013118F804C00646013467E701398B
:10722000DEE7FE2A7FF471AFB2053FF56EAF46F49C
:10723000007080B2EEE7002AB9D000285FD0890044
:107240007022624518D118F80420601C2B2A04D043
:107250002D2A56D146F48066B6B218F800C0A01C9C
:1072600014466246A2F1300CBCF1090F4CD901342E
:107270000CBF00F1FF34841E013C002D79D0320593
:1072800061D51931B5F1007F54D3B5F1806F54D277
:1072900011F17E0F51DB2B4303F00302032A03D0CD
:1072A00003F00602062A05D10433B3F1806F24BF30
:1072B0005B0801317F2959DCB3F1007F4FEA930568
:1072C00026BF7F3125F40005002145EAC155284637
:1072D00001F014FB0138022804D82C4B2222DBF7E2
:1072E0004BF91A50284601F009FB013802283FF6F5
:1072F00044AF264B2222DBF73FF91A503DE76522C7
:107300009FE74FF0FF34ADE700244FF00A09DF2C70
:10731000DCBF303A09FB042418F800200130A2F148
:10732000300CBCF1090FF2D9720548BF6442214408
:107330000446A1E76D000139A4E705F0010201311F
:1073400042EA5505A1E78E441EF12D0F0CDBBEF17C
:10735000270F0BDC05F001001843013005EB90000E
:107360000FF0ACFD0546BDE70025BBE74FF0FF453C
:10737000B8E7002501E7134699E600BF7A35050016
:107380007D350500773505000000C07F0C0000004A
:10739000242A2DE9F041054601D8012A0AD1354BAE
:1073A0001622DBF7E9F81A5001B10D600020BDE8A4
:1073B000F0813046064616F8014B202CF9D0A4F196
:1073C00009072346042FF4D92B2C32D02D2C33D18E
:1073D0004FF0010C3378861C302B34D1307840F0DC
:1073E000200078282BD132F0100028D17378354650
:1073F000102202360CF100470020013FB7FBF2FEDD
:1074000002FB1E78392B82BF03F1FF3343F02003C8
:10741000263B303B9A421DD9704502D817D198457A
:1074200015D24CF0020C3446354614F8013B264682
:10743000E8E74FF0000CCDE74FF0000CCCE7002A56
:1074400008BF0822D6E7002A08BF0A22D2E700FBBD
:107450000230E8E701B10D601CF0010F18BF404297
:107460001CF0020FA3D0034B2222DBF785F81A5041
:1074700038469CE70C000000242AF0B5044601D8E9
:10748000012A40D12E4B1622DBF776F81A5001B1B3
:107490000C600020F0BD2F463D4615F8010B20285A
:1074A000F9D0A0F109060346042EF4D92B282CD0DC
:1074B0002D282CD101262B78BD1C302B2DD12878DE
:1074C00040F02000782824D132F0100021D16B78D0
:1074D0002C46102202350020392B82BF03F1FF33E6
:1074E00043F02003263B303B9A421AD9A0FB02040A
:1074F0000CB9C01801D346F002062F462C4617F8E7
:10750000013B3D46E8E70746C6E70026D3E70026ED
:10751000D3E7002A08BF0822DDE7002A08BF0A22B5
:10752000D9E701B10C60F20748BF4042B307B1D5BB
:10753000034B2222DBF720F81A504FF0FF30A9E767
:107540000C0000002DE9F0410126B24201DCBDE84B
:10755000F08107463B461F4613F8014B002CF6D03E
:10756000252CF8D11D780237252DF3D00023DFF824
:10757000EC809C461C461F2C27D8A5F1200EBEF19E
:10758000100F06D828FA0EFE1EF0010F53D12E2D33
:107590003CD02E2D27D8242D33D02A2D36D0BCF127
:1075A000000FD4D0B445D5D145F020070B68A7F122
:1075B000650CBCF1020F01D9612F42D1073323F0D2
:1075C0000703083301360B60BFE77F2CDFD96C2D32
:1075D00023D01DD8682D27D06A2D01D04C2DDED1A7
:1075E00044F4207408E0A5F1300EBEF1090FEED886
:1075F0000A2404FB03E3202417F8015B002DBAD111
:10760000CDE7BCF1000F18D0B34218D00023F3E748
:10761000742DF1D07A2DEFD0C1E7250648BF44F490
:10762000007444F08004E7E7E50548BF44F40074C3
:1076300044F48074E0E70024DEE79C46E6E7632537
:10764000B2E7692D02D007D8632D03D0250601D5F6
:10765000A405B3D40433B5E7732DF6E789280100F8
:107660002DE9F04F837893B08046D0F804909C07C2
:10767000CDE9081214D50B4600250B92187888B175
:10768000252813D00133069341460135C847002809
:1076900080F2F28398F8023043F0040388F8023055
:1076A0004FF0FF35284613B0BDE8F08F93F801A0E6
:1076B0009A1CBAF1250F0692E6D04FF0000B5E46F9
:1076C0005F465C461F2C23D8AAF12003102B22D83A
:1076D000DFE803F01521211B2121210B212121139A
:1076E00021182121090044F00104069B13F801AB85
:1076F0000693BAF1000FE5D11BE044F0020444F018
:107700000404F2E744F00804EFE744F01004ECE767
:107710007F2C00F2F680BAF12E0F00F0D38000F239
:10772000AC80BAF1240F00F0D380BAF12A0F00F038
:10773000B480BBF1000F06D0099B5A460BA90898EC
:107740000B93FFF7FFFE002E4AF02003B8BF24F092
:1077500040040493A3F16503BCBF0026A4B2022B2E
:1077600004D94AF02003612B40F086826FEA0A0AAE
:107770000AF0200307930B9B073323F0070303F161
:1077800008020B92049A612AD3E9000104F0400335
:1077900040F0E480002B079B0CAA44F4C05408BFBF
:1077A0004FF0FF36009333460FF06EFD01304FF07F
:1077B000010CDDF830A0C3B2B3420393A8BF03F1BC
:1077C000FF367023CDE9043C0AF10903122B0DD9D1
:1077D0000AF16303C62B40F2F3800AF2E73340F26A
:1077E000CE7293428CBF0423032305939DF834305B
:1077F000D80700F1E780A20700F1E780C4F3800B0F
:107800004FEA4B1B5FFA8BFB13F00C0F00F0E98083
:10781000BBF1000F0CBF03230423BB420EDA200789
:10782000A7EB03070BD42F4441462020C84700286C
:1078300005F10105FFF62EAFBD42F5D10027BBF1E2
:10784000000F07D041465846C847002805F10105FA
:10785000FFF620AF9DF83430AD4C13F0080FAD4B60
:1078600008BF1C462646324616F8010B002840F099
:10787000AF802C1B02EB040B7AE1AAF13003092B39
:107880003FD814F0400F4FF00A020ABF44F0200422
:1078900002FB063602FB073727E7BBF1000F7FF438
:1078A00024AF0B9A600652F8043B0B9201D51E469A
:1078B0001BE7002BA7BF44F020041F465F4244F0A3
:1078C000280412E763063FF5EDAE44F040040CE7F0
:1078D000BBF1000F3DD014F0400A099B0BA908989A
:1078E0000CBF3A4632460B93FFF72CFE0B9B53F826
:1078F000042B0B93BAF1000F01D01646F5E617469C
:10790000F3E6BAF16C0F16D00CD8BAF1680F19D0A3
:10791000BAF16A0F03D0BAF14C0F7FF40AAF44F406
:107920002074E2E6BAF1740F3FF4DFAEBAF17A0FD9
:107930003FF4DBAEFDE6200648BF44F4007444F09B
:107940008004D2E6E30548BF44F4007444F4807434
:10795000CBE65E46BB4634463746C6E6002B049B64
:1079600008BF0626652B0FD1721C44F48054D2B296
:107970001346112A4FF0650E4FF0000228BF112365
:107980009446CDF810E007E0049B662B10D144F438
:107990000054B44601221123CDE9002C0CAA00F0BA
:1079A000F5FBDDF830A0C3B20393022305930BE788
:1079B00016F0FF02DCD16523944604930123EBE724
:1079C000022312E74FF02D0B1EE74FF02B0B1BE7A6
:1079D000079B4146C01AC0B2C8470028BFF643AF54
:1079E00058E614F4405F40F09780039B002E03F1AB
:1079F000480308BF01266B44133B039A1AB113F8DE
:107A0000012D302A75D014F0100F039B18BF334698
:107A10001AF1040F72DBB24570DA534544F4005496
:107A20007DDD0AF101069E1B2AEAEA730133BBF1F0
:107A3000000F00D00133002E73D0721C13449F42FC
:107A4000CCBFFF1A002714F0090F03D12F44BD4209
:107A50006BD10027BBF1000F07D041465846C847FD
:107A6000002805F10105FFF615AE230510D54146A6
:107A70003020C8470028FFF60DAE079B414602356F
:107A8000C3F1780000F0F800C8470028FFF602AE06
:107A9000200704D4AB467D195D454ED10027A104D3
:107AA00069D52AEAEA737642AAEB030A039A013BF4
:107AB00005F1010B524589BF0CAA30205244507980
:107AC0009E4242DC41460493C84700280AF1010A5D
:107AD000049BFFF6DFAD5A1C09D141462E200493CA
:107AE000C8470028FFF6D6AD05F1020B049B5D46A2
:107AF000DCE7039A013AD2B203927EE75E1E14F4E9
:107B0000006F059A14BF0523032313448FE700BFBA
:107B1000C82F050069F60400A10485D4EFE700260C
:107B200082E7E20648BF013389E741462020C84783
:107B3000002805F101058ADAACE541463020C84746
:107B400000280BF1010BA7DAA4E541460393C847CF
:107B50000028FFF69FADE6060AD5039B013307D147
:107B600005F1020B41462E20C8470028FFF692ADD2
:107B70005D465F4412E241469DF83500C847002843
:107B8000FFF688AD002E5DDD41462E20C847002857
:107B9000FFF680AD01240CAB039A4146A346A242F6
:107BA000CABFE21830205079C8470028FFF672ADEE
:107BB00001340CABA642EFDAAC1C5C44049B41469A
:107BC000079A981AC0B2C8470028FFF663ADBAF109
:107BD000000F4146B6BF2D202B20CAF1000AC8472E
:107BE0000028FFF657AD059B042B37D14FF47A766A
:107BF00041460334BAFBF6F505F13000C0B2C84780
:107C00000028FFF647AD06FB15AA6426414601345D
:107C1000BAFBF6F505F13000C0B2C8470028FFF600
:107C200039AD06FB15AA0A2641460134BAFBF6F522
:107C300005F13000C0B2C8470028FFF62BAD06FBA7
:107C400015AA12E0E40601D46C1CB7E741462E20C9
:107C5000C847002805F10204B0DA1BE5059B023491
:107C6000032BD2D0059B012BDDD10AF1300004F1AA
:107C7000010B4146C0B277E7AAF16303122B00F271
:107C8000E580DFE813F013005400E300E300E300B5
:107C9000E3005400E300E300E300E300E300FC0042
:107CA000DD00E300E3002900E300AB000B9B0126AD
:107CB0000DF1300A1A1D1B680B928DF83030200729
:107CC0002CD50AEB060B54465C4529D1A5EB0A0AD4
:107CD000BF1B04EB0A0B4BE70B9B1A1D0B92D3F84F
:107CE00000A0A94BBAF1000F08BF9A4614F0400F4C
:107CF000504614BF31464FF0FF310FF06DF8064685
:107D0000DDE741462020C8470028FFF6C3AC013C10
:107D1000A642F6D32F443D1B2746D2E73C46F7E761
:107D2000414614F8010BC8470028CDDAB2E4210619
:107D30000B9B32D5A2052BD5073323F0070303F1A4
:107D40000802D3E900010B9224F0100B00291FFA5E
:107D50008BFB32DA40424BF4806B61EB41010CAC9F
:107D60000A2322460FF054F81BF0400FA0EB040248
:107D700000F09C802BF0010396429BB240F39F8061
:107D8000BAF1000F40F09D802BF011039BB21FE071
:107D90001A1D18680B92C117D6E71A1DE00519685D
:107DA0000B9201D40846F6E7A20547BF48B241F35B
:107DB000C01108B241F3C031C6E750EA0103CED189
:107DC0006306CCD5002ECAD124F011043246A3B2EA
:107DD000344640F206410B426FD126E024F01004F5
:107DE0000A23A4B214F0800C0B9A4CD014F4007146
:107DF00015BF0732101D22F007020B900FBF10684D
:107E000002F108010B91D2E9000150EA010247D1C9
:107E100024F0160B62061FFA8BFB45D5002E43D1CA
:107E200024F017043246A3B2344619075FD4D907A9
:107E300004D5A74272DD3C1BA6183C46A34650E081
:107E400044F0100410234FF0780ACBE74AF02003E7
:107E5000782B04D1CAF1780343F01003C2E74146FE
:107E60002520C8470028FFF615AC41465046C847B4
:107E70000028FFF60FAC0235069BFFF7FFBB082377
:107E80004FF0000AAEE7111D10680B9114F48071D9
:107E9000BBD014F400711ABFC0B2614680B2B4E71F
:107EA00024F006041FFA84FB0CAC5AE714465B4628
:107EB000D9068ED5BAF1000F05D10134B5E71446C5
:107EC000F6E73446F4E70234AFE741462020CDE937
:107ED0000332C8470028FFF6DDAB0BF1010BDDE9EB
:107EE00003325F45F1DC2C1B04EB0B055C46D90625
:107EF00016D5414630200392C8470028FFF6CAAB8A
:107F0000039ABAF1000F32D0023541465046C847B5
:107F10000028039AFFF6BEAB2E441DE016468DE7FF
:107F200040F206410B42F7D013F0020F05F10105B4
:107F30004146039214BF2B20202013F4806F18BFFA
:107F40002D20E4E7414630200392C847002805F180
:107F50000105039AFFF69EAB731B9A42F2DB1646AD
:107F60000DF1300A2EB902EB050B3F1B00E601357F
:107F7000D2E7013E414603921AF80600C84700289E
:107F8000039AEFDAFFF786BBCC2F0500414620208D
:107F9000C847002805F10105FFF67CAB7B1B002BD1
:107FA000F4DC69E72DE9FF47804616460F460029B5
:107FB00000F0A280B1FA81F4341B002E04F10A040F
:107FC000C0F2A280304600F02DFB0444304600F0A1
:107FD0002FFBA4EB060905466946304600F050FB2E
:107FE000A9EB05036A4640467D3339460EF036FF5D
:107FF000A64282460D4600F38380B9F13F0F00F39D
:1080000081804FF0FF33A9F12000C9F1200103FA6C
:1080100000F003FA09F223FA01F103FA09F302432B
:1080200028EA03030A4327EA020213430CBF012094
:108030000020002D00F08A80B5FA85F3E31A40F2A3
:10804000FE7203F23E43934200F38680002B23EA44
:10805000E371D4BF01220A46121BA2F23344A2F2FA
:10806000344EA2F25343C4F120072AFA04F625FA4B
:1080700003F3CEF1200C05FA07F725FA04F405FA0C
:108080000CFCCEF120083E43A2F25447A2F2544227
:108090001E432AFA0EF325FA07F743EA0C033B4383
:1080A00013F0010318D04FF0FF3707FA02F307FA75
:1080B0000EFC4CEA030C27FA08F307FA0EF74CEA19
:1080C000030C2AEA070A25EA0C055AEA050A41D1F7
:1080D00000283FD006F001039A1944F10004C4F3CC
:1080E000130452EA0400104608BFC91844EA0157B5
:1080F000394604B0BDE8F087B0FA80F420345BE77D
:10810000012096E7002094E7C6F10009484600F0F8
:108110008FFA241A484600F08BFAA61B05466946DA
:1081200048462E4400F01EFB6A46404606F17C039A
:1081300039460EF093FE82460D464046394600F021
:1081400087FA81458CBF0020012072E7BAFA8AF3D2
:10815000203373E70123BFE700200149C9E700BFCF
:108160000000F07F1FB502AB074A00934FF0CC33FD
:108170000FF01CF8DDE90201C00840EA4170C908AF
:1081800005B05DF804FB00BFCDCCCCCC2DE9F04FA1
:108190009BB00F0D04460A939DF890300592C1F3F1
:1081A0000A520C93C1F31303C90F07917AB950EA2D
:1081B00003017ED10599302301274B71079B0A608B
:1081C00043F002030B7138461BB0BDE8F08F40F25C
:1081D000FF718A420BD10343079B059A4FF00007BA
:1081E00014BF43F0080343F004031371EBE7A2F25A
:1081F000354A43F48015234304F001024FEA850811
:108200000CBF27F00107012748EA9478089208BFBD
:108210007F054FEA840602BF7F0DB7FA87F77F0913
:10822000BAF1000FC0F2B680504600F0EFF9BAF193
:10823000030FC8BF0138049000F002FA049B7C30A1
:1082400016A9A3EB0A0A8244184600F08BFA12AB77
:1082500020462946019310AB16AA02970093534675
:108260000EF0B3FE049B04460D46152B00F28E80E3
:1082700014ABA94A3046414600934FF0CC33DDE9B8
:10828000109A0EF093FF149B159A9B0843EA827391
:1082900003EB8303B34210D14146304600F0D8F9D6
:1082A000049B83428CBF4FF000084FF00108002769
:1082B00015E01D46DFF864A29DE7089B002B55D111
:1082C000013E48F1FF31F01B61F1000100F0C0F9FF
:1082D000049BDDF8208083428CBF002701270C9B84
:1082E000002B40F0C880DDF8289000264FF00A0BE4
:1082F00006960996DDE91001FFF734FFDDE912A3C8
:10830000CDE90D01194650460F93FFF72BFF0A46A2
:1083100003460D990B908B420E9B72EB03010F9B52
:1083200080F0C480204629460F92FFF71BFF0B9B6D
:10833000002E14BF4FF0000808F001080F9A0BFB45
:1083400010460BFB03F50D9BF6B204461093554502
:1083500014BF002707F001070E9B0D4613921193DF
:108360000B9B1293069B01330693C3E7B01C48F1A5
:10837000000100F06DF9049B83428CBF00200120B6
:10838000B9EB00006AF10002CDE910024FF00008DD
:108390004746A4E7CAF1000B584600F03DF9BAF190
:1083A000FF3F0CBF8146A0F10109ABEB090B0AEBC3
:1083B00009035846049300F043F916A9A0F17D0A79
:1083C000584600F05DF912ABA9EB0A0A204601936A
:1083D00010AB294616AA0093534602970EF0F5FDFE
:1083E000B9F1010F04460D460ED8089B13B94FF0A2
:1083F000010874E7109B4FF00108119A013B42F10C
:10840000FF32CDE9103252E7B9F13E0FBED84FF03E
:10841000FF33A9F12000C9F1200103FA09F203FAA0
:1084200000F023FA01F103FA09F3024326EA0306F6
:108430000A4328EA020856EA08060CBF4FF0010872
:108440004FF0000833E700FB02F60133A1FB0012F6
:1084500032448C4275EB0206F5D2049ADDF828907E
:108460001344259A1344D20F9342B8BF134699453B
:10847000A8BF994639E70A21002201230846E8E708
:108480000BFB01FE0CF1010CA0FB0B0171448442BB
:1084900075EB010EF4D2CC450DDDB9F1000F02D120
:1084A00054EA050107D0012309933BE70A20002184
:1084B0004FF0010CEBE7002F32D04FF00A0B504683
:1084C0001946FFF74FFE0BFB00F20B9152450E9041
:1084D00026D1002E14BF4FF0000808F00108DDE996
:1084E0001001FFF73FFE8A460D9029462046FFF710
:1084F00039FE0D9A0E9B0BFB10460D460446129357
:10850000F6B2CDE9102A0B9A9A460B9B1392069A63
:1085100001320692D3E700BFCDCCCCCCCCFBFFFF21
:10852000B8F1000F05D0052E03D104F00106043682
:10853000F6B2069BDDF810809844099B53B9DDE93B
:1085400012239D4208BF944204D1089B002B4AD1BC
:10855000002F48D0042E94BF0026012630194FF07A
:108560000A024FF000034FF0010745F100011446E5
:10857000904271EB030538D2F6B1B9451CDA0C9B79
:108580006BB108EB0703259ADDF828901344012B03
:10859000B8BF01239945A8BF99464F450CDD05306A
:1085A00008F1010807F1FF374FF00A024FF000030E
:1085B00041F10001C8F79CFF4F450FFA88F8059B71
:1085C000A8BF4F464FF000093FB2B84408F1FF364C
:1085D00007F105089844B9450EDB059B1A461E6055
:1085E000079B1371EFE50126B8E704FB03F501379C
:1085F000A2FB04232B44BBE70A220023C8F778FF21
:10860000303209F1010908F8012DE4E7014B584324
:10861000800C704741340100014B5843000D7047F6
:10862000FB2E0B00014B5843C00C70474F931200B8
:10863000024B5843C00C0130704700BF4F931200EB
:10864000024B5843C00C0130704700BF4F931200DB
:1086500070B50346094A00204FF0CC364FF0333551
:1086600006FB03F402FB0144A3FB023121449D42BB
:1086700075EB010401D30130F2E770BDCDCCCCCC59
:108680001A232DE9F04FB0FBF3FA334E03FB1A0324
:1086900089B004460D4606EB0A1653B9D6E9002305
:1086A000C1E90023D6E90201C5E9020109B0BDE82C
:1086B000F08F2A4A02EBC303D3E9008904AB40469A
:1086C00049460093D6E902230EF070FD06AB8346BF
:1086D0000F46404649460093D6E900230EF066FD5A
:1086E00000238146DDE9066216EB0B0652EB070814
:1086F00028BF012333B1049B059A013342F10002E4
:10870000CDE9043220460391FFF79AFF07461A206D
:1087100000FB0AF0FFF794FF3F1A324643464846F3
:10872000039900970EF059FD0D4A4FEA141C64009E
:1087300004F01E0352F82C40DC4004F0030424181B
:10874000304641F10001DDE90423C5E9004141461D
:1087500000970EF042FDA7E7F8880400288804007F
:1087600038B604002DE9F04F1A2700F11905DFF89B
:10877000E0A089B004460E46B5FBF7F56F434FEA1B
:10878000051B0AEB05153A1A0AD1D5E90023C1E900
:108790000023D5E90201C6E9020109B0BDE8F08F66
:1087A0002C4B03EBC203D3E9008904AB4046494696
:1087B0000093D5E902230EF0F9FC5AF80B206B6800
:1087C000013ACDE9020106A963F100034046009198
:1087D00049460EF0EBFC8A46029900238146DDE90A
:1087E00006526D18039952EB010828BF012333B1DB
:1087F000049B059A013342F10002CDE90432384668
:10880000FFF71EFF07462046FFF71AFF3F1A2A46CA
:1088100043464846514600970EF0DFFC0E4A4FEAA9
:10882000141C640004F01E0352F82C40DC4004F0D9
:10883000030401342418284641F10001DDE9042332
:10884000C6E90041414600970EF0C7FCA3E700BF10
:10885000C8890400288804008CB6040038B5C0F329
:10886000C753014620F000457F3B162B19DC002B37
:10887000024608DA00281BDB002D14BF4FF07E51A2
:108880000021084638BD0C4818410842F9D000299B
:10889000C2BF4FF4000141FA03F3D21822EA0001EB
:1088A000EFE7B5F1FF4FECD3C8F7BEFA0146E8E7B2
:1088B0004FF00041E5E700BFFFFF7F000B4631F0BE
:1088C000004104D100280CBF022003207047094A50
:1088D000134208D0084B994207D9914207D1B0FA08
:1088E00080F0400970470320704704207047002043
:1088F000704700BF0000F07FFFFFEF7F30F00040C7
:108900000DD0A0F50003B3F1FE4F0AD3421E074B72
:108910009A4208D9A0F1FF435842584170470220BB
:108920007047042070470320704700BFFEFF7F00A0
:108930007047034600201A7B12B11A688A4206D09B
:108940000130182803F11003F5D14FF0FF307047C4
:1089500030B50D0100EB01110B7BABB1D0F88831C4
:108960000A7AD0F88441032B4FEA0221C4EB022299
:108970000BDC0BB104EB62010133C0F8883100233A
:10898000C0F884112844037330BD04EBE201F3E71F
:108990002DE9F041D0F88041C0F88C2100EB0413A0
:1089A0001B7B05460F4616464FEA041813B12146B5
:1089B000FFF7CEFF002205EB080345F808701A7296
:1089C0005A8101225E601A731823144494FBF3F257
:1089D00003FB1244C5F88041BDE8F08138B5054677
:1089E0001446FFF7A6FF431C01460AD005EB001210
:1089F0005368E41A42F210739C4204D92846FFF7E8
:108A0000A7FF002038BD137AFF2B01D10120F9E721
:108A100001331372FAE770B505461446FFF789FF74
:108A2000431C06461FD02046C8F7AEFAD5F8901171
:108A3000C8F702FBC8F7ECFCA0B10C2303FB04F25F
:108A4000B2F5FA6F28BF4FF4FA6205EB06156B8991
:108A5000934208D2D21A824228BF0246B2F5803F22
:108A600003D290B270BD0020FCE74FF6FF70F9E72B
:108A700038B504461546FFF75CFF431C0CD00101D6
:108A800004EB001043890C445A19B2F5803F2CBF07
:108A90004FF6FF7292B2628138BD704770477047DF
:108AA0007047002070470020704770470B68022A0B
:108AB000036004BF4B68436070470A2070474FF45F
:108AC0007A60704707B504210DEB010005F076FCD4
:108AD00065230198B0FBF3F203FB1200643003B08E
:108AE0005DF804FBC0F3400080F0010000F00100DD
:108AF000704710B5036804469B699847034628B140
:108B0000E06A18B158436423B0FBF3F010BD38B5E8
:108B100000230446C0E90F33C0E91133A0F86030E8
:108B2000806D03681B689847236820630546DB6AED
:108B300020469847E0622046FFF7DBFFC4E90905BD
:108B4000606DE56103681B689847606D03689B6A08
:108B5000984784F8380038BD70B5036805469B69AE
:108B600098470446C8B1EB6ABBB1A86D03681B689F
:108B70009847AB6A0646C31A0FD05C43632C0CD9E6
:108B80002846FFF7B6FF6423B4FBF3F46B6AAE62CA
:108B90001C44844294BF6C62686270BD037813F019
:108BA000380F1FBF4FF40860C3F38303D84000F0B1
:108BB000010008BF0120704710B50446C06D03686E
:108BC0001B68984730B9B4F8603043F00103A4F84B
:108BD000603010BD00230371438080F80231F8E754
:108BE000C06D03685B68184710B5806D0C4603685C
:108BF0001B689847001B0028D4BF0020012010BD2F
:108C000010B5806D0C4603681B689847204410BD62
:108C100070B5456D04462B681E6A03685B6A984709
:108C200001462846B047606D03689B6A984730B993
:108C3000606D03685B69984780F00100C0B294F8EA
:108C40003830834217D084F83800B0B9A06D03687B
:108C50001B6898472063A06D03681B689847236BC7
:108C6000C01AB0F5FA5F82BFB4F8603043F0040375
:108C7000A4F8603001E00028EDD0236820469B6A0C
:108C80009847002811DD2046616BFFF7ADFF60B10A
:108C9000606D03685B6A9847236820469B6A984723
:108CA00001462046FFF7ACFF6063606D03685B6CB4
:108CB0009847606D03689B6C984794F83A3001467A
:108CC0002BB9012384F8390084F83A3070BD94F947
:108CD00039308342FAD0236884F839001B6B204670
:108CE000BDE8704018472DE9F047036805461B684A
:108CF0000E469847044630B93146E86D03685B6814
:108D0000BDE8F0471847012818D0D5F85C8020F05E
:108D10007F47D8F8003039462846D3F80890FFF747
:108D20006FFF220E013A034631464046D2B2C84791
:108D3000EB6C1BB117B13846296DE1E7BDE8F08750
:108D4000F8B543680446002B42D0406D03685B6968
:108D50009847002857D0A06D03681B68984725697D
:108D60006369471B3B44064663612046FFF7F4FEF8
:108D7000636A606DBB4292BF0025ED18AD1B656252
:108D800003689B69984761680A794888930902F0EB
:108D90003F0203FB02222368023250FA82F2DB68B0
:108DA0002046984761680878FFF79CFE38B3E36B6C
:108DB0000133E3632046FFF713FF0023636023685A
:108DC00020469B6A984701462046FFF719FF6063DB
:108DD000E56DA06D2B685E6B03681B6898470146C4
:108DE0002846B047014610B12046FFF77CFF2046D9
:108DF000CBF714FA2046BDE8F840CBF751BB236C03
:108E000001332364D6E72046E168FFF7EDFEA0B109
:108E1000606D03689B69984761680A79488893097F
:108E200002F03F0203FB02222368023250FA82F270
:108E30001B69204698476168BCE7F8BD2DE9F04101
:108E4000E6B0044630A81E460D461746DDF8B08150
:108E5000CBF776F8202230A8A9180CF0A9FB4246DF
:108E6000314630A80CF0A4FB10A930A80CF0A4FBEC
:108E7000684610A90CF073FA694620460CF0B0FA67
:108E800030A8CBF75DF8214630A820220CF090FBEB
:108E9000394630A820220CF08BFB4246314630A8E0
:108EA0000CF086FB20A930A80CF086FB20A908A8AE
:108EB0000CF055FA6B462A4608A904F120000CF084
:108EC0005FFA40210DEB01000CF02DF920216846DE
:108ED0000CF029F966B0BDE8F08110B504462022F7
:108EE00000210DF017FF204610BD10B504460846BE
:108EF00021460CF001FCB0FA80F0400910BD10B51D
:108F00000446FFF7EAFF4022002104F120000DF0A3
:108F100001FF204610BD38B5044600F12005284663
:108F200020220CF0D6FB94F82030294623F00703CA
:108F300084F8203094F83F30204603F03F0343F09C
:108F4000400384F83F30BDE838400CF049BA602A4D
:108F500038B50B4613D10A4603F1400400F1200155
:108F600052F8045BA24241F8045BF9D1603352F835
:108F7000041B9A4240F8041BF9D1012038BD402A55
:108F80000DD100F120010A4603F1400453F8045BBF
:108F9000A34242F8045BF9D10CF022FAEDE700207D
:108FA000ECE73F2A70B51ED95F2A00F1200300F1DB
:108FB000600407D853F8042BA34241F8042BF9D1DD
:108FC000402070BD1A460D4652F8046BA24245F887
:108FD000046BF9D1403150F8042B984241F8042B2E
:108FE000F9D16020EDE70020EBE713B504460093CC
:108FF0000846134604F120012246FFF71FFF02B086
:1090000010BD30B505460C4689B011466846FBF7E1
:1090100081F96A46204605F120010CF08DF909B06E
:1090200030BD0020704700207047002070470020AE
:1090300070470020704700207047704770477047A6
:109040000020704770477047704770477047002096
:109050007047704770470020704770B5446D0546F3
:10906000236808469E6800F002FC01462046B0478F
:10907000052204460021686E01F01AF934235C438E
:109080006423B4FBF3F4604370BD08B504220121EE
:10909000406E01F00DF97823584308BDC0F340003D
:1090A00080F0010000F001007047F8B50B7805462C
:1090B00018460C46FFF7F2FF08B90020F8BDFF2B59
:1090C000FBD00B7903F03F079B09013307FB033308
:1090D000402B07F10106F0DC2B682846DB6B984734
:1090E0000028EAD0227905F501719209013207FBC7
:1090F00002400A300DF0E8FD2379204623F03F03BB
:109100001E432671CAF786FF0646A86D03681B68D2
:1091100098473146024605F17000FFF739FC2B688D
:1091200021461B6C28469847237903F03F030133FF
:1091300040EA0360C2E701607047FFF7E8BCFFF751
:10914000FFBD10B50446FFF763FDA06D03681B6803
:109150009847014604F17000BDE81040CAF77CBF93
:109160002DE9F0470446806D0F46036800261B6812
:1091700098478146E06D03685B699847804646459D
:1091800024DAE06D31460368DB6998470546F8B19B
:109190000078FFF783FFD8B12846CAF73BFFB842F3
:1091A00016D1D4F854802846D8F80030D3F808A057
:1091B00000F05DFB01464046D04704F170080246CE
:1091C00039464046FFF727FC054618B9BDE8F08749
:1091D0000136D4E7E06D3146036805EB09029B6A6E
:1091E00098472A4639464046FFF742FCE36C002B7D
:1091F000ECD02846216DBDE8F047184770B50C4605
:1092000005467030CAF752FF237906469A0903F0E3
:109210003F0302FB0333686D628852FA83F10368EF
:1092200002319B689847044600EB8000C7F7ACFE0C
:109230003146C7F701FFC8F7EBF806235C43B4F5E6
:10924000FA6F28BF4FF4FA64A04228BF20460021DD
:10925000421C686E01F02CF8143070BD38B50B79E3
:1092600005469A0903F03F0302FB0333406D4A8829
:1092700052FA83F1036802319B68984740F29112D9
:109280000446FA21686E01F013F84FF47A7300FB7C
:1092900004F2B2FBF3F20021686E013201F008F82B
:1092A000143038BDF8B50D4600270B7901F10A06D8
:1092B00003F03F04013C23F03F031C43E4B20C7174
:1092C000A40901342B7903F03F0313FB04F3BB42E1
:1092D00000DCF8BD304626442246314627440DF0D6
:1092E000F3FCEFE72DE9F047202B81460E461746A9
:1092F0001C4692B004D90025284612B0BDE8F0877C
:10930000FFF75AFC05460028F5D01022034603F863
:109310004A2B324606F1200852F8041B424543F816
:10932000041BF9D1D9F8680005F16E0903681B68C0
:1093300098478246C5F86A002FB324B322463946BF
:1093400005F1AE000DF0C0FC04F164036B80334600
:109350000DF1040C624618685968083303C243458E
:109360009446F7D1CDF824A07FB174B12246394696
:109370000AA80DF0A9FC04F124034946304601AACD
:10938000FFF733FEB8E76423E0E72423F5E770B581
:109390000E461546FFF710FC044638B10C232A464A
:1093A000314600F84A3B0DF08FFC6580204670BDC9
:1093B0002DE9F04102F10108B8F1B80F0F46164649
:1093C0001D4614D8FFF7F8FB044668B128232D0189
:1093D00045F00305037080F84A50324639464B3059
:1093E0000DF072FCA4F802802046BDE8F081002454
:1093F000FAE72DE9F0470B780546FF2B0C4690461F
:109400004CD0036804F14A091B6D9847064604F1E5
:109410000A0AEEB949462846A278FFF7B8FF074680
:1094200000283BD0237904F10A0140220A3000F0E1
:1094300015FA3B78387123F0030343F002033B70C5
:109440003246434639462846BDE8F047CBF724BAB2
:109450002B6821465B6C2846984708F5967833467A
:109460004946A27880442846FFF7A2FF074690B1FC
:109470004022514623790A3000F0F0F93B783871E8
:1094800023F0030343F002033B70002243463946B6
:109490002846CBF701FA013EF6B2BAE7BDE8F087FD
:1094A000F0B591F84A70064607F00F03032B0C46FF
:1094B000C3B036D14B88042B33D901AD284600F018
:1094C000A7F9237840228DF8043004F10A012379AA
:1094D0000DF10E0000F0C2F962888DF80800013A23
:1094E00092B204F14B010DF14E00ADF806200DF0E3
:1094F000EBFBF06E294603681B68984788B9F06E4D
:10950000294603683F095B68984729463046FFF7BC
:10951000C9FE4FF496722946304607FB0222FFF738
:1095200068FF002043B0F0BDB82A70B50E4615465E
:109530000DD8FFF741FB044638B12C232A463146AB
:1095400000F84A3B0DF0C0FB6580204670BD00244A
:10955000FBE72DE9F04194460A78064622F0030E17
:1095600002F03C024EF0020E242A0C461D46069FD5
:1095700081F800E021D14B885A19B82A03DDBDE8F3
:10958000F041FFF72DBB03F14A002A466146204413
:109590000DF09AFB63881D44002365800525237127
:1095A000F06E214603685B6898473B462A46214691
:1095B0003046BDE8F041CBF76FB94022614604F177
:1095C0000A0000F04BF92578207105F03C05A5F163
:1095D00020035D425D41E3E72DE9F0410D78174638
:1095E00025F0030545F002050D70002506460C46E2
:1095F0000D71C06E03685B6898473B462A4621465A
:109600003046BDE8F041CBF747B92DE9F0410027DE
:1096100005460C461E460B7843F003030B70138877
:10962000CB8053880F710B81C06E03685B689847CD
:1096300033463A4621462846BDE8F041CBF72CB9DF
:109640002DE9F04FAFB09DF8E0809A4608F03F0456
:109650004FEA981303FB0444DDF8EC90064609F149
:1096600005032344A62B8B46174604D9002528461C
:109670002FB0BDE8F08FFFF79FFA05460028F5D020
:10968000202303709BF80030514680F84A3096F84A
:109690000432224680F84B300DF101008DF8008035
:1096A00004F1020A0DF010FB04F1B903E8460DEBDA
:1096B0000A006B44B9F1000F12D09DF8E4203A99EA
:1096C00003F8B82C4A460DF0FFFA09EB0A034246AC
:1096D000384605F14C0100F039FA02306880C6E7DF
:1096E000FF2203F8B82C736E01461A6818461668F4
:1096F0000422B047A31DEAE77FB509788DF814105E
:109700000B9903910A9902919DF8241001919DF8FB
:109710002010009105A9FFF793FF07B05DF804FB47
:10972000F8B5072915461E46089F22D107F13003D8
:10973000B82B1ED8FFF740FA0446C0B11C232A46B6
:109740000370337805F1200180F84A3000F14B03B3
:1097500052F8040B8A4243F8040BF9D13B46079AAE
:10976000069804F16B0100F0F1F921306080204689
:10977000F8BD0024FBE72DE9F0411F464B1F012BEC
:109780000E461546DDF8188019D808F11003B82BDD
:1097900015D8FFF711FA044670B1B60006702846D6
:1097A00010F8013B3A4684F84A3004F14B01434635
:1097B00000F0CCF9013060802046BDE8F081002443
:1097C000FAE7B82A70B50E4615460DD8FFF7F4F93A
:1097D000044638B13C232A46314600F84A3B0DF096
:1097E00073FA6580204670BD0024FBE770B50E4615
:1097F00015461C46FFF7E0F948B1242303700923FE
:10980000C0F84A60C0F84E5080F85240438070BDA6
:109810000022027002714280704700F03F0380090D
:10982000032800F1010206D013FB02F04028CCBF50
:109830000020012070470020704738B59D0903F0D3
:109840003F0405FB0444402C06DC944204D8224625
:109850000DF03AFA204638BD0024FBE710B51C464F
:10986000FFF7EBFF002814BF2046002010BD03794E
:109870009A0903F03F0302FB033342880078023366
:1098800010F0030052FA83F305D0C21E504250413B
:109890008000184470470420FBE770B50478B0B02E
:1098A000C4F38304092C0D46468800F14A018DF863
:1098B00004400FD1037932460DF106008DF80530D2
:1098C0000DF002FAB31C0821284601AACBF762FF6B
:1098D00030B070BD32460DF105000DF0F5F9731C86
:1098E000F1E7092270B503780D460B7003F003030E
:1098F00022FA03F3DB074ABF05220122C38802F1E3
:10990000010644BFA1F801300389044648BFA1F80D
:10991000033003798B5400F10A014022A819FFF7A4
:109920008CFF3044C6B2628804F14A0155FA80F0D7
:109930000DF0CAF96388F018C0B270BD012A2DE994
:10994000F04106468846154603D800273846BDE84C
:10995000F0810B7803F0030203700923D34013F066
:1099600001032AD101210381C38018F80140204658
:109970003471FFF752FF07460028E6D0A30904F030
:109980003F0403FB04440131E2B251FA84F4AC42D7
:10999000DBDC414406F10A00E4B20DF095F9A54282
:1099A000D3D92A1B92B2B82A7280CED808EB040110
:1099B00006F14A000DF088F9C8E7052DC5D9B1F8C0
:1099C0000130C380B1F8033005210381CDE70B6876
:1099D00003607047002110B504468022C0F82011B2
:1099E0000DF098F9204610BD70B5D0F8204103461F
:1099F0008C4219DD50F8210003EB81021D1F8031DC
:109A0000194405EB8405AA4203D1013CC3F8204167
:109A100070BD566842F8046B4E7801F8016BD2F8BD
:109A2000A060C2F89C60EEE70020F1E7F8B5FF22E5
:109A30000C4600234FF0FF31D0F8207100F19C0656
:109A400000F1800C9F4204DC4B1C0FD0FFF7CCFFD1
:109A5000F8BD56F8045F2D1B002D05DC1CF80350E3
:109A600095423CBF19462A460133EBE70020EFE759
:109A700030B5D0F820411F2C0DDC40F8241000EB4D
:109A800084050119013481F88020C5F8A030C0F8A0
:109A90002041012030BD0020FCE7A0F14103052B4F
:109AA00002D83738C0B27047A0F16103052B01D846
:109AB0005738F7E73038C0B20A2828BF002070476F
:109AC0000B68036070472DE9F047B4B002AC8046E4
:109AD00089461E46A2461A440F2EA2EB06051ADC42
:109AE000002E0ADD1022002120460DF013F9204639
:109AF000324629460DF0E8F8103401235146009310
:109B000040464B46A4EB0A02CBF7BCFD20EAE070CE
:109B100034B0BDE8F087234605F1100C1F462868D5
:109B20006968083503C765453B46F7D11034103ED8
:109B3000D2E713B50C4611461A460023009323467C
:109B4000CBF7A0FD20EAE07002B010BDF8B58F1C85
:109B50000D4639460646FFF7B6FF044608B9002011
:109B6000F8BD02462B4639463046CBF73DFD00286E
:109B7000F5D1A01CF4E7002373B58DF807309342AC
:109B800006D19DF80700B0FA80F0400902B070BD20
:109B9000C55CCE5C9DF8074075402C438DF80740AE
:109BA0000133ECE7022B2DE9F34106460F4615463B
:109BB00017DD02F102089C1E2246414601ABCBF79D
:109BC00013FD70B90222294601A8FFF7D4FF40B166
:109BD000234642463946304602B0BDE8F041FFF721
:109BE000A8BF002002B0BDE8F081002301448842F4
:109BF00000D1704700F8013BF9E7F8B5064610467A
:109C00000D461446C7F7E0FCB0EB450F17D12246CE
:109C100031468B1BAB4202F1020201D30120F8BD99
:109C200012F8020CFFF739FF12F8017C044638469F
:109C3000FFF733FF40EA041001F8010BE9E70020C9
:109C4000EDE7F0B504460020074625780DB19042B7
:109C500008DB214614F8012B1AB19A42F9D10023EE
:109C60000B70F0BD254641F820402E782C4601357A
:109C70001EB19E42F9D127702C460130E5E77047AE
:109C800070470020704770470020704700207047E1
:109C90000020704700207047002070470020704768
:109CA000704700207047002070470020704708B5BB
:109CB00040F21B60002109F000FE0120D6F73EFCB7
:109CC00000207047704790F91F0A704700207047C6
:109CD0006FF05700704770470020704740F2DC502B
:109CE00070477047C0697047006A704708B50368DD
:109CF000D3F88830984780F00100C0B208BDD0F892
:109D00006C09704710B5A8220446002100F67610B1
:109D10000DF000F8002384F8383A10BDD0E8AF0FFA
:109D2000704708B51830FFF7F9FFB0FA80F0400926
:109D300008BD08B51430FFF7F1FF003818BF012047
:109D400008BD2DE9FF410446C0F870191430FFF733
:109D5000E5FF00284ED004F11800FFF7DFFF0646AC
:109D6000002847D1236820461B6B9847002841D024
:109D700023682046DB6A9847054600283AD16F469B
:109D8000E846236820469B6F984728F8020B8030EE
:109D900030D00136082EF4D1002237F9020F1346D5
:109DA000394631F9026C864203DD013B21F8026934
:109DB000F7D204A9013201EB4303072A23F80E0C62
:109DC000EBD1BDF90830BDF90610D4F86C2919445F
:109DD00001EBD1735B1082B9F231D8BF6FF077031A
:109DE0006FF0310184F874298B42D4BFC4F86C3908
:109DF000C4F86C1904B0BDE8F08194F8741907290F
:109E000084BF01F00F05B5FA85F501F1010088BFA7
:109E10006D09072984F8740904D91DB902F10D01EF
:109E20008B42E7DC9B1A002BCCBF04216FF00301AF
:109E30005B1848BF073302EBE3026FF077039A42E7
:109E4000B8BF1A466FF031039A42D4BFC4F86C29E8
:109E5000C4F86C39CEE700F62430FFF75FBF00F599
:109E60003260FFF75BBF00F61C30FFF757BF0B688F
:109E70000360704707B5019101A9FFF7F8FF03B030
:109E80005DF804FB07B5019101A9FFF7F0FF03B0EE
:109E90005DF804FB07B5019101A9FFF7E8FF03B0E6
:109EA0005DF804FB142914D803681B6803EBC10395
:109EB000B3F87639772B0CD94FF47A72436803EBF9
:109EC000C103B3F87809B3F876395043B0FBF3F027
:109ED00070474FF0FF307047D0E8EF3FC0E8E21F17
:109EE000002AF9D170472DE9F84300F658070646D5
:109EF0003846FFF713FF044606F65400FFF70EFF3F
:109F0000E4B2A042884623D04FF48373634306EB48
:109F10000309B9F8245192B2954228BF154624335B
:109F2000F1182A4640460CF0CFFEB9F92601C7F7D2
:109F30002FF8F06199F92801C7F72AF8611C3062FF
:109F400001F007013846FFF7C7FF2846BDE8F88350
:109F50000020FBE7D0E8EF3F0133C0E8E23F002AF2
:109F6000F8D17047142914D803681B6803EBC103A8
:109F7000B3F87639772B0CD94FF47A72436803EB38
:109F8000C103B3F87A09B3F876395043B0FBF3F064
:109F900070474FF0FF30704790F8593A13B190F87E
:109FA000640A7047C36813B193F8740070470820BF
:109FB000704790F8593A13B190F8650A7047C36832
:109FC00013B193F8750070470820704708B5FFF784
:109FD000E3FF08288CBF1020202008BD1220704706
:109FE000C36853B193F94C00162808DC6FF00803DE
:109FF0009842B8BF184640B270471620F6E71620C0
:10A00000F9E770B5044686B00A4601A9CBF78CFF84
:10A0100094F8582AAAB1D4F8443A0199994210D137
:10A02000D4F8483A029999420BD1D4F84C3A0399A2
:10A03000994206D1D4F8501A049B4B4033F47F0365
:10A0400027D023793BBB32B3D4F8443A019A9A42E1
:10A0500021D1D4F8483A029A9A421CD1D4F84C2A19
:10A06000039B534033F07F4315D1D4F8502A049B0F
:10A07000534033F47F030ED19DF80F2094F84F3AEC
:10A080009A4208D004F6442401AD0FCD0FC42B68CA
:10A09000236006B070BD23682046DB6E01A9984797
:10A0A00050B104F6442601AD0FCD0FC62B683360C6
:10A0B000012384F8583AECE784F8580AE9E70021CC
:10A0C000FFF79FBF0121FFF79CBF10B50446183072
:10A0D000FFF724FE08BB23682046DB6A9847E0B9F7
:10A0E00094F8393A93B923682046D3F884309847D6
:10A0F00004F11400FFF712FE10B12046CBF7BCFFAD
:10A100000023C4F86C3984F8743906E023682046CB
:10A11000D3F8883098470028E5D010BD38B50546FB
:10A1200055F8143B04461B6F984700212846FFF75B
:10A13000D3FE84F8581A2046BDE83840CBF79CBFC0
:10A1400038B505460C4611B9D0F870495CB12B689A
:10A1500028469B6F9847D5F86C391C44A042D4BF61
:10A160000020012038BD2046FCE710B5044614301D
:10A17000FFF7D4FD08B9002010BD04F11800FFF767
:10A18000CDFD0028F7D123682046DB6F98470028D3
:10A19000F2D101462046BDE81040FFF7D1BF00F1E3
:10A1A000A802B0F8763908305B08A0F86E39B0F82C
:10A1B00070395B08A0F87039B0F872395B08A0F804
:10A1C0007239B0F874395B08A0F874399042E8D15C
:10A1D000704790F8383A90F81E1A0133DBB2024605
:10A1E00080F8383A41B90922B3FBF2F202EBC2021D
:10A1F0009B1A043B58B2704703F00303012B90F9FC
:10A200001F0A92F81F2A09D0032B0AD0034603F134
:10A210000802D2B2142A98BF18467047531E5BB288
:10A22000F5E7531CFBE7B0F8203A0BB1CCF718BBAD
:10A23000704738B509F024FC4FF47A74A0FB04058C
:10A2400047F61222002304FB0151C7F751F938BD2C
:10A25000704770B5044609F013FC4FF47A75A0FB03
:10A26000050647F61222002305FB0161C7F740F9F6
:10A270004FF47A720023C7F7EBF8A368184470BD57
:10A28000F8B505460C4609F0FBFB4FF47A76A0FBC7
:10A29000060747F61222002306FB0171C7F728F9CB
:10A2A0004FF47A720023C7F7D3F8241AAC60F8BDD4
:10A2B00037B5154604220C4603680DEB02011B68F6
:10A2C0009847A54206D9019B2D1BB3FBF5F205FB70
:10A2D00012331C44204603B030BD70B5C0B00446F4
:10A2E00000214FF4807268460CF014FD6D4600208A
:10A2F0000121631E3F3413F8012FAE5C0EB9A9543F
:10A300000130A342F7D140B070BD7047704770472D
:10A31000704700207047002070470020704770474A
:10A320007047202200210CF0F5BC4FF49670704766
:10A3300070470020704708B5202200210CF0EAFC8D
:10A34000002008BD704700230360436083607047AE
:10A35000704783684C21DB68184783681B6918477E
:10A360000020704708B5442200210CF0D3FC6FF0A8
:10A37000120008BD03780B70427862B343F01003FB
:10A380000B708368C1F80130C368C1F80530092338
:10A39000028A32B10A7842F020020A70028ACA5256
:10A3A0000233428A32B10A7842F040020A70428A8D
:10A3B000CA520233426862B1127852B10A7862F02E
:10A3C0007F020A704268013A12F8010F08B1202B8F
:10A3D00003D1D8B270470123DAE7C8540133F3E759
:10A3E000002370B50446C0E909330360C3624AB371
:10A3F0000878C306207027D5082A23D9D1F8013060
:10A400006362D1F80530A3620923860608D5012BC3
:10A410000CBF03250B25AA4214D3CD5A0233A585C0
:10A42000450606D59D1CEEB2B2420BD3CB5AE3854E
:10A430002B46000604D5D51A1F2D07DC002D06DC9F
:10A4400001236370204670BD0123DEE71F252A46E5
:10A450001944A01C0CF038FC00232544AB70EFE736
:10A460000B680360704770B50E46154600214FF427
:10A47000C07204460CF04EFC00230022C4E9623393
:10A48000C4E96C33C4E96A3384F89031C4F8943178
:10A4900084F89831C4F89C3184F8A031C4F8A43110
:10A4A0000023C4E96E23C4F8806184F8845170BD30
:10A4B000F8B50D46044600F5C077E37D26462BB17E
:10A4C0000822294620460CF034FC18B11834BC424E
:10A4D000F3D100263046F8BD0B69D21AB2F5616F90
:10A4E00005D3888A012894BF0020012070470020EE
:10A4F00070472DE9F04F0D460024CDB09B469DF8E6
:10A5000058310021029218220393824626460CF00D
:10A5100001FC294605F5C07301930CAF5A46284645
:10A52000039BCCF7DFFCB0B3CB688A68ABEB0303CB
:10A530009B184FF000024FF00F004FF0960E42EBC9
:10A54000020C029A01369B1A8A7D6CF1000C12FBF8
:10A5500000E20020B3EB0209C84607EBC40E6CEB27
:10A56000000947F83480CEF804904FF0010ED2185D
:10A570004FF0FF330DF1100808F804E004F1010E6C
:10A5800007EBCE0940EB0C0047F83E2008F80E30F0
:10A59000C9F804000234019B18319942BED1F3B2CC
:10A5A00003938AF80130002E3BD00CAA01261046F6
:10A5B00004ABCDE90133B44237DC00221346164622
:10A5C0001146944263D150F8335000EBC30201337B
:10A5D00050F83310546800EBC30201238AF80030AE
:10A5E000039BF6B252689B1B8AF802606E1844EB1C
:10A5F00002008AF80330C30F9B1940F100005B088A
:10A60000491B43EAC07362EB04024010CAE90230FE
:10A61000D30F5B1842F100025B0843EAC273CAF829
:10A62000103050464DB0BDE8F08F029952F8088FB7
:10A6300011F9013FD2F804E00F46029111469C4601
:10A64000731E51E9029BC8457EEB0B0507DBF34502
:10A6500008BFC1450DD117F9015C654509DAC1E9AB
:10A66000009B17F8019C013BA1F1080107F8019933
:10A67000E7D201330CAD0CA945F8338001EBC301DF
:10A6800004ADC1F804E005F803C0013693E7019D6D
:10A6900015F9017B002F0195394403DD8E42BCBFC3
:10A6A00013460E4601328CE70123C0F88C1180F866
:10A6B0009031C0F8941180F8983170470123C0F8A8
:10A6C0008C1180F89031C0F8941180F8983170475F
:10A6D00010B502999DF80C40C0F89C11012180F83A
:10A6E000A011D0F8AC110131C0F8AC1124B1D0F8F0
:10A6F000B0110131C0F8B011C0E96E2310BDF8B53A
:10A70000D1F8887106460C46AFB19F4217D803F5C1
:10A710006175C1F88851D1F8A4510135C1F8A4512F
:10A72000CCF798FC3378012B02BFD4F8A831013361
:10A73000C4F8A83108E003F56175C1F888513022EA
:10A74000002130460CF0E6FA3046F8BD10B50A4656
:10A750000446CCF76FFC30B1D4F88C01C2F513215C
:10A7600001F52861084410BD70470020704770470C
:10A770000346F0B5A1B142791D68B1FBF2F12A8818
:10A7800088B28A422DD91B7903F10042013A35F88B
:10A790001220824204D20124AF1EE2B2934201D8B9
:10A7A00000201BE0621C37F81260864217D85A1E40
:10A7B0006423881BB3FBF2F1484304F1004114FB0E
:10A7C00003F3013935F81110B3FBF2F3891B89B299
:10A7D000B0FBF1F0C3F164031844C0B2F0BD1446FD
:10A7E000DBE76420FAE710B480688468E468A44674
:10A7F00010BC6047806806F069B8806806F08CB8C5
:10A80000806806F0B8B8806806F0DCB8806806F0AA
:10A8100014B9806806F00DB98068F2F735BA0022E5
:10A820008068114683685B6918470B68022A0360D9
:10A8300004BF4B6843607047704770474FF07C50CF
:10A840007047704700207047704700200021704714
:10A850000020002170474FF4967070470020704729
:10A86000002070470020704700207047002070478C
:10A8700070477047704770477047704707B50122AF
:10A88000019101A9FFF7D1FF03B05DF804FBD4F7F4
:10A8900095BD38B50D46FFF73EFD044610B128467C
:10A8A000FFF73EFD204638BD0520D5F7DBB8FFF7A2
:10A8B000FBBF08B5CCF7A8FFBDE808400620D5F7D8
:10A8C000D1B808B5D4F718FECCF79EFFBDE8084014
:10A8D0000620D5F7C7B8D0E8AF0F704702F00BBF1E
:10A8E000FFF71BBD13B5044608466946FEF7D5FFC2
:10A8F0006B46D4F8042503CB04EBC2029160506090
:10A90000A022D4F80435013393FBF2F102FB11339A
:10A91000C4F8043502B010BD37B504460846694690
:10A92000FEF7BBFF251D04F20454082229466846A1
:10A930000CF0FFF918B92860686003B030BD083525
:10A94000A542F2D1F9E738B505460C46D4F750FDDB
:10A95000022808D1D4F702FE58B921462846BDE89E
:10A96000384001F0C3BF2846A1B2BDE83840D4F753
:10A9700077BC204638BD08B54FF48060CDF732F87B
:10A98000BDE808404020CDF72DB84020CDF72AB8CB
:10A990000220CDF727B80120CDF724B82020CDF72D
:10A9A00021B80820CDF71EB84FF48060CDF71AB853
:10A9B000F7B50E46044669463046FEF76EFF251D84
:10A9C00004F204570822294668460CF0B2F998B9F7
:10A9D000337803F00303023B012B07D9D4F80C357D
:10A9E0000133C4F80C35012003B0F0BDD4F80835AC
:10A9F0000133C4F80835F6E70835BD42E2D100203E
:10AA0000F2E72DE9F04300230446074600F5A05580
:10AA100089B0043544F8043B2046A034FEF75DFAC3
:10AA2000AC42F9D14FF0000807F5805307F5A15962
:10AA3000C3F8048407F1260409F106096E46A4F15F
:10AA400022056846FEF749FA0FCE0FC596E80F00BB
:10AA500085E80F0004F8028C04F8018C40220021E4
:10AA600020460CF057F92022002104F140000CF0A0
:10AA700051F9C4F86280C4F8668004F16A001422B7
:10AA80000021A0340CF046F94C45D7D1384609B026
:10AA9000BDE8F0830B68022A036004BF4B68436083
:10AAA000704707B50122019101A9FFF7F3FF03B039
:10AAB0005DF804FB10B50C46D1E90012D8F7D4FAC2
:10AAC000031E04DB6068C31A5842584110BD0020C1
:10AAD000FCE738B505460C46D4E900010368A268D6
:10AAE000DB680978984708B9012007E00422284666
:10AAF000E168D8F7B9FA042801D0002038BDA16870
:10AB0000202228462131D8F7AFFA20280246F4D176
:10AB1000A16828460131D8F7A7FA2028EDD162684C
:10AB2000137801331370D7E700B5C3B06946D8F77F
:10AB3000B7FBB0FA80F0400943B05DF804FB002396
:10AB4000D6F79CB8D8F71CBBF8B504460E46236868
:10AB500061681868A268036809685B68984708B963
:10AB6000012056E0A36893F8402022B96268136878
:10AB700001331360EBE7E2681D46114603F1200044
:10AB800055F8047B854241F8047BF9D102F120019C
:10AB900005F1200055F8047B854241F8047BF9D18A
:10ABA00093F8401002F14C0082F8401093F84110E5
:10ABB00003F1840582F84110002182F84210D3F895
:10ABC0009410C2F8431093F8421082F84710D3F85B
:10ABD0008410916403F1440151F8047BA94240F8C8
:10ABE000047BF9D1D3F888103046C2F88C10D3F822
:10ABF0008C10C2F89010D3F89030C2F89430E1680D
:10AC00009822D8F731FA982804D06068CEF714F962
:10AC10000020F8BD62681368013313602269A6E75B
:10AC20000B4601461868FFF78FBF002201600271D2
:10AC3000704730B51D46002385B0144601A8012297
:10AC4000CDE901338DF80C30D8F750F9002802DA3D
:10AC5000002005B030BD21462A4601A8D8F7EAF900
:10AC6000044601A8D8F7CAF9002CF1DB089B0120A3
:10AC70001C60EEE7704701207047012070470120FB
:10AC8000704770470020704700207047704770473A
:10AC900070477047704700207047002070470020C1
:10ACA0007047F0B500F5A033D3F8945B002302465B
:10ACB000B827184645F2B04C02F519769D4201DDE1
:10ACC000082800D1F0BD07FB03F491F800E0345DE3
:10ACD000A64502BF00EB0C0442F8243001300133DA
:10ACE000ECE7F0B402F5A942303250F822409DF86A
:10ACF0001450002C9DF818609DF8207016DB00F5AC
:10AD0000A032D2F8942BA24210DDB8220368CDE91C
:10AD1000055602FB04040897D3F8AC5001F10A026F
:10AD2000AC460B7904F51971F0BC60470020F0BC0B
:10AD30007047F0B500F5A93500F5AE360020E435D2
:10AD400006F58676834217DD2F780C78A74210D15E
:10AD50002F4600F1010C00EB4010141805F1200003
:10AD600057F804EB874244F804EBF9D138782070A7
:10AD700060464135B542E5D1F0BDF0B4052A0E4636
:10AD8000DDE9044519460FD1052D20D923799A080C
:10AD90001DD123686255026805340494D2F8C84076
:10ADA0003246A446F0BC6047062A10D1022D0ED9C7
:10ADB000A278033DAA420AD834F8033B0568CDE9DE
:10ADC0000442D5F8CC403246A446F0BC6047F0BC03
:10ADD000704711461A460123C9F710BE2DE9F0410C
:10ADE0000D460446402206999DF81C3005F14400AA
:10ADF0009DF82080099F9DF82860FEF72FFD85F8BB
:10AE00004200A06E03681B689847C5F88800236855
:10AE100029462046D3F8A8309847B8F1030F10D13F
:10AE2000032E0BD9236839462046D3F8A43098471F
:10AE300020B1002304F5A834C4F8E0320120BDE8B5
:10AE4000F081B8F1010FF9D1002EF7D023683A460E
:10AE5000D3F8D480294633462046C047EEE7002386
:10AE6000CA5C1AB1C25401331F2BF9D10022C2545B
:10AE700070470B6803607047C0F3400080F001002A
:10AE800000F00100704737B503680D46D3F8A430D1
:10AE9000019201A90446984730B1002304F5A83473
:10AEA000C4F8E032FF232B7003B030BD202208B578
:10AEB0000BF03FFFB0FA80F0400908BD10B5036801
:10AEC00004461B6898476368834228BF581C60602B
:10AED00010BD38B5044694F84330084604F198058F
:10AEE00033B922462946FEF78CF8012384F8433013
:10AEF000284638BD10B502F5A942303250F822304C
:10AF00000C46002B17DB00F5A032D2F8942B9A42A6
:10AF100011DDB82202FB030300F5017103F519707E
:10AF2000FFF7D7FF214600F1200350F8042B984289
:10AF300041F8042BF9D110BDF0B50C4685B000F5F1
:10AF400001710546204616461F46FFF7C2FF002343
:10AF500002462146CDE90233CDE900732846334647
:10AF6000FEF7CAFB014648B140F6B83300932846C5
:10AF700094F8423004F14402FEF7EBFA05B0F0BD5C
:10AF8000012310B58EB0CDE901310023044606A996
:10AF900001A8CDE903330593FFF7ECF906AA0346B0
:10AFA00004F501712046FEF79DF90EB010BD2DE9A4
:10AFB000F3411F4691F842300446FF2B0D461646DA
:10AFC00010D13A463146FEF7E2F9024640B3236813
:10AFD0002946D3F8DC602046C823B44602B0BDE859
:10AFE000F041604703681B6D984730B33146012339
:10AFF0003A462046FEF7DCF90146A0B94FF4FA784C
:10B0000031463A462046FEF7C2F9014640B1CDF836
:10B010000080204695F8423005F14402FEF799FA87
:10B0200002B0BDE8F081C8230093204695F8423075
:10B0300005F14402FEF78DFAE0E74FF0C808DFE7BC
:10B04000F8B50E1E0CBF4FF4E1734FF4E57300F535
:10B05000A037D7F8944B05469C4209DA631CC7F821
:10B06000943BB82303FB040404F519742046F8BD8F
:10B07000C6B14FF0FF312A4600200B46D7F8947B2B
:10B08000B84217DB002B13DBB82202FB035303F596
:10B090001974002EEAD12B6821462846D3F89C303B
:10B0A0009847E3E70368D3F8943098470028E0D145
:10B0B0000024DBE74EB192F8A4421CB9D2F8EC426E
:10B0C0008C4212D30130B832DAE792F8A542E40795
:10B0D000F8D4D2F8EC42A142F4D992F8A4C2BCF15F
:10B0E000000F1CBF21460346ECE721460346E9E773
:10B0F000F0B50C461546AFB0B822002107466846A9
:10B100001E460BF007FE6846FDF7E7FEB8226946CB
:10B1100020460BF0D9FD2A46254602F1200C2B468D
:10B1200010685168083203C362451D46F7D1FF23FA
:10B13000B11C84F8423004F12000FFF790FE337810
:10B1400003F00F0384F840303378DB0641BF736AA5
:10B15000C4F88C30B36AC4F89030349BC4F884309F
:10B16000B86E03681B689847C4F888002FB0F0BD1C
:10B170002DE9F047ACB0DDF8D0A007465046884630
:10B1800015461E46C6F720FAA02804463BD8032ED3
:10B1900001D99E2837D8514606F00303621C0DF1F1
:10B1A0000D0002958DF80C300BF08EFD20230DF173
:10B1B0000809651D07F5017ACDE900A34A462B462B
:10B1C00004213598CAF714FB032E0DD905F1B003FD
:10B1D0000DEB0305002305F8A83C04F1B003E51DC1
:10B1E0000DEB030404F8A26C51464046FFF771FED4
:10B1F0004246034602213846CDE90095CAF710F8C9
:10B200002CB0BDE8F0870020FAE72DE9F347D0F82D
:10B2100054901F46D9F80030044608461546D3F826
:10B2200008A00E469DF82880FEF721FB01464846FF
:10B23000D04795F842308146FF2B1ED1236829461E
:10B2400032462046D3F8DCA00023D0472368494685
:10B250002046D3F8BC309847012501463960B8F143
:10B26000000F06D02046FDF7CBFC04F5A834C4F847
:10B27000E002284602B0BDE8F087002231462046B1
:10B28000009205F14402FEF764F92368494695F8F7
:10B2900042202046D3F8C030984702250146DDE71A
:10B2A0002DE9F043ADB0DDF8D080064640460F46AC
:10B2B00091461D46C6F788F9A028044603D9002008
:10B2C0002DB0BDE8F08305F00305421C414645F072
:10B2D00004050DF10D00CDF808908DF80C500BF021
:10B2E000F3FC06F501713846FFF7F3FD053402AAB9
:10B2F00003460221009230463A460194C9F790FF76
:10B3000001460028DBD001233A4600933046359BA6
:10B31000FFF77BFFD4E72DE9F041ACB0349C054644
:10B32000A52C0F4690461E4603D900202CB0BDE840
:10B33000F081BDF8C8308DF80A40ADF808302CB166
:10B34000224633990DF10B000BF0BEFC03340621AD
:10B350003A462846009402ABFEF70DFA0146002853
:10B36000E3D0FF2E09D12B680246D3F8E0403946DE
:10B3700000232846A0470120D8E700234246009337
:10B3800028463346FEF7E5F8F5E7F7B500F5B036A1
:10B3900003681436D3F8F050202233460446A847F9
:10B3A000074610B9002003B0F0BD2046FDF704FCAD
:10B3B00005460028F6D03146FAB2FEF7BFFA002360
:10B3C0002046294601AA0193FEF71FF90120EAE76A
:10B3D00010B513460268D2F8F0402022A047C0B250
:10B3E00010BDF8B505460E461746FDF7E5FB0446C9
:10B3F00010B900263046F8BD31463A46FEF79EFAAF
:10B40000064680B1237803F03C02102A0BD143F0AA
:10B4100001032370E86E2146036805F5B0359B688B
:10B4200098472C61E6E721462846FDF7D9FBE0E77F
:10B430002DE9F0410E468AB00546806E1F469046C3
:10B44000FFF73CFD96F840300490032B33D1D6F83B
:10B45000943040460593C6F7B7F80F28024688BFD8
:10B460000F224146144606A80BF02EFC083405F5C1
:10B47000017841463046FFF72CFD04ABCDE90003CF
:10B4800007213346424628460294FEF749F9014611
:10B49000F8B100233246009328463B46FFF7B5FE3D
:10B4A0002B68044631462846D3F8E43098472046B6
:10B4B0000AB0BDE8F0814046C6F786F80F2802467C
:10B4C00088BF0F221446414605A80BF0FDFB04344B
:10B4D000CDE70446EBE72DE9F0430446B3B0806EB8
:10B4E0001D46DDE93A970E469046FFF7E7FC2A46EF
:10B4F0004146C9F80000049004F5017805A80BF056
:10B50000E3FB41463046FFF7E4FC043504ABCDE9EC
:10B51000000307213346424620460295FEF700F914
:10B52000014648B1002332463A9320463B4633B0A9
:10B53000BDE8F043FFF769BE33B0BDE8F0832DE905
:10B54000F043A82BB1B00546DDE938970E4690468A
:10B550001C4625D8806EFFF7B1FC22464146C9F84B
:10B560000000029003A80BF0AFFB05F50171304617
:10B57000FFF7AFFC043402AA0346002100922846DC
:10B5800032460194C9F74CFE014648B100233246C9
:10B59000389328463B4631B0BDE8F043FFF735BE4F
:10B5A000002031B0BDE8F0832DE9F041164686B0A9
:10B5B0000446806E0D4698460C9FFFF77FFC8DF881
:10B5C0000C600026C8F800000290606ECDF80D6097
:10B5D000036804221B680DF11101984704F50171FD
:10B5E0002846FFF776FC0D22019202AA0346314657
:10B5F000009220462A46C9F713FE014640B13B4659
:10B600002A4620460C9606B0BDE8F041FFF7FDBD86
:10B6100006B0BDE8F081FF2381F8423070472DE984
:10B62000F8430E461746002500F5A033D3F8949B47
:10B6300000F51974A94504DC4FF000084046BDE848
:10B64000F88320463A4631460BF073FBA046B834E7
:10B650000028F3D00135EDE738B50D4691F84010DC
:10B66000B1FA81F14909FFF7EBFC044638B1B82281
:10B6700029460BF029FB0023012084F8433038BD14
:10B680002DE9F04705468946002400F5A03ADAF88E
:10B69000947B00F51978A7421FDD40464946FFF725
:10B6A00005FC08F1B808064608B90134F3E77B1E2B
:10B6B000CAF8943BB82303FB045403FB0755B83482
:10B6C000AC4202D13046BDE8F087B82204F51971CA
:10B6D00004F5D6700BF0F8FAF1E70026F2E72DE951
:10B6E000F84F00F5A838D8F80C4D0646272C8946A7
:10B6F00092469B4603DD00273846BDE8F88F04EBF1
:10B70000841404F5A93404F1E50505442022002140
:10B7100028460BF0FFFABBF1200F02D0BBF1100F4F
:10B72000E9D104F1E4075A465146374428460BF064
:10B73000CBFA04F205145B462A4638460121CAF7C3
:10B7400029F849463019FFF78AFBD8F80C3D3946ED
:10B750000133C8F80C3D33683046D3F8E8309847D9
:10B76000CAE7272908B5034610460AD801EB81111C
:10B77000194401F5A9314122E4310BF0A5FA012069
:10B7800008BD0020FCE770B5002500F5A934E534BC
:10B790004E1C2022214630460BF0CBFA30B1013549
:10B7A000282D04F14104F4D14FF0FF35284670BD37
:10B7B00008B50346104603F5A032D2F8942B8A420E
:10B7C00008D9B82202FB013101F519710BF07CFA9E
:10B7D000012008BD0020FCE72DE9F84307460C4690
:10B7E00090464FF000094FF0FF3500F5AE3606F5F4
:10B7F0008876B36A33B121463046FFF757FB10B164
:10B800004D4609E04D4609F10109B9F1100F06F165
:10B810003006EED16B1C23D0302303FB05750FCC13
:10B8200005F5AE3505F588760FC694E80F0086E875
:10B830000F004FF47A7303FB08F13846C5F838114E
:10B84000FDF7DEF90023C5F83001C5F83C31B86ECC
:10B8500003681B689847C5F834010120BDE8F883E8
:10B860000020FBE7F8B504460F46002600F5AE358C
:10B8700005F588752022394628460BF05AFA68B932
:10B88000302303FB064303F5AE33C3F83801C3F896
:10B890003001C3F83C01C3F83401F8BD0136102E65
:10B8A00005F13005E6D1F8E770B50E4600F5AE3586
:10B8B00000F5B03405F588751034AB6A2BB1202241
:10B8C000314628460BF035FA20B13035A542F4D187
:10B8D000002070BD0120FCE7F8B505460F460026A4
:10B8E00000F5AE3404F58874A36ABBB1394620462E
:10B8F000FFF7DCFA90B1A86E3024036804FB06540D
:10B900001B68984704F5AE34C4F83401D4F83811F4
:10B910002846FDF775F9C4F83001F8BD0136102E40
:10B9200004F13004E0D1F8E7F8B505460F460024ED
:10B9300000F5AE3606F59E7656F8043C23B3042295
:10B94000394630460BF0F5F9F0B930235C432E1937
:10B9500006F5AE36C6F83C01A86E03681B6898472A
:10B96000D6F83811C6F834012846FDF749F904F530
:10B97000AE31C6F8300101F58871284629442022ED
:10B98000BDE8F840FFF74BBE0134102C06F130063D
:10B99000D2D10020F8BD38B5044604F5A835FDF72E
:10B9A000CEFBD5F8E01259B12046FDF71DF938B1AC
:10B9B00023682046D3F8C43098470023C5F8E03206
:10B9C00004F5B035296949B1236820461B689847BA
:10B9D00020462969FDF704F900232B612046BDE8C4
:10B9E0003840CEF7F7BE431E0F3013F8012F1AB9B7
:10B9F0008342FAD101207047002070470346D3E804
:10BA0000EF0FC3E8E21F002AF9D17047D0E8AF0F6B
:10BA100070470160704708F00DBA7047002070470A
:10BA20000B0A017043700B0C090E8370C1707047D4
:10BA30000068704700F5B03090F83A02003818BF3F
:10BA4000012070470B6800F50430C0F814377047C8
:10BA500008B50846C5F798FA4FF08341C5F7ECFAE8
:10BA6000C5F7D6FC00F5FA7008BD704700F5B03098
:10BA700090F88F01704700F5B03090F82D02C04368
:10BA800000F00100704700F5B03090F8390200F086
:10BA90000100704700F5B03090F83C027047FFF7A6
:10BAA00060BEA0F5B030A0F58A70FFF7F8BFFFF7D1
:10BAB0007FBEA0F5B030A0F58A70FFF7F8BFFFF7A2
:10BAC000CBBDA0F5B030A0F58A70FFF7F8BFCEF778
:10BAD00039BEA0F5B030A0F58A70FFF7F8BF08B501
:10BAE00000F5B030D0F88002CEF720FA08BD10B4CF
:10BAF0009DF8044000F5B0300194D0F8800210BCED
:10BB0000CEF74CBA00F5B033D3F8800283F82A128E
:10BB100018B103F58C71CDF7E7BC704700F007BF93
:10BB2000FDF76CBBFDF79ABB08B583220021406E80
:10BB3000FEF7BEFB143008BD002330B5551ECC5CAB
:10BB40001CB1C4540133AB42F9D303441044002266
:10BB5000834200D130BD03F8012BF9E70B68036085
:10BB6000704707B5019101A9FFF7F8FF03B05DF831
:10BB700004FBC0F3400080F0010000F001007047BA
:10BB8000F7B504460D4616461F4607F079FF4FF4F9
:10BB90007A7CA0FB0C0E47F612220CFB01E100237D
:10BBA000C5F7A6FC4FF47A720023C5F751FC04F5E3
:10BBB000053404F54E7400903B4632462946204633
:10BBC000CBF7A2F903B0F0BD2DE9F043044685B0F0
:10BBD0000846884615461E46FFF705FF04F5B039AE
:10BBE000074658B132462946204699F83B32013380
:10BBF000DBB205B0BDE8F043C8F700BF29464046B8
:10BC0000CEF768FE99F83B12ADF80C000131C9B2CD
:10BC1000009133462946204603AAADF80E70C8F7B6
:10BC20002FFF05B0BDE8F083F0B500F5B03595F80D
:10BC3000A0310F46064687B005F58E71D3B9FFF7E0
:10BC40009FF90446A0B1F7B105F25E2302AA05F2FE
:10BC50006E25174618685968083303C7AB423A4641
:10BC6000F7D100232246304602A9FFF7ADFF01209D
:10BC700007B0F0BDD5E95223CDE90023D5E9502323
:10BC8000C5F782FFDDE701463A463046FDF7A4FCE2
:10BC9000EDE72DE9FF4100F5043393F80939044637
:10BCA0000F4690466E466BB11022002168460BF09D
:10BCB00031F843463A4669462046FFF785FF04B00F
:10BCC000BDE8F081EC4600F5B03303F25E2503F2E7
:10BCD0006E23624628686968083503C29D4294460F
:10BCE000F7D104F50635F9352846FFF77CFE4346C3
:10BCF0003A4600280CBF29463146DDE711461A4670
:10BD0000FFF7C7BF00F5B03393F8283233B1816E27
:10BD100000F5053000F54E70CBF74ABA704710B504
:10BD200000F50534D4E9CA32134304F54C740AD142
:10BD3000806D03681B68984741F2883200238018A1
:10BD40005B4144E9020310BD10B50446806D04F563
:10BD5000053403681B68984741F288320023801835
:10BD60005B41C4E9CC0310BDFFF7EEBF00F505331E
:10BD7000D3F8282303F54C7353F8043C1A4301D03D
:10BD8000CFF7EEB8704700F50533D3E9CC231A435B
:10BD900001D0CFF709B97047034610B503F5B033AA
:10BDA000D3F88832084614462BB111469847231A17
:10BDB0005842584110BD1846FCE7002307B5012240
:10BDC00001A98DF80430FFF7E7FF03B05DF804FB2D
:10BDD000012307B502228DF8051001A98DF8043062
:10BDE000FFF7DAFF03B05DF804FB1FB506248DF8FA
:10BDF00004404C1E614261418DF80510ADF80620EB
:10BE0000110C120E8DF809201A0C8DF80810ADF8DF
:10BE10000A308DF80C201B0E0A2201A98DF80D3076
:10BE2000FFF7BAFF04B010BD10B4044604F5B034F7
:10BE3000084611461A46D4F884320BB110BC184794
:10BE400010BCCFF7A7B870B50D460446FFF767FFE3
:10BE50002A462046BDE8704020238121FFF7E4BF39
:10BE6000032B01D9CFF7FCB970472DE9F041ACB0F5
:10BE7000329D0446AD2D084617461E461DDC4FF088
:10BE800088084FF081418DF80080C5F7D5F8C5F7D7
:10BE900099FA8DF801003846C5F794FA2A463146DA
:10BEA0008DF802000DF103000AF00EFF4146204616
:10BEB000AB1C0DF10102FFF7B7FF2CB0BDE8F0811C
:10BEC0002DE9F041ACB005469DF8C8000F4611467B
:10BED0009DF8D42000F0030402F10C0842FA04F4A7
:10BEE00008EB0406AF2E2FDC4FF0890CCDE90113CF
:10BEF0008DF80300349903A8ADF800C08DF8022036
:10BF00000AF0E2FE68462246339940440AF0DCFE1D
:10BF100006F1B00397F902010DEB0304C5F738F8F9
:10BF20004FF07A51C5F788F84FF08141C5F784F892
:10BF3000C5F748FA334604F8B00C9DF800102846BF
:10BF40000DF10102FFF770FF2CB0BDE8F081002376
:10BF500090211A46FFF768BF70B50D46044600F5FC
:10BF6000B0332022D3F88002FEF785FE2A46204611
:10BF7000BDE8704020238F21FFF756BFF8B5064675
:10BF80000D4614460AB10124027033192A46184698
:10BF900005F1200152F8047B8A4240F8047BF9D174
:10BFA00095F8402005F1840083F8202095F8412081
:10BFB00083F8212095F8422083F8222004F12303FE
:10BFC00005F14402334452F8047B824243F8047B77
:10BFD000F9D104F1630030442022FFF7ADFD04F1F4
:10BFE0008300D5F884103044FFF71AFD04F1870070
:10BFF000D5F88C103044FFF713FD04F18B00D5F811
:10C0000090103044FFF70CFD04F18F003044D5F858
:10C010008810FFF705FD04F19300F8BD10B500F599
:10C02000043292F8214A272C13D892F8203A01348E
:10C03000184400F5063080F8F71128210133B3FBCE
:10C04000F1F001FB1033012082F8203A82F8214AF6
:10C0500010BD0020FCE730B59FB00DAA04460D4688
:10C06000FFF77FFB08B312238DF801508DF80030E5
:10C070000DF102020DF155030DF1750153F8040B9A
:10C080008B4242F8040BF9D10DF135030DF1220278
:10C090000DF1450153F8040B8B4242F8040BF9D122
:10C0A000322269462046FFF777FE1FB030BD70B5DB
:10C0B0000546282600F5043494F8213A03B970BDEA
:10C0C00094F81F3A28462B4403F5063393F8F711EA
:10C0D000FFF7C1FF0028F2D094F81F3A0133B3FBF9
:10C0E000F6F206FB123384F81F3A94F8213A013B2A
:10C0F00084F8213AE0E72DE9F0410446FFF74BFCD4
:10C100002046FFF7D4FFA06D04F50538036808F555
:10C110004C761B68984756E9022352EA030105460C
:10C120004FF0000706D0904277EB030302DB204676
:10C13000FFF71CFED8F83023736852EA030108D0D9
:10C14000954277EB030304DB2046BDE8F041FFF79F
:10C150001ABEBDE8F08110B504460846114604F544
:10C160000032D2F8B83F8BB1D2F8B03FAD22534382
:10C17000E21802F5B13292F8B02003F5B133B133D1
:10C180000A60E1180AF0A0FD012010BD1846FCE786
:10C1900000F50030D0F8B82F62B1D0F8B03F013AC6
:10C1A00001335942C9B2DBB258BF4B42C0F8B03F6D
:10C1B000C0F8B82F7047F8B50446806D0E46036886
:10C1C00015461B689847002204F5033101F5737783
:10C1D000130117F803C0BCF1000F0ED1234403F57F
:10C1E000003203F50333C2F8C06FC3F8C853C2F876
:10C1F000C40F012283F8CC23F8BD0132082AE7D10D
:10C200000123002242F2FC0E01F5717102EB0E07D0
:10C210004FEA031C04EB071751F80CC07F68BC45BC
:10C2200038BF1A460133082BF0D104EB021404F591
:10C23000003304F50334C3F8C06FC4F8C853C3F81F
:10C24000C40F012384F8CC33D6E730B5002400F5C1
:10C25000033303F570731D7BA5B11D688D4211D1A9
:10C2600032B104F503533C3300EB03135B681360F6
:10C27000002300EB041000F5033080F8CC33D0F835
:10C28000C80330BD0134082C03F11003E3D14FF093
:10C29000FF30F6E7002370B5B2B00D4601AA096879
:10C2A00004460193FFF7D1FF061E08DB04A8FCF744
:10C2B00014FE3146204604AAFFF77AFA30B929461F
:10C2C000204632B0BDE87040FFF72EBB2B68A06D52
:10C2D000029303681B689847019B8221C01A0823B8
:10C2E00003900DEB03022046FFF79EFD202220461F
:10C2F00004A9FFF794F932B070BD2DE9F04F9B46C9
:10C3000000F5043393F8F838ADB0022B0646DDE9AA
:10C3100037A80F46914662D910238DF80030002AC5
:10C320005BD092F90201C4F733FE4FF07A51C4F7A3
:10C3300083FE4FF08141C4F77FFEC5F743F840B25A
:10C34000002304248DF80100ADF802306D463968F1
:10C350002B194DF80410B9889980A31DB9F1000F6D
:10C3600042D099F80000FFF704FC00283CD099F86F
:10C370000420B0336B4403F8B02C04F1080004F13E
:10C38000B0036B443699284403F8A9BCFFF748FB77
:10C39000B8F1000F04F10C0408DDBAF1000F05D06C
:10C3A0002819424651460AF08FFC44443998C5F793
:10C3B0000BF92718B02F88BFB0270246399988BFDC
:10C3C000C4F1B00228190AF07FFC3A4629463046EB
:10C3D000CFF742F92DB0BDE8F08F1046B0E7072344
:10C3E00001248DF80030B1E7FF22C2E738B50546D9
:10C3F0000C4600F5063303F5887203F5987352F87E
:10C40000040B9A4241F8040BF9D101234022002188
:10C41000236404F144000AF07DFC762305F5B03175
:10C4200084F820301F2201F58E7104F1210005F5FA
:10C430000435FFF781FBD5F83039C4E921330023F7
:10C44000C4E92333C4F8943038BD70B500F5B03476
:10C4500094F898620546D4B05EB3D4E9A7239A4213
:10C460002ADA26A8FCF739FD2846D4F89C1226AA19
:10C47000FFF79EF9C0B19DF8D830ABB1489BD4F816
:10C48000AC22934210D9D4F8A822934201D9C4F81F
:10C49000A832032226A901A8FFF770FD01A90246D0
:10C4A0002846FFF779FC20B1D4F89C320133C4F858
:10C4B0009C32304654B070BD19D194F8A432002B90
:10C4C000F2D000F50433D3F83039D4F8AC229342DB
:10C4D000EAD9D4F8A82226A8934288BFC4F8A83283
:10C4E000FCF7FBFC284626A9FFF780FFD1E70423D1
:10C4F0008DF89830D4F8A83226A91A0A8DF89A2017
:10C500001A0C8DF899308DF89B201B0E05228DF8A2
:10C510009C30FFF741FC0028CBD0002684F89862BD
:10C52000C7E710B50446806ED4B003681B6898470F
:10C5300004F50433C3F8300926A8FCF7CEFC2046E6
:10C5400026A9FFF753FF26A9002201A8FFF716FD31
:10C550008A21034601AA2046FFF766FC54B010BDAD
:10C5600010B5044604F5B03393F87632084663B14B
:10C57000202A04F50631A8BF202201F588710AF0AF
:10C58000D8FBB0FA80F0400910BD1846FCE72DE951
:10C59000F04706460F46D8B02AA8FCF79EFC304666
:10C5A0002AA9FFF723FF3846C5F70EF84FF0200AF7
:10C5B00005460DF110096DB906F5043393F8F63907
:10C5C0002BB92B462A4683213046FFF72DFC58B065
:10C5D000BDE8F087962D35D996239846013BFA5C45
:10C5E0000A2A03D04B2BF8D14FF096084246394621
:10C5F000484600240AF068FB4B4609F8084013F847
:10C60000012B01340D2A08BF03F801ACA045F6D177
:10C610002346002009EB040212F8011D013B0A2900
:10C6200012D0202910D0B06EFEF748FC00230090F5
:10C630001A463046CDE90133CDF80C902AA9FFF710
:10C640005CFE04E0A846D1E71070002BE4D127443B
:10C650002D1BB0E710B50446FCF76FFD2046CFF761
:10C660003FFB2046CFF7C4FA38B1A06E04F504347E
:10C6700003681B689847C4F8300910BD10B500F571
:10C68000B03393F8763204463BB1CFF7B1FA20B11C
:10C690002046BDE81040FFF744BF10BD70B500F55F
:10C6A000B03393F8763204469BB1CFF7A1FA80B14C
:10C6B00004F50435D5F8303913B92046FFF7DEFF0D
:10C6C000002695F8F539F1B28B4203D8002385F89E
:10C6D000F53970BD04EB811101F50631204601F2F8
:10C6E0007511FFF754FF0136EBE700F50632202302
:10C6F0008F2102F58872FFF797BB00F5B03393F8EE
:10C7000076320BB1CFF700BB184670472DE9F04FDA
:10C710000C46904600254FF06C0900F5043700F5F3
:10C7200005369DB06C3706F54B7601F1280AD7F82F
:10C7300000C0BCF1000F0BD0A8452ADD09FB054065
:10C740006C2205F1010BA7F128010AF0BDFA5D4644
:10C750006C37B742EBD1002705F1FF39B9451BDC37
:10C7600028461DB0BDE8F08F09FB03F05AF8000021
:10C77000884238BF1A46013309FB0240AB42816A46
:10C78000F2DB8C45E4D96C22A7F128010AF09CFA6F
:10C79000DEE701230022EFE701372646B84645458C
:10C7A00001D16C34DAE7D6F89420A36A6C369A4249
:10C7B0000ED96C22214601A80AF086FA6C22314675
:10C7C00020460AF081FA6C22304601A90AF07CFA70
:10C7D00008F10108E3E7072AA8BF07222DE9F04185
:10C7E0000F46164600F5043500F50534443504F5CA
:10C7F0004174AB6AA8462BB13246394628460AF046
:10C8000098FA20B16C35A542F3D14FF000084046AC
:10C81000BDE8F08110B5421E0A24002012F8013F45
:10C82000303BD9B2092900D910BD04FB0030F5E72F
:10C830000023CA5C1AB1C25401330F2BF9D1002175
:10C84000C3F1100218440AF065BAC26892F84E307B
:10C850005B003B2BDCBF002382F84E30006903688D
:10C860001B68184700B590F830200346022A50F89C
:10C87000980C95B007D0032A026809D0136A15B046
:10C880005DF804EB184715B05DF804EBFDF70FBA3F
:10C8900053F88C1CD36B04316A46984715B05DF889
:10C8A00004FB80F8C8104FF2244200239830F6F7BA
:10C8B0009BB90B6801330B607047704700F01BBFDA
:10C8C00000F022BF0023D4F7D9B90160704700B54A
:10C8D00091B06846D1F7ACFE684601F0CEF811B0D1
:10C8E0005DF804FB01607047D1F774BD002070470C
:10C8F0000020704770477047704738B507F0C0F8A0
:10C900004FF47A74A0FB040547F61222002304FBBF
:10C910000151C4F7EDFD38BD70477047704770474F
:10C9200070474379012B01D1D2F7AEBF70477047F2
:10C9300008B51846D3F7B6F8BDE808400120D3F78C
:10C9400091B808B5BDF80800D3F7ACF8BDE80840C9
:10C950000220D3F787B8FEE7D6F794B8D6F7ACB87D
:10C9600000EBC100408840087047F8B50346FFF768
:10C97000F7FFB0FA80F0C0F11F0003EB800CDCF889
:10C980001060CA00171D0C4606328DB256B901213F
:10C9900001FA00F0D9680143D960CCF81040DD53AA
:10C9A0009D52F8BDF1000431585AD85303EBC00032
:10C9B0009E52C5805D52F4E710B500EBC104E388D8
:10C9C0008B4202F104010AD1012303FA02F2C36887
:10C9D00023EA0203C360002340F8213010BDA2887F
:10C9E00040F8213000EBC20100EBC300CB80828015
:10C9F000F4E708B50346FFF7B3FFB0FA80F2184634
:10CA0000BDE80840C2F11F02FFF7D6BF2DE9F84389
:10CA1000B1FA81F3C3F11F0200EB8209D9F810705B
:10CA200006460D4687B94FF0FF34C3F120039C4002
:10CA3000F3681C4014D094FAA4F2B2FA82F2131DE7
:10CA400056F82340214608E03C464FF003082146B3
:10CA50003046FFF785FF854205D83046FFF7ACFF2B
:10CA60002046BDE8F88306EBC404E488B8F1010869
:10CA7000C9F81040D7D0BC42E9D1D4E738B5044654
:10CA8000FFF76EFF0D46034611462046FFF768FF8D
:10CA900003449BB204EBC5055A0020466A80FFF7A9
:10CAA0005FFF014424F8313038BD70B50B460446B1
:10CAB000FFF756FF04EBC305511A9B1A89B20344D2
:10CAC0004E009BB26E8004EBC2005D00458024F8EE
:10CAD000321020461146FFF743FF014424F831305D
:10CAE00070BD70B509B9002070BD056801F007037D
:10CAF0000B33CC0804EBD304AB6828469C4228BF18
:10CB00001C462146FFF782FF06460028EBD001466F
:10CB10002846FFF725FFA04207D928463219FFF71C
:10CB2000C4FF11462846FFF720FF05EBC60210465A
:10CB30005388043043F001035380D5E71146FFF7D3
:10CB4000D0BF2DE9F84314464A4202EA010931EA0E
:10CB5000020203460BD04A46042A28BF04224F464D
:10CB6000A1EB09096CB900252846BDE8F883042922
:10CB700004D82146BDE8F843FFF7B3BF00270422DD
:10CB8000F0E71E68A9EB020204F0070302F00701B8
:10CB90000B330B44E10801EBD20101EBD301B36885
:10CBA0003046994228BF1946FFF730FF80460028DB
:10CBB000D9D03D1D05EBC00509F1FF3335441D44B7
:10CBC000B5FBF9F509FB05F5ED1B2C442B1F0734CC
:10CBD0009B1B24F00704A41BB0EBD30F4FEAD30731
:10CBE0004FEAE40408D201463A463046FFF75DFFBB
:10CBF00041463046FFF7B9FE39463046FFF7B0FEF2
:10CC00003844844207D230462246FFF74EFF214681
:10CC10003046FFF7AAFE06EBC706738843F0010310
:10CC20007380A1E7043A2DE9F843CC1D114424F0A8
:10CC3000070421F00706A6EB04084FEAD807B7FA65
:10CC400087F24FF00009C2F12405AD000735C2F1AB
:10CC50002002ED0804604946A760C4F80C909200D9
:10CC600004F110000AF056F8AAB2530043F0010391
:10CC700063807B1B9BB204EBC5015800A4F80090B5
:10CC8000488024F83520A6F8029024F8083004EBF8
:10CC9000C7035A88294642F001025A802046BDE85F
:10CCA000F843FFF762BE2DE9F04706460D461746EA
:10CCB00098462BB34FF0000A98F8004093F8019083
:10CCC000DB78A40004EB430498F802301C4444448D
:10CCD000CA4509D339463046AC46D8F8042008F195
:10CCE0000803BDE8F047604714F8013B0AF1010A68
:10CCF000204648F82340C4F767FC01300444E7E7C6
:10CD00006FF01500BDE8F08730B502460024002022
:10CD100012F8013B43B178B18C4207D1702B04D09B
:10CD2000A3F140053A2D07D8002030BDA3F14005FE
:10CD30003A2D01D80134EAE7252B08BF80F0010025
:10CD4000E6E70020704700F053BC0FB407B504A914
:10CD500051F8040B019100F04BFC03B05DF804EBBB
:10CD600004B070470FB407B504A951F8040B019142
:10CD7000FFF7E9FF03B05DF804EB04B0704710B5AE
:10CD80000369024613F0080009D11368D4689C4275
:10CD90009BBF0120526AE31AD31A0B6010BD002317
:10CDA0001846FAE713B501A90446FFF7E8FF20B1DA
:10CDB000019BE268013B13440193606A019BC01A26
:10CDC000013802B010BD10B5044650182269636ADC
:10CDD000D20702D5013B184010BD984228BFC01AA7
:10CDE000FAE710B504460A46C168FFF7ECFF23696D
:10CDF000E06023F00803236110BD38B50D46026AD8
:10CE00008B00016843F00203044642F821300168B8
:10CE10002A46FFF7D8FFE3686168984208BF236994
:10CE2000206008BF43F008032A46204608BF23615C
:10CE3000FFF7C9FF606038BD2DE9F74F0F460021AD
:10CE4000D0F80CB0066A009216F82B209A4602F031
:10CE50000302022A14BF894656F82B2006EB8B03E7
:10CE60000193009B08BFC2F39D0919600446CAF8EC
:10CE70000010B9F1000F07D04946FFF7B2FFE36891
:10CE8000A3604FF0010804E001698A0705D44FF060
:10CE90000008404603B0BDE8F08FC16906EB8B0087
:10CEA000884716F82B10054611F00108EFD08B07C4
:10CEB0001DD51FB139462046FFF79FFF61682A46FE
:10CEC0002046FFF780FFD4E902138B42606007D150
:10CED0002A462046FFF777FF4FF000080146A06082
:10CEE0002369216043F00803E1602361D1E7014633
:10CEF0002046FFF776FFE168A1601FB12068216A34
:10CF000041F82090EA19CAF8002021682046FFF76E
:10CF10005AFF2269206042F00802226116F82B2095
:10CF200022F0010206F82B20DDE900321A60A8E7A2
:10CF300070B504461546FFF746FF2368834205D1C6
:10CF40002369216023F00803236170BD226AAB00CE
:10CF500043F0020342F8213061682A462046FFF779
:10CF600032FF6060F1E738B5036904465B0706D518
:10CF7000856AFFF717FF85422CBFA562A06238BD06
:10CF800038B50D4604462022002109F0C3FE0022D8
:10CF9000EB68E361AB68A3612B6823626B68A262F4
:10CFA00063622A6923B1591E194208BF42F0010287
:10CFB0002261012204F12C000021BDE8384006F076
:10CFC00098BA2DE9F04F00259846436A87B08B4206
:10CFD00004460E469346AA460395059538D3EFF3CB
:10CFE0001189202383F31288BFF36F8F059A2AB12A
:10CFF00029462046FFF79CFF0023059304A92046FD
:10D00000FFF7BDFE04990746B1422AD32268236A7E
:10D01000204613F8221003EB820A21F0030103F8E3
:10D02000221021683246FFF7CEFEE3682060984266
:10D0300012D0002789F31188BFF36F8F039929B1AC
:10D04000A2690AB12046904700230393002FC6D15E
:10D05000504607B0BDE8F08F236943F00803236111
:10D06000E7E718B12046FFF7C8FEE3E75BEA0803ED
:10D070001CD0019106F053FB0199B8B9B9F1000F2A
:10D0800014D189F31188BFF36F8F5A46434604F1D8
:10D090002C00F5F781FBEFF31189202383F312882D
:10D0A000BFF36F8FB0FA80F77F09C3E7204605AB67
:10D0B00003AA2568FFF7C0FE0746BBE770B5044624
:10D0C000C36908460D4698470246EFF311862023B0
:10D0D00083F31288BFF36F8F2B78204643F0010350
:10D0E0002B706168FFF76FFE60602046FFF73BFF23
:10D0F00086F31188BFF36F8F70BD2DE9F8430446A6
:10D1000000272026EFF3118586F31288BFF36F8F77
:10D110002369A268190702D46368934200D2636A44
:10D120009B1A002B42D0206A10F8221000EB8209D3
:10D1300011F003033AD0022B04D150F822305FEAF9
:10D14000930805D1CB0720D44846E3699847804629
:10D15000A16842462046FFF736FE0127A0604146FF
:10D160002046FFF73EFE3B4685F31188BFF36F8FE5
:10D17000002BC7D137B1B9F1000F03D104F12C0056
:10D18000F5F7D0FA4846BDE8F88341F0020100F80F
:10D190002210E3694846D4F8088098474146024681
:10D1A0002046FFF710FE0023A060DDE79946DBE78D
:10D1B000F8B50446C36908460D4698470646EFF39E
:10D1C0001187202383F31288BFF36F8F2B7823F00E
:10D1D00001032B7023699B0705D5E268236A03EBE3
:10D1E00082039D421AD12B7823F002032B70D4E9DD
:10D1F0000231994204D132462046FFF7E4FDA06097
:10D2000031462046FFF7EDFD87F31188BFF36F8F9E
:10D2100004F12C00BDE8F840F5F784BA2B6860F300
:10D220009F032B60F0E7EFF31181202383F3128833
:10D23000BFF36F8F02698368120702D442689A4273
:10D2400000D2426AD31A81F31188BFF36F8F181E80
:10D2500018BF0120704708B5EFF31183202383F333
:10D260001288BFF36F8FD5F7B3FDF0B56423044682
:10D27000042500204FF00A0C11B1013D01D12570A9
:10D28000F0BDB2FBF3F79A42FEB202D2012B00D0FE
:10D2900030B130360139013004F8016BC9B2C0B287
:10D2A00003FB1722B3FBFCF3D2B2E5E7A0F1300396
:10D2B000DBB2092B02D80B7000207047A0F161038C
:10D2C000052B02D857380870F6E7A0F14103052B6B
:10D2D00001D83738F7E76FF015007047F7B5054606
:10D2E00001F0010000EB51069E424FEA510703D9BD
:10D2F0000026304603B0F0BD58B128780DF1070183
:10D30000FFF7D4FF0028F3D19DF80730013502F86C
:10D31000013B01351744BA42EBD015F8010C0DF171
:10D320000701FFF7C3FF0028E2D19DF80740240161
:10D33000E4B2147015F8020BFFF7B8FF0028D7D13C
:10D340009DF807301C4402F8014BE4E70022036813
:10D350000BB9184670478B4210D10B6842B942682E
:10D360000360914200D14360002301200B607047AD
:10D3700013604368994208BF4260F5E71A461B688C
:10D38000E6E7838B13F0070306D10368002B18BF71
:10D39000032008BF00207047022B05D1C08BB0FAD4
:10D3A00080F0400980007047012B04D10368002BF6
:10D3B00018BF0520EDE70020704710B50C4600B1FE
:10D3C00011B96FF0150010BD081D00F0C6F8002857
:10D3D000F9D1A368032BF6D9F3E72DE9F0410D4607
:10D3E00007461946281D90461E4600F0CAF8044616
:10D3F00038B13346424629463846A446BDE8F04196
:10D400006047BDE8F08110B4EFF31182202484F36B
:10D410001288BFF36F8F816110BC0121D3F7A4B8CC
:10D4200038B50C46054658B151B10B6843B14B684D
:10D4300033B12022002109F06DFC00202C6138BDA1
:10D440006FF01500FBE7F8B504460E46FFF7B5FF91
:10D45000051E3BDBEFF31182202383F31288BFF319
:10D460006F8F4FF6FF71E38BA78B8B4207F0070797
:10D470002ED0062F2FD8DFE807F0182E082E18041C
:10D4800018006FF08505002303E00133E3830225D4
:10D49000012382F31188BFF36F8FBBB100233A469B
:10D4A00031462046FFF799FF10E0002333606368A0
:10D4B00023B9C4E9006627B13D46E4E71E60666013
:10D4C000F9E702212046D3F74FF83D462846F8BD3C
:10D4D0006FF00A05D7E76FF00405D4E710B5EFF356
:10D4E0001182202383F31288BFF36F8F848B04F0A3
:10D4F0000704022C0AD0012C0CBF6FF004006FF05F
:10D50000850082F31188BFF36F8F08E0C38B013B66
:10D510009BB2C38323B92146D3F726F8204610BD1A
:10D520002046EEE738B5A8B1A1B1EFF3118520226E
:10D5300082F31288BFF36F8F848BFFF707FF30B140
:10D5400004F0070085F31188BFF36F8F38BD6FF0CB
:10D550007700F7E76FF01500F8E7034640B142683F
:10D5600002F00302022A06D0032A04D0012A05D0C1
:10D570006FF0150070471A68002AF9D000209860F3
:10D58000704710B54268034602F00302022A816028
:10D590000AD0032A0BD10468002000225A6008B187
:10D5A000F6F72EFA204610BD00240068F5E70024A7
:10D5B0002046F2E7704703785B075FBF0368428845
:10D5C000C3F34A2303EB12105DBF173020F00700AE
:10D5D0008008002070470020704704F00FB8034611
:10D5E000D3E8EF0F421CC3E8E12F0029F8D17047C0
:10D5F0001FB50023CDE902011A4619461846CDE9A8
:10D600000033D3F7BBFB05B05DF804FB0120D3F773
:10D6100071B9002070474368DA71012243681960CC
:10D6200043685A71D3F758B970B515460C4669B1BD
:10D63000D2E901369B1B99420AD813680A46014673
:10D64000981909F041FBAB682344AB60204670BDDC
:10D650006FF01B00FBE770B50E46154619460446F1
:10D6600018B9BDE87040D3F745B933B1C2F34A23C6
:10D670001030120D184409F027FBC4E9005620466B
:10D68000BDE87040D3F7DABA2DE9F3415F1C4FEAE9
:10D690008708064608F1170020F0070080080C46AE
:10D6A0001546D3F7A3F900238DF80470ADF80530C3
:10D6B0008DF8073068B10346019AA8F1040143F8D8
:10D6C000102F2A46294452F8045B8A4243F8045F2B
:10D6D000F9D100233146A20102F4E07242EA482265
:10D6E00022F07F4222F4700222F03F0202B0BDE835
:10D6F000F041FFF7B0BF07B50123019201AAFFF780
:10D70000C3FF03B05DF804FB07B5CDE90023022396
:10D710006A46FFF7B9FF03B05DF804FB1FB5CDE91A
:10D720000123069B01AA03930323FFF7ADFF05B076
:10D730005DF804FBF8B506460D4614461F4604B9CD
:10D74000F8BD214628463A46B047241A0544F6E774
:10D7500010B542680446D2E9002381680068FFF7EB
:10D76000E9FF002263681A6010BD38B54B680546B2
:10D770001A68CB680C469A4202D10846FFF7E8FFC8
:10D780006368D3E8EF2F511CC3E8E01F0028F8D1ED
:10D79000A36800209D5438BD0A2838B504460D46BC
:10D7A00002D10D20FFF7E1FF29462046FFF7DDFFFC
:10D7B000002038BD2DE9F043054689B008460E88A3
:10D7C00091F800900C46D1F808801746D3F728FB53
:10D7D000011EC6F38216C9F3C2091FDB4846D3F700
:10D7E0003FFA0346214651F8102B6088C2F34A22C3
:10D7F000002A01EB020408BF00210022C0F30B1035
:10D80000CDE90507CDE9031428464146CDE90022BC
:10D810000296D3F731FB09B0BDE8F0830023E1E7BE
:10D82000436800201B685B689961704743681B6808
:10D830001A6852685360704743681B681868D3F7CA
:10D8400051BC70B543680C461D686B689869D3F786
:10D850002DF8214603460F222868BDE8704018477E
:10D86000C3691BB11B7900200B7070476FF0570024
:10D870007047C3693BB1DB682BB1DB691879B0FA3B
:10D8800080F0400970470120704770B5C5690446B3
:10D890000E460DB103232B712046FFF7EAFFA8B116
:10D8A00003212046B047002802DA10F1860F0ED17E
:10D8B000012125B920463346BDE87040184720466F
:10D8C0002971B047002802DB00232B71002070BDB6
:10D8D000002908DB8068884205D9401A904234BF8D
:10D8E00000200120704700207047704770B5164631
:10D8F0001A4605460C46FFF7EBFF48B16968E86831
:10D900002144826814683246A446BDE870406047EE
:10D910006FF0150070BD70B516461A4605460C46E8
:10D92000FFF7D6FF48B16968E86821448268546807
:10D930003246A446BDE8704060476FF0150070BDE8
:10D9400010B50B460446FFF7C3FF30B16168E068CD
:10D950001944BDE8104000F029BA6FF0150010BD61
:10D96000C06870472DE9FF41D1F80C80054640465C
:10D970001F460C461646C3F727FEBDF8283080B276
:10D98000CDE90180009332463B462146284601F00E
:10D990008FFF04B0BDE8F081F0B587B01F460446A4
:10D9A0000D46164600F0ECFE022302930DF116031D
:10D9B0000193BDF83030ADF81600009332463B4677
:10D9C0002946204601F074FF07B0F0BD70B588B05D
:10D9D000BDF83060154600211E2268461C4609F03D
:10D9E00099F98EB91D2C12D822462946684609F0AD
:10D9F0006BF904F120036B44684603F8206CD7F7F9
:10DA00005FFB204608B070BD6FF00604F9E76FF0C9
:10DA10000C04F6E72DE9FF411F460D461646044665
:10DA2000D7F77CFB8046C3F7CFFDBDF8283080B226
:10DA3000CDE90180009332463B462946204601F05D
:10DA400037FF04B0BDE8F081F7B50C4601A91646D2
:10DA50001F46089D00F039F850B96A683846A2425E
:10DA600028BF22462968B047AB681C6003B0F0BDF0
:10DA70000020FBE70020D3F76DBC00221146D3F74E
:10DA800037BC034610B508460AB10021116053B1F6
:10DA9000D0B1411E11F8010F80B113F8014BA04223
:10DAA00001D13D28F6D100200EE0013313600AE0D9
:10DAB0003D2808D0B0FA80F0400905E018782F28FA
:10DAC000F6D1002AF1D1012010BD10B509B1002313
:10DAD0000B6058B103461A781C4601332AB13D2A1F
:10DAE00003D02F2AF7D101B10B60201A10BD10B559
:10DAF0000C46C3F769FD0134204410BD13B5049CE6
:10DB0000019400240094D3F7C9FD02B010BD1FB5E5
:10DB1000D0E9013213444360044600200222A06091
:10DB200003AB00940DF10A01FFF7E8FF30B9039B46
:10DB3000022B05D0002B18BF6FF01C0004B010BDE5
:10DB4000636802336360BDF80A30A360F6E71FB56F
:10DB500003680093406803ABFFF7D0FF18B9039840
:10DB600005B05DF804FB4FF0FF30F9E71FB53D2429
:10DB700001930DF10F03009313460A46014600205E
:10DB80008DF80F40D3F78AFD04B010BD2DE9F047A2
:10DB9000884688B0196891461E46C3F703FD0746BC
:10DBA00048B941464846D3F767FEB3680546834205
:10DBB00005D00023F360002008B0BDE8F08708B965
:10DBC0000123F7E7D6F804A0102D2C4628BF102417
:10DBD000CDF80080224603AB04A909EB07000394AB
:10DBE000FFF78CFF0028E4D1039B9C42E1D1224641
:10DBF000504604A909F09DF80028DAD12D1BA24453
:10DC00002744E1D1DCE780687047806870472DE9E0
:10DC1000F04F9B460023B3B00DF10C080746894630
:10DC20009246816801224046CDE90733CDE90333AE
:10DC3000CDF818808DF81430D5F758F9044600282F
:10DC40002FD106AD09AE2846FFF761FF002848D165
:10DC5000089B002B45D02B464A2101AA0CA8FFF7B0
:10DC600085FF00283DD1019B002B3AD003F1C8026B
:10DC70006A4402F8980CBBF1000F0BD0089A0133EC
:10DC80009A422CD995E8070086E807003046FFF74E
:10DC90003EFF70B1019A5346294601320CA8C8478D
:10DCA0001DE0831C18BF6FF01504204633B0BDE89B
:10DCB000F08F0B9B002BEDD033464A2102AA1FA800
:10DCC000FFF754FF0028E1D1029B1FA9C8336B4422
:10DCD00003F84C0C0CA8C3F765FC0028D6D101341E
:10DCE000B1E74046D5F78AF93C610446DDE770B5F7
:10DCF000066814460021022230461D46D5F7CEF9AB
:10DD000030B92A4621463046D5F7AEF900EAE07030
:10DD100070BD70B51C468368154606685BB18B42C2
:10DD200003D800232360002070BD22680A44934278
:10DD30003CBF5B1A23604368002230461944D5F784
:10DD4000ADF90028F0D1294630462268D5F772F99E
:10DD50000028E9DB2060E6E72DE9F041CAB005467E
:10DD6000E8460027441E08AE14F8010F78B1A5421A
:10DD700018D02F2816D13146684688F80070D5F79C
:10DD80008FFA831C06D16846D5F7BCF950B14AB06A
:10DD9000BDE8F0810028FAD13378012B02D06FF072
:10DDA0001000F4E7237808F8013BDDE770B58368DD
:10DDB0000D46DB68044616469847417933462A46A5
:10DDC0002046BDE87040D3F739BF08F0A3BF08F084
:10DDD0007BBF01460068D3F7C1BF08B5D4F71AF876
:10DDE000BDE80840D4F74EBB0A460121FFF783BCCB
:10DDF00000210120D3F7B2BFC36E83F30B887047B5
:10DE00006FF08500704761B662B680F31188BFF38A
:10DE10006F8F704772B6002383F31188BFF36F8F43
:10DE2000BFF34F8F30BF62B6BFF36F8F704772B6CC
:10DE3000002383F31188BFF36F8FBFF34F8F20BF91
:10DE400080F31188BFF36F8F62B6704740E800F32C
:10DE500013F4803FD8B208BF6FF01500704730B59B
:10DE60000C684B6885B00A894D890094013B24F009
:10DE70001F04234402F01F0242EA451223F01F034D
:10DE800069468DF808200393D4F7B2FB05B030BD86
:10DE900008B5D1E904319847002008BD08B5D4F78A
:10DEA000BBFD002008BD7047D0E8EF3F0133C0E85C
:10DEB000E23F002AF8D17047002303824369C36020
:10DEC0007047816A8968D4F767BEEFF31182202317
:10DED00083F31288BFF36F8F00230B60436833B95D
:10DEE000C0E9001182F31188BFF36F8F704719608A
:10DEF0004160F7E7034610B5EFF31181202282F36A
:10DF00001288BFF36F8F006828B15C680268A04276
:10DF10001A6008BF5A6081F31188BFF36F8F10BD7C
:10DF2000014608B50830FFF7BFFF084608BD0346A5
:10DF300018465B68002BFBD17047426810B52AB1C8
:10DF40000B461C465B68002BFBD16260416010BD34
:10DF500010B5044628B901F10800FFF7A5FF0846EF
:10DF600010BD034618465B68002BFBD1FFF7E5FFA9
:10DF70002046F5E710B508B14B68436000234C68B4
:10DF800008464B60D4F788FE204610BD83680B44DA
:10DF90000360704703680B6043684B6083688B6065
:10DFA00070478388026819448180D018704730B464
:10DFB00084880568A3188380281930BC08F084BEC3
:10DFC00010B5838802685C1C8480D154D01810BDC1
:10DFD000034600689A88401A114418609980704777
:10DFE0000268531E036083880133838002F8011C9A
:10DFF000704703468288521A82800068084418607D
:10E000007047034600689A88521A01449A80196042
:10E01000704710B5036801211C78FFF7EAFF20461E
:10E0200010BD10B5036802211C88FFF7E2FF2046EF
:10E0300010BD13460A460121FFF766BB0A460121BF
:10E04000FFF759BB0020704708B5C269006851430B
:10E05000FFF776FCBDE80840D5F706BB38B5144697
:10E06000C5691A4605FB0141049B0068FFF753FC94
:10E07000BDE83840D5F7F8BA38B51446C5691A4630
:10E0800005FB0141049B0068FFF730FCBDE8384008
:10E09000D5F7EABA4FF0FF324FF0FF3300F580704A
:10E0A000F4F74ABAF4F7BABAF8B50E46174604467A
:10E0B00043681D692846FFF7EDFF3B46324621685D
:10E0C00005F17C0004F02CFF044605F58070FFF795
:10E0D000E9FF2046BDE8F840D5F7B8BAF8B50E46D6
:10E0E0001746044643681D692846FFF7D3FF3B46A1
:10E0F0003246216805F17C0004F029FF044605F54D
:10E100008070FFF7CFFF2046BDE8F840D5F79EBAF4
:10E11000F8B50E461746044643681D692846FFF7C2
:10E12000B9FF3B463246216805F17C0004F011FF3F
:10E13000044605F58070FFF7B5FF04EAE470BDE81A
:10E14000F840D5F783BA38B5044643681D692846B8
:10E15000FFF7A0FF216805F17C0004F07BFF044677
:10E1600005F58070FFF79EFF204638BD70B50E465E
:10E17000044643681D692846FFF78CFF3246216834
:10E1800005F17C0004F0E7FE044605F58070FFF71A
:10E1900089FF2046BDE87040D5F758BA38B5044627
:10E1A00043681D692846FFF775FF216805F17C006B
:10E1B00004F0B4FE044605F58070FFF773FF2046B7
:10E1C000BDE83840D5F742BA70B5044643681E69C9
:10E1D0003046FFF75FFF216806F17C0004F09CFEEB
:10E1E000054606F58070FFF75DFF2046D5F71AFA61
:10E1F0002846BDE87040D5F729BAF0B50446436813
:10E20000C3B01F690D463846FFF744FF21686A46D0
:10E2100007F17C00F3F748FE044607F58070FFF72E
:10E2200041FF002C16DD00249DF8003002A99A1E43
:10E23000534253412B70019BFF22C5F80431681CE7
:10E2400008F0B7FD85F80041204643B0BDE8F04036
:10E25000D5F7FCB908BF6C70F6E738B50346084639
:10E2600019461D69D5F7D2F904462846FFF712FF73
:10E27000214605F17C00F3F787FB044605F5807025
:10E28000FFF710FF2046BDE83840D5F7DFB9F8B5F5
:10E2900004460846214617462569D5F7B7F92146B1
:10E2A00006463846D5F7B2F904462846FFF7F2FE8F
:10E2B0002246314605F17C00F3F7D2FB044605F512
:10E2C0008070FFF7EFFE2046BDE8F840D5F7BEB9F5
:10E2D00038B50346084619461D69D5F797F904462F
:10E2E0002846FFF7D7FE214605F17C00F3F7F2FC44
:10E2F000044605F58070FFF7D5FE2046BDE838409E
:10E30000D5F7A4B9034670B514461E690846D6F879
:10E31000E420194692692260D6F8E420D26962604E
:10E32000D6F8E420126AA260D5F770F93046FFF7FC
:10E33000B1FE06F17C0004F09DFE054606F58070F6
:10E34000FFF7B0FE002DA1BFA3685B1B0025E360B3
:10E350002846BDE87040D5F779B90346F0B50846C0
:10E36000C3B019461F691546D5F750F9044638461B
:10E37000FFF790FE21466A4607F17C0004F0A8FDF5
:10E38000044607F58070FFF78DFE002C10DB00249B
:10E390009DF8003002A99A1E534253412B70019BF5
:10E3A000FF22C5F80431681C08F003FD85F8004120
:10E3B000204643B0BDE8F040D5F748B90022D5F774
:10E3C00033BC012208B5D5F72FFC002818BF6FF029
:10E3D000040008BD7FB5064614460A888B78ADF860
:10E3E000002000210D220DF103008DF8023008F00D
:10E3F00091FC6A4669463046E8F7A8FD28B9BDF8A1
:10E4000000209DF802302280A37004B070BD13B5C7
:10E410000C4601AA0331FFF7DDFF48B9032220466D
:10E4200001A908F086FCB0FA80F0400902B010BDE6
:10E430000020FBE770B5CE1C05460C463046032194
:10E44000E8F782FD60B96379224603F03F0343F0A9
:10E450004003637131462846BDE87040FFF7BABFFC
:10E4600070BD70B50D4600210446FFF72EFB0D2848
:10E4700018D1237B302B13D1002305F8063B04F180
:10E480000C062A462046012302210234FEF726FF0D
:10E49000B44205F1FF35F4D1002070BD0123ECE753
:10E4A000312BFBD06FF01500F7E70020704710B557
:10E4B0000C460178227888B08A420ED06946D5F79A
:10E4C0002FFE204604A9D5F72BFE102268460DEB3F
:10E4D000020108F02EFC08B010BD012A06D0022A65
:10E4E00007D072B940886388C01AF4E7406863684F
:10E4F000FAE71022611C013008B0BDE8104008F0B6
:10E5000018BC6FF01500E6E7042A0AD0102A0DD0D7
:10E51000022A4FF0000315D103700B8843800120BD
:10E520007047012303700B684360F8E7022300F88B
:10E53000013B01F1100351F8042B994240F8042BE0
:10E54000F9D1ECE718467047012310B506210446BF
:10E5500000F8013BE8F7F8FC18B9A37963F03F0332
:10E56000A37110BD0B6803608B8883808B798371E6
:10E57000037823F00203037070470078C0F3400073
:10E58000704738B50446807AD4F7DAFA61690546EF
:10E5900049B1637ADB0704D4836A20461B689B6811
:10E5A00098470023636121462846BDE8384004F0BF
:10E5B00084BF2DE9F0410C461746054601F10C08D1
:10E5C00000F10C0140461E46FFF7E4FC6269E36877
:10E5D00039469B1A13FA87F36B82012340466B720C
:10E5E0002F82FFF706FDE368284673600023628AE6
:10E5F000E360728163823460BDE8F08138B50C4617
:10E60000D1E900320546DA600B684A895A82086807
:10E61000D4F742FB20461022002108F07BFB28465D
:10E62000BDE83840FFF7ADBF438A23B9C068B0FAF0
:10E6300080F04009704700207047D0F8A03083B1C7
:10E640005A7CD1070DD5D2060DD51B7C102B0CBFE3
:10E65000042303234372807A98428CBF0020012058
:10E6600070470223F6E70323F4E70F2806D80D28A6
:10E670000BD8052814BF022003207047132804D0AC
:10E680001A2814BF02200120704701207047FFF7AD
:10E6900032B8034610B5D3E8EF0F40EA0102C3E8F1
:10E6A000E42F002CF7D110BDFFF72EB80B46014622
:10E6B0001878D5F7C3BD0023D2F7E0BAD0E8EF3F12
:10E6C0000B40C0E8E23F002AF8D1704710B5D7F7F9
:10E6D00091FD04466FF480711030FFF7EFFF204684
:10E6E000BDE8104000F021BAC368DB78012B01D1EE
:10E6F000FFF7ECBF7047C0F307235370002310707F
:10E70000000ED070C1F30720090E93701371507181
:10E710009371D1717047C368DB78012B01D1FFF78A
:10E72000D5BF704738B504460D46D6F769F85F3057
:10E7300005D129462046BDE83840D5F74DBF38BD44
:10E7400010B5028843889A4218D8052A16D9B3F51D
:10E75000486F13D88488B4F5FA7F0FD2C18840F689
:10E760007640A1F10A0292B2824207D804FB033339
:10E77000B3EB810F34BF0120002010BD0020FCE767
:10E780000020704708B5DDF7FBF818B1408A003863
:10E7900018BF012008BD70B506460D464FF0FF308A
:10E7A0004FF0FF31D6F77EFA044668B103210C30F2
:10E7B000FFF7F7FB068085702146BDE87040002218
:10E7C00040F20640D6F708BD6FF0680070BDC36820
:10E7D000187808B1D5F75CBF1846D6F7A5BD38B58F
:10E7E0004FF0FF3105464FF0FF30D6F75BFA044695
:10E7F00068B102210C30FFF7D4FB2B88214603803F
:10E800000022BDE8384042F21600D6F7E5BC6FF0B2
:10E81000680038BDF8B507460E464FF0FF304FF0A0
:10E82000FF311546D6F73EFA044678B106210C3082
:10E83000FFF7B7FB3B884680038085802146BDE813
:10E84000F840002242F22200D6F7C6BC6FF0680002
:10E85000F8BD70B506460D464FF0FF304FF0FF3162
:10E86000D6F720FA044618B9BDE87040D5F7AABE1D
:10E8700003210C30FFF795FB068085702146BDE82B
:10E88000704042F22100D6F755BC033138B5C9B209
:10E8900005460E20D7F768F8032104460C30FFF731
:10E8A00080FB0123A0F801500370204638BD70B5ED
:10E8B00005460E460F200421D7F756F804210446DA
:10E8C0000C30FFF76EFB0122067042704580204637
:10E8D00070BD072208B508F02CFAB0FA80F04009A4
:10E8E00008BDFEF708BF0B6803608B8883808B79B7
:10E8F00083717047D0E8AF0F7047F8B50F461446E4
:10E9000038BB4FF0FF304FF0FF31D6F7CBF905465B
:10E9100010B327210C30FFF744FB22460646394648
:10E92000FFF7E1FFC31D04F1100152F8040B8A4206
:10E9300043F8040BF9D11022002106F1170008F06A
:10E94000E9F92946BDE8F840002242F22700D6F74F
:10E9500043BC6FF01500F8BD6FF06800FBE7037A69
:10E9600002465B0705D501462E3211F8010BFFF771
:10E97000C4BF704738B54FF0FF3105464FF0FF3048
:10E98000D6F790F9044658B129460C30FFF718FB2A
:10E990002146BDE83840002242F22D00D6F71CBCCB
:10E9A0006FF0680038BD10B400F11003D3E8EF2F0A
:10E9B00022F40051C3E8E41F002CF7D1930403D5DF
:10E9C000012110BC00F0AFB810BC70472DE9F04138
:10E9D000D1F8048004460D4686B0B8F1000F1DD171
:10E9E000037A5B071AD50E68411C701CFFF771FF94
:10E9F0002E36162241460746684608F08BF910224B
:10EA00006946304608F095F958B137B910223046BA
:10EA100004F12E0108F08DF900B96C6006B0BDE874
:10EA2000F081002FF9D1F9E700F1100208B5034693
:10EA30001046FFF75FFFC1050DD5D2E8EF0F40F498
:10EA40000050C2E8E10F0029F7D11846BDE80840A0
:10EA5000002100F068B808BD10B50C4630B919B1F6
:10EA6000DCF73AFF00B1441C204610BD0024FBE750
:10EA700018B111B10846D6F7EFBF6FF01500704717
:10EA800013B5044680B106216846E8F75DFA48B937
:10EA90009DF80530694603F03F0320468DF80530A8
:10EAA000FFF7E6FF02B010BD6FF01500FAE700387F
:10EAB00018BF01207047037AD90704D523F001035A
:10EAC0000372D7F751B9990704D523F002030372F3
:10EAD000D7F764B970470020704770B506460D46F9
:10EAE0004FF0FF304FF0FF3186B0D6F7DBF8044629
:10EAF000B0B10C3095B10121FFF762FA204606F162
:10EB0000100203A908230095D6F7BAF8002221467F
:10EB100042F20A00D6F760FB06B070BD2946EBE76B
:10EB20006FF06800F8E7FFF7D8BF183004F0D7BDE2
:10EB300001F12003013813F8012D8B4200F8012F59
:10EB4000F9D1704700230B60436813B9C0E9001185
:10EB50007047196041607047D0F8BC00003818BF9A
:10EB60000120704708468969183011604268002109
:10EB70001A6010F80D2C08F0CDB82438D7F7B0BFC4
:10EB8000002203680BB9184670478B4210D10B68FE
:10EB900042B942680360914200D1436000230120E2
:10EBA0000B60704713604368994208BF4260F5E705
:10EBB0001A461B68E6E7437B072B01D1D7F7BCBF9A
:10EBC000704710B50446006918B1D4F765F8002302
:10EBD000236110BD10B500F1D002D2E8AF3F5BB1A8
:10EBE000591CD2E8EF4F9C4204D1C2E8EC1FBCF1A3
:10EBF000000FF6D1F1D110BD1846FCE710B5437BEC
:10EC00000446023B062B16D8DFE803F0090415156D
:10EC1000150B0900017300212046D8F7E1F8002008
:10EC200010BD0088FFF7B7FD0028F9D1637B072BE3
:10EC3000F5D10821F0E76FF07F00F1E710B5044649
:10EC4000D0F8A00028B9207A04F17001DCF798FE12
:10EC500038B1E278438A2AB903F02100003818BF9E
:10EC6000012010BD03F02400F8E710B583780446B6
:10EC7000012B27D1437B072B27D10A0601F07F0305
:10EC800010D5021DD2E8EF0F40F40040C2E8E10FBA
:10EC90000029F7D12046A372DCF75AF808B1637A4D
:10ECA000A37210BD427A9A4212D2827A9A420FD24D
:10ECB000021DD2E8EF0F20F40040C2E8E10F002966
:10ECC000E8D0F6E76FF01500EBE76FF07F00E8E7BC
:10ECD0000020E6E78378012B0CBF407A00207047C4
:10ECE00038B5037A04468B42154615D100F1700100
:10ECF0000722284608F01DF880B1E378072243B9BF
:10ED000004F17E01284608F014F8B0FA80F04009BA
:10ED100038BD04F17701F5E70020F9E70120F7E7B6
:10ED20008378012B0CBF70300020704782780B462F
:10ED3000012A0BD109885A88B0F8A6308B4203D13A
:10ED4000B0F8A830934204D0FFF764BD6FF015000F
:10ED500070476FF077007047F8B507460D464FF0E3
:10ED6000FF304FF0FF31D5F79DFF0646D0B10E21A1
:10ED70000C30FFF716F904460E22002107F0CAFFF7
:10ED80003B88314623802B88002263806B8842F2C7
:10ED90001300A380AB88E380EB882381BDE8F840B3
:10EDA000D6F71ABA6FF06800F8BD70B484780A46D6
:10EDB000012C20D1051DD5E8AF6FC6F3C024360560
:10EDC00002D570BCD8F7BEBC0988A0F88C10518859
:10EDD000A0F88E109188A0F89410D288A0F8962000
:10EDE000D5E8EF3F43F40053C5E8E23F002AF7D1EE
:10EDF000204670BC70476FF01500FAE7704710B5F9
:10EE00000446F4F75BF9234653F84C2BD2F8BC10B8
:10EE100061B9E164D2F8C01061B9C2E92F33F4F7E7
:10EE200061F92068BDE81040D7F7B6BF8B42F6D035
:10EE30000968EDE70B60C2F8C030F0E703682BB15A
:10EE400041681A688B42026008BF42607047704791
:10EE50002DE9F843446B2CB154F8085905B1083D2D
:10EE600000270CB9BDE8F883D4E900682EB3F4F7A5
:10EE700025F90022D6F8BC3004F14C0163B1994267
:10EE800033D1E36C4ABBD6F8C020C6F8BC309142FF
:10EE900001D1C6F8C030E764F4F724F904F1300971
:10EEA000002200234846F3F709FC064600BBD8F8C9
:10EEB00004300BB1204698472760E3680BB1204629
:10EEC0009847D8F820300BB120469847DDB1AB68A1
:10EED00003B1083B2C461D46C3E71360D6F8C0308B
:10EEE000994208BFC6F8C020D5E71A461B68C5E797
:10EEF000B36923B16FF06D02F1692068984730461D
:10EF0000D3F7CAFECCE72B46E4E738B5406B0D4695
:10EF100020B150F8084904B1083C00B938BD436835
:10EF20009B680BB1294698472CB1A36803B1083BF5
:10EF300020461C46F1E72346FAE7F8B50F460021C4
:10EF40000546164600234FF224420846D8F722FD14
:10EF5000044620B92846D8F7E9FC2046F8BD04212C
:10EF60000C30FFF71EF8057047704680F5E7406BE0
:10EF700028B1838B08388B4201D08068F8E770474E
:10EF800010B54AB989B2FFF7F2FF28B143689B690F
:10EF900013B1BDE81040184710BD38B50D46052126
:10EFA000FFF7E5FF002329461A46D8F70DFD044672
:10EFB00010B12846D3F770FE204638BD406B28B10B
:10EFC000838908388B4201D08068F8E77047704722
:10EFD0000346006828B15968026888421A6008BF71
:10EFE0005A6070470346002003B970471A8A5B686D
:10EFF0001044F9E710B5D4680231237813B92170B1
:10F00000012010BD8B42FBD0038A023B038200200B
:10F010001061F6E7FEF76FBB2DE9F0410446886802
:10F02000FFF7E0FF638D628B0D46934228BF1346C6
:10F0300083421DD30027E165D1F808808F60F4F783
:10F040003DF841462046D8F7A9FE064638B1C5F836
:10F050000880E765F4F746F83046BDE8F081618D39
:10F06000638B2846994228BF194600F096FDF1E7C8
:10F070006FF07906F0E773B51446014605464FF484
:10F080009572206800F015FD207530B9294620687A
:10F0900000F086FD20B908232375002002B070BD62
:10F0A000237AB3B1A3F11802534253419B00019359
:10F0B000638A29460093AE68238AE2682068B047D5
:10F0C000002808DB238A98420CD1002301202375F5
:10F0D000E4E70223EBE710F1FF0F03D34042C0B295
:10F0E0002075DAE70E20FBE738B504460D46D8F761
:10F0F00055FE30B1294604F16000BDE8384004F007
:10F10000D1B938BDF8B5936805460F461446166860
:10F1100063B9506801210C30FEF743FFA0602B68F3
:10F120001B78002B14BF022301230370A3681B78F4
:10F13000012B03D0022B1FD000201CE02B681B7872
:10F14000002BF9D1606804210C30FEF72AFFE06043
:10F1500007802A68E36852885A806168728D738BD1
:10F16000088A9A4294BFC0EB0200C0EB0300042857
:10F1700094BF00200120F8BD2B681B78022BDBD147
:10F18000606812210C30FEF70CFFE06007802B68EE
:10F19000E268591C0232113351F8040B994242F8CB
:10F1A000040BF9D16168728D738B088A9A4294BFFF
:10F1B000C0EB0200C0EB03001228D9E770B4066868
:10F1C000B26A5AB3144654F8B03903B1B03B0022C6
:10F1D00011467CB9438D408B8B4201D890421FD998
:10F1E000824238BF02469942306838BF194670BC27
:10F1F000DAF756BF844207D0658D648BA94238BFC9
:10F200002946A24238BF224633B1D3F8B05005B1E7
:10F21000B03D1C462B46DCE71D46FAE71146D9E710
:10F2200070BC7047D0680431037813B901700120B5
:10F2300070478B42FBD0002091680B8A043B0B8205
:10F24000106170471FB5CDE9012300231A460093D2
:10F25000DAF758FA05B05DF804FB0022036803B939
:10F2600070478B420FD10B683AB9426803609142F4
:10F2700000D1436000230B607047136043689942DC
:10F2800008BF4260F6E71A461B68E8E7D0E8EF3FA0
:10F2900043F00802C0E8E12F0029F7D1C3F3C00012
:10F2A00070472DE9F041064690461F460D46B9B11C
:10F2B00004220121D8F750FE044618B9BDE8F041F8
:10F2C000D8F724BE04210C30FEF76BFE0570A0F8C1
:10F2D0000180C77021463046BDE8F041FFF704BF0A
:10F2E000BDE8F08137B50C46054601F10C00FEF78C
:10F2F00098FE228A03460192E26812210092284673
:10F300001322D8F781FE03B030BD37B50C46054651
:10F3100001F10C00FEF785FE228A03460192E268A5
:10F320002846009200221146D8F76EFE03B030BD89
:10F3300070B504460E46002200230846F3F7BEF9D6
:10F34000054658B101462046D8F728FD044618B1B5
:10F350002946304604F0B1F8204670BD6FF0010434
:10F36000FAE707B5CA680C211388528800920D226B
:10F37000D9F750F803B05DF804FB07B50022CB685D
:10F380000A211B8800920B22D9F744F803B05DF8DC
:10F3900004FBF8B5CB6805461F88BBB2162B19D9FC
:10F3A0000321D8F7FBFE0646B0B102210C30FEF770
:10F3B000F8FD00246FF008033146037044702846BE
:10F3C000FFF792FEF72328466B836F85FFF7F6FE63
:10F3D0002046F8BD0420FCE70E20FAE72DE9F04FA7
:10F3E000064685B0104690469946FFF7FBFD738BA5
:10F3F000728D8B46934228BF1346834275D973683A
:10F4000040460393FEF793FD4FF0000A0446404642
:10F41000FFF7E8FDE168228A658A6369AD1ACB1AB5
:10F42000ED1A778B738D9F4294BFC0EB0700C0EB42
:10F430000300854228BF054625BB98F80A00D3F78C
:10F440007FFB00220023FEF73CFD044608B9574627
:10F4500027E001464046FEF77BFD4046FFF7C2FD30
:10F46000E168228A658A6369AD1ACB1AED1A778D35
:10F47000738B9F4294BFC0EB0700C0EB0300854233
:10F4800028BF0546CDF80090DBF804700A440398C5
:10F490005946ABB2B847071E07DABAF1000F18BFDA
:10F4A0005746384605B0BDE8F08F0E9BABB93946DC
:10F4B00004F10C00FEF775FD4046FFF793FD738DD8
:10F4C000728BB944934228BF13468342BA441FFA51
:10F4D00089F9BCD9AF429AD0B9E7394620460F9A8C
:10F4E0000E9B98470028E2D1B1E70027D9E7002317
:10F4F0002DE9F34117681446D7F8048001461373C9
:10F5000006469522404600F0D4FA0546207330B9ED
:10F510003146404600F042FB28B9082323730020FF
:10F5200002B0BDE8F081A068798D7A8B038A9142A0
:10F5300094BFC3EB0103C3EB0203012BEFDD0221F8
:10F540000C30FEF72EFDCDE900558046A3883146EC
:10F550003846A268FFF742FF031E06DA13F1FF0FD9
:10F560002ABF5B420E23DBB2D8E70120A8F80030A7
:10F57000D6E700232DE9F34117681446D7F8048035
:10F580000146137306469522404600F092FA05465E
:10F59000207330B93146404600F000FB28B90823FB
:10F5A0002373002002B0BDE8F081CDE9005531465B
:10F5B0003846A388A268FFF711FF002807DA10F188
:10F5C000FF0F32BF0E204042C0B22073E9E7012096
:10F5D000E8E7F8B5054650F8044C071F00F154035E
:10F5E000D3E8EF1F21F00401C3E8E21F002AF7D19E
:10F5F000FCB1AB6D83B9636873B1201DFFF7E8FC04
:10F60000064601463846FFF707FD90B16368336050
:10F61000A368666003B9A660384605F15C01FFF790
:10F6200087FE30B1384604F10C01BDE8F840FFF721
:10F630007FBEF8BD2DE9F041846A074644B154F815
:10F64000B06906B1B03E0022154607F104080CB9B6
:10F65000BDE8F081E36D9BB905B98AB94046FFF773
:10F66000B7FC054658B101462046FFF7D5FC0028F7
:10F67000EED07B682B60BB687D6003B9BD6022461D
:10F6800036B1D6F8B03003B1B03B34461E46DEE7A3
:10F690003346FAE738B50546D1E8AF3FDB0716D564
:10F6A00050F8040C98B1AB6D8BB90430FFF790FCA7
:10F6B000044660B10146281FFFF7AEFC38B155F88B
:10F6C000043C5A6822609A685C6002B99C6038BD4C
:10F6D000D9F7A6BF08B500230A8AC968D9F760FB25
:10F6E000002008BD70B50D46D9F7F6F9044628B9D3
:10F6F0002846D3F7D1FA6FF07F0070BD00F10C06F9
:10F700002946304603F0CEFEA46AC4B154F8B0597D
:10F7100005B1B03D0022104607E022467DB1D5F884
:10F72000B03003B1B03B2C461D46831C01D1002AEA
:10F73000F4D131462046FFF7FBFD0028EDD1002033
:10F74000DBE738B505460C46F3F7B8FC2846D9F791
:10F75000C3F920B9F3F7C6FC6FF07F0038BD002372
:10F76000236083683BB9C0E90144FFF763FFF3F707
:10F77000B9FC0020F2E71C608460F6E7106000200E
:10F78000704710B5029CA36833B1B1F5807F28BFE4
:10F790000E21CAB221469847A37DE268013BDBB245
:10F7A000A37522B11BB92046BDE81040104710BD1B
:10F7B000106091800020704700207047072208B534
:10F7C00007F0B7FAB0FA80F0400908BD10B5037829
:10F7D0000446934207D10130FFF7F0FF002814BF21
:10F7E0002046002010BD0020FCE7FDF784BF0B6819
:10F7F00003608B8883808B7983717047FDF784BFAA
:10F80000034610B5D3E8EF0F40EA0102C3E8E42F46
:10F81000002CF7D110BD70B50D46064611F8010B4E
:10F82000D7F71CFF044610B12C89D7F78DFA6B89E6
:10F83000A34207D0EB686C8123B121463046BDE876
:10F840007040184770BD10B5144652B900F17001F0
:10F85000007AD9F7DDFB20B18460BDE81040D9F70C
:10F8600055BC10BD70B500F1700605463146007AF2
:10F87000FEF788FF04463146287A1CB1BDE8704087
:10F88000D9F716BDD9F7C4FB10B104604460846099
:10F8900070BD022A10B508D1002300F170011A468C
:10F8A000007AD9F74BFC022010BDFFF7DBFFFAE727
:10F8B00038B5BDF81010BDF818401046A142059D9E
:10F8C0000CD84CB16DB1641A9C42A8BF1C46A4B2BE
:10F8D0002246294407F0F8F9204638BD6FF00604A7
:10F8E000FAE76FF00D04F7E770B5CC6886B02678BC
:10F8F000BDF8285066B96488ADF816400224029419
:10F900000DF11604CDE90054FFF7D2FF06B070BD2B
:10F91000102601340296F5E7F0B50C4687B0C968A9
:10F92000054616461F46D9F749FC00B10089022357
:10F9300002930DF116030193BDF83030ADF81600B7
:10F94000009332463B4621462846FFF7B1FF07B0F9
:10F95000F0BD13B5044610B9002002B010BD00235D
:10F960008DF8043042F60303006801A9ADF80630B3
:10F97000FEF79DFD0028EFD1E36898880028ECD1C0
:10F980002046D9F78FFE013080B2E6E72DE9F0413D
:10F99000CC689846A3798AB0064608468DF814309C
:10F9A0000D461746FFF7D5FFADF8150024682378FC
:10F9B00093B96388ADF817300523029305AB019323
:10F9C000BDF840303A460093294643463046FFF79B
:10F9D0006FFF0AB0BDE8F081631C0DF1170211340E
:10F9E00053F8041BA34242F8041BF9D11323E4E7A4
:10F9F0001FB5CDE9012300231A460093D9F782FEF3
:10FA000005B05DF804FB21B100F17001007AD9F76F
:10FA10005BBF7047F8B506460F46D9F715FB394668
:10FA200005463046FEF7AEFE00B3FDB105F1080411
:10FA3000D4E8EF3F23F00102C4E8E12F0029F7D119
:10FA4000DB0703D539463046D9F73EFFD4E8AF3F50
:10FA500063B92A4602F8013BC5F80130C2F8033009
:10FA6000D4E8EF2FC4E8E13F0029F9D1F8BD38B55B
:10FA7000A0F14705441C15F8010C29460C35FFF789
:10FA8000C9FFA542F7D138BD002313B58DF8043066
:10FA900042F60303044601A90068ADF80630FEF7FC
:10FAA00006FD18B92046D9F755FF0446204602B096
:10FAB00010BD38B54C8AD3070546C4F30E0404D5EF
:10FAC00014F0950F2AD04B6843B3900704D514F473
:10FAD000957F25D08B681BB3144014F4DE7F0DD0C6
:10FAE000EB7A2BB92846FFF7A9F8D8B9052038BD1D
:10FAF00014F0300F04D114F4C07F07D10020F6E7D2
:10FB00002846FFF7E7F80228F5D8EFE7D5F8A03048
:10FB1000002BEBD05B7CDB06E8D5EFE70220E6E7C5
:10FB20000320E4E70F20E2E7F8B514460F469422DD
:10FB300061680646FFF7BDFF20BB012230466168C1
:10FB4000D9F71AFF08B3A2891B2130460232D9F730
:10FB5000B9F80546E0B1A1890C300231FEF721FA6F
:10FB600020F8027BA289A16807F0AEF8D4E904125C
:10FB700028460123D9F73AFA29463046BDE8F8402D
:10FB8000FFF7B0BD4FF0FF30F8BD6FF01500FBE799
:10FB90006FF00B00F8E701207047704701207047B5
:10FBA0000120704713B5C068144668B100238DF872
:10FBB00004304FF4C05301A9ADF80630FEF777FCCE
:10FBC00010B9236801332360012002B010BD072063
:10FBD0007047FDF790BDD0E8AF0F084100F001007D
:10FBE000704738B50A46034609B9012038BD488A2E
:10FBF00010F0240FF9D0197D5D7B147CA94228BF39
:10FC000029468C4201D90020F0E7800607D4517CB8
:10FC1000C9070BD4187A003818BF0120E6E7052180
:10FC2000181DFFF7D8FF0028F1D1ECE7197A002959
:10FC3000E9D00521181DFFF7CEFF18B9197A01394F
:10FC40000129E0D9527CD207CFD4E3E701238B40CE
:10FC5000DB43D0E8EF2F1A40C0E8E12F0029F8D1AC
:10FC60007047FDF751BD10B50621FFF7A7F904460F
:10FC700018B9DAF7F9FA204610BDA0F1EC04FAE75A
:10FC80000720704701238B40D0E8EF2F1A43C0E8CC
:10FC9000E12F0029F8D1704708B50E21FFF7F2FFD8
:10FCA000002008BD38B504210446DAF753FB0546A9
:10FCB00098B110210C30FEF774F904F1270304F118
:10FCC000370253F8041B934240F8041BF9D1204635
:10FCD0002946DAF7E7FA002038BD0820FCE770B5BE
:10FCE000D0F8EC300446DB78012B19D1CD68061D25
:10FCF00010213046FFF7AAFF2B4604F1B70205F1A9
:10FD0000100153F8040B8B4242F8040BF9D1072180
:10FD10003046FFF760FF28B109213046FFF7B2FFF8
:10FD2000002070BD0A213046FFF755FF0028F3D1AF
:10FD30002046BDE87040DAF7EBBB0720704707208C
:10FD4000704707207047012303FA01F1CA4330B519
:10FD5000D0E8EF3F03EA0204C0E8E54F002DF7D1F9
:10FD600001EA0300003818BF012030BD38B5044651
:10FD70000025031DD3E8EF2FC3E8E15F0029F9D187
:10FD800004F5A07003F0ABFC2572D4E8EF3FC4E8A3
:10FD9000E25F002AF9D12046BDE838400121FFF793
:10FDA00071BF70B500F1700605460C46072230465B
:10FDB000096806F0BEFFB8B963681A682A679A88AE
:10FDC000A5F874209B7985F87630D5F8A0305BB122
:10FDD000A268934208D062681168C3F80110918844
:10FDE000A3F805109279DA7170BD2DE9F84FDDF8AE
:10FDF0002C80044692461F46BDF82890FFF733FF3B
:10FE0000054600285CD0061DB9F1000F27D15AEA3B
:10FE1000070324D103213046FFF7DDFEF8B10121AD
:10FE20003046FFF7D8FED0B12C7D6B7B05F1470142
:10FE30009C4228BF1C462246404606F045FF0F2C38
:10FE400006D84946C4F1100208EB040006F062FF30
:10FE500030460121FFF716FF0120BDE8F88FD4F8E6
:10FE6000A03083B904F1700B5A462020217ADBF7C9
:10FE70000FFDC4F8A00030B95A460120217ADBF703
:10FE800007FDC4F8A000B9F1000F0CD15AEA07072A
:10FE900009D1D4F8A01031B14B8A9B0603D50C7C54
:10FEA0001E312246C8E70F213046FFF794FE20B1ED
:10FEB000022206212046D7F76FFB2846FFF756FFA0
:10FEC0000020CAE76FF08500704770B5044608202F
:10FED000DAF778F90546E0B1061D08213046FFF74C
:10FEE000B5FEBCB30721FFF7B1FE234605F197022B
:10FEF00004F1200153F8040B8B4242F8040BF9D1B2
:10FF00000A213046FFF767FE70B109213046FFF73E
:10FF1000B9FE0720DAF756F90446E8B1DAF7E0F956
:10FF2000D0B10821204612E010213046FFF753FEE1
:10FF300009210028EAD13046FFF74DFE0028E8D01D
:10FF40002846DAF7E5FA01460028E2D02846DBF732
:10FF500053F8DEE70B21F9E770BD70B50446A0F158
:10FF6000EC0650F8543BE83CD3F8A05003F0B7FB44
:10FF700003212046FFF72FFEA0B108213046DAF713
:10FF8000A9FF3DB16B8A13B16B7C9B0702D5284654
:10FF900000F034F83046BDE870404FF4BC720021E8
:10FFA00006F0B8BE01212046FFF715FE0028E4D177
:10FFB0000F212046FFF70FFE0028DED1E1E70722E0
:10FFC00008B506F0B6FEB0FA80F0400908BD012180
:10FFD000D5F77EBD70B504460D461646DBF758FCD6
:10FFE00038B931462846DBF77BFB10B1438A1C4306
:10FFF000448270BD438A19434182704710B5037A29
:020000024000BC
:1000000004465B0701D5D5F7C9FE214611F8010B5F
:10001000D4F75CF82046BDE810404822002106F0E5
:1000200079BE531E1944024411F8013900F8013B0E
:100030009042F9D1704710B5431E00F1100207300D
:1000400013F8011F12F8014D83421C701170F7D193
:1000500010BDF0B50E4614461D4697B0014620224D
:1000600005A81C9FFFF7DDFF202231460DA8FFF7F2
:10007000D8FF2146102201A88DF85450FFF7D1FF78
:100080003B46412205A901A8DBF7C2FE044610B990
:100090003846FFF7D0FF204617B0F0BD2DE9F043FA
:1000A00016461D4697B00446DDE91F98102205A8A4
:1000B000219FFFF7B6FF1022314609A8FFF7B1FFD5
:1000C000102229460DA8FFF7ACFF03221E9911A8A4
:1000D000FFF7A7FF494611F8013BD9F801008DF859
:1000E00047308B880622129012A8ADF84C30FFF7EB
:1000F00098FF414611F8013B06228DF84E30D8F8A2
:1001000001300DF14F00CDF84F308B88ADF85330F2
:10011000FFF787FF2146102201A8FFF782FF3B4629
:10012000412205A901A8DBF773FE044610B9384641
:10013000FFF781FF204617B0BDE8F0830C2203696A
:10014000C9B202FB0133986C00F00700704770B52C
:100150000346C9B20069EFF31186202484F31288A4
:10016000BFF36F8F0C2505FB0104A46C14F0C004D1
:1001700001D0A24211D1012205FB010082640020BE
:1001800086F31188BFF36F8F30B90C225B6802FBD6
:1001900001335B689847002070BD4FF0FF30EFE7F8
:1001A0008022FFF7D4BFF8B5069F05460469C9B29F
:1001B000EFF3118C202080F31288BFF36F8F0C2691
:1001C00006FB0146B06C00F0070EBEF1010F10D126
:1001D000B76400268CF31188BFF36F8F3EB90C20F3
:1001E00041430C44C4E910236B685B589847304680
:1001F000F8BD00F0C00087420CBF6FF077064FF0EB
:10020000FF36E7E713B580240094FFF7CCFF02B078
:1002100010BD0069CBB200EB43100021104710461F
:10022000F2F780BA01F059BAEDF7FCBD38B50846CF
:100230001446EFF31185202383F31288BFF36F8FE9
:100240001146EEF747F885F31188BFF36F8F00284A
:1002500008BF204638BD08B50023FFF7E7FF00EAD6
:10026000E07008BDEEF71CB870B5037B04460BB117
:10027000E6F778FF0026A06800B970BDB0F5007FF2
:1002800028BF4FF4007005460246D4E90010EAF793
:1002900083FA63682B44636023680BB12B442360AB
:1002A000A3685B1BA360002BE5D0237B0136002BEA
:1002B000E1D03046E6F75EFF0028DCD00120DCE725
:1002C00041EA02030846C3F30B0109B9EAF788BA09
:1002D0006FF015007047084611461A4621B10343D6
:1002E0001B0701D1EAF77CBA6FF01500704743682D
:1002F00000205B68DB680B607047436802EA01001E
:100300005B6821EA020158600020996070474368E9
:1003100000205B6859607047436800205B68996003
:10032000704743685B681A6821EA02001140586010
:1003300000209960704730B50369586800B3002405
:10034000884219D108688CB99C685860A14200D1D4
:100350009860002008602AB15A680A609A6859605B
:1003600002B9996000200FE02846E9E7206098680C
:10037000814208BF9C60ECE705680446002DF3D17C
:10038000002AE9D16FF0150030BD00207047EEF76C
:100390002DB902780B69012A07D0022A08D052B978
:1003A000DA6503F14400F2F7BDB96FF00D02F7E72B
:1003B0006FF00A02F4E76FF00402F1E738B5044683
:1003C0000569012205F12C00114603F092F8012283
:1003D00005F14400002103F08CF82046BDE83840C8
:1003E000EAF7DCBD00692C30F2F7D6B900692C3091
:1003F000F2F798B913B501AA044600F045FB0028AE
:1004000005DB019B226819791868ECF75BFC02B0E8
:1004100010BD73B544680DF10701A36A1B68D3F8DA
:100420000056D3F80466FDF71BFA9DF8073013B9A0
:10043000A06AEEF7D9FD31462846EFF707F89DF898
:100440000710054629B9E069FFF7D4FFA06A01F05B
:10045000CFFD284602B070BD10B544680021E069A8
:10046000FFF7C8FFA06ABDE8104001F0C1BD10B59C
:100470004468A06AEEF7B8FDE0690121BDE81040CC
:10048000FFF7B8BF08B529B1012906D1FFF7E4FF8E
:10049000002008BDFFF7EBFFFAE76FF08500F8E7F3
:1004A000034670B40C46DA880068197922430124A7
:1004B00005698C402B6812F0010F866814BF234336
:1004C000A3432B60336870BC1847034637B50068F8
:1004D0001C790569836801A95B68984740B92B6856
:1004E000019858400123A3401840003818BF01204C
:1004F00003B030BD70B547F6122C0C4651F8043CE1
:1005000040F2E73000215B684FF47A721D680023E7
:10051000E5FB0C01C0F7ECFF02460B4604F11400AA
:10052000BDE87040F2F794BB034637B500681C790C
:100530000569836801A95B68984740B92B680198F1
:1005400058400123A3401840003818BF012003B0D1
:1005500030BD03460A4619790123006803FA01F108
:1005600003691B68194218BF82F0010212B1836847
:10057000DB68184783681B69FBE730B40C4601460B
:10058000134651F8040B826815682246AC4630BC0D
:1005900060476FF085007047F1F7CEBFFDF7ABB84D
:1005A00038B503F06DFA4FF47A74A0FB040547F6F2
:1005B0001222002304FB0151C0F79AFF38BDFDF75A
:1005C000A3B80846BC39A83803F04AB80023D0F7CE
:1005D00055BBF2F723B810B547F6122C044600219C
:1005E00040F2E7304FF47A720023E4FB0C01C0F7CD
:1005F0007FFFBDE8104003F060B938B54FF47A755D
:1006000000F128042046FFF78FFF40B10120FFF7DB
:10061000E2FF013DF6D1EAF7AFFF6FF0730038BD9E
:100620001FB500230C46062102AACDE900211A4677
:1006300040F217110293ADF80C30EAF7ABFF20B986
:100640001CB1DDF80A301BBA236004B010BD1FB521
:1006500000234FF49471CDE900338DF80C3003AAD8
:100660000123EAF797FF05B05DF804FB1FB54FF4CF
:100670001F720023ADF80A208022CDE900338DF8E7
:1006800008108DF809308DF80C20052340F2151163
:1006900002AAEAF77FFF05B05DF804FB1FB54FF033
:1006A000FF33039300234FF48B71CDE9003303AA8A
:1006B0000423EAF76FFF05B05DF804FB1FB50023C4
:1006C0008DF80D10CDE900338DF80C3040F201218A
:1006D000022303AAEAF75EFF05B05DF804FB1FB52D
:1006E0004FF6FF73ADF80C308DF80E3000234FF449
:1006F0000371CDE9003303AA0323EAF74BFF05B0EA
:100700005DF804FB1FB58DF80E209DF8182049BA3E
:1007100042EA43020023ADF80C10CDE900338DF816
:100720000F20042340F2212103AAEAF733FF05B08A
:100730005DF804FB2DE9F041064617460C460569B5
:1007400031B9C5E98D1185F83C122046BDE8F0812C
:1007500095F82C30DBB105F104084FF0FF334FF072
:10076000FF324046FFF718FF95F806312BB1002302
:1007700085F806317068FFF76AFFC5E98D4728469E
:10078000EAF75AFF04464046FFF723FFDDE76FF024
:100790001504DAE71FB504220023019203AA0C46D0
:1007A000009240F212211A460393EAF7F3FE20B9B1
:1007B0001CB1BDF80E305BBA238004B010BD1FB56C
:1007C0000B0C8DF808300B0A8DF80930130C8DF8DE
:1007D0000B30002352BACDE900338DF80A10ADF882
:1007E0000C208DF80E304FF40471072302AAEAF7AB
:1007F000D1FE05B05DF804FB37B50446036890F8F8
:1008000008125D682846FFF759FF94F80832284619
:1008100084F8093295F84110FFF728FF94F8242056
:1008200094F82630009283F00103FF222846218CA1
:10083000FFF768FF2846FFF731FF94F814329BB1A9
:100840004FF47A71D4F81022D4F80C32D203DB03BF
:10085000B2FBF1F22846B3FBF1F1FFF7B0FF012341
:1008600084F8063103B030BD2846FFF738FFF6E7BD
:10087000F8B516460D46046981B9261D4FF0FF32C2
:100880004FF0FF333046FFF787FE3046C4E90C5582
:1008900084F80651FFF79DFE0020F8BD94F82C3037
:1008A0008BB1271D4FF0FF324FF0FF333846FFF773
:1008B00073FE00232046C4E90C5684F81432EBF78B
:1008C000E9FB3846E6E76FF01500E6E730B5056965
:1008D00085B0043504464FF0FF324FF0FF33284611
:1008E000FFF75AFE04220023019203AA009240F26D
:1008F0000B211A4660680393EAF74CFE48B99DF84D
:100900000E40644224B22846FFF763FE204605B03D
:1009100030BD6FF07F04F6E77FB50669054696F8AF
:10092000063153B196F805313BB904360022002355
:100930003046FFF731FE044610B1002004B070BD10
:10094000062202ABCDE90032029003460246ADF822
:100950000C004FF480716868EAF71CFE10B9DDF8EE
:100960000A4024BA304604F06004FFF732FE201E2D
:1009700018BF0120E2E7F8B50469064694F808328A
:100980000D468B421DD094F8063184F80812ABB1A5
:1009900094F82C3093B1271D4FF0FF334FF0FF3206
:1009A0003846FFF7F9FD70682946FFF787FE84F89F
:1009B00009523846BDE8F840FFF70BBE002384F823
:1009C0000932F8BD7FB5056944682E1D4FF0FF322E
:1009D0004FF0FF333046FFF7DFFD2046FFF737FECD
:1009E0006F238DF80C3000234FF4917103AACDE9E9
:1009F000003320460123EAF7CDFD0520FFF7EBFD8C
:100A00002046FFF7FAFD95F82C3013B12046EAF79F
:100A100007FF95F8083233B101212046FFF74EFE5B
:100A2000012385F80932304604B0BDE87040FFF775
:100A3000D0BD036983F83D127047F8B504460669D6
:100A4000ECF722F901445A29A8BF5A213029B8BF2E
:100A50003021304686F83E12EAF7DAFC002747F6E6
:100A6000122C0546394640F2E7304FF47A72E5FB26
:100A70000C010023C0F73CFD02460B462046EAF776
:100A800031FE86F83E72F8BD30B543681360057AD2
:100A9000446804EBC504A34202D36FF0010030BDEB
:100AA0005C7908338C42F1D10020F8E748B11F305F
:100AB0002CBF01210021400940EAC160490902F030
:100AC000FCBE704710B50469204602F028FC0023E4
:100AD000636110BDF8B5876806467C689CB14368C1
:100AE00093F82630DB071DD405694FF0FF334FF034
:100AF000FF322846F1F720FD6B69002B05DC00244E
:100B00002846F1F78BFD2046F8BD013B6B61002BB9
:100B1000F5D17B6830469847041EBEBF6B69013330
:100B20006B61EDE70024EEE7F0B4D0E901631B69E7
:100B30003BB177688F4208DB3568954205DCF0BC35
:100B400018476FF05700F0BC70476FF01500FAE7D8
:100B5000F0B4D0E901631B6A3BB137698F4208DB0F
:100B6000F568954205DCF0BC18476FF05700F0BC03
:100B700070476FF01500FAE770B4D0E90162956A2A
:100B800003460C46A5B196F8242012B92B4670BC3A
:100B90001847306A024410F8011BA14202D12146D5
:100BA0001846F3E79042F6D16FF0850070BC7047AD
:100BB0006FF05700FAE72DE9F3410E46D0E90147FF
:100BC00094F825108046FF2905690FD194F8261066
:100BD00001F00C01082914D0D8F8083000391B6B3B
:100BE00018BF01214BB96FF0570003E0FFF7C4FFB6
:100BF0000028EBDA02B0BDE8F081404698470028B3
:100C0000F8DBA268B2F1004F05D011464046FFF76D
:100C10008BFF0028EEDB6269B2F1004F05D0114670
:100C20004046FFF795FF0028E4DB2368B3F1004F4F
:100C300014D0D8F808305B69002BD4D0404601A905
:100C400098470028D6DB2268019B9A421CDD11469A
:100C50004046FFF769FF002805DACBE76FF0004355
:100C600062689A42E5D19EB994F826309B0716D067
:100C700040463B6898470028BCDBA069FFF716FF99
:100C80006B6901336B610AE062689342EBDDDEE77A
:100C90006B6901336B6194F82630DA0601D40020C9
:100CA000A8E74046FFF716FFA4E7012303FA01F186
:100CB00003691B68194218BF82F0010212B18368F0
:100CC000DB68184783681B69FBE708B54368986AC7
:100CD00038B1012293F82C10FFF7E7FF00EAE0702B
:100CE00008BD6FF08500FBE743681B68B3F1004F58
:100CF00014BF00206FF00100B0FA80F04009704787
:100D00000346084631B95B681B68B3F1004F01D058
:100D1000136070476FF01500704743681B68B3F1AC
:100D2000004F1ABF00200B606FF00100704743684E
:100D3000986A20B1002293F82C10FFF7B6BF6FF02D
:100D40008500704710B502698B00126A1021D468C3
:100D500003F0FC030C22A0470028B4BF6FF004008E
:100D6000002010BD10B5036904291B6ADC6809D195
:100D700002230E221121A0470028B4BF6FF0040007
:100D8000002010BD890001F0FC03F2E737B50469CB
:100D90006A46236A28211D680623A8470028A9BFA0
:100DA00000206FF00400BDF900302360A1BFBDF941
:100DB00002306360BDF90430A36003B030BD37B5C5
:100DC00004696A46236A22211D680623A847002871
:100DD000A9BF00206FF00400BDF900302361A1BF5E
:100DE000BDF902306361BDF90430A36103B030BDC9
:100DF000072910B504460BD04C2905D003290BD187
:100E0000BDE81040FFF7C2BFFFF7C0FF38B920466A
:100E1000BDE81040FFF7D3BF6FF0850010BD6FF045
:100E20000400FBE770B503291446056905D90B1FBB
:100E3000032B22D96FF085000DE0EE6802293246BF
:100E40000AD003290AD0012914BF296869682046FD
:100E5000C2F752FF002070BDA968F8E72046296854
:100E6000C2F74AFF3246696804F10800C2F744FF3E
:100E70003246A96804F11000EAE7EE690629324615
:100E800009D0072909D0052914BF296969692046B5
:100E9000C2F75EFFDEE7A969F9E720462969C2F7D4
:100EA00057FF3246696904F10800C2F751FF324624
:100EB000A96904F11000EBE7F0B40C2707FB02145A
:100EC00014F8045C866845F0020504F8045CB46814
:100ED000A446F0BC604730B589B08DF807100DF11D
:100EE0000701029101211D464468606803910021B9
:100EF0002389CDE9052502228DF8101002A98DF86D
:100F00001C20FFF7D9FF09B030BD30B589B08DF88E
:100F100007100DF107011D46029101214468606828
:100F200023890391CDE90525002107228DF81010B2
:100F30008DF81C2002A90222FFF7BEFF09B030BDC8
:100F400010B588B08DF807100DF10701029101214D
:100F50004368002458681B89CDE9052107220391C5
:100F60008DF81C2002A902228DF81040FFF7A4FF83
:100F700008B010BD2DE9F0471F4643680126D3F89D
:100F8000048093F808A0002388B08DF810300DF18C
:100F90000303CDE9053607230D4614468DF80410EA
:100FA0000DF104098DF81C3002225346404602A977
:100FB000CDF808900396FFF77FFFB8B99DF803209E
:100FC00022EA04033C401C43A2420FD002233246D3
:100FD00003938DF810304046534602A98DF8045013
:100FE0008DF80540CDF80890FFF766FF08B0BDE822
:100FF000F08710B40269436811681B68D3F8304168
:1010000071B17CB100244C611168C97B19B94FF4EE
:101010008051C3F8081311688C7B1CB100238B73BB
:1010200010BC7047D3F8141121B10021C3F814117A
:10103000D3F8143112681368002BF1D0516810BC3A
:10104000184743681B68D3F88004C3F880047047CE
:1010500042681368D3F84C0150B10020926A1278AC
:101060000A70C3F84C01D3F84C2101229A627047F0
:101070004FF0FF307047002A0FDD42681368D3F845
:101080004C0158B10020C3F84C01D3F84C010120A9
:10109000926A12780A70986270470020704710B503
:1010A00043681C680369EFF31180202282F31288E1
:1010B000BFF36F8F1A68D17B39B9917301221B6816
:1010C000DA734FF48053C4F8043380F31188BFF30C
:1010D0006F8F10BD03691A68D17B21B10121917313
:1010E00000221B68DA737047026903461168C87BE7
:1010F00040B15B681B68D3F8300118B100234B6125
:1011000013689889704743681B68D3F84C0100380E
:1011100018BF0120704743681B68D3F804231203EB
:101120005CBF4FF40022C3F80423704743681B6878
:10113000D3F80423120344BF4FF40022C3F808235A
:101140007047202243681B68C3F80423704720229D
:1011500043681B68C3F80823704738B543680446E2
:101160001D68D5F80433DB0405D4D5F8040310F466
:10117000002006D138BDFFF7B7FF0028F5D00120C9
:10118000F8E72046BDE83840FFF7BDBF01207047B3
:101190000369186801601B685A60704773B543683B
:1011A0000E460DF107011C681546FCF759FB9DF82A
:1011B00007304BB9C4F83C67C4F84057C4F8303125
:1011C000D4F830310123236502B070BD13B501AAF4
:1011D0000446FFF759FC002805DB019B22681979BA
:1011E0001868EBF76FFD02B010BD0129F8B5054690
:1011F0000E461FD1476805690021F8683C68FFF773
:10120000E5FF0823C4F800353B7A8BB9BA6AC4F805
:101210000427C4F80867C4F84C31D4F84C31A662EE
:101220002B682BB11B7C1BB14FF40023C4F8043393
:101230000020F8BD002945D147683C68D4F85031FA
:101240005BB30269116859B1D4F80433C3F3C043E6
:101250000B7413681B7C1BB14FF40023C4F80833D4
:1012600001234FF4FA66E362D4F8243123B9022053
:1012700000F0CBF9013EF7D10023C4F85031D4F887
:101280005021C4F82431D4F82421C4F84C31D4F8C6
:101290004C21C4F81431D4F814316B684FF47A75CA
:1012A0001E68D6F8303123B9012000F0AEF9013DB7
:1012B000F7D10023C4F80035F8680121BDE8F840F3
:1012C000FFF784BF6FF08500B3E710B50446002236
:1012D0000121C720D1F754F8C720D1F721F82046C3
:1012E000BDE81040EBF7CCBF10B504460022012149
:1012F000C620D1F745F8C620D1F712F82046BDE840
:101300001040EBF7BDBFF8B50669054633689C8908
:1013100014339442A8BF14460122D3E8EF0F0028EB
:1013200003D1C3E8E72F002FF7D10CBF13460023EA
:101330001FD133682246986805F0C6FCEFF3118789
:10134000202383F31288BFF36F8F6B6831681B68AB
:10135000D3F830313BB91C464B6187F31188BFF39A
:101360006F8F2046F8BD224628468968FFF716FF92
:10137000F3E71C46F5E7FCF7BEB9002201214A203D
:10138000D0F7FEBF10B50B6813B91846136005E01F
:1013900003685C681CB114600368186810BD0833EA
:1013A00003600B68013B0B60EDE713B501AA04462F
:1013B000FFF76AFB002805DB019B22681979186892
:1013C000EBF780FC02B010BD03460A4619790123F1
:1013D000006803FA01F103691B68194218BF82F023
:1013E000010212B18368DB68184783681B69FBE759
:1013F000012970B50C4606D100214368586BFFF7F0
:10140000D4FF002070BD61B90569466895F8953034
:1014100023B12846EDF77EFD85F895400121706BDC
:10142000EDE76FF08500EDE710B504460068D0B138
:10143000037DC3B149B101210830FFF7C5FF23681F
:101440001869BDE8104001F01FBE12B98388DB04A3
:1014500009D4006901F018FE20680021BDE81040A1
:101460000830FFF7B1BF10BD10B5012200210446BE
:10147000FFF7DAFFA36933B9636004F11000BDE838
:101480001040F1F74FB910BD10B50069C36A8B4227
:101490000AD1826A93420AD190F8944054B9283014
:1014A000FFF7E2FF204610BD6FF07700FBE76FF01B
:1014B0001500F8E76FF00F00F5E738B50569044649
:1014C000A96605F15000F1F72DF9002285F8942066
:1014D00020691146BDE838402830FFF7A5BFF0B5B8
:1014E00004690646D4F88020D4F8883085B03AB92B
:1014F0005BB91946304605B0BDE8F040FFF7DDBFE7
:10150000002B49D0934228BF13467068E16F058EC7
:10151000D4F884709D4228BF1D4679B172B101F0A4
:101520006043B3F1005F09D0082D28BF0825D4F827
:1015300098002A4605F0C8FBD4F89810D4F8842007
:1015400062B1D4F888304BB107F06043B3F1005F6B
:1015500004D0082D28BF0825D4F89C70E36FC4F888
:1015600090502BB1D4F88030002B14BF2B460023B1
:1015700001939AB1D4F88830002B08BF0025009160
:101580000022694620460395029700F097FB01462A
:101590000028AFD105B0F0BD1346B6E71546EEE71B
:1015A0000123F0B587B08DF80230022300278DF8B3
:1015B00004306B4403930E4601AB0DF10301054665
:1015C000029104930597EDF701F8041E0BDB3146F9
:1015D000284603AA00F09EF9041E07DA28469DF863
:1015E0000310ECF7E9FF204607B0F0BD3C46FAE7F0
:1015F00008B50220E9F704F8002008BD08B5EDF7AA
:1016000013F908BD03460020184701F03DBD02460E
:1016100010B5116891B1B1FA81F3C3F11F00012334
:10162000834021EA0303D2E8EF4F8C4204D1C2E8A1
:10163000EC3FBCF1000FF6D1EBD110BD6FF00B0009
:10164000FBE710B50368CB40DB0710D401238B40C8
:10165000026843EA0201D0E8EF4F944204D1C0E8A7
:10166000EC1FBCF1000FF6D1F2D1002010BD6FF0DD
:101670001500FBE72DE9F04116461F464FF0010823
:1016800000F160404C1E0444C50BE40BA54201D997
:10169000BDE8F08105F00701C5F3C700324608FA3E
:1016A00001F1B8470135F1E7ECF754BB10B101285F
:1016B00002D07047ECF7B6BBECF764BC18B1012858
:1016C00003D100F00CB800F008B8704708B5ECF78B
:1016D0008DFCBDE80840ECF7E5BBECF777BBECF719
:1016E00019BCF7B51646DDE90847019001A81D466B
:1016F000ECF732FE019BB6F1000C18BF4FF0010C65
:1017000000EB83000B1E18BF0123002D43EA4C039E
:101710000CBF4FF0000C4FF00C0C002C43EA0C03F4
:101720000CBF4FF0000C4FF4706C002F43EA0C0319
:101730000CBF4FF0000C4FF4403CD0F8802043EA3F
:101740000C0322EA030301B109780EB13678760062
:1017500019430DB12D78AD0031430CB1247824022A
:1017600029430FB13F783F040C433C43C0F880400D
:1017700003B0F0BD1FB50DF10F03019300238DF8E9
:101780000F101A4619460093FFF7ABFF05B05DF83E
:1017900004FB10B504460846ECF7EEFD04EB4004EC
:1017A000207DC0F3401010BD10B504460846ECF78C
:1017B000E3FD04EB4004207DC0F3400010BD10B5F4
:1017C00004460846ECF7D8FD04EB4004A08A400B21
:1017D00010BD70B5044608461646ECF7CDFD08303E
:1017E00034F810300D46DA0509D5C3F3432304EB72
:1017F000C3023146284654F8333052689847A368EC
:101800002BB131462846E268BDE87040184770BDEC
:1018100010B504460846ECF7AFFD04EB4000838AA0
:10182000DA051DD5C3F3432123F4F853838204F171
:10183000120204F1580032F8023F13F4807F03D003
:10184000C3F3432399420BD08242F4D1002204EB2C
:10185000C1035A6004F16000BDE81040FFF7F1BE1B
:1018600010BD10B50446FFF794FF38B12046FFF7CE
:10187000A6FF800000F5807080B210BD4FF4A2700A
:10188000FBE7F0B504460020012705468446954253
:101890000AD1D4F8443133B10023C4F84431D4F828
:1018A000443140F40030F0BDEBB29B0003F580768C
:1018B0009B0807FA03F3194208D054F806E0BEF17A
:1018C000000F03D044F806C0A65918430135DEE7DF
:1018D00038B504460D46FFF75CFFA8B12046FFF778
:1018E00063FF88B92046FFF76AFF0123226883401F
:1018F000C2F81833236803EB8000D0F8103523F0CA
:101900000303C0F8103538BD2846BDE83840002133
:10191000FFF730BF2DE9F0431746044685B008466F
:10192000ECF72AFDD7F800800E460546B8F1000F07
:101930001ED02046FFF738FF18B12046FFF729FFD9
:1019400020BB00230DF10F02CDE900338DF80E30DE
:101950008DF80F30304643460DF10E01FFF7C1FE02
:1019600004EB4502938A23F0020343F001039382C0
:101970007B689BB33146204693F80080D3F80490EF
:10198000FFF712FF28B1B9F1000F1FD06FF015005B
:1019900027E004EB4500838A23F4604323F020030F
:1019A0008382B9F1000F11D0B8F1030FEED87B6834
:1019B00021685B6893F800C04FEA8C031944B8F1C2
:1019C000000F11D1C1F81085C1F8108504EB450254
:1019D000938A23F01C0343EA88039382BB684BBBC2
:1019E000002005B0BDE8F083D1F8102522F00302F5
:1019F000C1F8102522681344D3F8102522F4473289
:101A000022F47C72C3F8102541F6F072D3F8101559
:101A100002EA061242EA08420A43C3F8102504EB20
:101A20004C03A3F86460838A43EA4C3343F02003F9
:101A30008382CBE73146D3E900782046FFF7E8FE02
:101A4000002FCDD063689F4206D004F16000FFF7FD
:101A5000DEFD002804DAC4E7A3689845F5D100202C
:101A600004EBC003C3E9017804EB4505AB8AC0B2BF
:101A700043EA402343F48073AB82B1E7C0E9031229
:101A8000704770B504461546FFF783FE48B1084617
:101A9000ECF772FC04EB40040020A38A5B0B2B7074
:101AA00070BD6FF01500FBE790F87400003818BFA8
:101AB00001207047ECF796BC2DE9F3410446174628
:101AC000FFF767FE0D462668F0B12046FFF76CFE73
:101AD0008046C8B92046FFF772FE820002F5807387
:101AE00046F80380F35823681344D3F8102542F0D6
:101AF0000102C3F8102527B1012322688340C2F8F0
:101B0000143302B0BDE8F081D6F8143328469B03A5
:101B10005CBF4FF40033C6F81433ECF72DFC04EB34
:101B20004004A38AC3F38203042B11D0052B11D0E8
:101B300001A80195ECF710FC019BC168D94001F0A8
:101B400001010231284602B0BDE8F041FFF712BEA4
:101B50000321F7E70221F5E7FFF7BABEFFF781BEE1
:101B600008B5EDF767F8BDE80840FFF7AFBD30B541
:101B70000124054690084038844014EA010009D049
:101B8000A85838B10021A950AA5813B11A682243A5
:101B90001A60012030BD00232DE9F34104460D46B3
:101BA0000193904601AB4FF48072FFF7E0FF4FF4D2
:101BB000827229462046FFF7DAFF4FF48472074607
:101BC00029462046FFF7D3FF064630B1B8F1000F93
:101BD0001DD017B13E46D4F80C374FF4A6722946F3
:101BE000204601ABFFF7C3FF30B1B8F1000F03D0BF
:101BF00016B90FB1D4F80C374FF4B4722946204609
:101C000001ABFFF7B4FF019802B0BDE8F081464692
:101C1000E3E707B5019001A8EDF744F80123019A25
:101C20009340436003B05DF804FB07B5019001A841
:101C3000EDF738F80123019A9340836003B05DF813
:101C400004FB70B54B7F04460D467BB1012364262F
:101C50004360002202212046FFF79DFF20B90120AA
:101C6000FFF7D3FC013EF4D100236B77AB7F5B071A
:101C700044BF0023C4F8003570BDF8B51E4690F887
:101C8000203004460D46174693B919B14969EDF75E
:101C900019F880B1C4E901761DB129462046EDF757
:101CA00055F80020012384F8210084F82030F8BD85
:101CB0006FF07700FBE76FF01500F8E7F0B590F8EC
:101CC000213005460E46174685B0002B40F0AB800C
:101CD00043682BB112F0140F04BF012380F82130A8
:101CE00005F1100496E80F0084E80F00686A421CB2
:101CF00005D095F822309B0717D5FFF78AFF336888
:101D00002C6823B103F06043B3F1005F06D1B368E0
:101D100073B103F06043B3F1005F09D000236FF0AB
:101D20000C0085F8213005B0F0BDFFF77EFFE6E737
:101D300017F0010318BF0123C4F84C3717F0020352
:101D400018BF0123C4F814370023D6E900C0D6E930
:101D5000021217F01C0FC4F83CC7C4F84007C4F8BF
:101D60000417C4F80827C4F80831D4F808314CD156
:101D7000D4F80035073B18BF012395F8226063F3C0
:101D80008206072385F82260C4F8003595F82230D2
:101D90001E070CD58223C4F8843C6B683BB100233A
:101DA000C4F80031D4F800310123C4F8043317F02B
:101DB000080612D14FF0010E6B68C4F800E063B959
:101DC000D4F80831002BFBD0CDE90212CDE900C0D8
:101DD0006A4604212046FFF7DEFE6B68D3B995F80A
:101DE0002220110748BFC4F8843C686A421C05D011
:101DF00095F822309B070AD5FFF717FF1EB920463A
:101E0000291DFFF71EFF00208DE70123B5E7FFF72F
:101E100000FFF3E7042317F0040F14BFC4F80833DE
:101E2000C4F80433EFE76FF00F007CE770B590F86B
:101E3000223004460568180710D5D5F80433D907B1
:101E40000CD5D5F800314BB10023C5F80031D5F8D9
:101E50000021C5F8843C0123C5F808330421284635
:101E600004F11002FFF797FED8B1606A421C05D05A
:101E700094F822309B0711D5FFF7D7FE94F8213054
:101E80001BB12846211DFFF7DCFE2046002300F889
:101E90000C3FD4E90131BDE870401847FFF7B9FEA7
:101EA000ECE770BD91F820200346032A29D8DFE82B
:101EB00002F0212519028A68500504D5D3F8442779
:101EC0000869904207D18A6852051AD4D3F844278A
:101ED0008969914215D000200622C3F80005C3F895
:101EE00000257047D3F8442708699042F3D1D3F80E
:101EF0000C27EDE7D3F844270969EAE7D3F80C2764
:101F0000FAE70120704730B501249508403DAC4008
:101F10000C4208D0815831B100218150825813B150
:101F20001A6822431A6030BD002313B50C46019392
:101F30004FF4947201ABFFF7E6FF21464FF4827233
:101F4000FFF7E1FF21464FF48A72FFF7DCFF2146DD
:101F50004FF4B672FFF7D7FF21464FF4A872FFF790
:101F6000D2FF21464FF49C72FFF7CDFF4FF49A72D7
:101F70002146FFF7C8FF019802B010BD10B4CC7B1A
:101F80008A6803682CB9D1E90041C3F80046C3F858
:101F90000416C3F8242543682BB1006810BCC0F3B5
:101FA0000830D0F7BDB910BC704738B50D4690F871
:101FB00026100446C9B9C160C0E9012380F8291080
:101FC00080F8281065B1AB7B80F82B302846ECF701
:101FD000D9FF6B7B2946204684F82A30FFF7CEFFD5
:101FE0000123002084F8263038BD6FF07700FBE72E
:101FF00006220368C3F80025022380F826307047C4
:1020000007B5019001A8EDF711FA0123019A934059
:10201000436003B05DF804FB0368013304D04068FB
:10202000431C5842584170470120704710B504685E
:102030000B689C4209D040684968884205D08C42B0
:1020400003D0181A18BF012010BD0020FCE740F390
:102050000903B3F1FF3F08BF0130C0F309000430AA
:1020600070470A680368534003604A6843685340F6
:1020700043608A68836853408360704708B503688B
:102080001B0D13F4E06304D00430FFF7CFFF80F0A2
:10209000010303F0010008BDC36E426D1944891AA3
:1020A000B1FBF3F203FB1211836D8B4208D90123BC
:1020B000406ECA0801F007018B40815C0B438354DA
:1020C00000207047024608B50846FFF7C0FF1368B6
:1020D00003441360002008BD03680133036000203F
:1020E00070472DE9F04F87B00393836E139EDB6931
:1020F0001746DDE91148A2199A4281468A4607D857
:10210000C36E002B00F09E80109A934200F29A80DA
:102110006FF0530093E0BAF1000F3FD0DAF80030CF
:10212000109A93423AD1DAE9015305EB030BA34528
:1021300034D9A54214D8ABEB040BB34528BFB34642
:10214000DAF80C10651B40465A46294404F0BCFDE1
:10215000D8445C44A6EB0B06002EDCD130466EE082
:102160002D1BB54228BF35463B68109A93421BD1C0
:10217000D7E901130B44A34216D9A14210D81B1B67
:102180009D4228BF1D46FB68611A40462A461944F5
:1021900004F09AFDA8442C44761BDDE73546E3E7BE
:1021A000091B8D4228BF0D46039B9E421FD3D9F8C1
:1021B00068004369B4FBF3F203FB1242BAB9B342BD
:1021C00015D8B5FBF3F203FB02FBA5EB0B03CDF82F
:1021D00000B00493436822469C4610994346E0476A
:1021E00068BB049BD8445B1B5C441E44B4E7109B53
:1021F0003B60D9F868305B69B4FBF3F25A437A600C
:10220000D9F86810059B486903442344B3FBF0F3F5
:102210004343C869834294BFC2EB0305C2EB000588
:102220008B6A10999D4228BF1D46BD60D9F8680091
:1022300000954568FB68A84700283FF46CAF07B0DD
:10224000BDE8F08F039B013B059385E71FB5C3F302
:1022500009040294069C019400240094EDF798F977
:1022600004B010BD30B5134604460268082087B09C
:1022700004AD916E03900295586801901B6810465A
:102280000093CB6902F11001FFF72BFF18B9284624
:10229000211DFFF7CBFE07B030BD2DE9F04F0646FC
:1022A000884691469A46002487B0119F0DF1100B85
:1022B000A74203D8002007B0BDE8F08F3D1B082DD2
:1022C00028BF0825109B4246E318CDE900A3002152
:1022D0003046CDE902B5A9EB0403FFF702FF002861
:1022E000E9D1129B2A4618685946EFF727FE129B40
:1022F0002C441860DCE72DE9F04F074688469146EC
:102300009A46002487B0129E0DF1100BA64201D808
:1023100000201BE0351B082D28BF0825109B4246D6
:10232000E318CDE900A300213846CDE902B5A9EBB9
:102330000403FFF7D6FE48B9119B2A4658461919DF
:1023400004F0F7FC002804D005DA012007B0BDE84E
:10235000F08F2C44DAE70220F8E730B513468268A4
:10236000C1F30905AA4228BF2A4685B002924168F6
:10237000044601915968009101681B680846FFF7FF
:10238000BAFF28B9A368AB4202D034BF01200220B3
:1023900005B030BD0023CEF771BC1FB50023CDE9D9
:1023A000023301934FF0FF330093EDF7A1FB05B02B
:1023B0005DF804FB036B1944C1F30903003B18BF2C
:1023C000012321F0004141EAC3710163704710B558
:1023D000836E04465B6B13B9C068D0F76DFBA36EC8
:1023E0009B6B13B9E069D0F767FBA36EDB6B23B976
:1023F000606EBDE81040D0F75FBB10BDF8B5C66990
:102400000D68083EB5420F4613D3B5FBF6F0013810
:10241000BFF7E2F8841CA5EB8404B4FBF6F4204675
:10242000BFF7DAF8A5EB8005204604FB16553D60A2
:10243000F8BD0020FCE72DE9F04F89B006460F46B5
:10244000DDF84C8005924BB94FF0FF32C8F8002000
:102450000020149A136009B0BDE8F08F846E013B30
:1024600007A920460793FFF7C9FF12A90546204692
:10247000FFF7C4FF4FF0040A81460DF1140BA94584
:10248000059A03D3129BC8F80020E1E795FAA5F35B
:10249000A5EB0904B4FA84F4B3FA83F3C4F11F047E
:1024A0009C4228BF1C46A300CDE900230021042341
:1024B0003A463046CDE902BAFFF713FE0028CAD1EA
:1024C0000123A340ED1ADAE72DE9F04F89B0064663
:1024D000DDE9120A0F4690461D4688B30138059083
:1024E00005A9B06EFFF78AFF04460DF1180B2946C7
:1024F0001498D04720BB1CB304F00109C9F10203B2
:102500009B00CDE90050424639463046CDE902B342
:10251000FFF7E7FDA0B9E54305F00105A84207DB99
:1025200008AB03EB8505023C55F8085C4C44DEE73C
:1025300006991498D04703460120002BEED0184688
:1025400009B0BDE8F08FC368184710B50C46826A21
:10255000FF21E06804F0DEFB4FF0FF33236010BD85
:1025600038B581660B6A0446C3664B6B0D46002B7B
:102570003BD0C360AB6B002B43D0E36128462146C0
:10258000FFF7E3FFA06E04F11001FFF7DEFFA56E79
:10259000EB6B002B3CD063662B6C002B08BFFF233A
:1025A00023676B6C002B08BF6FF00043636740F23A
:1025B000FE33AA6C002A08BF1A46A2672B6D591C6D
:1025C000E3672CD10023E36700204FF0FF33C4E919
:1025D0000A00C4E90833C4E90F00C4E90C00C4E9E7
:1025E00012006064A063206538BD886AD0F74AFA9B
:1025F000E0600028BED12046FFF7E9FE6FF00B0037
:10260000F2E7A86AD0F73EFAE0610028B6D1F2E717
:10261000E86AD0F737FA60660028BDD1EBE7002BF7
:10262000D2D1EB6CA96A43B18A4228BF0A46DB08C3
:102630009A4294BFE267E367C6E7EB69F4E72DE9E6
:10264000F0430D4609689846CB1C0646174685B0F0
:1026500003D9002005B0BDE8F083806EAC688369C3
:102660001C44013CB4FBF3F45C430094D0F80890A4
:10267000EB686A68C8470028ECD1B8F1000F04D1B4
:102680002946B06EFFF761FFE3E74FF0FF333B6091
:102690000294EB68224601936B68394600933046FA
:1026A0002B68FFF728FE0028D4DBE9D06FF0530039
:1026B000D0E72DE9F84F0646DDE90B5A0C46904667
:1026C00099460D9F002F3AD0002108E00A9B236015
:1026D000B36E9A69B5FBF2F35343C4E90131236841
:1026E0000A9A9342F2D16068A842EFD8B36E9A6A10
:1026F0000244AA42EAD9521BBA4228BF3A4693463C
:10270000E368281A5146184404F0DEFA6368A268A8
:102710005D44EB1A934238BF1346A360B26EDA44AD
:10272000926AA7EB0B079A42CCD14B464246214610
:102730003046FFF784FF0028C4D0BDE8F88F384644
:10274000FBE7F0B585B0CDE902231D464B680C468A
:1027500001930B68174600930246002300F1100115
:10276000FFF7A7FF064640B92A463946E068EFF76B
:10277000E5FB6368E0602B446360304605B0F0BD64
:102780002DE9F04F064687B010469946FFF75FFCEB
:102790004B6893464A69034493420C46804641D8AD
:1027A0008B682BF0004A8AEA03031BBA0593304674
:1027B000042305AAFFF7C5FF054678BBBBF1000F50
:1027C000A8F1040720DA0DF1130B2FB30123CDE993
:1027D00002B3D9F804303246043B4344DB1B019377
:1027E000D9F800300021009330463B46FFF779FCD2
:1027F00040B901235A4621463046FFF7A2FF013F68
:102800000028E2D0054609E03B464A4621463046CC
:10281000FFF797FF0028F5D1C4F808A0284607B0B5
:10282000BDE8F08F6FF01B05F8E713460A46D0E9C4
:102830000001FFF7A5BF10B5D1E9003482699A42C3
:1028400007D1C3699C4209D1EDF72EFC6FF053000C
:1028500010BD944202D1C469A342F4E7D1E9023425
:10286000A34205D15B000A60C269CB6000234A60C5
:10287000013300208B60EBE77FB50C460431064640
:10288000EDF7B6FD054670BB21463046EDF7B0FDCD
:10289000054640BB2246042342F8080FCDE9022337
:1028A000019022680146009230463246FFF719FC3B
:1028B00010B110F1540F19D1B36E5A6A002A09DD14
:1028C000A368013242F00102013B1344B3FBF2F36F
:1028D0005343A3604FF0FF330422C4E903230022D3
:1028E000C4E90523E361284604B070BD0546FAE754
:1028F0002DE9F04F93B0CDE907230B6B0646DA02C2
:102900000D461BD54C6B089BCA6AE318934238BF2F
:102910001346C26F9A4211D2CC63C36E0366EDF7C1
:10292000CFFD2B6B044630B143F400232B632046CC
:1029300013B0BDE8F08F23F480132B63089B06933C
:1029400005F140030C93069B0BB9089CEFE72B6B3A
:1029500013F4003204D0B16EEF6BC9698F4247D1D6
:10296000DB0200F1E08005F140030A93CAB96B6B0A
:10297000BBB1119211AA0292013B05F138020192FA
:1029800000933046D5E90A2305F14001FFF753FDD6
:10299000044608B12B6BC7E7B06E05F14001FFF7A5
:1029A000D4FDF36E3366AB6B09936B6B0593013B00
:1029B0000B9330460FA9EDF71BFD04460028E9D123
:1029C000DDF83C80B06E4146FFF7BDFD044630B1F6
:1029D00014F1540FDED14FF0FF332B64E9E7059B70
:1029E0004BBB1F46C5E90E832B6B43F400332B63AF
:1029F000B36EDB69DF1B069B9F4228BF1F46079B08
:102A000003970293EB6B32460193AB6B3046009316
:102A10000C990123FFF74DFE0446002800F0888042
:102A200010F1540FB6D129463046EDF749FD044662
:102A30000028E4D0AEE7D6F868900B9B484610A972
:102A40001093FFF7DBFC109FD9F81C3001379F4231
:102A5000109750D1471C97FAA7F7B7FA87F7A14606
:102A6000099B07F1010A11930DF1440B4FEA890309
:102A70000D930423CDE902B34FEA8903CDE9008326
:102A80003246012330460A99FFF713FE0446002818
:102A90009ED14F4535D109F10109CA45E6D8C5F89F
:102AA00038804FEA8A0724E0099B324600930021D0
:102AB0003046CDE902BACDF80490A7EB0903FFF741
:102AC00010FB044600287FF465AF012332463046F0
:102AD000CDE902BACDE900890A99FFF7EAFD04467B
:102AE00000287FF475AF09F101094F45DCD8C5F81E
:102AF0003880EF6378E7A1464FF0010A0DF1440BEF
:102B0000F3E70423CDE902B34FEA89030193119B54
:102B100001460093324604233046FFF7E2FA0446AA
:102B20000028B8D036E76FF001036F6BAB63E0E7C6
:102B30006B6B3B446B63EB6B3B44EB63079B3B442E
:102B40000793069BDB1B0693F36E3366FBE6F0B53B
:102B50000C46096B0546480397B008D5CA0258BF12
:102B60004FF0FF3321F4802158BF236421638B038E
:102B700002D4002017B0F0BD11F48011666BE76A33
:102B80003FD1542201A804F0C5F8A36ACDE90B3760
:102B9000012311AFCDE90D3695E80F0087E80F004E
:102BA0004FF0FF372F60626BE36A9A4212D304F151
:102BB000400701232A4639462846FFF740FD20B347
:102BC00010F1540FD6D121462846EDF779FC0028A4
:102BD000EFD0CFE7012328460DF1030201A9EDF75D
:102BE00087FA0028C6DB0123214628460DF103029F
:102BF000FFF77EFE0028BDDB2B680133D3D0119791
:102C0000D0E7BE422CBF66636763A36BA362636BAE
:102C1000E362236B23F4003343F48033C4E90C36BE
:102C2000A7E72DE9F7431E460B6B17465A030546E7
:102C30000C4619D4216B0B051DD4D4F834806B6F6E
:102C400008EB06029A422FD811F4003919D0334606
:102C50003A4621462846FFF74BFE002808DB236B47
:102C600023F40023236303E0FFF771FF0028E1D082
:102C700003B0BDE8F083E36A626B934288BF63638D
:102C8000DBE7E36A9845E2D96363636B9845DED975
:102C90000123214628460DF107028DF80790FFF722
:102CA00027FE0028F1DAE3E76FF01A00E0E72DE9EC
:102CB000F34107460E4614464D6B13B1012B09D163
:102CC0002C447B6FA3423CD3AC4210D1204602B0CF
:102CD000BDE8F081022B08D1D1E90B32920302D575
:102CE000AB4238BF2B461C44EBE72C46E9E7336B7D
:102CF0005B031ED5D7F86880F26BD8F81C309A4277
:102D000017D0694640460095FFF778FB01A90546B4
:102D100040460194FFF772FB85420AD1736C019A19
:102D2000934206D8B16C0B449A4202D27463F263A8
:102D3000CCE731463846FFF70AFF0028C7D1746355
:102D4000C4E76FF01500C2E72DE9F0438DB00C46E3
:102D500004A9054617469846BDF85490FFF78CFD28
:102D6000064628BBE37D3A468DF82730A3692846FE
:102D70000A93E36904A90B93BDF85830CDE9019398
:102D8000149B00934346EDF741FD002814DB01231B
:102D9000049F059A2046A761E261E37505F12001D1
:102DA000FFF744F920B9B9F1000F01D1C5E9087264
:102DB00030460DB0BDE8F0830646F9E710B504468D
:102DC000EEF786F8002806DB05D02046BDE8104067
:102DD0000021EEF7F1B910BD70B50B6B05461E036F
:102DE0000C4686B053D4FFF7B2FE216B20B141F4FC
:102DF0000021216306B070BDCA0348D504F108065E
:102E00003046FFF709F9002841D111F480131FD093
:102E100040F20120E36CE26AA18842EA812242EAA0
:102E20000052CDE90223226D2846936843EA8123AC
:102E300043F08153049353683146059302AA022359
:102E4000FFF7BCFF236BF8B143F400232363D1E702
:102E50004FF0FF322946284641F8102B2A46FFF74B
:102E6000EEFB0028C6D1A86E036998470028C1D19F
:102E7000236BDB02CCD4D4E90A016B46CDE9000117
:102E8000082240F20220C7E723F4803323630020A6
:102E9000B0E770B505460C46FFF79EFF0646AA6AE6
:102EA00005F1280322B11A68944209D122681A60F8
:102EB000236D1B6813B9E06CCFF7FEFD304670BD83
:102EC00013461268EEE708B5FFF781FA002008BD47
:102ED00070B58AB001911646002301AA02A90546E1
:102EE000EDF738F8041E0FDB2F21019803F031FFB6
:102EF00010B1230D022B0AD1C4F389223346284690
:102F000002A9ECF703FC044620460AB070BD6FF03E
:102F10001304F9E7EEF77ABAFFF7BBBFFFF75CBF20
:102F20002DE9F0411F460B6B05469B030C461646E8
:102F300007D43B46324621462846BDE8F041EDF72E
:102F4000D7B8FFF704FE0028F3D0BDE8F081FFF703
:102F500068BEFFF7ACBE2DE9F041161E05460C46D3
:102F600086B074DBD1E90B3292034F6B02D5BB42C2
:102F700038BF3B469E424FD2EB6F9E422ED8002375
:102F800021461A462846FFF792FE00285CDB4FF0E8
:102F9000FF3321462B6028463346EA68EDF7A8F850
:102FA000002851DB236B6FF0010243F4A813236365
:102FB0000023C4E90A2622646364AB6E32469B6A2E
:102FC000E06CA364E96803F07FFE00233A462146E3
:102FD0002846FFF76CFE00EAE07035E021462846FF
:102FE000FFF7B5FD80BB05AB029304F138030193F5
:102FF000731E0093059004F140012846D4E90A238A
:10300000FFF719FA00BBA36B6663C4E90A36236BAA
:1030100043F4A0232363D8E7D7D902230022214613
:103020002846FFF744FE00280EDB4FF00008636BD4
:103030009E42CAD901232146284605AA8DF814804C
:10304000FFF7EFFD0028F2DA06B0BDE8F0816FF07F
:103050001500F9E7486B7047826A00F1280322B136
:103060001A68914203D10A681A600020704713461B
:103070001268F4E7EDF798BA08B5F1F789FF002870
:1030800018BF6FF0040008BD08B1CFF77DBE7047D0
:1030900010B5436904463BB90020E26840425378CA
:1030A00043F00103537010BD98470028F4D0002866
:1030B000B8BF4042FF28A8BFFF20E3681870ECE7C4
:1030C00040B1C368587810F001001EBF1878B0FAFC
:1030D00080F0400970472DE9F04F89B0DDE91268B2
:1030E000059243460546324606A80F4600F0CAFC44
:1030F000DDE90634CDE90234EFF311844FF0200905
:1031000089F31288BFF36F8F05F10C0A05F1140BD8
:1031100039462846059A149B984730B184F31188A4
:10312000BFF36F8F09B0BDE8F08F56EA0806F5D0FF
:10313000DDE9022306A800F0CAFCDDE90668524674
:1031400021465846CDE90068EFF716FFEFF31184EA
:1031500089F31288BFF36F8FDAE710B400F10C0423
:10316000C0E903440024047510BCF9F75BBD38B511
:103170000446EFF31185202383F31288BFF36F8F8A
:10318000CCF7A0FD04F10C0000F088FB30B129461B
:1031900004F11400BDE8384000F066BB85F31188E7
:1031A000BFF36F8F38BD10B582696AB1C36842EA58
:1031B0000301890708D14169A2FB011424B95B18F6
:1031C0002CBF0121002102D36FF0150005E0016141
:1031D0009B1A42698A4201D8002010BD0269013160
:1031E0001A60826903619B1AF3E72DE9F0410546F5
:1031F0000F46EFF31188202383F31288BFF36F8FFC
:103200000669FEB90468A0421CD0DCB1D4E90032E2
:1032100013605A60237CC4E9006623F00203237420
:10322000A66004F1180000F0F2FB2046C4F88460A8
:10323000676100F0B7FA414605F10800BDE8F041CA
:1032400000F012BB3E60EB692F61013BEB6188F33C
:103250001188BFF36F8FBDE8F081202408B5EFF32C
:10326000118384F31288BFF36F8FFAF7D3FDF6E76B
:10327000D0E9003213605A600023027CC0E90033B9
:1032800022F0020202748360704713B50124009497
:10329000EFF782F802B010BDF8B50546EFF31186DE
:1032A000202383F31288BFF36F8F0468A0421AD0E3
:1032B000CCB12046FFF7DCFF04F1180000F0A7FBBB
:1032C0006FF022072046C4F8847000F06BFA2C6877
:1032D000A54215D0A4B12046FFF7CAFF04F118009B
:1032E00000F095FBEEE7002300226A622A6AEA6199
:1032F00043B1314605F10800BDE8F84000F0B4BA2A
:103300000123F1E786F31188BFF36F8FF8BD90F9C1
:103310000E308B4201D0EFF751BE002070470346BC
:103320000020C3E90033C3E902007047D0E900324E
:1033300013605A600023027CC0E9003322F00202CD
:103340000274836070472DE9F041904604460D46B3
:103350009DF81820EFF31186202181F31288BFF326
:103360006F8F02B14568224652F80C7F974217D002
:10337000B7B13846FFF7DAFF07F1180000F047FB56
:1033800000233846C7F88430C7F8148000F00AFAE2
:1033900004F10800314600F067FA0020BDE8F08132
:1033A000A3B10820F0F79AFB002838D00122C0F81A
:1033B00004800260016801F003015DB922680A43DC
:1033C0000260626820606AB960600BE04046C8F83D
:1033D0000030EFE72A68032A16D80160616869B9EE
:1033E000C4E90000042104F1140000F08EFC002860
:1033F000CED186F31188BFF36F8FCFE70A6802F052
:10340000030202430A60DFE722F003020A4302607C
:103410002A6802F0030240EA02032B60E2E76FF041
:103420000B00E6E70023C0E90033037200F10C0350
:10343000C0E9033300F11403C0E90533704770B5E8
:103440000546EFF31186202383F31288BFF36F8FB5
:10345000034653F80C4F9C421BD074B12046FFF733
:1034600065FF04F1180000F0D2FA00232046C4F8EA
:103470008430636100F096F90124082105F11400FD
:1034800000F043FC38B934B986F31188BFF36F8F6D
:1034900070BD0024F1E7314605F10800BDE8704039
:1034A00000F0E2B9012307B5009300230A4619464C
:1034B000FFF749FF03B05DF804FB002307B50A4698
:1034C00000931946FFF73FFF03B05DF804FBEFF3ED
:1034D0001183202282F31288BFF36F8F006818B126
:1034E0000268920718BF406883F31188BFF36F8F9B
:1034F00070475AB18A4209D300F11003C0E90212A1
:10350000C0E90000C0E90433002070476FF01500E7
:103510007047012302688B4022EA0303036022FA0A
:1035200001F000F001007047704710B50321044618
:103530000C30FFF7EEFF30B104F1100000F067FA35
:10354000B0FA80F0400910BD20B10022943011463D
:1035500000F0EFB9704770B5C3680446C3F3400686
:103560009B0716D4856802210C30FFF7D2FF80B18B
:10357000D5F88C206AB194421DD122689EB9D5F845
:103580009030C5F88C209C4201D1C5F890200023D2
:103590002360E36813F01F001EBF43F00203E360E3
:1035A00040F0020070BD3260D5F89020944208BF10
:1035B000C5F89060EBE716461268DBE773B5044682
:1035C000EFF31185202383F31288BFF36F8F00235D
:1035D0000193D0E90423B3F1004F08BF012A05D0BD
:1035E00085F31188BFF36F8F02B070BDA0F1100694
:1035F00003210438FFF78DFF0028F1D0A36930467E
:1036000001A90193EFF7F2F9EAE738B504460D4650
:103610001022002103F07EFB656038BDEFF31183BB
:10362000202282F31288BFF36F8FC06800F01F0062
:1036300083F31188BFF36F8F704713B5019008466D
:10364000EFF31184202383F31288BFF36F8F01A956
:10365000EFF7CCF984F31188BFF36F8F02B010BD80
:1036600010B5FFF7EAFF041E08DDEFF311802023F9
:1036700083F31288BFF36F8FEFF70CFD204610BD68
:1036800070B50D46EFF31186202383F31288BFF344
:103690006F8FEFF7FDF9044686F31188BFF36F8F44
:1036A00038B14FF0FF324FF0FF3305F11000EFF764
:1036B00073F8204670BD08B5A822002103F02AFB4C
:1036C00008BD38B530220D460021044603F022FB28
:1036D0004FF480736560E36038BDFFF79FBF38B576
:1036E0000446EFF31185202383F31288BFF36F8F15
:1036F000FFF71BFF2046FFF72EFF85F31188BFF36E
:103700006F8F38BDD0E9003213605A600023027C0D
:10371000C0E9003322F00202027483607047EFF3C5
:103720000580003818BF012070476FF057007047C0
:1037300000207047D0E9003213605A600023C0E9CE
:103740000033704708B5FFF7F5FF037C23F0020351
:1037500003740023836008BD38B504460D46EFF7B7
:1037600089FB237C43F002032374D5B1A5602B6849
:103770009D4209D16B68C4E900531C606C6010E085
:103780006A689A42F6D01B68002BF3D093F90E10AA
:1037900094F90E209142F3DD5A68C4E900321460B6
:1037A0005C6038BD10B5EFF31184202383F31288D9
:1037B000BFF36F8FEFF71EFB84F31188BFF36F8F9A
:1037C00010BD08B5EFF31181202282F31288BFF3F8
:1037D0006F8F83680BB1FFF7B5FF81F31188BFF3DB
:1037E0006F8F08BD08B5037C014613F0280F0CD17C
:1037F00083680BB1FFF7A6FF0B7C084623F0040398
:103800000B74BDE80840EFF7F5BA08BD10B5EFF34B
:103810001184202383F31288BFF36F8F1838FFF7CA
:10382000E1FF84F31188BFF36F8F10BD08B5034625
:10383000EFF31181202282F31288BFF36F8F0068AB
:10384000834207D008B1FFF77DFF81F31188BFF3F2
:103850006F8F08BD0020F8E710B5FFF7B2FFBDE895
:103860001040183000F0D3B80846EFF73BBB38B52E
:10387000054604680020AC4200D138BD002CFCD0C5
:103880002046FFF75FFF04F1180000F0C0F8204663
:10389000EFF7B0FA2C680120A542EDE710B5EFF381
:1038A0001184202383F31288BFF36F8FFFF7DFFFAC
:1038B00084F31188BFF36F8F10BD70B506460D46B7
:1038C000EFF784FCB5F1FF3F08BFB6F1FF3F0446B8
:1038D0000CD047F6112000214FF47A7547F61222DA
:1038E0000023E4FB0501BDF703FE70BD4FF0FF3080
:1038F000FBE738B50446EFF31185202383F31288E4
:10390000BFF36F8F037C5B070ED5183000F07FF894
:10391000237C204623F004032374EFF76BFA284638
:10392000BDE83840EFF7DEBA85F31188BFF36F8F3B
:1039300038BD38B5EFF31185202383F31288BFF328
:103940006F8F0468A04213D0A4B1C4F884106261E0
:103950002046FFF7F7FE04F1180000F058F8204663
:10396000EFF748FA012085F31188BFF36F8F38BD58
:103970000020F8E72046F6E72DE9F04706460F4617
:1039800091469A46EFF31188202383F31288BFF300
:103990006F8F0068864206D028B1736898420CBFCA
:1039A0000025056868B90024B9F1000F02D051461E
:1039B0002046C84788F31188BFF36F8F2046BDE8C3
:1039C000F0875146B84704460028EDD135B17368F9
:1039D000AB4200D02C6828462546E3E72C46FAE7A0
:1039E00008B50246EFF764FD70B1D0E904319B1AC7
:1039F00061EBE272B3F1004F72F1000104DA002AC8
:103A0000ACBF1846002008BD6FF00040FBE702463F
:103A100038B5EFF31185202383F31288BFF36F8F3E
:103A20000368D3B1EFF744FD04461046EFF752FDAB
:103A300000224FF000438442C0E9042305D0002057
:103A400085F31188BFF36F8F38BDEFF739FDFFF7AE
:103A5000C7FF0021EAF746F8F1E7D0E90413B3F114
:103A6000004F08BF012904D100204FF00041C2E9F6
:103A700004016FF01500E3E708B5EFF733FE08BD6A
:103A8000EFF730BEB3F1FF3F08BFB2F1FF3F70B5B3
:103A900006461D46144614D01A4316D0002B08DBE8
:103AA000EFF720FE041941EB0501C6E9004130465D
:103AB00070BD6FF001031C1B4FF0FF3363EB05017A
:103AC000F3E74FF0FF342146EFE70024FBE7B3F1C3
:103AD000FF3F08BFB2F1FF3FF8B5074616461C4648
:103AE00010D054EA020311D0EFF7FCFDB0420A46B1
:103AF000A14103460AD2F31A64EB0204C7E9003479
:103B00003846F8BD4FF0FF331C46F7E70023FBE7CC
:103B10000023C0E9081200F11802C0E90622C0E93A
:103B2000003303634363704730B5D0E900349842F3
:103B300008D03CB1A568DDB112F9522C15F9525CE0
:103B4000AA4207DDC1E90004216041600FE0A34201
:103B5000F8D01B68002BF5D09D684DB115F9525C6B
:103B60009542F4DD5A68C1E900321160596030BDF8
:103B700000239B7BFFDE2DE9F84F00250F461446FE
:103B8000984601462E464FF0200AA946BD4202DB68
:103B90003046BDE8F88FEFF3118B8AF31288BFF33C
:103BA0006F8F4B7B03F03F03082B09D853B1013BC8
:103BB000072B07D8DFE803F0281C06220606062E8E
:103BC000102B2DD0B8F1000F3BD12378002B38D02B
:103BD0004B7B03F03F03082B3AD8002B3AD0013B34
:103BE000072B37D8DFE803F04339363F3636364601
:103BF0000B699B68002BE5D0022317E00B691B685B
:103C0000002BDFD0042311E00B699B68002BD9D077
:103C100001230BE00B695B6A002BD3D0102305E076
:103C20000B69DA895B899A42CCD02023CA68C1F833
:103C30000890C2F38630034363F39432CA6084F879
:103C400000908BF31188BFF36F8F013514319DE71E
:103C5000102B13D08C600136F3E722460869103030
:103C6000FFF762FFF6E7086922461430F8E72246BC
:103C70000869F5E7086922462830F1E70869224615
:103C80003030EDE72DE9F041846805460E46D4B1A9
:103C90006378012B22D114F8503C9A0711D5A4F176
:103CA00060073846FFF7D8FD082E14BF00236FF0D9
:103CB0000303636214F8503CDB0602D13846FFF779
:103CC00071FD002323700023AB60EB68C3F38632E1
:103CD000164366F39433EB60BDE8F081022BF0D11C
:103CE0002378002BEDD054F8048CB8F1000FE8D005
:103CF00004F11400FFF78BFE0023A4F114073946EA
:103D00004046E362FFF799FCDBE738B5EFF3118536
:103D1000202383F31288BFF36F8F0468A04211D071
:103D2000D4E9003213605A6000232046C4E900330E
:103D3000FFF7A8FF85F31188BFF36F8F201E18BF10
:103D4000012038BD0024F5E70023C0E900008360AE
:103D5000704700238360704783680B60C3681360FB
:103D600070472DE9F3470446DDE90A9815460E46EB
:103D700059B302F0010AEFF765FA0746EFF3118134
:103D8000202383F31288BFF36F8FA80744BF00235B
:103D9000A360A36803EA0600BAF1000F0CD08642C4
:103DA0000CD16A0744BF8343A36081F31188BFF33A
:103DB0006F8F02B0BDE8F0870028F2D159EA0803FE
:103DC00005D181F31188BFF36F8F0020F1E7C7E9B8
:103DD00019652246CDE9009804F10C00EFF7CCF804
:103DE0000028F2D1786EE4E710B50B680446D0E9FC
:103DF000190212F0010F03EA000301D0984211D119
:103E000083B16366520748BF4A6804F1180044BF93
:103E10001A434A60FFF7FBFD00232046C4F88430B4
:103E2000FFF7E0FC002010BD0023C0E90000836024
:103E3000037370470A46EFF709BE0A460021EFF701
:103E400005BE5200FFF78DBF043270B504460ED296
:103E5000EFF31185202686F31288BFF36F8F41F0B0
:103E60000401984785F31188BFF36F8F08B90020CC
:103E700070BD40F8044BFBE720B1011F50F8040C63
:103E8000FFF775B97047837842781B04007843EADE
:103E90000223184370470068704708B50246FFF7D1
:103EA000FAFF0346101DFFF7F6FF0146184608BD4E
:103EB0000B0A017043700B0C090E8370C1707047C0
:103EC00008B501EB8202031F0846FFF7E4FF043147
:103ED000914243F8040FF7D108BD10B500EB820200
:103EE0000C1F54F8041FFFF7E3FF04309042F8D191
:103EF00010BD2DE9F04188460546FFF7CEFF064686
:103F000040460C46FFF7C9FF464005F108004C400B
:103F1000FFF7C3FF074608F108000D46FFF7BDFF96
:103F20007840694030432143BDE8F081F8B506464A
:103F30000F46FFF7DEFF05460C4606F1100007F1BD
:103F40001001FFF7D6FF28432143F8BD28220021A6
:103F500002F0E0BE01232422002140F8043B02F0DD
:103F6000D9BE002351F8232040F8232001330A2B27
:103F7000F8D17047002351F82320524240F8232003
:103F800001330A2BF7D17047002330B551F8234095
:103F900052F823502C4440F8234001330A2BF5D12A
:103FA00030BD002330B551F8234052F82350641B34
:103FB00040F8234001330A2BF5D130BDF0B5043968
:103FC000041F02F00107243054F8043F51F8045F45
:103FD000002F14BF2E461E466B40534326600D68CB
:103FE000844285EA03050D60EED1F0BD30B5031FB4
:103FF0000439243002F0010253F8045F51F8044FF1
:10400000002A08BF2C4683421C60F5D130BD2DE943
:10401000F04F044687B00846FFF73DFF8246081D73
:104020001746FFF730FF8301C81D0493FFF72BFFEE
:10403000430101F10A000193FFF725FF4FEAC00891
:1040400001F10D00FFF71FFF860001F11000FFF7DF
:1040500022FF009001F11400FFF715FF4FEAC0198D
:1040600001F11700FFF70FFF430101F11A0002935E
:10407000FFF709FF030101F11D006FF07F4103937A
:10408000FFF701FF002541FA07F202401AF1007123
:104090004FEA820E4FEA916145F1000241EA821136
:1040A000049B8806BAEB000A4FEA911C6CEB4C0BA0
:1040B00092165F1842F1000216F1007045F10005FA
:1040C000800E40EA85108306F31A009E4FEA901195
:1040D00061EB4101AD16361845F1000517F1807C02
:1040E00042F100024FEA5C6C4CEAC21C5016A7EB8E
:1040F0004C620492019A12EB0C02009240F1000013
:1041000016F1807245F1000C520E42EACC1219EB06
:104110000209A6EB4265009A4FEA6C6C4CF1000C68
:1041200012F1007240F10000920E42EA80120595F1
:10413000801618EB0205019540F1000019F1007599
:104140004CF1000C4FEA9568029D48EA8C1815EB7B
:1041500008050295019D4FEAAC6C4CF1000C15F17D
:10416000807740F100007F0E47EAC0170298DB1904
:1041700041F1000110F180754CF1000C03986D0EB7
:1041800045EACC1540194FEA6C6C4CF1000C13F168
:104190000076039041F1000110F100704CF1000C29
:1041A000800E40EA8C101EEB000E4FEA96664FEA36
:1041B000AC6C46EA81164CF1000C1EF180714CF19A
:1041C000000C490E41EACC114FF0130CC1FB0CABB3
:1041D0001AF1007C4BF1000B4FEA9C6C4CEA8B1CF3
:1041E000AAEB8C6AC4F800A0DDF810A0A3EB8663EC
:1041F0001AEB0C0CC4F804C0DDF800C0AEEB416152
:10420000ACEB826C019AC4F808C0A2EB4762E26092
:104210002361059B61629E19A9EB8863A361029BE0
:104220006661A3EB4565039BE561A3EB80602062BB
:1042300007B0BDE8F08F2DE9F04F0D680C6982FBE7
:10424000055815F1007782FB044648F1000CBF0EBB
:1042500047EA8C174FEAAC6EBB060CF07C4C8BB077
:10426000EB1A4CEA971C4D68069368EB0C0314F1AB
:10427000007C07934FEA9C6C46F10003C2FB057E6D
:104280004CEA831C4FEA8C65641B4FEAA36A4D69B4
:1042900003F07C4343EA9C1366EB0306C2FB05CAAA
:1042A00017F180754EF1000E6D0E45EACE15A7EBA5
:1042B000456708978F684FEA6E63C2FB07531CF18E
:1042C000807E4AF1000A15F1007943F100034FEABC
:1042D0005E6E4FEA996949EA83194EEACA1EACEB51
:1042E0004E67CC4609978F694FEA6A6AC2FB07EAB4
:1042F000CF689B16C2FB07C3CDF808C01EF1007C37
:104300004AF1000A4FEA9C6C4CEA8A1CCDF804E0A2
:10431000E646CF694FEAAA6AC2FB07EA029FCDF8D8
:104320000CE017F1807843F100034FEA586848EA3F
:10433000C31814EB080446EB63661EF180774AF15C
:10434000000A7F0E47EACA17BE460B6A4FEA6A6A3E
:10435000C2FB03EACDF810E014F1007E46F1000341
:104360004FEA9E6E4EEA831E049B4FF0130B13F12F
:1043700000764AF10003B60E46EA8316B246496A51
:104380009B16C2FB01A31AF1807143F10003490E91
:1043900041EAC311CDF814A0A1FB0B2A5B160BFB5D
:1043A00003AA069BA5EB8965D218079BA4EB8E6434
:1043B0004AEB030A12F100734AF1000A9B0E43EA2A
:1043C0008A13A2EB83620260089A8560D318436067
:1043D000029BA3EB4863C3600461099B13EB0E03CC
:1043E0004361019BA3EB8C638361039BA3EB476752
:1043F000049BC761A3EB8666059B0662A3EB416144
:1044000041620BB0BDE8F08F2DE9F04FA3B00290F0
:10441000D1E9000307938B684FF0130BD2E900CE6C
:104420000093CB6808930B6901934B690993D1E919
:1044300006930A93D1E908530B9393680393D368C7
:1044400004931369059353690C9393690E93D3698D
:10445000DDF800A01593136A1793536A1893079B0E
:104460005B000F93089B0F995B001093099B5B0007
:1044700011930A9B5B0012930B9B5B001393039BAE
:104480000BFB03F7049B0BFB03F6059B0BFB03F3F2
:1044900016930C9B0BFB03F314930E9B0BFB03F384
:1044A0000D93159B0BFB03F30693179BDDF8188008
:1044B0000BFB03F2189B0BFB03F381FB0314C0FB04
:1044C0000C14CAFB0214DDF840A0CAFB0814DDF886
:1044D0000480DDF834A0C8FB0A14DDF84480DDF860
:1044E00050A0C8FB0A14DDF858800BFB0EFAC9FB7C
:1044F0000814DDF84880C8FB0614C5FB0714DDF876
:104500004C80C8FB0A14CDE919140799DDF800A006
:104510008CFB0118C0FB0E18C3FB0A18DDF820A0A5
:10452000019CC2FB0A18DDF818A0CAFB04180D9CF8
:10453000DDF824A0C4FB0A18149CDDF828A0C4FBF5
:104540000918169CC4FB0A18C6FB05180B9CC7FB70
:104550000418CDE91B180F99039C81FB0E17C0FBB3
:104560000417009CDDF84480CCFB0417109CC3FBAF
:104570000417019CC2FB0417069CC4FB08170D9C82
:10458000DDF84880C4FB0917149CC4FB0817169C6F
:10459000C4FB0517139CC6FB0417039CCDE91D172C
:1045A00007990B9F81FB0416049CC0FB0416009C1A
:1045B000C4FB0E16089CCCFB0416019CC3FB04161E
:1045C000099CC2FB0416069CC4FB09160D9CC4FB87
:1045D0000A16149CC4FB0516169CC4FB0716049C03
:1045E00016910F991F9681FB0461059C039FC0FBE8
:1045F0000461009CC4FB0761109CC4FB0E61019C1C
:10460000CCFB0461119CC3FB0461C2FB0961069CE5
:10461000C4FB08610D9CC4FB0561DDE91374C4FB98
:104620000761079CB046059E84FB06670C9CDDF87D
:1046300010A0C0FB0467009CC4FB0A67089CDDF85F
:104640000CA0C4FB0A67019CDDF82CA0C4FB0E671C
:10465000099CCCFB0467C3FB09670A9CC2FB046787
:10466000069CC4FB05670D9CC4FB0A670F9C0D9656
:104670000C9E149784FB06670E9CDDF814A0C0FB0B
:104680000467009CC4FB0A67109CDDF810A0C4FB03
:104690000A67019CDDF80CA0C4FB0A67119CDDF8D9
:1046A0004CA0C4FB0E67CCFB0967129CC3FB0467DC
:1046B000C2FB0567069CC4FB0A67079C06960E9E14
:1046C000209784FB0667159CC0FB0467009CDDF8FF
:1046D00030A0C4FB0A67089CDDF814A0C4FB0A677D
:1046E000019CDDF810A0C4FB0A67099CDDF80CA052
:1046F000C4FB0A67C9FB0E670A9CCCFB0467C3FBBB
:1047000005670B9CC2FB04670F9A159CB24682FB9F
:104710000426179C2197C0FB04260E9F009CC4FB17
:104720000726109C0C9FC4FB0726019C059FC4FB19
:104730000726049F119CC4FB0726039CC9FB042683
:10474000129CC4FB0E26CCFB0526139CC3FB04263F
:10475000079B0F92179A189C83FB0232C0FB04320E
:104760000098159CC0FB043210460E9C089AC2FBB0
:104770000430019A0C9CC2FB0430099A059CC2FBD0
:104780000430C9FB07300A9A039CC2FB0430C5FB06
:104790000E300B9A199CCCFB02309C46199B05905D
:1047A00013F1007E1A9B4FEA9E6E43F100004EEA21
:1047B000801E4FEA8E62A21A079200F07C431A9A7A
:1047C00043EA9E1362EB030308931B9B13EB0E0E4D
:1047D0001C9B43EBA06018F1007541F10003AD0E86
:1047E00045EA831503F07C44AA06B8EB020244EACA
:1047F000951461EB04010D9C6519149C44EBA363B3
:104800001EF1807440F10000640E44EAC014AEEB67
:10481000446709971D9F3C1900941E9C44EB6060FF
:1048200015F1807443F10003640E44EAC314A5EB50
:1048300044650A95069D2C190194209C44EB636302
:10484000009C14F1007440F100004FEA946E169C35
:104850004EEA801E14EB0E0403941F9C44EBA060F0
:10486000019C14F1007543F10003AD0E219C45EA53
:1048700083151AEB050944EBA363039C14F18077BD
:1048800040F100007F0E47EAC017D21941EB60618A
:1048900019F180740F9843F10003640E44EAC314C5
:1048A00010EB040846EB636312F1007641F100015E
:1048B000B60E46EA8116614618F1007043F1000316
:1048C000800E40EA8310091804910599A2EB8662D4
:1048D00041EBA3630499A9EB446411F1807143F1A6
:1048E0000003490E41EAC311A1FB0BCA5B160BFB87
:1048F00003AB079BDDF808A01CEB0303DDF820C029
:10490000A8EB80604BEB0C0B13F1007C4BF1000B20
:104910004FEA9C6C4CEA8B1CA3EB8C63CAF800300A
:10492000099BCAF8102013EB0C03CAF80430009B53
:10493000CAF81C40A3EB8E63CAF80830039BCAF880
:104940002000A3EB47670A9BCAF80C709E19019BD5
:10495000CAF81460A3EB8565049BCAF81850A3EB52
:104960004161CAF8241023B0BDE8F08F2DE9F04F63
:1049700095B08246D1E90023D1E902400690D1E901
:1049800004900290D1E906B00390086A496A049045
:10499000089161000591069926204900009102992D
:1049A000039D49000191039900FB05F84900099115
:1049B0001321049D5F0001FB05F6089D079300FB92
:1049C00005FC01FB0BF302994FEA420E484387FBBB
:1049D0000C15C2FB02152A466500C5FB0612009D98
:1049E0000A93C5FB08124FEA4905C5FB03120D46A1
:1049F0000299079BC1FB00528CFB0410CEFB0310F5
:104A00000B95009D0A9BC6FB0510C8FB09100D46BF
:104A10000199C3FB0150079BCDE90C5087FB033183
:104A2000CEFB0431009D0698CCFB05314FEA4905C9
:104A3000C6FB0531019DC8FB05310D460A99C1FB36
:104A40000B350A9387FB04310E95069DCEFB05318D
:104A5000CCFB0931019DC6FB05310D46C8FB0B356A
:104A6000CDE90F35009B4FEA4B0587FB0331CEFBA9
:104A70000931C4FB0431019CCCFB0431C6FB053178
:104A8000039CC8FB0431079387FB0935029CC4FBD8
:104A90000E35DDE90548C4FB0835CCFB0B35099C18
:104AA000DDF81480C6FB04351193019B87FB0334AA
:104AB000CEFB0B34C8FB0934DDF80080C8FB0034A2
:104AC0000998CCFB00340498DDF80880C6FB00345C
:104AD000069387FB0B630398CEFB00630598C0FB2E
:104AE00008630098C0FB09630498CCFB0063CDE920
:104AF0001263099B87FB0368CEFB0068059BC3FB21
:104B00000B68DDE90030C3FB0068C9FB0968089B3E
:104B10000398CCFB0368049BCDF8248087FB037CBF
:104B2000089BCEFB037C059BC3FB007C009BC3FB67
:104B30000B7CE346019BC9FB037B0B9B049713F1A2
:104B4000007742F1000CBF0E47EA8C174FEA8768E6
:104B50000CF07C4EB3EB08034EEA971E059362EB14
:104B60000E030C9A08930D9BD71943EBAC60079B7F
:104B700013F1007C41F1000E4FEA9C6C4CEA8E1C54
:104B80004FEA8C629A1A0EF07C48119B48EA9C18F6
:104B900061EB080113EB0C0C45EBAE6517F1807E61
:104BA00040F100004FEA5E6E4EEAC01EA7EB4E6376
:104BB00007930A9B13EB0E0300930E9B43EB60607D
:104BC0001CF1807745F100057F0E47EAC517ACEB75
:104BD00047630A93069B4FF0130CDF19009B44EBCD
:104BE000656413F1007540F100000F9B4FEA956E6C
:104BF0004EEA801E13EB0E030293109B019743EBCA
:104C0000A06017F10075129B44F10004AD0E45EA57
:104C1000841513EB0509139B43EBA463029C14F169
:104C2000807740F100007F0E47EAC017D21941EBB0
:104C3000606119F1807443F10003640E099844EA3D
:104C4000C31416EB040840EB636312F1007641F1E4
:104C50000001B60E18F1007046EA811643F1000318
:104C60000499800E40EA8310091804914BEBA3636A
:104C700011F1807143F10003490E41EAC31103921F
:104C8000A1FB0C2B5B160CFB03BB059BDDF820C0C6
:104C9000D3184BEB0C0B13F1007C4BF1000B4FEADC
:104CA0009C6C4CEA8B1CA3EB8C63CAF80030079B0E
:104CB000A9EB446413EB0C03CAF80430009BA8EB87
:104CC0008060A3EB8E63CAF80830029BCAF81C40D0
:104CD000A3EB4767039BCAF80C70A3EB86620A9BA1
:104CE000CAF810209E19019BCAF81460A3EB8565D1
:104CF000CAF81850CAF82000049BA3EB4161CAF817
:104D0000241015B0BDE8F08F0029A1BFCB10C05C06
:104D100001F007010841ACBF00F00100002070471E
:104D20002DE9F04300241C3002F11C080025A0F1FD
:104D30001C0C161F4FF0000956F8047FDCF80030F9
:104D400051F824E0EEFB07395B1949F10005B04545
:104D50004CF8043BEED10134082C40F8045FE5D157
:104D6000BDE8F08310B50446FFF7F0F804F1280021
:104D7000FFF7F0F804F15000FFF7ECF804F17800C9
:104D8000BDE81040FFF7E2B82DE9F04316460446AF
:104D90000D4695B00A4668462831FFF7F5F80AA88F
:104DA000FFF7FFF8324669466846FFF72DFB0AA970
:104DB00004F12808084606F12802FFF725FB69469A
:104DC0000AAA4046FFF7E0F82046FFF7EAF804F1A8
:104DD000500705F1500238461146FFF7D5F804F1A7
:104DE0007809394606F15002FFF70EFB484606F1F6
:104DF000780205F17801FFF707FB4A463946684615
:104E0000FFF7C2F80AA8FFF7CCF842462146484609
:104E1000FFF7FAFA214620460AAAFFF7F5FA6A4692
:104E200041464046FFF7F0FA694638460AAAFFF7BE
:104E3000EBFA15B0BDE8F0832DE9F84F1C4690461B
:104E400005460F460A9E18460A462831FFF79CF889
:104E50003046FFF7A6F8424621462046FFF7D4FA2F
:104E600005F1280A3146304608F12802FFF7CCFA4E
:104E7000324621465046FFF787F82846FFF791F85B
:104E800005F1500907F1500205F1780B114648462B
:104E9000FFF77AF8584608F1500207F17801FFF75A
:104EA000B3FA5A4649462046FFF76EF83046FFF7F8
:104EB00078F8524629465846FFF7A6FA3246294660
:104EC0002846FFF7A1FA224651465046FFF79CFAC2
:104ED000324621464846BDE8F84FFFF795BA2DE91E
:104EE000F04714468946074604F12808104609F1A0
:104EF000280A04F15005FFF739FD51464046FFF7F7
:104F000035FD284609F1500104F17806FFF72EFD22
:104F1000294628460222FFF78EF952464946304676
:104F200007F17809FFF730F831464846FFF71EFDD4
:104F3000224641463046FFF727F84046FFF731F852
:104F4000324649462046FFF72CF842462946284675
:104F5000FFF727F82A4621463846FFF755FA42461A
:104F6000314607F12800FFF74FFA2A46414607F17C
:104F70005000FFF749FA324621464846BDE8F0475F
:104F8000FFF742BA2DE9F84F9846C3780546934299
:104F90000E460CD111464046FFF7B6FE571E04469A
:104FA00039464046FFF7B0FE844209D1EF70B5F9AB
:104FB0000030934214BF002095F90200BDE8F88F3D
:104FC000571CB742A8BF3746A2EB070B4FF00009AA
:104FD0005E4607F1FF3A04FA0AF46442CA450BF14F
:104FE000010B21DCD11B4046FFF78EFE04446142D9
:104FF000214001F0F000003801F0CC0318BF01207F
:10500000003B18BF01235B0001F0AA0143EA8003C3
:10501000002918BF43F00103511CC91B19441C414E
:105020002980AC70EE70C2E759464046FFF76CFE2F
:1050300000FA09F0044409F10109CFE72DE9F04F26
:1050400085B0DDE90F570C46029039462846039398
:10505000FFF75AFE07F1200181462846FFF754FE6C
:1050600007F1400182462846FFF74EFE16468200B1
:1050700002EB4A0202EB0900C2B207F160012846C6
:10508000FFF742FE4FF0000802EBC000C0F3C40B74
:105090000BF1FF33584000F007030E9F019304F11A
:1050A000280A04F15009019B394683EA0805013DAD
:1050B000C5F300252A462046FEF798FF07F1280190
:1050C0002A465046FEF792FF08F1010807F1500109
:1050D0002A464846FEF78AFFB8F1080F07F178071D
:1050E000E1D149463046FEF745FF8BF001023146DB
:1050F0004846FEF763FF51462046FEF75FFF039BDD
:1051000002990E9322463346084605B0BDE8F04F9B
:10511000FFF792BE08B5FEF709FF0843B0FA80F02A
:105120004009013808BD00231A468B4200D1704760
:10513000C2540133F9E770B58AB06E460D46044695
:105140000FCD0FC60FCD0FC695E8030013220B46F7
:1051500086E80300534369466A46002003F18073E2
:105160005B160D6801302B444D68052805EBA365DF
:105170004FEA656301F10801F3D1132100204B438D
:10518000116801300B4423F07C41116051680528FF
:1051900001EBA3614FEA616321F07E41516002F1AE
:1051A0000802EDD1DDE90012204641EA8261FEF7F6
:1051B0007FFE029D201DE90441EA9211FEF778FE70
:1051C000039A04F10800510341EA5531FEF770FEDD
:1051D0000499D20C04F10C0042EA8111FEF768FE3A
:1051E000DDE9051204F1100041EA4261FEF760FEBC
:1051F000079D04F11400E90441EAD211FEF758FEBC
:10520000089A04F11800110341EA5531FEF750FEE7
:105210000999120D42EA811104F11C00FEF748FEC3
:1052200028216846FFF77FFF0AB070BD10B50C4615
:1052300090B001466846FFF77EFF214608A8FFF7B9
:105240007AFF08A96846FFF765FF202104466846F3
:10525000FFF769FF0DEB0100FFF765FF601C10B061
:1052600010BD30B50D4604468BB06846FFF77EFB97
:1052700069466846EEF79AFC69466846FFF776FB92
:105280002A4669462046FFF7BFF828216846FFF7FF
:105290004AFF0BB030BD10B588B001466846FFF735
:1052A0004AFF9DF800406846202104F00104FFF702
:1052B0003AFF204608B010BD30B50D4604469FB0F9
:1052C00068465031FFF7CDFF6A4629460AA8FFF726
:1052D0009BF86A4605F1280114A8FFF795F814A970
:1052E0002046FFF728FF0AA8FFF7D5FF2821E37F14
:1052F00083EAC013E3776846FFF715FF0DEB010063
:10530000FFF711FF14A8FFF70EFF1FB030BD10B557
:105310004B1E421E1F3113F8014F8B4202F8014F02
:10532000F9D1037823F007030370C37F03F07F03F1
:1053300043F04003C37710BD30B50446154689B02D
:105340006846FFF7E4FFFF232A4669462046EEF74A
:1053500019FD20216846FFF7E6FE09B030BD10B503
:10536000044690B010226846FEF7AAFD6946204622
:10537000EEF7B6FD40216846FFF7D5FE10B010BD30
:1053800070B516461D460446A0B068460822FEF7D2
:1053900097FD314608A80822FEF792FD294610A87D
:1053A0000822FEF78DFD2022002118A801F0B2FC92
:1053B00008AA694610A8FFF7B3FC204610A9EEF72B
:1053C0008FFD40210DEB0100FFF7ADFE2021684667
:1053D000FFF7A9FE0DEB0100FFF7A5FE20B070BDA1
:1053E00010B50446A8B06846EEF73CFE6946204674
:1053F000FFF762FFA0216846FFF795FE28B010BDB9
:1054000010B5083801EBC202914200D110BD4C68C2
:105410000B6824BA1BBA40F8084F43600831F3E721
:1054200010B5D0F8D03023F00702DB4303F00703B8
:10543000DB001044C3F12004A3F1200221FA04F49C
:1054400001FA02F222439940D0E910430C4313437E
:10545000C0E9104310BD2DE9F843D0F8D0700E46D6
:105460007907044615460AD07F4207F0070797429E
:1054700028BF1746B0463E4446453FD1ED1BD4F801
:10548000D0305A0619D05F4207F07F07AF4294BF71
:10549000FF08EF0823F0070304F1400031461844E9
:1054A0003A46FFF7ADFFD4F8D03006EBC70603EB62
:1054B000C703C4F8D030A5EBC705802B29D025F051
:1054C0007F07B1463744002604F140084F4540D1DC
:1054D00015F07F0610D03946F20804F14000FFF7BE
:1054E0008FFFD4F8D03005F078052B443D44374485
:1054F000AF42C4F8D03052D1BDE8F883204618F846
:10550000011BFFF78DFFD4F8D0300133C4F8D03041
:10551000B2E7D4E9323213F5806342F10002B3F509
:10552000806FC4E9323272F1000206D2D4E930321F
:10553000013342F10002C4E930322046EEF712FF97
:1055400000218022C4F8D01004F1400001F0E2FBF9
:10555000B5E7102249464046FFF752FFD4E9323200
:1055600013F5806342F10002B3F5806FC4E9323273
:1055700072F1000206D2D4E93032013342F1000266
:10558000C4E930322046EEF7EDFE8022002140468D
:10559000C4F8D06001F0BEFB09F1800996E720460F
:1055A00015F8011BFFF73CFFD4F8D03001339FE71B
:1055B0000AB1FFF750BF704770B5D0F8D06004460D
:1055C0000D4626B980223146403001F0A3FB8021F0
:1055D0002046FFF725FFD4E93202F3001B1852F1F1
:1055E00000024FF0000128BF0121C4E9323231B17D
:1055F000D4E93032013342F10002C4E930326F2E77
:1056000008D92046EEF7AEFE7022002104F14000DA
:1056100001F080FBD4E930232046C4E92C23D4E9EF
:105620003223C4E92E23EEF79DFE2946A4F1080398
:1056300004F1380553F8082F083158689D424FEAA5
:10564000106601F8086C4FEA104601F8076C01F883
:10565000050C4FEA10264FEA126001F8040C4FEADD
:10566000124001F8030C4FEA122001F8066C01F811
:10567000020C01F8012CDDD12046BDE87040D82194
:10568000FFF751BDF0B50E4617461D460446C7B09C
:1056900010A8BEF755FC3A46314610A8FFF788FF20
:1056A000294610A82022FFF7D6FEDDE94C1210A8EB
:1056B000FFF77EFFDDE94E1210A8FFF779FF69467C
:1056C00010A8FFF779FF69462046FFF748FE47B06C
:1056D000F0BD70B50D4616460446B6B06846BEF736
:1056E0002FFC324629466846FFF762FF214668468E
:1056F000FFF762FF36B070BD30B50D46002104469D
:105700008DB0CDE90023CDE902112B4601462022C0
:1057100004A8FFF7B7FF2946204604AAEEF70CFDC0
:105720000DB030BD00F4E040B0F5805F04D0A0F5CE
:105730000053584258417047012070473AB1002940
:1057400018BF00232121D21A184401F0E3BA704790
:1057500038B513464FF480420D46EFF701FA044680
:1057600040B9286843681B0A04D000F064FC2C6030
:105770006FF08504204638BD2DE9F04F9B4600238D
:1057800089B08DF81B30159B9146DDE912A7002BDF
:105790000E460B460CBF4FF400624FF4806207A91F
:1057A000DDF85080EFF7DCF90446F0B9079D30468C
:1057B00029880DF11B02EFF73DFA0446A8B99DF8C0
:1057C0001B30BB4223D868686A6E000A05F12001CD
:1057D00020D1CDE9033828463346CDE901BACDF8CA
:1057E000009000F069FD044608B1C8F800703A4620
:1057F00021465046D8F80030FFF7A0FF079800F088
:105800001AFC002C18BF204609B0BDE8F08F6FF0DD
:105810008904EAE76FF08604E7E72DE9F341D0F861
:1058200004804769044640460E4600F006FC0546E3
:1058300060BB5FFA88F31BB93FB16FF0860525E0C6
:105840006FF04043013F9F42F7D2A06820F47F40B1
:1058500020F003000028F0D14FF6F87362889A42D6
:1058600018D8277907B901A83146EFF725FC054676
:1058700060B90FCCD6F800C066460FC694E80300A6
:1058800086E8030017B9019BCCF81430284602B013
:10589000BDE8F0816FF08505F8E740F67E7300F60D
:1058A000FF729A4243D9434213F07F0306D0202B64
:1058B000C3F1000015D16FF08500704710F1920F11
:1058C0000FDA10F5994F2AD02CDC10F5C54F26D0F1
:1058D00010F5C14FEFD010F5C74F23D16FF09600F0
:1058E000704710F11F0F15DA10F13D0F1DD010F1A8
:1058F0003C0F07DA10F1400F14BF6FF083006FF018
:105900009300704710F1220F14BF6FF083006FF007
:1059100085007047002818BF6FF0830070476FF054
:10592000860070476FF0830070476FF093007047F8
:1059300041F2052398421AD8B0F5905F09D241F29E
:10594000010398420CD0B0F5885F09D06FF0850054
:1059500070472923A0F5905080B2C340DB07F5D5EE
:1059600011F0070F14BF6FF0860000207047B0F5EC
:10597000105FEBD121F04003802B06D0B1F5807F82
:1059800014BF6FF086000020704700207047F8B504
:1059900004460F461E461546008892B1FFF7C2FE28
:1059A00078B1089BD10019602088FFF7C1FF044639
:1059B00028B93946304601F087F9079B1D6020461B
:1059C000F8BD6FF08504FAE710B5436E04461BB1CD
:1059D00041212030F0F79EFA0020606610BD38B5F6
:1059E0000446FFF7F1FF237E012B0FD0023B012B72
:1059F0000FD8E369012B14BF6FF0960500256822CC
:105A00000021204601F086F9284638BDE369002BC5
:105A1000F1E76FF09605F2E708B1FFF7E0BF7047D6
:105A200013B5A0B101A9EFF78FFB80B90198037EF0
:105A3000022B0ED1032303760379FF2B0CBF6FF0EB
:105A40008404002400F0E2FA002808BF204602B0D7
:105A500010BD6FF09604F5E770B5144602881D4638
:105A60001046049EFFF75EFE68B944F2010322F47B
:105A70004050984207D002F44F42B2F5824F02D014
:105A8000B2F5844F0ED1B4420FD82246284601F019
:105A90001BF90021321B281901F03CF90020059B5D
:105AA0001C6070BD6FF08500FBE76FF08900F8E7C0
:105AB0002DE9FF4188461F46164612B300230122F6
:105AC0003B6003A9EFF74CF8044698B9039D6B6857
:105AD0006A6E1B0A05F1200110D143462846CDE924
:105AE0000067FFF7B9FF0446284600F0A4FA002C2F
:105AF00008BF0446204604B0BDE8F0816FF086047C
:105B0000F2E76FF08904F5E770B514460288049D4A
:105B100002F4E040B0F5804F1CD144F2010022F4C1
:105B20004056864207D002F44F42B2F5824F02D06F
:105B3000B2F5844F0ED1AC420FD81846224601F080
:105B4000C3F800212A1B204401F0E4F80020059B43
:105B50001C6070BD6FF08500FBE76FF08900F8E70F
:105B6000F0B50F461E46154685B002B3002303A9C3
:105B70001A463360EEF7F4FF044690B903980388A1
:105B80005B0411D5CDE900563B46426E00F1200181
:105B900000F05FFA0446039800F04DFA002C08BFAD
:105BA0000446204605B0F0BD6FF08604F3E76FF0C1
:105BB0008904F6E72DE9F04F9846002389B00646A0
:105BC000894615460693C8F80030002A6DD0B2F118
:105BD000005F6DD206A9FFF720FE044650B9069F6C
:105BE000D7F864A0BAF1000F0FD173681B0A05D073
:105BF0006FF086040698FFF70FFF52E0412D02D99F
:105C00006FF08504F6E7AA467D6672687B88120A03
:105C1000079307F1200307F16407E9D10DF11C0B8D
:105C20002A4649463046CDE9017BCDF800A00593D0
:105C300000F00AFC10F1860F0446059B09D12A46A4
:105C400049463046CDE9017BCDF800A0FFF79FFE25
:105C50000446002CCED10699079B4A88E2B94B80B6
:105C60004FF6F873079A9A42CAD83388069A13B146
:105C700011889942BCD1738813B151889942B7D128
:105C80005369C8F80030137E012B08D000236FF051
:105C90009604C8F80030ADE79A42A9D1E0E70223A4
:105CA0001376204609B0BDE8F08F6FF08604F8E760
:105CB0006FF08504F5E710B50446006830B101289F
:105CC00005D1201DEFF7E8FB0023236010BD6FF026
:105CD0008800F9E738B50C460168054691B904F02B
:105CE000FE43B3F1007F13D1031D6C22184601F06F
:105CF00011F82146EFF7E2FB044628B901232B6097
:105D0000204638BD6FF088042846FFF7D4FFF7E738
:105D10006FF08604F8E738B50546006878B112B927
:105D20000024204638BD012809D1281DEFF7F2FBD9
:105D300004460028F4D02846FFF7BDFFF1E76FF0D6
:105D40008804F8E738B500241C600546006868B18F
:105D5000012808D1281DEFF7EFFB04462846FFF77E
:105D6000AAFF204638BD6FF08804F7E76FF088047B
:105D7000F7E730B40025039C256000F0FE44B4F141
:105D8000007F02D130BC00F06ABA6FF0860030BCF0
:105D900070471FB501240394089C0294079C01944A
:105DA000069C0094FFF7E8FC04B010BD036819439B
:105DB000B1FA81F0400970472DE9F04705469A464F
:105DC000002386B0059305F0FE43B3F1106F08463B
:105DD000DDE90E679146DDF8408034D12A4605A9F9
:105DE000FFF7B6FC044680BB0599088820F0FF0049
:105DF000B0F5E24F02D0B0F5E44F04D14B88073341
:105E0000B7EBD30F24D353464A462846CDE9017851
:105E10000096EEF76DFE044666B90023C8F8003020
:105E2000059800F008F9002C08BF0446204606B08B
:105E3000BDE8F0870028F3D039463046EEF73CFE47
:105E4000C8F80070ECE76FF08604002EE5D0F3E7A9
:105E50006FF08904F9E7EEF72FBE08B50088DDE999
:105E60000221FFF75FFC20B1BDE808401046EEF7C5
:105E700023BE6FF0850008BD2DE9F04F1F460023BB
:105E800089B0DDF848900693C9F80030438805468C
:105E90000E469046002B00F0B280038803F4E043E6
:105EA000B3F5804F00F0AB8039463046FFF77EFFF8
:105EB000002800F0A480284606A9FFF7AEFC04469F
:105EC000002851D1069BD3F864A0BAF1000F21D16C
:105ED0006B681B0A66D12A8869881046FFF722FC86
:105EE00000283AD01046FFF723FD044600283BD196
:105EF00047F201039A424ED14C080134E40804EB06
:105F0000C4043B340794DDE9063ABAF1410F29D8BD
:105F1000C3F864A06A6803F1200B120A03F164035A
:105F200067D12A88510445D4CDE901A342463B46B6
:105F300031462846CDF800B0FFF78FFF0446002C0D
:105F400059D1069B5A69C9F800201A7E012A4AD005
:105F5000C9F800406FF0960406E002F44F43B3F531
:105F6000824F05D06FF085040698FFF755FD3CE0A1
:105F700002F4E043B3F5E04FF4D147F201039A4253
:105F8000BAD0CC1D22F0FF02E408B2F5824F04BF64
:105F900064000134B6E744F201039A42F1D1CC081F
:105FA0001034AFE7284607A900F04EF80446002851
:105FB000A9D0D9E702F44F41B1F5824FB4D147F2ED
:105FC00012118A42B0D16A88B2F5807FACD15246B4
:105FD00059462846059300F096FA10F1860F0446BC
:105FE000059BACD1A0E702221A76204609B0BDE895
:105FF000F08F6FF086040698FFF7E6FCB4E76FF0C9
:106000008604F2E71822002100F084BE034668B13E
:10601000017E8A1E012A0BD80329C26903D1012AF5
:1060200001D1FFF7DCBC1AB1013ADA6100207047F8
:106030006FF096007047FFF7E9BFC0B2002814BFA9
:106040006FF085000020704700236FF086000B6022
:1060500070472DE9F34747680446DDE90A9A3F0A8D
:106060000D461646984611D1CDE9009A00F024FA63
:1060700010F1860F0CD14346324629462046CDE921
:106080000A9A02B0BDE8F047FFF73EBD6FF0860008
:1060900002B0BDE8F08773B5002615461C460DF129
:1060A00006020DF107038DF80760EFF763F858B9A2
:1060B0009DF8070004B1207029469DF8062002B023
:1060C000BDE87040EFF732BF304602B070BD10B48B
:1060D0000124019B019410BCEFF76CB810B40024AC
:1060E000019B019410BCEFF765B808B503799342A2
:1060F00006D10830EFF7A4FFBDE80840FFF7CDBB9D
:106100006FF0860008BD08B5036803F0FE43B3F1E5
:10611000806F04D10830EFF727FF002008BD6FF033
:106120008800FBE72DE9F04704469A460E46904664
:1061300096B04422DDE92257002105A8DDF87C90C5
:1061400000F0E8FD214643463246CDF800A005A800
:10615000FFF7BDFF044668B9B9F1000F0ED1DDE9C4
:10616000201203ABCDE9007305A82B46EFF796F894
:10617000044660B105A8FFF7C6FF1DE04A461E9918
:1061800005A8FFF7B2FF04460028E8D0F2E7039A1B
:1061900005B11544294604ABBA1A05A8EFF718F95A
:1061A00004460028E6D1DDE903321344249A05A809
:1061B0001360FFF7A8FF0446204616B0BDE8F0873D
:1061C0002DE9F04704469A468846914694B0442209
:1061D000DDE91E57002103A81C9E00F09BFD21460F
:1061E0004B464246CDF800A003A8FFF777FF0446D0
:1061F00040BB9DF81020F2B99DF810206EBB1D9990
:106200000DF108088A1A2B463146CDE9007803A81B
:10621000EFF744F80446A8B9029E05B13544434659
:10622000BA1B294603A8EFF7D3F8029B209A334400
:106230000446136006E0314603A8FFF756FF044604
:106240000028D9D003A8FFF75EFF00280CBF204626
:106250006FF0880014B0BDE8F0871644CFE72DE951
:10626000F04304469DB00E46DDE92489002117461F
:1062700001A86C221D4600F04DFD2146C9F80080A2
:1062800001A8EFF71BF9044668B93A46314601A860
:10629000EFF740F9044630B94B464246294601A87B
:1062A000EFF74AF9044601A8EFF7F6F8002C18BFFB
:1062B00020461DB0BDE8F0832DE9F0430446984622
:1062C0000D461646B1B0B822002102A8DDF8E490D0
:1062D0003B9F00F01FFD214633462A46CDF8008043
:1062E00002A8EFF7FBF9044648B9B9F1000F0DD148
:1062F0003A463A9902A8EFF751F9044678B102A854
:10630000EFF7C2F9204631B0BDE8F0834A4638992C
:1063100002A8EFF7CDFA04460028E9D0EFE73C9B4E
:106320001F60ECE76822002100F0F4BC10B1682186
:10633000EFF7F0BD70472DE9F04105460E461446D3
:1063400012B3036C03F03F079B18036422BF436C36
:10635000013343647FB1C7F1400842450FD3424641
:10636000384400F0B1FC29462846EFF7C1FA27442B
:106370004644A7F140043F2C09D82CB100272246FF
:106380003146E81900F0A0FC0020BDE8F081374656
:1063900006EB0408394628464037EFF7A9FAA8EB80
:1063A00007033F2BF6D8A4F1400323F03F0340330B
:1063B0001E44E41ADFE738B50D468021036C04461D
:1063C00003F03F035A1C382AC15410442FD800212F
:1063D000C2F1380200F09EFCD4E910315A0F42EAB3
:1063E000C102DB0012BA1BBA21462046A263E36356
:1063F000EFF77EFAA36C20461BBA2B60E36C1BBA46
:106400006B60236D1BBAAB60636D1BBAEB60A36D51
:106410001BBA2B61E36D1BBA6B61236E1BBAAB61B8
:10642000636E1BBAEB61FFF781FF002038BDC2F13C
:106430004002002100F06EFC21462046EFF758FA9A
:10644000382200212046C5E7F8B5089F1E463B6864
:10645000144633F480720D462BD144F21211028897
:106460008A4213D1412C03D01BB36FF08600F8BDD4
:10647000681C00F046FA0028F7D14FF480733B60A7
:10648000069B9C420CD96FF08900F0E747F212118D
:106490008A420ED1202CE7D1284600F040FAEAE7E4
:1064A00022462946304600F00FFC079B00201C6066
:1064B000DDE76FF08500DAE770B50446268864886A
:1064C0001846DDE90435B4F5807F13D147F2121484
:1064D000A6420FD1202A10D1402B11D9042300F855
:1064E000013BEFF7DFFC08B941232B60BDE87040AA
:1064F000EFF7C6BA6FF0850070BD6FF08600FBE75E
:106500006FF08900F8E730B5202A084614461D468A
:1065100091B009D16946EFF777FC00B92C6011B052
:10652000BDE83040EFF7ACBA6FF0890011B030BD74
:1065300070B51446DDE90603DDE90426202C089D2C
:106540000CD1412E0AD11F2B0BD90132EFF77EFC63
:1065500000B92C60BDE87040EFF792BA6FF086008A
:1065600070BD6FF08900FBE740F8041B1C2200217E
:1065700000F0D0BBF0B5002405462646204652F870
:10658000247051F82430DB1946EB06071B1845F838
:10659000243004F1010447F10000082CEFD1F0BDD4
:1065A000002370B50646184652F8235051F8234090
:1065B000641B65EB0505241A46F8234003F101032B
:1065C00065F10005082BC5F10000EDD170BD70B577
:1065D00004395642041F013A1C3054F8043F51F864
:1065E000045F134035402B4384422360F5D170BDD6
:1065F000002330B50446184654F8232051F82350A0
:1066000001336A40082B40EA0200F5D130BD70B575
:1066100004460568002016680346E1FB66532560C2
:1066200056686568E1FB665365609668A568E1FB9E
:106630006653A560D668E568E1FB6653E5601669B8
:106640002569E1FB6653256156696569E1FB66537F
:1066500065619669A569E1FB6653A561D569E26943
:10666000E1FB6523E261226A9B182362404170BD11
:1066700010B50438A1F120024B7F0C7F1B0443EAC4
:106680000463CC7F0439234391F822408A4243EAD1
:10669000042340F8043FEFD110BD0B1F1C3153F809
:1066A000042F0438120E80F820205A888B4280F87C
:1066B00021201A684FEA122280F822201A6880F8F6
:1066C0002320ECD1704770B588B01E460446FFF712
:1066D00051FF3246054621466846FFF761FFC0F18B
:1066E0000102694620462A43FFF771FF08B070BDDA
:1066F0002DE9F04F8BB00D4606469146002124222D
:1067000001A81F46D3F840A000F004FBA5F1040B3C
:106710001C355BF8041FD9F80020019B01A802FB7F
:1067200001334A460AFB03F8FFF771FF3A46044675
:10673000414601A8FFF76BFF2022044402A901A8EB
:1067400000F0CFFA5D450994E3D13A4601A93046FD
:10675000FFF726FFC0F1010222433046C2F10102D9
:10676000FFF735FF0BB0BDE8F08F0B4601F12002BB
:106770000146FFF7BDBF30B504460D4689B06846F7
:106780000121FFF7F1FE2B466A4621462046FFF71E
:10679000AFFF09B030BD38B504461546FFF7E4FE3B
:1067A00029462046BDE83840FFF7DFBF2DE9F0431A
:1067B00014460646274689B001226846FFF707FFC0
:1067C000224601213046FFF7E6FF256804F11C0947
:1067D000023D4FF02008EB0705D523466A463146B7
:1067E0003046FFF785FF23466A4669466846FFF74D
:1067F0007FFFB8F101084FEA5505ECD14F4502D0B3
:1068000057F8045FE5E709B0BDE8F08330B51546F9
:10681000044689B001226846FFF7D9FE294668463A
:10682000FFF7A9FF69462046FFF737FF09B030BDE3
:10683000F0B516461F4604460D4699B01146684607
:10684000EFF72AF93246694608A8EFF725F93A46E4
:1068500069466846EFF720F908A908461E9AEFF73F
:106860001BF9224669466846EFF75EF908A92A46F1
:106870000846EFF759F96A4631463046EFF70CF90A
:106880006A46694610A8EFF707F96A46684610A9F4
:10689000EFF702F910A922460846EFF7FDF808AA1B
:1068A00011462046EFF7F8F82146204610AAEFF7E8
:1068B0003BF92146204610AAEFF736F96A462146F1
:1068C0002046EFF731F910A922460846EFF72CF9D8
:1068D00010A9084608AAEFF7DFF82A466946684675
:1068E000EFF7DAF86A46284610A9EFF71DF919B054
:1068F000F0BD08B5FFF7AFFA003818BF01204042DD
:1069000008BD00B591B0024608A96846EFF720F926
:10691000002818BF6FF0010011B05DF804FB10B53E
:1069200088B001466846EFF7DFF804462021684644
:10693000EFF7F0FA002C0CBF20466FF0020008B011
:1069400010BD10B5044608B1EFF7E4FA2046BDE8E3
:106950001040EFF7D9BA3C22002100F0DBB910B5A6
:10696000044600F09DF92046BDE81040EFF7CCBA90
:1069700010B54FF48C710120EFF7C0FA044608B14E
:1069800000F089F9204610BDEFF7D6BCEFF70ABC3E
:10699000EFF754BD38B5054618B96FF086042046A8
:1069A00038BD0468002CF8D00029F6D00123EFF799
:1069B00017FB04460028F2D12B68002BEDD09B7901
:1069C000023B022BE9D824210120EFF797FA20B1EE
:1069D0001021A863EFF79EFAE1E76FF08C04DEE781
:1069E0002DE9F04F0F461646804685B0002879D035
:1069F0000368002B76D0002974D0846B002C71D0F2
:106A00001D79206A05F01F05F8B12A1AB2421CD27E
:106A10001030204400F058F9002304F11002191D31
:106A2000A9422CD923441A1B954231D803AB0093B9
:106A30002A46234621464046EFF724FBE0B9236A65
:106A40002062EA1A334417445E1B05F1FF39B14452
:106A5000B9FBF5F94FF0010A0DF10C0BCA4538D31B
:106A60004EB1206A324610303946204400F02CF9ED
:106A7000236A33442362002005B0BDE8F08F52F84A
:106A8000100C13680432434042F8143C0B46C6E72E
:106A90001A7C19784A4003F8012BC4E7FA58E058E9
:106AA0004240E2500B46191D8D4204EB0302F5D221
:106AB000AB4210D323462A4621464046CDF800B0CB
:106AC000EFF7E0FA0028D7D1761B2F440AF1010A2C
:106AD000C4E70023E7E7F85C11780133414002F88E
:106AE000011BE5E76FF08600C6E72DE9F04F93B094
:106AF00006460391002800F0CB800368002B00F0CD
:106B0000C780856B002D00F0C380002900F0C08095
:106B100006AF102138460DF128081C790DF138090F
:106B2000EFF7F8F910214046EFF7F4F91021484645
:106B3000EFF7F0F9326804F01F0492B392F804A062
:106B40000AF01F0A0DF1140B4B46524649463046D7
:106B5000CDF800B0EFF796FA50B9BAF1100F07D19F
:106B600049463846EFF7FCFA39464046EFF7F8FA5F
:106B700010214846EFF7CEF92B6A05F1100AA3421F
:106B800011D33846CC460022111DA14265D9A2423C
:106B90001ED21AF80210B85C414009F80210013206
:106BA000F5E79246CEE74846CC46002293423ED9CE
:106BB0001AF80210013294420CF8011BF6D8C446B0
:106BC0000022111DA14237D909EB0201A2423BD399
:106BD00048460022A5F1040C111DA14246D9A9186E
:106BE000A2424CD330462B4622462946CDF800B06F
:106BF000EFF748FA064620B922462946039800F0E6
:106C000063F810213846EFF785F910214046EFF779
:106C100081F90023102150462B62EFF77BF91021F8
:106C20002846EFF777F9304613B0BDE8F08F0CBF78
:106C300001210021C901BDE702685CF8043B5A400C
:106C400040F8042B0A46BCE7087818F802C0013265
:106C500080EA0C0001F8010BB8E76A1850F8043B11
:106C6000D2685A404CF8042B0A468DE75CF80120A4
:106C700050F8043B5A404CF801200A46ACE719F89A
:106C800002C00878013280EA0C0001F8010BA7E786
:106C90006FF08606C7E74FF48C72002100F03AB817
:106CA00018B14FF48C71EFF735B97047C9B203468C
:106CB000024410B59342184601D1002003E0047845
:106CC00001338C42F6D110BD0A44431E914200D1DB
:106CD000704710B511F8014B914203F8014FF9D1FB
:106CE00010BD884210B501EB020402D9844223464C
:106CF00007D8431EA14207D011F8012B03F8012F3A
:106D0000F8E70244824200D110BD13F8011D02F8D9
:106D1000011DF7E702440346934200D1704703F890
:106D2000011BF9E70021F0F713B80A220021F0F760
:106D30002FBB0139024410B5904201D1002005E07B
:106D4000037811F8014FA34201D0181B10BD013088
:106D5000F2E7C9B20346184613F8012B12B18A4272
:106D6000F9D17047002918BF00207047034670B55D
:106D70001E4613F8014B44B14A1E01E0A54204D05F
:106D800012F8015F002DF9D1F2E7301A70BD10B58D
:106D90006AB10139841810F8012B11F8013F9A42A9
:106DA00003D1A04201D0002AF5D1D01A10BD10465F
:106DB000FCE70139034610B532B111F8014F013A31
:106DC00003F8014B002CF7D11A440021934200D163
:106DD00010BD03F8011BF9E70246014410B58A42D1
:106DE000134603D01C780132002CF8D1181A10BDBC
:106DF000034670B51E4613F8014B3CB14A1E01E034
:106E0000A542F7D012F8015F002DF9D1301A70BDFC
:106E10002DE9F843C3F137090746884603F01F05FB
:106E20005FFA89F91646384641462A460023BAF7E2
:106E30005FFB4346D4B23A4688460746092C84BFD6
:106E40004C44E4B2AA424FF0000204F130049341F2
:106E500006F8014BE7D23046BDE8F8832DE9F04350
:106E600087B01C461746814602AB88460093D2E99C
:106E7000022300F09BF904AB06460D4600934846FA
:106E80004146D7E9002300F091F90027DDE904230A
:106E9000901953EB050128BF012737B1029B039AD4
:106EA000013342F10002CDE90232403CDDE9022328
:106EB000009400F092F907B0BDE8F0832DE9F041AD
:106EC000B0FA80F6002907460C46A1EB060606F14B
:106ED000070645DB0846F1F7A5FB06442046351BAF
:106EE000F1F7A6FB21462A1A38463D3200F04EF94A
:106EF000B44233DC1F2D61DC4FF0FF33AB4027EA97
:106F00000303B3FA83F35B091D46B0FA80F3F31A67
:106F10009E33FE2B56DC002B23EAE371D4BF012302
:106F20000B469B1BA3F19704963B20FA04F220FA30
:106F300003F312F0010208D04FF0FF32A24030EA12
:106F400002023DD1E5B303F00102D018C0F31600F0
:106F500000B9114440EAC150BDE8F0810123D3E7F4
:106F60004D422846F1F764FB361A2846A6EB040882
:106F7000F1F75EFB294608EB000238463C3200F090
:106F8000F2F8B44213DCB8F11F0F17DC4FF0FF33F7
:106F900003FA08F337EA030310D10521B7FBF1F236
:106FA00002EB8204A74204D101331746F6E700231F
:106FB000F3E79D428CBF00230123A5E70023A3E74D
:106FC0000122C2E74FF0FF40C6E72DE9F04F051858
:106FD00089B0904641EB0104029304AB2846214658
:106FE0000093D2E9002300F0E1F806AB074689469A
:106FF0002846214600930025D8E9022300F0D6F860
:10700000DDE90423841851EB0306069B28BF012504
:10701000D8E90012ED18079B43F10003791849EBFA
:107020000202B94272EB0902D8E9022134BF012001
:107030000020A21846EB01018018029A41F10001DC
:10704000A042A2F1410A71EB0602CDF800A034BFC4
:10705000012200225219CDE9065343F1000300F04A
:10706000BCF8129BC3E90001D8E90221DDE906530F
:10707000039114990129D8E900E027D1A21A0399B4
:10708000CDF800A066EB0101774579EB000034BF35
:1070900001200020101A61F10001844276EB010208
:1070A00034BF01220022AA1A63F1000300F095F810
:1070B000139BC3E90001DDE9062320463146CDF8E4
:1070C00000A000F08AF809B0BDE8F08F17EB070BBD
:1070D00049EB090C14EB040846EB0601BB457CEBBD
:1070E000090934BF0127002718EB070741F1000801
:1070F000F3457CEB000C34BF01200020381A68F106
:107100000001801A039A61EB02016D195B41A742ED
:1071100078EB060234BF01220022AD1843F10003D0
:10712000874278EB010834BF01220022AA1A029D8F
:10713000A5F140050095B7E710B5A3FB0043029900
:10714000A2FB0020001943F100033F29DBBFA1F19E
:107150002002C1F1400140398B40D6BFD04023FA14
:1071600001F0184310BD30B587B0044608461546F7
:1071700002A9F1F7F7FA049B204600955A1C059BDB
:1071800043F10003FFF7D8FF07B030BD30B587B03B
:1071900015460446084602A9F1F772FA2046009502
:1071A000DDE90423FFF7C8FF07B030BDF0B50024C8
:1071B0000D4606469446A0FB02012246059FE5FBCC
:1071C0000C12A446E5FB0324E3FB061C12EB0C02A5
:1071D00044F10004C7E90024F0BDF0B5059CC4F1FA
:1071E0004007C4F12006A4F12005E04002FA06F6AB
:1071F000BB4022FA05F5BA403343C4F120062B43C5
:1072000001FA06F6A4F12005304321FA05F5E14024
:10721000284319431043F0BD024621F00040534279
:10722000134340EAD370C0F1FF4000F5E000C00F07
:10723000704720F00040B0F1FF4F94BF00200120C4
:10724000704738B505460C4600F0ADF830B1204621
:107250002946B9F7E9FD0446204638BD204600F02E
:10726000A2F80028F3D12846FFF7E3FF0028F3D166
:107270002046FFF7DEFF28B921462846BAF798F8DE
:107280000028E9D02C46E7E72DE9F0410446CE0F6F
:10729000C1F30A55C1F3130140F2FF70167154EAAD
:1072A00001076BD1002D71D12C462946002B1560AA
:1072B00060DB0C2B60DCC3F10D050120AD0005F196
:1072C000FF3CA5F12107C5F1210600FA07F720FAD6
:1072D00006F600FA0CF03743061847EB0708D6F11C
:1072E000000E68EB480C013E48F1FF38264008EAE2
:1072F0000108B04277EB080810DBC5F12008B5F1B2
:10730000200624FA05F501FA08F858BF41FA06F6F6
:1073100045EA080558BF3543ED0703D52018044654
:1073200041EB070104EA0E0401EA0C019DF8186024
:1073300018460D250532C6F1270604F00F0324096F
:1073400044EA0174091163B9A8420DDA013DF4D28F
:107350001AE01DB90125A5F2FF35A7E741F4801118
:10736000F9E7092BC8BF9B193033A8425355B8BF62
:107370002846EBE70023D9E70D23D7E78542E8D17C
:1073800046F0080600201671BDE8F0818542E5D17F
:1073900046F00406F6E7D1E9043293421EBF5A1CB8
:1073A0000A611870704780F48000400010F5000FEB
:0873B00094BF0020012070478A
:0873B8006CA2FB7F0100000044
:1073C000E12C010000000000FDD9020000000000D7
:1073D00000000000C8740400D52203000000000073
:1073E000152303000000000000000000E874040002
:1073F000000000002875040000000000087504006B
:1074000000000000487504000000000088750400BA
:107410000000000068750400F9A6020000000000EA
:10742000F115040000000000B10701000000000099
:10743000412A010000000000793004000000000033
:107440006128030000000000C1AB02000000000042
:10745000000000000876040000000000E875040049
:1074600000000000C875040000000000A8750400BA
:107470000000000048760400000000006876040068
:107480000000000028760400000000008876040058
:10749000DD4001000000000000000000A8760400AC
:1074A00000000000E87604000000000008770400F7
:1074B00000000000C87604008936010000000000CA
:0874C000694501000000000015
:1074C800261F0500B89B040048800400AA0B002072
:1074D800948E0220F1A302000000000000000000CA
:1074E800791F0500EC9B0400C07F0400B00B00204E
:1074F800088F022099A8020000000000C809002097
:10750800851F0500009C0400C07F0400B20B00200A
:10751800148F022099A8020000000000D80900205A
:10752800901F0500149C0400C07F0400B40B0020C9
:10753800208F022099A8020000000000E80900201E
:107548004D1F050000000000A07F0400AC0B0020C8
:1075580000000000650204000000000000000000B8
:10756800CA2A0500A49D0400CC800400C80B002092
:10757800680A0020CB12040000000000580A00200E
:10758800D52A0500FC9D0400CC800400CA0B00200D
:107598009C0A0020E9120400000000008C0A002068
:1075A80097290500C89C04008C800400BC0B0020AF
:1075B800948F022035CE0200000000000000000079
:1075C800A0290500F89C04008C800400BE0B002054
:1075D800AC8F022035CE0200000000000000000041
:1075E800A9290500289D04008C800400C00B0020F8
:1075F800C48F022035CE0200000000000000000009
:10760800B2290500589D04008C800400C20B00209C
:10761800DC8F022035CE02000000000000000000D0
:10762800A0970400000000003C800400A80B002084
:10763800A8820220000000000000000000000000F6
:10764800511F050000000000A87F0400AE0B0020B9
:107658000000000071A70200000000000000000008
:10766800C4200500080A0020E47F0400B60B0020AF
:107678002C8F0220BD03040000000000F809002040
:10768800AA2C0500609E040034800400CC0B002066
:10769800D00A0020A1D3020000000000C00A002088
:1076A800E8210500549C040000000000B80B0020ED
:1076B800908F0220D5B1020000000000380A002097
:1076C8006C290500789C040064800400BA0B002033
:1076D800C846022029BE0200000000000000000089
:1076E800CE2905000000000018800400C40B00200B
:1076F800F48F0220C9CF0200000000000000000043
:10770800B32A0500889D0400FC7F0400C60B0020F6
:1077180028900220D9D0020000000000480A00206A
:1077280000000000F1DD030000000000F1DD0300AF
:1077380000000000F1DD030000000000F1DD03009F
:1077480000000000F1DD030000000000F1DD03008F
:1077580000000000F1DD030000000000F1DD03007F
:1077680000000000F1DD030000000000F1DD03006F
:1077780000000000F1DD030000000000F1DD03005F
:1077880000000000F1DD030000000000F1DD03004F
:1077980000000000F1DD030000000000F1DD03003F
:1077A80000000000F1DD030000000000F1DD03002F
:1077B80000000000F1DD030000000000F1DD03001F
:1077C80000000000F1DD030000000000F1DD03000F
:1077D80000000000F1DD030000000000F1DD0300FF
:1077E80000000000F1DD030000000000F1DD0300EF
:1077F80000000000F1DD030000000000F1DD0300DF
:1078080000000000F1DD030000000000F1DD0300CE
:1078180000000000C171020000000000F1DD03005B
:1078280000000000F1DD030000000000F1DD0300AE
:1078380000000000F1DD030000000000F1DD03009E
:1078480000000000F1DD030000000000F1DD03008E
:1078580000000000F1DD030000000000F1DD03007E
:1078680000000000F1DD030000000000F1DD03006E
:1078780000000000F1DD030000000000F1DD03005E
:1078880000000000F1DD030000000000F1DD03004E
:1078980000000000F1DD030000000000F1DD03003E
:1078A80000000000F1DD030000000000F1DD03002E
:1078B80000000000F1DD030000000000F1DD03001E
:1078C80000000000F1DD030000000000F1DD03000E
:1078D80000000000F1DD030000000000F1DD0300FE
:1078E80000000000F1DD030000000000F1DD0300EE
:1078F80000000000F1DD030000000000F1DD0300DE
:1079080000000000F1DD030000000000F1DD0300CD
:1079180000000000F1DD030000000000F1DD0300BD
:1079280000000000F1DD030000000000F1DD0300AD
:1079380000000000F1DD030000000000F1DD03009D
:1079480000000000F1DD030000000000F1DD03008D
:1079580000000000F1DD0300000000009DA202000D
:1079680000000000F1DD030000000000F1DD03006D
:10797800D00A00202D1E040000000000F1DD0300E5
:1079880000000000F1DD030000000000F1DD03004D
:1079980000000000F1DD030000000000F1DD03003D
:1079A80000000000F1DD030000000000F1DD03002D
:1079B80000000000F1DD030000000000F1DD03001D
:1079C80000000000F1DD030000000000F1DD03000D
:1079D80000000000F1DD030000000000F1DD0300FD
:1079E80000000000F1DD030000000000F1DD0300ED
:1079F80000000000F1DD030000000000F1DD0300DD
:107A080000000000F1DD030000000000F1DD0300CC
:107A180000000000F1DD030000000000F1DD0300BC
:107A280000000000F1DD030000000000F1DD0300AC
:107A380000000000F1DD030000000000F1DD03009C
:107A480000000000F1DD030000000000F1DD03008C
:107A580000000000F1DD030000000000F1DD03007C
:107A680000000000F1DD030000000000F1DD03006C
:107A780000000000F1DD030000000000F1DD03005C
:107A880000000000F1DD030000000000F1DD03004C
:107A980000000000F1DD030000000000F1DD03003C
:107AA80000000000F1DD030000000000F1DD03002C
:107AB80000000000F1DD030000000000F1DD03001C
:107AC80000000000F1DD030000000000F1DD03000C
:107AD80000000000F1DD030000000000F1DD0300FC
:107AE80000000000F1DD030000000000F1DD0300EC
:107AF80000000000F1DD030000000000F1DD0300DC
:107B080000000000F1DD030000000000F1DD0300CB
:107B180000000000F1DD030000000000F1DD0300BB
:107B280000000000F1DD030000000000F1DD0300AB
:107B380000000000F1DD030000000000F1DD03009B
:107B480000000000F1DD030000000000F1DD03008B
:107B580000000000F1DD030000000000F1DD03007B
:107B680000000000F1DD030000000000F1DD03006B
:107B780000000000F1DD030000000000F1DD03005B
:107B880000000000F1DD030000000000F1DD03004B
:107B980000000000F1DD030000000000F1DD03003B
:107BA80000000000F1DD030000000000F1DD03002B
:107BB80000000000F1DD030000000000F1DD03001B
:107BC80000000000F1DD030000000000F1DD03000B
:107BD80000000000F1DD030000000000F1DD0300FB
:107BE80000000000F1DD030000000000F1DD0300EB
:107BF80000000000F1DD030000000000F1DD0300DB
:107C080000000000F1DD030000000000F1DD0300CA
:107C180000000000F1DD030000000000F1DD0300BA
:107C280000000000F1DD030000000000F1DD0300AA
:107C380000000000F1DD030000000000F1DD03009A
:107C480000000000F1DD030000000000F1DD03008A
:107C580000000000F1DD030000000000F1DD03007A
:107C680000000000F1DD030000000000F1DD03006A
:107C780000000000F1DD030000000000F1DD03005A
:107C880000000000F1DD030000000000F1DD03004A
:107C980000000000F1DD030000000000F1DD03003A
:107CA80000000000F1DD030000000000F1DD03002A
:107CB80000000000F1DD030000000000F1DD03001A
:107CC80000000000F1DD030000000000F1DD03000A
:107CD80000000000F1DD030000000000F1DD0300FA
:107CE80000000000F1DD030000000000F1DD0300EA
:107CF80000000000F1DD030000000000F1DD0300DA
:107D080000000000F1DD030000000000F1DD0300C9
:107D180000000000F1DD030000000000F1DD0300B9
:107D280000000000F1DD030000000000F1DD0300A9
:107D380000000000F1DD030000000000F1DD030099
:107D480000000000F1DD030000000000F1DD030089
:107D580088750400F30F040068750400F30F04002D
:107D680000000000F1DD030000000000F1DD030069
:107D780000000000F1DD030000000000F1DD030059
:107D880000000000F1DD030000000000F1DD030049
:107D980000000000F1DD030000000000F1DD030039
:107DA80000000000F1DD030000000000F1DD030029
:107DB80000000000F1DD030000000000F1DD030019
:107DC80000000000F1DD030000000000F1DD030009
:107DD80000000000F1DD0300E876040039CF02005E
:107DE80000000000F1DD030000000000F1DD0300E9
:107DF80000000000F1DD0300980400208F03040058
:107E080000000000F1DD030000000000F1DD0300C8
:107E180000000000F1DD030000000000F1DD0300B8
:107E280000000000F1DD030000000000F1DD0300A8
:107E380000000000F1DD0300000000009571020061
:107E480085EB02000516040000000000F1DD0300C8
:107E580000000000F1DD030000000000F1DD030078
:107E680000000000F1DD030000000000F1DD030068
:107E780000000000F1DD030000000000F1DD030058
:107E880000000000F1DD030000000000F1DD030048
:107E980000000000F1DD030000000000F1DD030038
:107EA80000000000F1DD030000000000F1DD030028
:107EB80000000000F1DD030000000000F1DD030018
:107EC80000000000F1DD030000000000F1DD030008
:107ED80000000000F1DD030000000000F1DD0300F8
:107EE80000000000F1DD030000000000F1DD0300E8
:107EF80000000000F1DD030000000000F1DD0300D8
:107F080000000000F1DD030000000000F1DD0300C7
:107F180000000000F1DD030000000000F1DD0300B7
:107F280000000000F1DD030000000000F1DD0300A7
:107F380000000000F1DD030000000000F1DD030097
:107F48002C8F0220CDF20200611B040005160400EC
:107F580000000000F1DD030000000000F1DD030077
:107F680000000000F1DD030000000000F1DD030067
:107F780000000000F1DD030000000000F1DD030057
:107F880000000000F1DD0300200400208F0304003E
:087F980000000000F1DD030010
:087FA000570204002D02040049
:107FA80069A80200D7020400C102040059A7020010
:087FB80049A7020061A70200C5
:107FC000F1A80200EF020400FB0204000F0304000A
:107FD0001903040023030400C5AA020037030400A8
:047FE000000000009D
:107FE400E5AE02000000000045AD02000000000004
:087FF40000000000130404006A
:107FFC00C13D00000000000000000000F10D040075
:10800C00250E04000000000000000000000000002D
:10801C00000000000000000051CF02000DCF020054
:08802C0000000000000000004C
:08803400B5D502008914040017
:0C803C00CDE70100EDE501004DE501007D
:1080480049A40200A1010400050204000000000088
:0C8058003D0104000000000000000000DA
:1080640041C7020065B4020085C4020079C1020060
:108074009305040071080400E5B602003507040006
:088084002DBA0200000000000B
:10808C00CB0C04002F0D0400E90C0400010D0400BE
:10809C00000000001B0D04000000000000000000A8
:1080AC0000000000000000000000000000000000C4
:1080BC0000000000000000000000000000000000B4
:1080CC0051100400FDD202004310040007130400F9
:1080DC00771004009F100400D5100400E910040070
:1080EC00171104002D110400E910040007110400FD
:1080FC00431104004F1104005B1104008D110400A6
:04810C0091110400C9
:08811000AD5500007D7E00006A
:1081180005000000717901000600000061AA010055
:0881280004000000B989010008
:1081300099ED00007DEC0000F5E900000000000072
:1081400011E80000000000009DEA000009EA0000BC
:10815000B9E700000000000000000000000000007F
:108160000000000000000000000000001D99010058
:1081700000000000000000000000000000000000FF
:108180004C96040004000000F49204000700000074
:108190004092040009000000FC900400060000006A
:1081A000C22A0500030000008D0F05000300000037
:1081B000A8170500030000000203050003000000EB
:1081C0006613050003000000D61E05000300000032
:1081D000A499040003000000E098040003000000DC
:1081E000B4970400030000007C9904000300000021
:1081F000909904000300000009030500030000003B
:10820000B6F6040003000000D310050003000000D0
:10821000D619050003000000BD0C05000300000096
:10822000340F050003000000CE1E0500030000000F
:10823000F014050003000000980105000300000091
:10824000ED020500030000005C1D050003000000B6
:108250001B1F0500030000003DF5040003000000A3
:108260003F1F050003000000DE01050003000000C1
:108270006A1F0500030000009501050003000000CF
:10828000EB1F050003000000F021050003000000C3
:10829000F51F050003000000CF20050003000000CB
:1082A000151F05000300000002F304000300000096
:1082B0008F01050003000000F4EA04000300000041
:1082C0008AF504000300000082F6040003000000A9
:1082D00039C204000300000051C70400030000007D
:1082E000732905000300000099FB0400030000004F
:1082F0001BFC04000300000023FC0400030000003A
:108300006A2F05000300000092F40400030000003F
:108310009CF6040003000000BE29050003000000D5
:10832000F2D204000300000032FC0400030000004D
:10833000B42C05000300000077F5040003000000E2
:10834000D929050003000000E02A05000300000011
:1083500028F304000300000018F4040003000000E8
:108360009AD6040003000000E8F2040003000000B5
:1083700078BE0400030000005DEB04000300000071
:1083800062DD040003000000E7D4040003000000E5
:108390003EBA0400030000001EC7040003000000F2
:1083A0008DC40400030000002CCF04000300000073
:1083B0003BBC040003000000DFC604000300000013
:1083C000FDBC0400030000002DC7040003000000F2
:1083D000CFC4040003000000CDC604000300000069
:1083E00016D8040003000000F5F2040003000000AA
:0883F0001FBE040003000000A1
:1083F800F0910400A403002071F6040001000000BD
:10840800EA0205000000000000000000413D0100F4
:108418002540010000000000FB18050001000000D5
:1084280000000000B9F70300000000000000000091
:10843800C61E05000100000000000000F1B901009F
:108448007DB8010000000000D019050001000000FF
:1084580000000000E5920100B9950100000000004D
:0C8468000000000023C903000000000019
:10848000B50B0500BA0B0500BE0B050014E6040091
:10849000C20B0500C60B0500CA0B0500CE0B05007C
:1084A000D20B0500D60B0500DA0B0500DE0B05002C
:1084B000E20B0500E60B0500EA0B0500EE0B0500DC
:1084C000F20B05000001060201000000000102019C
:1084D0000404040400A0105000820D500004055054
:1084E000FFFFFFFFFFFFFFFF010000000100000092
:1084F0003230323620417567203032005849414FC2
:10850000206E524635344C3135000000000000002A
:10851000000000000000000000000000000000005B
:1085200000000000312E31362E372D7A65706863D9
:108530006F7265000000000001030062746C65004A
:10854000000000000000000000000000000000002B
:10855000000000000000000000000000000000001B
:10856000000000000000000000000000000100000A
:108570007600E082630000000000000000000000C0
:108580000338FDD870470000000000000000000024
:108590000338FDD870470000000000000000000014
:1085A0000338FDD87047000022AE28D7982F8A42A2
:1085B000CD65EF23914437712F3B4DECCFFBC0B518
:1085C000BCDB8981A5DBB5E938B548F35BC2563918
:1085D00019D005B6F111F1599B4F19AFA4823F9202
:1085E00018816DDAD55E1CAB420203A398AA07D8A6
:1085F000BE6F7045015B83128CB2E44EBE853124A0
:10860000E2B4FFD5C37D0C556F897BF2745DBE72F9
:10861000B196163BFEB1DE803512C725A706DC9B5E
:10862000942669CF74F19BC1D24AF19EC1699BE443
:10863000E3254F388647BEEFB5D58C8BC69DC10F5D
:10864000659CAC77CCA10C2475022B596F2CE92DBD
:1086500083E4A66EAA84744AD4FB41BDDCA9B05C55
:10866000B5531183DA88F976ABDF66EE52513E9846
:108670001032B42D6DC631A83F21FB98C82703B036
:10868000E40EEFBEC77F59BFC28FA83DF30BE0C613
:1086900025A70A934791A7D56F8203E05163CA06C5
:1086A000706E0E0A67292914FC2FD246850AB72757
:1086B00026C9265C38211B2EED2AC45AFC6D2C4D90
:1086C000DFB3959D130D3853DE63AF8B54730A658A
:1086D000A8B2773CBB0A6A76E6AEED472EC9C281E6
:1086E0003B358214852C72926403F14CA1E8BFA241
:1086F000013042BC4B661AA89197F8D0708B4BC2E0
:1087000030BE5406A3516CC71852EFD619E892D167
:1087100010A96555240699D62A20715785350EF47F
:10872000B8D1BB3270A06A10C8D0D2B816C1A41993
:1087300053AB4151086C371E99EB8EDF4C774827BD
:10874000A8489BE1B5BCB034635AC9C5B30C1C3909
:10875000CB8A41E34AAAD84E73E363774FCA9C5B46
:10876000A3B8B2D6F36F2E68FCB2EF5DEE828F74C1
:10877000602F17436F63A57872ABF0A11478C8849B
:10878000EC39641A0802C78C281E6323FAFFBE90D6
:10879000E9BD82DEEB6C50A41579C6B2F7A3F9BE31
:1087A0002B5372E3F27871C69C6126EACE3E27CA4B
:1087B00007C2C021C7B886D11EEBE0CDD67DDAEA6C
:1087C00078D16EEE7F4F7DF5BA6F1772AA67F0060B
:1087D000A698C8A2C57D630AAE0DF9BE04983F11E4
:1087E0001B471C13350B711B847D0423F577DB2895
:1087F0009324C7407BABCA32BCBEC9150ABE9E3C9F
:108800004C0D109CC4671D43B6423ECBBED4C54C34
:108810002A7E65FC9C297F59ECFAD63AAB6FCB5F78
:108820001758474A8C19446C0100000000000000F2
:10883000050000000000000019000000000000001A
:108840007D00000000000000710200000000000038
:10885000350C000000000000093D00000000000091
:108860002D31010000000000E1F5050000000000CE
:1088700065CD1D0000000000F90295000000000019
:10888000DD0EE90200000000514A8D0E00000000DC
:108890009573C24800000000E941CC6B0100000064
:1088A0008D49FD1A07000000C16FF2862300000009
:1088B000C52EBCA2B1000000D9E9AC2D78030000A0
:1088C0003D9160E45811000031D6E275BC560000BD
:1088D000F52E6E4DAEB10100C9EA26836778080017
:1088E000ED95C28F055A2A00A1EDCCCE1BC2D30054
:1088F00025A4000A8BCA220400000000000000002A
:108900000000000000000010000000000000000057
:10891000B9340332B7F4AD1410DB1AB30892540E15
:108920000D307D951447BA1A66088F4D26ADC66D79
:10893000F598BF85E2B74511CA96853D92BD1DEBFE
:10894000FCA11860DCEF52163C92AE220BB8C1B409
:10895000839D2D5B0562DA1C304C7E8F4E8BB25BA3
:1089600016F4529F8B56A512FBD4827643ED8AF003
:108970008FE7F9311565191850F19BD94A13EEB4F8
:10898000284CF0A686C1251F035FC270CB9E4916F6
:10899000E642889C44EB2014B0650836AD6EA58590
:1089A00085F0CA14E2FD031A0B899979D5B13D0906
:1089B000D8DA973A35EBCF10AC363F5E73BB38CF81
:1089C0003E6752FA44AFBA150100000000000000F3
:1089D0000000000000000020345065C05FC9A652AE
:1089E000BB13CBAEC440C21806C8DF7100D5A87C4B
:1089F000F56F0FDA58FC27136E4756357D24206536
:108A000002C7E768E48CA41DE9E60268D7CD3961A6
:108A10007977FCC2405BEF16798CDE43FFA751F9F2
:108A200091F3B278F5BDBE11E857E9D6E8BEE87B10
:108A3000B054AC8F848D751BEA23A499E9F9D38BCC
:108A4000B7A3714061DA3E15CEE33ECB73F9480817
:108A50008C97B427D51B7010A2BFEFB9EB853215E8
:108A60004DB44DB49BBB6F1996B6076CF8E7EEADED
:108A700036D9B4F59135AE13222218AF4E6A684D3F
:108A800091DAAA3D4F40741E9FBD9EE006A1C0989A
:108A900057C2A7FDA40E90170E7D497173E3208F76
:108AA000B220D87605143B12853D7434811343B04F
:108AB000AD297A5F27F4351C00000000000000009B
:108AC00057C903009B8A03009D8A03009F8A030005
:108AD000A18A030019410000BB8A0300C58A030074
:108AE000BF8A0300A38A0300A78A03002141000074
:108AF000AB8A030000000000000000000D4B0000E6
:108B00009B8A03009D8A03009F8A0300A18A0300B9
:108B100019410000BB8A03008B900300BF8A030049
:108B2000A38A0300A78A030021410000AB8A030047
:108B3000AB90030023900300579003005B90030069
:108B4000279003002B9003002F9003003390030025
:108B5000379003003B9003003D9003003F900300DB
:108B600041900300459003004790030049900300A3
:108B70004B9003004D9003004F900300539003006F
:108B8000559003000000000000000000D1530000D9
:108B90000D5400005D550000A1530000A5520000D7
:108BA000CD520000D9520000E5520000C153000030
:108BB000FD5200001553000031530000895500009C
:108BC000B15300000000000000000000959C03006D
:108BD000ED58000019590000999C03009D9C03006A
:108BE000E5580000A19C0300A19C0300AF9C03007A
:108BF0007F9C0300819C0300839C0300879C0300EF
:108C0000A79C0300A39C030005590000AB9C030034
:108C1000899C03008D9C0300D5580000919C0300A3
:108C2000DD580000000000000000000009650000A1
:108C3000E79E0300F959000071590000F965000032
:108C4000239D0300E39C0300FF9C0300439D03005E
:108C5000CBA00300339D03006BA10300ED9C030038
:108C60001DA10300E59C0300E99C03000D5D0000CD
:108C700027A20300C79C0300059D03004D5B000075
:108C8000679E03005F9E0300579E0300995D0000EE
:108C9000C19C0300C59C030057C9030057C90300CA
:108CA00057C9030057C9030057C9030057C9030038
:108CB00057C90300CD9C0300D19C0300D79C03003F
:108CC000D99C0300DD9C03000000F0C0000020C11F
:108CD000000048C1000070C100008CC10000A0C1AC
:108CE000000000000000000033A2030000000000AC
:108CF0000000000053A2030081A2030051A2030060
:108D00000000000000000000016B0000A6C5040088
:108D100089C6040091C604009BC60400A7C60400CF
:108D2000B2C60400BFC60400E4B60400150100008A
:108D3000000000000000000085770000E79E0300AF
:108D4000F959000071590000F9650000239D0300E6
:108D5000E39C0300FF9C0300439D0300CBA00300A2
:108D6000339D03006BA10300ED9C03001DA10300D4
:108D7000E59C0300E99C03000D5D000027A20300B1
:108D8000C79C0300059D03004D5B0000679E030028
:108D90005F9E0300579E0300995D0000C19C030085
:108DA000C59C0300497700001FA80300E7A7030044
:108DB000F5A70300FBA7030001A8030007A8030011
:108DC000CD9C03000DA8030013A8030019A80300FD
:108DD000DD9C03000000000000000000B1A90300BA
:108DE000E5A8030019A9030000000000000000002E
:108DF000F1780000A9770000B1770000B977000092
:108E0000D1770000B58B000071A8030073A80300A0
:108E100075A8030077A8030079A80300F57D00007A
:108E2000517F00007578000039A803000179000027
:108E3000C18B0000AD7C0000C1770000DD77000031
:108E4000F97C00007BA803003BA80300A177000089
:108E50003DA8030043A8030045A8030049A8030058
:108E6000A98B00006D8B00009D8B0000C97700006E
:108E70004BA8030051A8030093A80300E1A8030036
:108E8000E118000057A803005DA8030061A80300D3
:108E900065A8030069A803006DA8030095C9040034
:108EA0001ACF040022CF0400F179000077A9030053
:108EB000A9A80300C3A803000000000000000000F0
:108EC000000000000D4B00009B8A03009D8A0300F8
:108ED0009F8A0300A18A030019410000BB8A030096
:108EE0008B900300BF8A0300A38A0300A78A0300B4
:108EF00021410000AB8A0300AB90030023900300E4
:108F0000579003005B900300279003002B90030011
:108F10002F90030033900300A3AC0300F5AE0300D1
:108F2000D9A000003F900300E3AC0300B9A3000008
:108F300047900300499003004B9003004D900300BD
:108F400033AD03007BAD030087AE03007BAC0300B1
:108F50007FAC030083AC030085AC030089AC030045
:108F60008DAC030057C9030057C9030057C903005C
:108F7000DDAD030057C9030057C9030057C90300FB
:108F800057C9030057C9030057C9030057C9030055
:108F90008FAC030057C9030057C9030039AF030062
:108FA000D3AD0300D3AD030091AC030093AC030039
:108FB00095AC030097AC03009BAC03009FAC03008F
:108FC00000000000000000000D4B00006BBE03001D
:108FD0009D8A03001DBB0300A18A03001941000004
:108FE000FDAE00008B900300BF8A0300A38A03003C
:108FF000A78A03002141000005BB0300AB900300DA
:109000002390030035BA030021BB030025BB0300F6
:109010001DBA030029BB03006DBA0300A3AC030013
:10902000F5AE0300D9A00000C1BE0300E3AC03000D
:10903000B9A30000479003004990030009B4000061
:109040008DB4000033AD03007BAD030087AE030099
:1090500077BA03002DAF00004FBF030087BA0300AB
:1090600095BA030059BF030011B5000095C2030073
:1090700047BE030081B10000B1B900007DBA000015
:1090800021BB000051BA0300C1AE00006BBA03005F
:1090900071B70000F1B800000DC0000061BE030010
:1090A00039AF0300FDBC0300FDBC030045BA03005B
:1090B00069BD030081BB0300DFBA0300EFBA030000
:1090C00029BC0300BFBA0300AFBA0300CFBA030044
:1090D0009FBA0300EC9EFEFF00000000C3BA03002D
:1090E000B3BA0300D3BA0300A3BA0300DCF204004E
:1090F000DFF20400FAED0400E2F204001AB7040003
:10910000E9F80300000000007830050000000100CD
:1091100016B704008DF9030000000000640300206E
:1091200000000100563005000000000000000000B3
:10913000000000000000000012B7040019F903004D
:10914000859401004C030020000030000EB704009D
:109150008DF903000000000044030020000001001E
:109160003430050000000000ADE300000000000006
:1091700000002000E87404000000110008750400DD
:10918000060001002875040000000100A838022034
:10919000000100000DD60300B7D503000200000057
:1091A000B5D7030000000000000000000000000030
:1091B0000000000051F6040059F604000000000011
:1091C000000000000000000061F6040065F60400E5
:1091D00069F604006DF60400E0910400786A02204C
:1091E000BD110100986A0220BDB9022001000000F3
:1091F00043D8030039D80300691101002DD80300BA
:109200000000000021D8030000000000030000005F
:10921000010000000000000000F800004876040093
:10922000020000000000010000E013004876040086
:109230000000000000E01400007001004876040007
:109240005AB70400E9F803000000000056B7040014
:109250000000010052B704008DF903000000000077
:10926000C8030020000001004AB7040065D90300CC
:10927000000000003CBE04000000010046B70400EE
:109280008DF9030000000000C00300200000010071
:109290003EB7040065D9030000000000A6F60400F4
:1092A000000001003AB704008DF90300000000003F
:1092B000B80300200000010032B7040065D90300A4
:1092C000000000005EC70400000001002EB704008B
:1092D0008DF9030000000000B00300200000010031
:1092E00026B7040065D9030000000000AFF60400B3
:1092F0000000010086B70400E9F803000000000048
:1093000082B70400000001007EB704008DF903005D
:1093100000000000E00300200000010076B7040018
:1093200015DA0300CDD90300000000000000090099
:1093300072B704008DF9030000000000D80300207C
:10934000000001006AB7040099D903000000000082
:10935000000000000000010066B704008DF9030062
:1093600000000000D0030020000001005EB70400F0
:10937000C512010000000000000000000000010014
:10938000351901000000000000000000000000008E
:10939000091B0100000000000BDC0300000000209E
:1093A000000000000600010002000000B09304006D
:1093B000000000000CFC040002000000E0CF1700D9
:1093C0000000002014FC040021000000E0FF032046
:1093D000752B010000000000A7DE0300ED36010040
:1093E000A9E00300DDE0030011E1030047E1030011
:1093F0006DE103009DE10300C9E10300993701001D
:10940000FBE1030001380100253B01003938010070
:109410005BE203008FE20300D1E203005BE30300A1
:1094200005E30300B13A0100D0930400389404002E
:1094300000010000000000005C6D0320D0930400D8
:109440004C9404002E00000000000000AC7A0320C1
:10945000D0930400609404000201000000000000AA
:10946000807B0320F60B0500140C05002F0C050073
:109470003F0C050022CD04004C0C0500530C0500E8
:109480005A0C0500610C0500690C050022CD040092
:10949000710C0500830C0500980C0500AB0C050051
:1094A0000E030000055801000F040000D157010011
:1094B0001A0100002542010005040000BD42010020
:1094C00013010000114701003E0100008149010025
:1094D00001120000E9E603000A1E000017E703007E
:1094E000FF010000F54A01003E010000D54A0100DD
:1094F0000504000009430100080400003D4E01007E
:1095000030030000B14D0100100100004D43010087
:1095100001120000D95401000A1E0000CFE7030029
:109520000309000081440100040B000021460100F2
:10953000060A00000D570100070A0000AD430100B4
:109540000C050000094D0100050C00004956010002
:10955000D093040060950400470000000000000064
:109560009C7C0320E5120500F21205001213050091
:10957000061305001D1305003413050044130500F0
:10958000AD16050058130500D0930400989504000B
:1095900000000000000000005C7D0320D093040068
:1095A000AC9504000001000000000000847D032051
:1095B000FDED03004FEE030000000000000000007E
:1095C00000000000597C01000000000000000000C5
:1095D00000000000000000000202010093F30300FD
:1095E000040401007986010006060100B985010026
:1095F00008040100A58401000A0201007BF30300B6
:109600000C04010063F303000E04010081830100D8
:1096100020040100ED82010010040100FD81010021
:1096200012020100E5F203001E000400D5F603005B
:10963000520200000BF30300D0930400489604008C
:109640000201000000000000FC8003209EB704001F
:10965000E9F80300000000009AB7040000000100D0
:1096600096B704008DF90300000000001C080020DC
:10967000000001008EB704000000000000000000A0
:1096800000000000000000008AB7040019F9030080
:10969000859401002408002000000300EDA90100CA
:1096A0005BFF03000DB4010000000000000000009B
:1096B000F5B0010000000000000000000000000004
:1096C00000000000000000000000000071AB01007D
:1096D000060000003FFD03000600000021A7010076
:1096E0001000000095A3010010000000ADB30100C0
:1096F00001000000CFFB0300100000003BFD030051
:109700000A00000089AA010010000000D9B1010080
:109710000700000043FD03001000000081FC03006F
:109720000100000029A9010040000000DFFC030047
:109730001000000099FC030001000000456D7074EA
:109740007920484349207061636B65740000000014
:10975000556E6B6E6F776E20484349207479706543
:10976000202575004C4C20696E697469616C697ABA
:109770006174696F6E206661696C65643A20256466
:109780000000000042542043544C52205258207094
:109790007269000042542043544C52205258000039
:1097A00062745F6863695F636F6E74726F6C6C651F
:1097B0007200000062745F63746C725F6863695F5B
:1097C00064726976657200005A6570687972204F1C
:1097D000532076342E342E31000000004E6F204886
:1097E000434920436F6D6D616E64206865616465F7
:1097F00072000000496E76616C696420484349201C
:10980000434D44207061636B6574206C656E6774B2
:10981000680000004E6F204843492041434C2068B7
:109820006561646572000000496E76616C69642050
:109830004843492041434C207061636B6574206C40
:10984000656E677468000000496E76616C6964201B
:109850004843492041434C2044617461206C656E4B
:1098600067746800547820427566666572204F768A
:109870006572666C6F770000496E76616C69642072
:10988000547820456E7175657565000068616E6479
:109890006C653A203078253034782C2073746174EC
:1098A00075733A2025782C2074783A2025782C205E
:1098B00072783A2025782E00747970653A203078D5
:1098C000253032780000000072656A656374206F8D
:1098D00070636F64653A203078253032780000007C
:1098E00062745F63746C725F6863690057455354B8
:1098F0005F544F504449522F7A65706879722F73C4
:1099000075627379732F626C7565746F6F74682FED
:10991000636F6E74726F6C6C65722F6C6C5F7377B3
:109920002F756C6C5F636F6E6E2E630065727220B4
:109930003D3D2030207C7C20657272203D3D202DF5
:1099400031323000415353455254494F4E20464125
:10995000494C205B25735D20402025733A25640A1D
:109960000000000009706172616D313A2025752098
:10997000706172616D323A2025750A0062745F630E
:10998000746C725F756C6C5F636F6E6E00000000CC
:1099900062745F63746C725F756C6C5F66696C7423
:1099A0006572000062745F63746C725F63727970D9
:1099B000746F0000574553545F544F504449522F21
:1099C0007A65706879722F7375627379732F626C20
:1099D0007565746F6F74682F636F6E74726F6C6CE3
:1099E00065722F6C6C5F73772F6E6F726469632F73
:1099F0006C6C6C2F6C6C6C5F6164762E6300000085
:109A0000300000000925733A2041637475616C20B1
:109A10004556454E545F4F564552484541445F5365
:109A2000544152545F5553203D2025750A000000D3
:109A3000574553545F544F504449522F7A657068CC
:109A400079722F7375627379732F626C7565746F99
:109A50006F74682F636F6E74726F6C6C65722F6CAD
:109A60006C5F73772F6E6F726469632F6C6C6C2FF1
:109A70006C6C6C5F7065726970686572616C2E6386
:109A8000000000009D2D0200AD2D0200BD2D020042
:109A9000CD2D02000000000000000000DD2D0200BE
:109AA000752E0200ED2D020000000000A52E020020
:109AB00000000000FD2D0200852E020000000000C5
:109AC0000D2E0200F52E02001D2E0200B52E020002
:109AD000C52E0200D52E0200E52E0200052F020041
:109AE000152F02002D2E02000000000000000000D3
:109AF000000000000000000000000000952E0200A1
:109B000008020B020A03050200000000000000002A
:109B10000202000006020000040300000000090326
:109B200000000000010300000C0300000703000018
:109B30000000000000000000F401FA00960064003C
:109B40004B0032001E001400707265706172655F18
:109B500063620000707265706172655F636200002D
:109B60000700000008000000090000000A000000D3
:109B70000B0000000D0000000F00000011000000AD
:109B80001300000015000000180000001B0000007A
:109B90001F00000023000000280000002D0000002E
:109BA000330000003900000001030405B5A30200E2
:109BB0008DA302000000000001A5020081A40200A4
:109BC000331F05002902040025020400391F050087
:109BD0001000000001FF00007D01000000100000E7
:109BE00000A0105000820D50000405507F000000BE
:109BF00000A0105020040020000000000000000021
:109C0000FFFF010000820D509804002000000000BA
:109C100001000000FF0700000004055000000000E4
:109C2000000000000200000000401050349C0400BE
:109C3000020000004C9C040002000000449C040050
:109C4000020100000480000C0380000B0400000CE3
:109C50000300000B1E000000010000006C9C0400CB
:109C60008046022041B0020000000000E8740400B9
:109C7000000011001C0000008876040000127A0029
:109C8000000100000875040007000100000000004A
:109C9000010000000000000008750400060001003B
:109CA0000875040005000000087504000400200089
:109CB00008070000050000000108000000A0105087
:109CC00000820D500004055000000080FFFFFF7F60
:109CD0000000008000000080FFFFFF7F0000008088
:109CE0000000000000000000B532050000FF0A007F
:109CF000087504000F00000000000080FFFFFF7FD8
:109D00000000008000000080FFFFFF7F0000008057
:109D10000000000000000000B532050000FF0A004E
:109D2000287504000300000000000080FFFFFF7F93
:109D30000000008000000080FFFFFF7F0000008027
:109D40000000000000000000B532050000FF0A001E
:109D5000287504000500010000000080FFFFFF7F60
:109D60000000008000000080FFFFFF7F00000080F7
:109D70008813000000000000B532050000FF0A0053
:109D8000E87404000100000061D20200687604005B
:109D90006A0000000B0F0400D70E0400410F0400FE
:109DA000750F040000700C5000000000000000005F
:109DB000D09D040000C201000000D6010000000098
:109DC0000000004000000000B9BC0220B8BC022026
:109DD00000700C50DC9D040002000000F49D0400A3
:109DE00002000000EC9D0400020100004880000019
:109DF00047800001480000004706000100600C5049
:109E00000000000000000000289E040000C20100C5
:109E10000000D6010000000000000040000000002B
:109E2000DBBC0220DABC022000600C50349E04002F
:109E3000020000004C9E040002000000449E04004A
:109E40000201000029800000288000012900000094
:109E50002806000100A0105000820D50000405509B
:109E60000048E801000000000000000000000000C1
:109E7000FFFFFFFF0000FF000000000000000000E7
:109E8000FFFFFFFF01000001010000007B13040041
:109E9000FFFF0000A49E040000000000FFFFFFFF82
:109EA0000000000000A00450B09E0400020000006A
:109EB000CC9E040003000000C09E040003010000CB
:109EC00041800004428000054480000641000004F7
:109ED0004200000544000006087504000700010068
:109EE00000A0105000820D50000405500001000039
:109EF00000A0105000820D50000405500800000022
:109F000002000000040000000100000000A010504A
:109F100000820D500004055000A0105000820D502A
:109F20000004055000A0105000820D5000040550A0
:109F3000000000006410B71DC8206E3BAC30D9266D
:109F40009041DC76F4516B6B5861B24D3C71055019
:109F50002083B8ED44930FF0E8A3D6D68CB361CB41
:109F6000B0C2649BD4D2D38678E20AA01CF2BDBDF5
:109F7000202F05002E2F0500422F0500512F050030
:109F80005D2F0500C0730400D0730400207404002A
:109F900028740400C8740400C87404006D2F050000
:109FA00000010000000000001B132C0AA3E59CED3B
:109FB000A72963085D210621EBFFFFFFFFFFFFFFDD
:109FC000FFFFFFFFFFFFFFFF0F0000008F64F8019E
:109FD0006360BCFFC509F8FFD588650073840E0077
:109FE000A061A0FF144BB1FF9DBE6A003EA4ADFF6F
:109FF000F56995FFEE3F3D00374F6A00703B49FF22
:10A00000C26C3C00C5197A003E484E00C41EDFFFFA
:10A01000AE03E3FFC36918FE683409FF8D49F800F9
:10A02000EC6B73FF9A0C6B015E290B004B3276FED2
:10A03000E4E2C9FF78446A009A40B7FF517DA70067
:10A04000C55C99008FA626004990BEFFC8A68AFE6F
:10A05000B3FB42FFBDC432FFC8E5DD000D7AC4008A
:10A060009FFFD30074EAE500682583001D4C320190
:10A070003BA34EFFCF4C300086CE37FF003EC900D9
:10A08000F0E74FFF33F25BFF514532FF4A7DC301DA
:10A090002F8721004E75EFFF8D89B400B5095C0054
:10A0A0008494D6000C0BE100267D83FFA0CFC3FE75
:10A0B000542DB30002A6DE01F0D2C8006C491F0087
:10A0C0000B779DFF7FC8E9001077500094DB840177
:10A0D000AEE60100E47AEAFE59B493FFDBE499FFAF
:10A0E000082621FF14A59700C90021000609A2FF38
:10A0F00070E3E5FF944A41007D59D8FF8018A3FE24
:10A100000C9E92FFA0DB8CFE053CB30048C0A5FE70
:10A11000FC4826FFAD065B009D2D8F002DF2370118
:10A12000F05359003712AF014DEAEAFF72A35AFF0C
:10A130003A51D100565E7EFF2AF9F90054B49100DD
:10A14000FD23B4FFDD75BBFF3D75C4FF70555E0098
:10A1500021313CFFF14F9601109F9E001802A10192
:10A1600059170EFFB4BB750086048500E26173FFCA
:10A17000F8B520FFEA3BBA01C281A9FF2C8240005A
:10A18000E4B10300395D35FF282186FF90A993FFD4
:10A1900034BC8500AACA5FFE8F402F0053DBC40188
:10A1A000CD8374FF959C3B00DAE5AB00CDDBB500B9
:10A1B000B85AEF00750BF1FE6CD654FFD9A25BFEC6
:10A1C000AD0D4A00C56F61FE3FDF67008DDB6800A3
:10A1D000DF95EFFF8E7445FE4362D5007C4E62FE34
:10A1E0009E98D6FF5FE2AC01E59235FF76EB5D000D
:10A1F000927AE60027FF350044598DFF7632D7006A
:10A20000796AAB002BF005FE6A998D00083DD901F3
:10A21000F2254200A01BE4FF670D46008906D50029
:10A220000020C300CE6A1600279900FF58D3FD0115
:10A2300028C0D4008E7B7B00100E7AFF77A255FFDA
:10A2400092F01500D0A657010662D5FF8167DE01A6
:10A2500048A5B6FF3C897DFE4F763C007E5EBF0080
:10A260009D9270FF63845DFE92887900936294FEF4
:10A27000A78D54004B5C77FE094097FF18E86B01EF
:10A28000A3602E00266C74FFA0E65B002B945DFE9D
:10A29000B997A100DB328201DAD1E7FF30CAA1FE13
:10A2A000740A4D004926DB019418FDFF51CED5FEFE
:10A2B0007A71F6FF1F2EF5FE4B0C04FF0F5AE0FEDD
:10A2C000CCDC39FF66386CFF9A06E0001034D1010F
:10A2D0008BC3750073C05AFF21F392007532CE0113
:10A2E000584D5FFF2ED257FEA73B2DFFFBEC5800C9
:10A2F000539FF500B1238AFE9B8CB800D4207100D7
:10A300002FABAE00CF1FAC013DA0E4FFEB8129FFD6
:10A3100090844200EFA89101BCBE2300CF04B2FE9E
:10A320003239E7FF347FA3FFD226200055B149FE22
:10A33000B0E28900D1A5D4FE2BCB38FF50DB3AFE2A
:10A340005647E20093DDB9FF39FBD800C7E235FE7E
:10A350007D192D00948AB8002C0D2FFF3B57A5FFC7
:10A3600091896B004724CFFFD4EDDB002C0148FF1F
:10A37000CB7C05FF792076FFB8C291FFB0448D00F9
:10A38000C459150090D4CF016642A9FFA7FC97FFDE
:10A390004189DCFF4BC5A7FECCE5010002E51201B7
:10A3A000E9C47F007C143101E0351E005BF3E4FE5C
:10A3B00083A08A0011439D00302706005570E200FB
:10A3C000AAFF9200CE2381005B8380FF77B625FF32
:10A3D0002FD4DF00B653910100022B00449AA5FE52
:10A3E000E803CFFF84F32CFF8C53D3FF3FE106FF3C
:10A3F00098202AFF6E76C500F1B602008BA1B90045
:10A400003B69DBFF6A9644FF0EDA94FF9D5F97007D
:10A41000DA3DD1FFF57715FEAEAC2C0074AE5501D8
:10A42000795E1DFFE7802900C546FA009F9291FFE3
:10A4300050D4B7FF02FC2800816F9CFFEE158EFE02
:10A440008DC50CFFC7CEA0FF27E3D600B5509900FD
:10A450005D96BA009CAC2EFEBF413BFF53B155FF49
:10A46000CD013600807C50FF3CA4FB00F2A25FFED1
:10A47000FEA61AFF590691FF09DC0CFFEE540D01F0
:10A4800099E2080004DFF2FF9F22FDFF3CC847FF6E
:10A4900001FC5CFF8372C9FED064ED0073E025FE11
:10A4A0004B6AB3FF901EA0FF8684DDFF39ADB8FF75
:10A4B0003FD3B9FF689AC1FFE8C0BD0021BB22FEAF
:10A4C0009B2D10002F765F0056EC9F004E582CFFFE
:10A4D0003CEB1E001466B1FE9B2AD6FFF846DBFF5C
:10A4E000546585FF7E3C7000FC12F0006A409BFEC4
:10A4F0006B4672001F086900649B0A00EBF461015F
:10A50000AA289300AAE301FE8842AD0032C5CCFE22
:10A51000597A61005FE881FF726C7EFFB2428AFF68
:10A52000A96530FFE2C62FFF262EE1004183D7FE4A
:10A53000EC9D1BFFEC129E002A3E57FF654BB1FEBF
:10A54000AB5DB8009F4954FFF6B60CFF404D990033
:10A55000E59E5200430A7B01A7657B00AAD899FFBC
:10A56000B395960084BDF100ED6D08FFE7159300EB
:10A570008B38B4009EAB91FE8AC971FFE9B43B00F1
:10A58000419869FF1D330F009DD27AFF6EE777FF78
:10A59000A6E428FFE39B6E00D4C5DC005CF58001D7
:10A5A00065CC79FF63E8DA0016807D00CB7A610024
:10A5B000CD6C92FF7AB2620071EE7AFF1BB6EC00AE
:10A5C000F794EB00F2087000B20265FF2EBD120195
:10A5D0004F2291FFFF5B2100A0884A004733A5006E
:10A5E00025E26C00B24227FF80D55000528CA6FFB6
:10A5F0003A5FA4FF5BB5AC0145A340004A4627FF84
:10A60000ECE21D001565FFFEDB8C3A0002E8ABFFB3
:10A6100032F036FF09853CFE0949BC003EDAE9000C
:10A62000D6AF0CFF7F8579FF5C01A9000ECED4FE6A
:10A63000E560C6FFA0F4B20054889200833BB9FFE6
:10A64000590FAFFFD98E88FF549429005FA0DC0119
:10A65000914200FFF81691FF9CD3E10050E547FEC0
:10A66000BCDC4900B62948FF701F75FFA8F1E9FF5F
:10A67000D1D30500BA5327FE83DF03FF2CB11300AB
:10A68000974AC30063C19F01EE8362FFA2B5E10058
:10A69000607522FF36E75000588B7AFF3A0FCCFFE7
:10A6A0007BAEC0FF231463FE9106A400173486011D
:10A6B0006052A0FF33BB15FF38B8F400B47D110021
:10A6C000C67D000072626601CD4392004B1D790188
:10A6D000E75BEAFFD9CE2E010C4E0400D5B3F3FEA2
:10A6E00073E8A70053A717FE7D8ED6FF12285D00E2
:10A6F00061E4E5FF8469BFFE8DC9DA00717D7A00EF
:10A700007EFC7C0035A3E5FE87C543FFF61D800176
:10A71000BF9BA5FF81B0EB002431720007842FFEA0
:10A7200014BA9800535228FFB54DC0FFB9599C0088
:10A73000090A20FF9FFCFF01F92D2AFFEE89640121
:10A74000531CE600386386FF71EF7400853B8C0173
:10A75000BDF124FFF825C30160DC3700B74C3EFF94
:10A76000C3423D00324CA401E1A44CFF4C3DA3FF89
:10A77000753E1F00519140FF76410E00A273D6FF37
:10A78000068A2E007CE6F4FF0A8A8F00341AC20083
:10A79000B8F44C00818F2901BEF413FF7BAA7AFF25
:10A7A0006281440079D5930056651EFFA1679B0026
:10A7B0008C5943FFEFE5BE01430BB500C6F089FE9F
:10A7C000EE45BCFF4397EE00132A6CFFE55571017F
:10A7D000324487FF116A0900326701FF5001A80166
:10A7E00023981EFF10A8B9013859E8FF65D2FC0074
:10A7F00029FA4700CCAA4FFF0E2EEFFF504DEF0075
:10A80000BDD64BFF118DF90026504CFFBE5575008B
:10A8100056E4AA009CD8D001C3CFA4FF96424CFFB7
:10A82000AFE110FF8D5062014CDBF200C6A2720056
:10A830002EDA98009B2BF1FE9BA068FF33BBA5008E
:10A840000211AF004254A001F73A1E00234135FE29
:10A8500045ECBF002D86F501A37BDD00206E14FFC3
:10A860003417A500BAD64700E9B06000F2EF360110
:10A8700039598A00530054FF88A064005C8E78FE2A
:10A88000687CBE00B5B13EFFFA29550098822A01C6
:10A8900060FCF60097973FFEEF853E0020389C0055
:10A8A0002DA7BDFF8E85B3018356D300BBB396FEA3
:10A8B000FAAA0EFFD2A34E0025349700634D1A006A
:10A8C000EE9CD5FFD5C0D101492E54001441290179
:10A8D00036CE4F00C98392FEAA6F18FFB12132FE17
:10A8E000AB26CBFF4EF77400D1DD99008580B20115
:10A8F0003A2C1900C9273B01BD13FC0031E5D201F8
:10A9000075BB7500B5B3B8010072DB00305E930013
:10A91000F52938007D0DCCFEF4AD77002CDD20FE4E
:10A9200054EA1400F9A0C601EC7EEAFF2F63A8FEEA
:10A93000AAE299FF66B3D800E28D7AFF7A4299FEC7
:10A94000B6F58600E3E41901D639EBFFD8AD38FF40
:10A95000B5E7D20077809DFF815F88FF6E7E330070
:10A9600002A9B7FF078262FE45B05EFF7404E301EF
:10A97000D9F291FFCAAD1F01690127FF2EAF450033
:10A98000E42F3AFFD7E045FECF3845FF10FE8BFF9E
:10A9900017CFD4FFCA147EFF5FD560FF09B0210036
:10A9A000C805CFFFF12A80FE2321C0FFF8E5C401CE
:10A9B00081117800FB6797FF073470FF8C3842FFE6
:10A9C00028E2F5FFD94625FEACD609FF48438601AB
:10A9D00092C0D6FF2C26700044B84BFFCE5AFB0025
:10A9E00095EB8D00B5AA3A0074F4EF005C9D02006F
:10A9F00066AD6200E98960017F31CB00059B940060
:10AA0000179409FFD37A0C0022861AFFDBCC88004A
:10AA1000860829FFE0532BFE5519F7006D7F00FED5
:10AA2000A9883000EE77DBFFE7ADD500CE12FEFE41
:10AA300008BA07FF7E0907016F2A48006F34ECFE51
:10AA4000603F8D0093BF7FFECD4EC0FF0E6AED01CB
:10AA5000BBDB4C00AFF3BBFE6959AD005519590182
:10AA6000A2F394000276D1FE219E09008BA32EFF53
:10AA70005D4628006C2A8EFE6FFC8EFF9BDF9000E7
:10AA800033E5A7FF49FC9BFF5E740CFF98A0DAFF3B
:10AA90009CEE25FFB3EACFFFC500B3FF9AA48D005B
:10AAA000E1C468000A2319FED1D4F2FF61FDDEFE85
:10AAB000B865E500DE127F01A48887FF1ECF8CFEFB
:10AAC0009261F30081C01AFEC95421FF6F0A4EFF44
:10AAD0009351B2FF04041800A1EED7FF068D2100A8
:10AAE00035D70EFF29B5D0FFE78B9D00B3CBDDFF37
:10AAF000FFB97100BDE2ACFF7142D6FFCA3E2DFF27
:10AB0000664008FF4EAE10FE857544FFEDD3F55C40
:10AB10001A631258D69CF7A2DEF9DE14000000007A
:10AB200000000000000000000000001059F1B2FE1B
:10AB30000AE5A6FF7BDD2AFE1E14D4005280030026
:10AB400030D1F300777940FF32E39CFF006EC501FE
:10AB5000671B9000B67859FF8572D300BD6E15FF54
:10AB60000F0A6A0029C0010098E879FFBC3CA0FFE9
:10AB70009971CEFF00B7E2FEB40D48FFB0A00EFE03
:10AB8000D3C986FF9E188F007F693500600CBD0019
:10AB9000A7D7FBFF9F4C80FE6A65E1FF1EFC040007
:10ABA000920CAE0001000000000000000000000058
:10ABB0000000000000000000000000000000000095
:10ABC0000000000000000000000000000000000085
:10ABD000982F8A4291443771CFFBC0B5A5DBB5E908
:10ABE0005BC25639F111F159A4823F92D55E1CAB7C
:10ABF00098AA07D8015B8312BE853124C37D0C550A
:10AC0000745DBE72FEB1DE80A706DC9B74F19BC151
:10AC1000C1699BE48647BEEFC69DC10FCCA10C2441
:10AC20006F2CE92DAA84744ADCA9B05CDA88F97625
:10AC300052513E986DC631A8C82703B0C77F59BF8F
:10AC4000F30BE0C64791A7D55163CA0667292914BB
:10AC5000850AB72738211B2EFC6D2C4D130D385358
:10AC600054730A65BB0A6A762EC9C281852C72921A
:10AC7000A1E8BFA24B661AA8708B4BC2A3516CC748
:10AC800019E892D1240699D685350EF470A06A1081
:10AC900016C1A419086C371E4C774827B5BCB034D0
:10ACA000B30C1C394AAAD84E4FCA9C5BF36F2E686E
:10ACB000EE828F746F63A5781478C8840802C78CFD
:10ACC000FAFFBE90EB6C50A4F7A3F9BEF27871C600
:10ACD0000A5695CE5753F2DD5CE419BAE4B84A8BB4
:10ACE00025F321DD8886E8D2855D882518FF7185EA
:10ACF0003C14A918D430E77901B6ED5FFC95BA751C
:10AD0000102562772B73FB79C65537A5765F9018AF
:10AD1000DFBDC42962DF9CD890308478CD05F0ACCB
:10AD2000D62E21F7AB20A2E5344887041D0630DC7F
:10AD3000512563FCC2CAB9F3849E17A7ADFAE6BCDD
:10AD4000FFFFFFFFFFFFFFFF00000000FFFFFFFF0F
:10AD5000A2EE79BE954C2483A66FBD499C79994695
:10AD600059EC6B2B39B245282056D9F3942DE16666
:10AD70004FBC00EEFFFFFFFFFFFFFFFFFFFFFFFFE6
:10AD800000000000000000000000000001000000C2
:10AD9000FFFFFFFF0300000000000000FFFFFFFFB8
:10ADA000FBFFFFFFFEFFFFFFFFFFFFFFFDFFFFFFBA
:10ADB0000400000001000000156D0400F8AD04005F
:10ADC00002000000F0AD040003000000E8AD040044
:10ADD00004000000E0AD04000000000000000000DE
:10ADE000A42F050010140400B02F05001013030059
:10ADF000BC2F05001012020002000000916904003F
:10AE00008D69040089690400716904005F690400A8
:10AE10000100000002000000040000000800000023
:10AE20001000000020000000400000008000000032
:10AE30001B0000003600000051F4A7507E4165530E
:10AE40001A17A4C33A275E963BAB6BCB1F9D45F107
:10AE5000ACFA58AB4BE303932030FA55AD766DF660
:10AE600088CC7691F5024C254FE5D7FCC52ACBD787
:10AE700026354480B562A38FDEB15A4925BA1B67D7
:10AE800045EA0E985DFEC0E1C32F7502814CF012B9
:10AE90008D4697A36BD3F9C6038F5FE715929C95F8
:10AEA000BF6D7AEB955259DAD4BE832D587421D3F5
:10AEB00049E069298EC9C84475C2896AF48E7978D7
:10AEC00099583E6B27B971DDBEE14FB6F088AD17DA
:10AED000C920AC667DCE3AB463DF4A18E51A3182E8
:10AEE0009751336062537F45B16477E0BB6BAE84AA
:10AEF000FE81A01CF9082B94704868588F45FD19F5
:10AF000094DE6C87527BF8B7AB73D323724B02E2AB
:10AF1000E31F8F576655AB2AB2EB28072FB5C20344
:10AF200086C57B9AD33708A5302887F223BFA5B200
:10AF300002036ABAED16825C8ACF1C2BA779B49201
:10AF4000F307F2F04E69E2A165DAF4CD0605BED54D
:10AF5000D134621FC4A6FE8A342E539DA2F355A09D
:10AF6000058AE132A4F6EB750B83EC394060EFAA59
:10AF70005E719F06BD6E10513E218AF996DD063D39
:10AF8000DD3E05AE4DE6BD4691548DB571C45D05FF
:10AF90000406D46F605015FF1998FB24D6BDE997BD
:10AFA000894043CC67D99E77B0E842BD07898B883A
:10AFB000E7195B3879C8EEDBA17C0A477C420FE9D0
:10AFC000F8841EC90000000009808683322BED48FA
:10AFD0001E1170AC6C5A724EFD0EFFFB0F85385679
:10AFE0003DAED51E362D39270A0FD964685CA621DF
:10AFF0009B5B54D124362E3A0C0A67B19357E70F66
:10B00000B4EE96D21B9B919E80C0C54F61DC20A2FE
:10B010005A774B691C121A16E293BA0AC0A02AE5A5
:10B020003C22E043121B171D0E090D0BF28BC7AD1E
:10B030002DB6A8B9141EA9C857F11985AF75074CCC
:10B04000EE99DDBBA37F60FDF701269F5C72F5BC26
:10B0500044663BC55BFB7E348B432976CB23C6DC41
:10B06000B6EDFC68B8E4F163D731DCCA4263851001
:10B070001397224084C61120854A247DD2BB3DF817
:10B08000AEF93211C729A16D1D9E2F4BDCB230F3F2
:10B090000D8652EC77C1E3D02BB3166CA970B99929
:10B0A000119448FA47E96422A8FC8CC4A0F03F1A26
:10B0B000567D2CD8223390EF87494EC7D938D1C15D
:10B0C0008CCAA2FE98D40B36A6F581CFA57ADE28CD
:10B0D000DAB78E263FADBFA42C3A9DE45078920D8E
:10B0E0006A5FCC9B547E4662F68D13C290D8B8E856
:10B0F0002E39F75E82C3AFF59F5D80BE69D0937C29
:10B100006FD52DA9CF2512B3C8AC993B10187DA7D8
:10B11000E89C636EDB3BBB7BCD2678096E5918F447
:10B12000EC9AB701834F9AA8E6956E65AAFFE67E72
:10B1300021BCCF08EF15E8E6BAE79BD94A6F36CEB7
:10B14000EA9F09D429B07CD631A4B2AF2A3F23317B
:10B15000C6A5943035A266C0744EBC37FC82CAA620
:10B16000E090D0B033A7D815F104984A41ECDAF753
:10B170007FCD500E1791F62F764DD68D43EFB04D03
:10B18000CCAA4D54E49604DF9ED1B5E34C6A881BEB
:10B19000C12C1FB84665517F9D5EEA04018C355D68
:10B1A000FA877473FB0B412EB3671D5A92DBD252A0
:10B1B000E91056336DD647139AD7618C37A10C7AB4
:10B1C00059F8148EEB133C89CEA927EEB761C93527
:10B1D000E11CE5ED7A47B13C9CD2DF5955F2733F53
:10B1E0001814CE7973C737BF53F7CDEA5FFDAA5B5A
:10B1F000DF3D6F147844DB86CAAFF381B968C43E83
:10B200003824342CC2A3405F161DC372BCE2250C47
:10B21000283C498BFF0D954139A80171080CB3DE1C
:10B22000D8B4E49C6456C1907BCB8461D532B670AF
:10B23000486C5C74D0B85742C66363A5F87C7C84C4
:10B24000EE777799F67B7B8DFFF2F20DD66B6BBDB7
:10B25000DE6F6FB191C5C5546030305002010103FB
:10B26000CE6767A9562B2B7DE7FEFE19B5D7D762AF
:10B270004DABABE6EC76769A8FCACA451F82829DAB
:10B2800089C9C940FA7D7D87EFFAFA15B25959EBA1
:10B290008E4747C9FBF0F00B41ADADECB3D4D4679A
:10B2A0005FA2A2FD45AFAFEA239C9CBF53A4A4F7C5
:10B2B000E47272969BC0C05B75B7B7C2E1FDFD1C1E
:10B2C0003D9393AE4C26266A6C36365A7E3F3F41FC
:10B2D000F5F7F70283CCCC4F6834345C51A5A5F464
:10B2E000D1E5E534F9F1F108E2717193ABD8D87387
:10B2F000623131532A15153F0804040C95C7C75213
:10B30000462323659DC3C35E30181828379696A13F
:10B310000A05050F2F9A9AB50E070709241212364F
:10B320001B80809BDFE2E23DCDEBEB264E272769B9
:10B330007FB2B2CDEA75759F1209091B1D83839EEA
:10B34000582C2C74341A1A2E361B1B2DDC6E6EB240
:10B35000B45A5AEE5BA0A0FBA45252F6763B3B4D8A
:10B36000B7D6D6617DB3B3CE5229297BDDE3E33E68
:10B370005E2F2F7113848497A65353F5B9D1D168EA
:10B3800000000000C1EDED2C40202060E3FCFC1F1C
:10B3900079B1B1C8B65B5BEDD46A6ABE8DCBCB46E2
:10B3A00067BEBED97239394B944A4ADE984C4CD4A8
:10B3B000B05858E885CFCF4ABBD0D06BC5EFEF2A45
:10B3C0004FAAAAE5EDFBFB16864343C59A4D4DD720
:10B3D00066333355118585948A4545CFE9F9F910CF
:10B3E00004020206FE7F7F81A05050F0783C3C446E
:10B3F000259F9FBA4BA8A8E3A25151F35DA3A3FEDA
:10B40000804040C0058F8F8A3F9292AD219D9DBCA8
:10B4100070383848F1F5F50463BCBCDF77B6B6C1C7
:10B42000AFDADA754221216320101030E5FFFF1AF0
:10B43000FDF3F30EBFD2D26D81CDCD4C180C0C14A0
:10B4400026131335C3ECEC2FBE5F5FE1359797A24F
:10B45000884444CC2E17173993C4C45755A7A7F274
:10B46000FC7E7E827A3D3D47C86464ACBA5D5DE790
:10B470003219192BE6737395C06060A01981819809
:10B480009E4F4FD1A3DCDC7F44222266542A2A7EC1
:10B490003B9090AB0B8888838C4646CAC7EEEE295A
:10B4A0006BB8B8D32814143CA7DEDE79BC5E5EE22C
:10B4B000160B0B1DADDBDB76DBE0E03B6432325676
:10B4C000743A3A4E140A0A1E924949DB0C06060ADF
:10B4D0004824246CB85C5CE49FC2C25DBDD3D36ECB
:10B4E00043ACACEFC46262A6399191A8319595A4A2
:10B4F000D3E4E437F279798BD5E7E7328BC8C843D8
:10B500006E373759DA6D6DB7018D8D8CB1D5D56435
:10B510009C4E4ED249A9A9E0D86C6CB4AC5656FAF0
:10B52000F3F4F407CFEAEA25CA6565AFF47A7A8EB8
:10B5300047AEAEE9100808186FBABAD5F078788827
:10B540004A25256F5C2E2E72381C1C2457A6A6F1A6
:10B5500073B4B4C797C6C651CBE8E823A1DDDD7C40
:10B56000E874749C3E1F1F21964B4BDD61BDBDDC12
:10B570000D8B8B860F8A8A85E07070907C3E3E42F0
:10B5800071B5B5C4CC6666AA904848D806030305D1
:10B59000F7F6F6011C0E0E12C26161A36A35355F23
:10B5A000AE5757F969B9B9D01786869199C1C15874
:10B5B0003A1D1D27279E9EB9D9E1E138EBF8F81313
:10B5C0002B9898B322111133D26969BBA9D9D970CC
:10B5D000078E8E89339494A72D9B9BB63C1E1E220A
:10B5E00015878792C9E9E92087CECE49AA5555FF2C
:10B5F00050282878A5DFDF7A038C8C8F59A1A1F819
:10B60000098989801A0D0D1765BFBFDAD7E6E631C3
:10B61000844242C6D06868B8824141C3299999B032
:10B620005A2D2D771E0F0F117BB0B0CBA85454FCB0
:10B630006DBBBBD62C16163A0000000000000000BF
:10B64000000000000000000000000040955969590A
:10B65000555554551555555604051541105455402A
:10B6600045515544404550445055554500400040D3
:10B670004004449665555655454045545141154042
:10B6800055915555555540510501000054455454A8
:10B69000455505040010041014044000000001404A
:10B6A00055551541540400004400010000000040BD
:10B6B000410000445044455054005555545565517F
:10B6C00000400040010000010005010011545151EB
:10B6D0005455550500154150000004401001040563
:10B6E000000000005E101810D20FB40F960F640F08
:10B6F000320F050FD80EB00E880E5B0E2E0EFC0D0D
:10B70000CA0D930D5C0D200DE40C800C1C0C000088
:10B710000328000002290000032800000028000080
:10B72000052A000003280000282A0000282A00001B
:10B7300003280000262A0000262A00000328000013
:10B74000292A0000292A000003280000242A0000DA
:10B75000242A0000032800000A1800000028000026
:10B76000042A0000042A000003280000012A000027
:10B77000012A000003280000002A0000002A00001F
:10B780000328000000180000002800000229000023
:10B79000052A0000052A0000032800000118000007
:10B7A0000028020004000800100001000100080049
:10B7B0000200040000000C001A0034006800D000F1
:10B7C000A00141038206040D081A01006BFF79FFF6
:10B7D00079FF7CFF0000747279506172736550616B
:10B7E000636B65743A20756E737570706F727465F3
:10B7F00064207061636B65742076657273696F6E27
:10B800000074727950617273655061636B65743A4C
:10B8100020756E737570706F7274656420706174DA
:10B8200068206D6F64653A203300747279506172DC
:10B8300073655061636B65743A20706172746961FD
:10B840006C206F7220636F72727570742070616308
:10B850006B65742C206C656E3D25640074727950A4
:10B86000617273655061636B65743A207061796CC5
:10B870006F616420746F6F206269672C207061793A
:10B880006C6F61645F6C656E3D2564006368656321
:10B890006B526563763A207061636B657420616CEE
:10B8A0006C6F63206661696C656400636865636BD7
:10B8B000526563763A207265636F766572656420BF
:10B8C00062756E646C6564207061636B6574206181
:10B8D00074206F666673657420383A2074797065D9
:10B8E0003D2564206C656E3D256400636865636B6F
:10B8F000526563763A2073706C69742062756E6469
:10B900006C6564207061636B657420323A207479D1
:10B9100070653D2564206C656E3D25640063686537
:10B92000636B53656E643A204341442074696D65CE
:10B930006F75742065786365656465642028697334
:10B94000526563656976696E673D25642C2069736D
:10B95000526164696F52656164793D25642C206988
:10B960006E526563764D6F64653D25642C2072735D
:10B9700073693D252E31662C20736E723D252E3164
:10B98000662C206E6F6973653D25642C2072785F8C
:10B990006F6B3D25752C2072785F6572723D257541
:10B9A0002900636865636B53656E643A2070616358
:10B9B0006B657420746F6F206C61726765206C65B5
:10B9C0006E3D25642B2564203E2025640063686558
:10B9D000636B53656E643A20737461727453656E61
:10B9E00064526177206661696C6564212072652DFF
:10B9F00071756575696E672064656C61793D257543
:10BA00000073656E645061636B65743A2072656A99
:10BA10006563746564202D20706174685F6C656E69
:10BA20003D2564206F72207061796C6F61645F6C7A
:10BA3000656E3D256420696E76616C6964007A6587
:10BA40007068636F72655F64697370617463686561
:10BA500072007065E18FD9FABB70C1ED90DCA199DD
:10BA600007DE698C88B709EA146EAFD93D9B830C59
:10BA70007B60C4681193C79BBC39945BA8064104E2
:10BA8000BB618F8FD7A84A0AF6F57033D6E8DDCDB3
:10BA90006471001EC77175B0918ED206F9AE04ECC8
:10BAA000136D6D5D4315BB26305427F645B492E9FE
:10BAB000350C100073656E64466C6F6F643A2069D4
:10BAC0006E76616C696420706174685F6861736828
:10BAD0005F73697A65006F6E526563765061636B60
:10BAE00065743A20696E636F6D706C657465204192
:10BAF000434B20287061796C6F61645F6C656E3DAB
:10BB0000256429006F6E526563765061636B6574BE
:10BB10003A20696E636F6D706C6574652070616347
:10BB20006B65742028693D25642C207061796C6FE9
:10BB300061645F6C656E3D256429006F6E526563BC
:10BB4000765061636B65743A20696E76616C6964E6
:10BB500020696E6E657220706174685F6C656E201E
:10BB6000307825303278006F6E52656376506163AD
:10BB70006B65743A2050415448207061796C6F6154
:10BB800064207472756E636174656420286B3D2552
:10BB90006420706174685F62797465733D25642008
:10BBA0006C656E3D256429006F6E52656376506149
:10BBB000636B65743A206E6F207065657220636FE9
:10BBC000756C642064656372797074206D6573733D
:10BBD0006167650063726561746544617461677271
:10BBE000616D3A206461746120746F6F206C6172C2
:10BBF0006765006372656174654461746167726151
:10BC00006D3A20756E737570706F72746564207410
:10BC100079706520256400637265617465446174A0
:10BC2000616772616D3A207061636B657420616C4D
:10BC30006C6F63206661696C6564007A6570686327
:10BC40006F72655F6D657368007175657565496EC6
:10BC5000626F756E643A2046554C4C20282564204E
:10BC6000656E74726965732920E280942064726F36
:10BC70007070696E6720747970653D256400717518
:10BC80006575654F7574626F756E643A2046554CE4
:10BC90004C20E28094206576696374656420747931
:10BCA00070653D2564207072693D256420666F7261
:10BCB00020747970653D2564207072693D256400AB
:10BCC00071756575654F7574626F756E643A20465F
:10BCD000554C4C2028256420656E74726965732963
:10BCE00020E280942064726F7070696E67207479AE
:10BCF00070653D2564207072693D2564007A657029
:10BD000068636F72655F706B74706F6F6C00636FE8
:10BD10006D707574655F686D61633A20696D706FF1
:10BD200072745F6B6579206661696C65643A202581
:10BD30006400636F6D707574655F686D61633A2050
:10BD40007073615F6D61635F636F6D7075746520A3
:10BD50006661696C65643A20256400656E6372797A
:10BD600070740064656372797074007372635F6CE1
:10BD7000656E3D2564206E6F74206D756C746970FE
:10BD80006C65206F66203136007073615F696D707D
:10BD90006F72745F6B6579206661696C65643A20C7
:10BDA0002564007073615F6369706865725F2573F5
:10BDB000206661696C65643A202564007073615F78
:10BDC000686173685F636F6D707574652066616923
:10BDD0006C65643A2025640073686132353620282A
:10BDE000322D6672616729206661696C65643A204C
:10BDF000256400286E6F2064657461696C29006396
:10BE0000727970746F2070616E69633A20257320B7
:10BE1000E28094207265626F6F74696E670A007ABF
:10BE2000657068636F72655F7574696C73004E6FDF
:10BE30007420617661696C61626C65005849414F9C
:10BE4000206E524635344C3135004572726F723A6D
:10BE500020424C45204F5441206E6F742073757002
:10BE6000706F72746564206F6E20746869732070DF
:10BE70006C6174666F726D007A657068636F72656D
:10BE80005F626F61726400636164206E2F610061A4
:10BE90003A2573206F3A256420706B3A2564286236
:10BEA00025752F3473292069763A257573206263CE
:10BEB0003A25752525000A2563252B642825642944
:10BEC00020257570202575622025756620257574DE
:10BED00020257525250052582072696E67206675E9
:10BEE0006C6C2C2064726F7070696E67206E657761
:10BEF000207061636B6574006361643A20617574DE
:10BF00006F3D2564206F66667365743D25642070FF
:10BF1000726F62655F696E74657276616C3D2575DE
:10BF20007320627573796361703D25752525005214
:10BF30005820626F6F737420257320282B3364425E
:10BF40002073656E73697469766974792C202B325D
:10BF50006D4129006C6F72615F74785F77616974FD
:10BF6000007278647574793A2072783D25756D7326
:10BF700020736C6565703D25756D73207472616EFC
:10BF8000733D25756D732028503D257520443D2552
:10BF9000752C206F66663D2575252529006C6F720E
:10BFA000615F726563765F647574795F6379636CF2
:10BFB00065206661696C65643A2025640072786466
:10BFC0007574793A2077616B65207472616E73695C
:10BFD00074696F6E20257575732065786365656477
:10BFE00073206465616620627564676574202575D9
:10BFF000757320E2809420636F6E74696E756F753F
:10C0000073205258007278647574793A20707265A2
:10C01000616D626C6520257520746F6F2073686F89
:10C02000727420666F722067756172616E746565E7
:10C030006420636174636820286E656564203E2512
:10C04000752073796D732920E2809420636F6E747C
:10C05000696E756F7573205258006C6F72615F72F4
:10C060006563765F6173796E63206661696C656490
:10C070003A202564005458207761697420746872EE
:10C08000656164207374617274656400545820772C
:10C090006169743A2054494D454F55542100545814
:10C0A00020636F6D706C6574652C2052582072652A
:10C0B0007374617274656400545820776169743ACE
:10C0C000206B5F706F6C6C2072657475726E656446
:10C0D0002025642C2073746174653D256420E28002
:10C0E00094207265636F766572696E670072616431
:10C0F000696F20737461727465643A206672657149
:10C100003D25752062773D25752073663D25752098
:10C1100063723D2575207077723D2564004C6F5227
:10C120006120646576696365206E6F742072656155
:10C13000647900726164696F207265636F6E66690D
:10C1400067757265643A20667265713D2575206277
:10C15000773D25752073663D25752063723D2575F5
:10C16000207077723D256400687753656E64417373
:10C17000796E63206661696C65643A2025640063AA
:10C1800061643A2073746570207570202D3E206FB5
:10C190006666736574202564202861697274696D10
:10C1A000652C2062757379202564206361702025D9
:10C1B0006429006361643A2073746570207570208F
:10C1C0002D3E206F666673657420256420286F708D
:10C1D00020256420646E2D3E75702025642900633F
:10C1E00061643A207374657020646F776E202D3E11
:10C1F000206F666673657420256420286F70202583
:10C200006420646E2025642062757379202564297A
:10C21000006361643A2070726F6265206661696CC8
:10C22000656420282564290052582064757479209B
:10C230006379636C65202573006C6F72615F726156
:10C2400064696F5F6261736500435350524E4720CB
:10C25000756E617661696C61626C6520616674659A
:10C26000722072657472696573005B524E475D207F
:10C270003D3D3D206964656E746974792073656520
:10C2800064206865616C7468203D3D3D0A005B5226
:10C290004E475D20706C6174666F726D2054524E13
:10C2A0004720697320726164696F2D696E646570DF
:10C2B000656E64656E7420286E6F207072652D52F5
:10C2C0004620776F726B61726F756E64206E656564
:10C2D000646564290A005B524E475D207374616790
:10C2E000653120637372616E64202020203A2072D1
:10C2F000633D25642064697374696E63743D2564CD
:10C300002F36340A005B524E475D207374616765B7
:10C3100032206877696E666F20696420203A202594
:10C320006420627974657320287075626C6963207B
:10C33000E2809420756E697175656E657373206F08
:10C340006E6C79290A005B524E475D2073746167F9
:10C350006533206578747261202020203A2025649E
:10C360002062797465730A005B524E475D207374D6
:10C37000616765342F3620736B697070656420E2E5
:10C380008094206E6F20696E646570656E64656E62
:10C390007420736C6F7720636C6F636B202854522A
:10C3A0004E472076696120637372616E64206F6E00
:10C3B0006C79290A005B524E475D20737461676592
:10C3C0003520637372616E64202020203A207263EE
:10C3D0003D25642064697374696E63743D25642F20
:10C3E00036340A005B524E475D203D3D3D20656E70
:10C3F00064202865787472616374696E672025759E
:10C4000020627974657320766961204145532D322D
:10C4100035362D43545229203D3D3D0A00414553B8
:10C420002D4354522073656564206578747261638E
:10C4300074696F6E206661696C6564006465676528
:10C440006E65726174652073656564206F757470C4
:10C4500075742028616C6C2D7A65726F202F2061B5
:10C460006C6C2D464629006964656E746974792088
:10C4700067656E20737475636B206F6E20726573D1
:10C48000657276656420707265666978007A657099
:10C4900068636F72655F677073004E6F20656E76BC
:10C4A00069726F6E6D656E742073656E736F7273F3
:10C4B00020666F756E64004E6F20706F7765722016
:10C4C0006D6F6E69746F727320666F756E64007A3B
:10C4D000657068636F72655F73656E736F7273000A
:10C4E000626F6F74737472617000636F6E73656EE8
:10C4F000737573006261636B776172642073746536
:10C500007020252B6C6420732077616E7465642025
:10C510002D20736B69707065642028666F72776177
:10C5200072642D6F6E6C7920726F6C652900696D75
:10C53000706C61757369626C652073746570202519
:10C540002B6C642073207265667573656400737468
:10C55000657070656420636C6F636B20252B6C6461
:10C560002073202825732C20766F74657320257521
:10C570002F257529202D3E202575002D002028739C
:10C580006B69707065643A20666F72776172642DB2
:10C590006F6E6C7929002028626F6F7473747261FA
:10C5A0007029006F6B00696E2D62616E6400202837
:10C5B0006472792D72756E29002045007374657060
:10C5C000252B6C642573257300686F6C6420282507
:10C5D0007329006162737461696E202825732900D4
:10C5E0002573257320656C696769626C653D2575E7
:10C5F00020766F7465733D25752F257520736B65E7
:10C60000773D252B6C647320723D256C6473202D5F
:10C610003E202573003B2073746570733D256C7557
:10C6200020626F6F743D256C75206C6173743D25BD
:10C630002B6C647300206261636B736B69703D25C2
:10C640006C7500207375703D256C756800206576EB
:10C65000616C733D256C7520616273743D256C754A
:10C66000000D0A2025303278253032782068257573
:10C67000206E257520252B6C64732573000D0A2010
:10C680002B2564206D6F7265006E6F2D646174617F
:10C69000006E6F2D71756F72756D006E6F2D6D610F
:10C6A0006A6F7269747900737570707265737365FF
:10C6B0006400726174652D6C696D697465640070E5
:10C6C000656469677265652D7665746F007A65705B
:10C6D00068636F72655F74696D6573796E63007A04
:10C6E000657068636F72655F6F6C65645F706F77AC
:10C6F000657200466174616C206572726F722028E9
:10C70000726561736F6E2025752920E28094206325
:10C710006F6C64207265626F6F74696E67007A6512
:10C720007068636F72655F666174616C007A6570D2
:10C7300068636F72655F727463006C6F72615F63D0
:10C740006F6E666967206661696C65643A2025646E
:10C75000006C72323032315F726164696F00312E69
:10C7600031362E372D7A657068636F72650032300E
:10C7700032362041756720303200506F776572691C
:10C780006E67206F66663A206C6F77206261747402
:10C7900065727900506F776572696E67206F6666A3
:10C7A000006F6E2073746174653D2573207361742E
:10C7B000733D2575206669783D2575732061676F27
:10C7C000206C61743D252E3666206C6F6E3D252EE3
:10C7D0003666006F6E2073746174653D2573207337
:10C7E0006174733D2575206E6F20666978206E65D3
:10C7F00078743D257573006F6E2073746174653DA8
:10C80000257320736174733D2575206E6F206669F2
:10C8100078007B22626174746572795F6D76223A6A
:10C8200025752C22757074696D655F73656373225D
:10C830003A25752C226572726F7273223A25752C17
:10C840002271756575655F6C656E223A25757D0090
:10C850006461746120746F6F206C6F6E6720257542
:10C8600000726563762071756575652066756C6C00
:10C870000068656C7000436F6D70616E696F6E204B
:10C8800065787472617320287374616E6461726478
:10C89000207365742F67657420636F6D6D616E64BE
:10C8A0007320616C736F20776F726B293A0D0A20C9
:10C8B000206765747C73657420762E636F6E746177
:10C8C0006374206F6E7C6F66662020202020202DF0
:10C8D000206C6F6F706261636B2061646D696E20A4
:10C8E000636F6E746163740D0A20206765747C73D6
:10C8F000657420762E62617474657279616C6572FC
:10C9000074203C6D563E2020202D2030203D206F8D
:10C9100066662C206F722064656661756C740067B2
:10C92000657420762E636F6E7461637400762E6377
:10C930006F6E746163743A2025730073657420769A
:10C940002E636F6E7461637420004552524F523AE9
:10C9500020757365206F6E7C6F66667C317C30005D
:10C960004F4B202D20762E636F6E746163742025EB
:10C97000730067657420762E6261747465727961E4
:10C980006C65727400762E62617474657279616C84
:10C990006572743A206F666600762E626174746503
:10C9A0007279616C6572743A2064656661756C7445
:10C9B00020282575206D562900762E6261747465D5
:10C9C0007279616C6572743A202575206D5600731A
:10C9D000657420762E62617474657279616C65721B
:10C9E0007420004552524F523A2075736520302012
:10C9F000286F6666292C20312D35303030206D5659
:10CA00002C206F722064656661756C74004F4B203A
:10CA10002D20762E62617474657279616C65727412
:10CA2000206F6666004F4B202D20762E6261747455
:10CA3000657279616C6572742064656661756C7489
:10CA400020282575206D5629004F4B202D20762E4D
:10CA500062617474657279616C65727420257520E9
:10CA60006D56000D0A20202D3E20627573790D0A47
:10CA7000007B2272656376223A25752C2273656EDF
:10CA800074223A25752C22666C6F6F645F7478226D
:10CA90003A25752C226469726563745F7478223A52
:10CAA00025752C22666C6F6F645F7278223A25754B
:10CAB0002C226469726563745F7278223A25752C42
:10CAC00022726563765F6572726F7273223A2575A2
:10CAD0007D004750532025730047505320666978E6
:10CAE0003A205254432073796E632074696D653D1A
:10CAF000256C6C6400475053206669783A20706F4B
:10CB0000736974696F6E2075706461746564206CFC
:10CB100061743D25642E25303664206C6F6E3D2592
:10CB2000642E253036640062745F656E61626C65E8
:10CB3000206661696C65643A202564005458207051
:10CB40006F7765722025642064426D20726571756F
:10CB5000657374656420287265626F6F7420746FEA
:10CB6000206170706C79290021212120424C4520E0
:10CB7000434F4E54524F4C4C455220415353455213
:10CB8000543A2025733A257520212121002050494F
:10CB90004E0020534F465457415245002042524FB9
:10CBA000574E4F55540020504F5200205741544388
:10CBB00048444F4700204C4F434B555000205049AC
:10CBC0004E28726573657420627574746F6E2900E7
:10CBD00020504F5228706F7765722D6F6E2900209C
:10CBE0007C200041726475696E6F20707265667397
:10CBF000003D3D3D205A657068436F726520737437
:10CC0000617274696E67203D3D3D005265736574C5
:10CC10002063617573653A20307825303878257344
:10CC2000257325732573257325730052657374610D
:10CC3000727465643A2573257325732573257325EE
:10CC400073004C6974746C654653206D6F756E7417
:10CC5000206661696C65640025734C617374207390
:10CC6000687574646F776E3A206C6F7720626174B8
:10CC700074657279004669727374205A65706843EE
:10CC80006F726520626F6F74202825732920E280FF
:10CC90009420666F726D617474696E67204C4653A0
:10CCA000202B204E5653005072652D4E5653205A5D
:10CCB000657068436F726520757067726164652086
:10CCC00028666F756E64202F6C66732F736574749D
:10CCD000696E67732920E280942065726173696EC2
:10CCE00067204E5653005A657068436F7265207511
:10CCF00070677261646520776974682076616C6919
:10CD000064204E565320E2809420736B69707069E2
:10CD10006E6720666F726D61742C20626F6E647333
:10CD200020707265736572766564004750532061A8
:10CD30007661696C61626C6500456E7669726F6ED2
:10CD40006D656E742073656E736F727320617661AA
:10CD5000696C61626C6500424C4520706173736B55
:10CD60006579206C6F616465642066726F6D2070F8
:10CD7000726566733A2025303675005075626C69AD
:10CD8000630041646465642064656661756C742049
:10CD90005075626C6963206368616E6E656C002516
:10CDA000303258253032582530325825303258002C
:10CDB0006F666667726964206D6F64653A202573DB
:10CDC000202866726F6D20707265667329004C456D
:10CDD00044733A202573202866726F6D2070726547
:10CDE000667329004750533A20526573746F726915
:10CDF0006E6720656E61626C656420737461746532
:10CE00002066726F6D2070726566730062745F6574
:10CE10006E61626C65206661696C65640073746143
:10CE20007274696E67206576656E742D64726976BA
:10CE3000656E206C6F6F70000D0A20202D3E200063
:10CE4000636F6E746163742064756D7020776174B4
:10CE50006368646F673A206E6F2070726F677265E7
:10CE600073732061742025642C20726573756D695D
:10CE70006E6700424C452061647620776174636878
:10CE8000646F673A206E6F742061647665727469AE
:10CE900073696E672C2072652D656E61626C696EB8
:10CEA000670042617474657279206C6F773A20254F
:10CEB00075206D562028616C657274206174202580
:10CEC00075206D5629007B226E6F6973655F666CF5
:10CED0006F6F72223A25642C226C6173745F7273D7
:10CEE0007369223A25642C226C6173745F736E72CD
:10CEF000223A252E32662C2274785F6169725F7344
:10CF0000656373223A25752C2272785F6169725FBE
:10CF100073656373223A25757D007374616E646274
:10CF20007900616371756972696E67007A6570680E
:10CF3000636F72655F6D61696E0025732E746D702D
:10CF40000025733A207061746820746F6F206C6FD5
:10CF50006E670025733A206F70656E20257320661A
:10CF600061696C65643A2025640025733A20737901
:10CF70006E63206661696C65643A202564002573E0
:10CF80003A207772697465206661696C6564002572
:10CF9000733A2072656E616D65202573202D3E20E9
:10CFA0002573206661696C65643A202564007361AD
:10CFB0007665436F6E74616374733A207772697437
:10CFC00065206661696C6564206174207265636FB9
:10CFD0007264202575002F6C667300496E7465724B
:10CFE0006E616C204C6974746C65465320617420CA
:10CFF000257320286175746F6D6F756E7465642973
:10D00000002F65787400496E7465726E616C204CF7
:10D010006974746C654653204E4F54206D6F756E65
:10D02000746564206174202573202D206368656316
:10D030006B204454532066737461622100457874F8
:10D0400065726E616C2051535049204C6974746C48
:10D0500065465320617420257320286175746F6DB7
:10D060006F756E7465642C2031303020626C6F6295
:10D0700073290045787465726E616C205153504974
:10D08000204E4F54206D6F756E746564206174205E
:10D090002573202D207573696E6720696E74657223
:10D0A0006E616C206F6E6C792028323020626C6F5C
:10D0B0006273290061746F6D69635265706C61639E
:10D0C0006546696C65002F6578742F636F6E7461B7
:10D0D00063747333002F6C66732F636F6E746163B8
:10D0E000747333004D6967726174696E6720636F92
:10D0F0006E746163747320746F2065787465726EEA
:10D10000616C2073746F72616765002F6578742F8E
:10D110006368616E6E656C7332002F6C66732F638B
:10D1200068616E6E656C7332004D69677261746917
:10D130006E67206368616E6E656C7320746F20513A
:10D14000535049002F6578742F6164765F626C6F6D
:10D150006273002F6C66732F6164765F626C6F621E
:10D1600073004D6967726174696E67206164765FF0
:10D17000626C6F627320746F2051535049202832C3
:10D1800030202D3E2031303020736C6F74732900B5
:10D190004661696C656420746F20637265617465B3
:10D1A000206164765F626C6F62732066696C653AB9
:10D1B000202564005F6861735F6578745F66733D06
:10D1C000256420286578745F6C66735F6D6F756E7B
:10D1D0007465643D25642900636F6E7461637473C4
:10D1E00020706174683D25732C206368616E6E65E4
:10D1F0006C7320706174683D257300666F726D6199
:10D200007446696C6553797374656D3A2073746103
:10D210007274696E672E2E2E00466F726D61747483
:10D22000696E67204C465320706172746974696F2F
:10D230006E202825752062797465732900666F72E7
:10D240006D617446696C6553797374656D3A206DD0
:10D250006F756E7428292072657475726E6564200E
:10D260002564002F6C66732F5F7A635F696E697443
:10D27000003D3D3D20464143544F525920524553B5
:10D280004554205354415254494E47203D3D3D00A2
:10D290003D3D3D20464143544F5259205245534550
:10D2A0005420434F4D504C455445202D205245426B
:10D2B0004F4F54205245515549524544203D3D3D24
:10D2C000003D3D3D20464143544F52592052455365
:10D2D0004554204641494C4544203D3D3D002F6C7E
:10D2E00066732F6E65775F7072656673002F6C666C
:10D2F000732F73657474696E6773002F6C66732F78
:10D300005F6D61696E2E6964002F6C66732F7368A0
:10D310007574646E006C6F616450726566733A2058
:10D3200072656164206661696C6564006C6F61643C
:10D3300050726566733A2066696C6520746F6F2061
:10D34000736D616C6C202825642062797465732C80
:10D35000206E65656420393029006C6F61645072FD
:10D360006566733A20726164696F20706172616DE5
:10D3700073206F7574206F662072616E6765202858
:10D38000667265713D252E31662073663D256420E9
:10D3900062773D252E31662920E280942069676EF0
:10D3A0006F72696E672070726566732028696E639C
:10D3B0006F6D70617469626C6520666F726D617407
:10D3C0003F29006C6F6164436F6E74616374733ADC
:10D3D000207472756E6361746564207265636F7228
:10D3E00064206174202325752028256420627974C7
:10D3F000657329006C6F6164436F6E74616374734D
:10D400003A206C6F6164656420257520636F6E74CB
:10D41000616374732066726F6D2025730064697296
:10D420006563740061746F6D696300736176654351
:10D430006F6E74616374730073617665436F6E74AD
:10D44000616374733A2066735F6F70656E2825732D
:10D4500029206661696C65643A20256400736176F1
:10D4600065436F6E74616374733A2073796E6320E1
:10D470006661696C65643A20256400736176654372
:10D480006F6E74616374733A206D6F64653D2573CC
:10D4900020736176656420257520636F6E74616307
:10D4A000747320746F202573202825752062797489
:10D4B00065732900736176654368616E6E656C7390
:10D4C00000736176654368616E6E656C733A2073B4
:10D4D00061766564202575206368616E6E656C7386
:10D4E00020746F202573007A657068636F72655FC2
:10D4F0006461746173746F7265006F6E50656572FC
:10D5000044617461526563763A20696E76616C6934
:10D5100064207065657220696E64657820256420DA
:10D52000286E756D5F636F6E74616374733D2564FF
:10D5300029006F6E416476657274526563763A2095
:10D54000696E76616C696420706172736572206FB8
:10D5500072206E6F206E616D65202876616C696443
:10D560003D25642C206861734E616D653D256429FD
:10D57000006F6E416476657274526563763A20631B
:10D580006F6E74616374207461626C652066756C83
:10D590006C2C2063616E6E6F7420616C6C6F6361C4
:10D5A000746520736C6F74006F6E4164766572747D
:10D5B000526563763A20616C6C6F636174656420B8
:10D5C000736C6F742C206E756D5F636F6E74616326
:10D5D00074733D25640073656E644D657373616794
:10D5E000653A20746F202725732720746578743D71
:10D5F0002725732720617474656D70743D25642040
:10D60000706174685F6C656E3D25640073656E645F
:10D610004D6573736167653A20636F6D706F7365F5
:10D620004D73675061636B6574206661696C6564F6
:10D630000025733A2000636865636B436F6E6E6507
:10D640006374696F6E733A206B6565705F616C69B6
:10D65000766520636F6E74616374206E6F742066EC
:10D660006F756E6400636865636B436F6E6E6563B0
:10D6700074696F6E733A206B6565705F616C697673
:10D680006520636F6E7461637420686173206E6FD0
:10D69000206F75745F70617468007A657068636F7D
:10D6A00072655F626173656368617400666C6F6F59
:10D6B00064007A65726F2D686F7000257320616455
:10D6C000766572742073656E742028627574746F49
:10D6D0006E29004750532025732028627574746F9B
:10D6E0006E290062757A7A65725F71756965743D3D
:10D6F00025642028627574746F6E2900636C6965F7
:10D700006E745F7265706561743D25642028627572
:10D7100074746F6E29006C6564735F646973616211
:10D720006C65643D25642028627574746F6E2900F1
:10D73000626C655F64697361626C65643D25642039
:10D7400028627574746F6E2900646973706C6179F6
:10D750005F6272696768746E6573733D2564202823
:10D76000627574746F6E290077616B655F6F6E5FB1
:10D770006D73673D25642028627574746F6E29008F
:10D7800073637265656E5F6F66665F736563733D35
:10D7900025642028627574746F6E29007061746846
:10D7A0005F686173685F6D6F64653D25642028253F
:10D7B000642062797465732070657220686F7029C7
:10D7C000006770735F696E74657276616C3D257574
:10D7D0002028627574746F6E2900707265667320FC
:10D7E00073617665642028627574746F6E2061635E
:10D7F00074696F6E29007265626F6F74696E67205D
:10D8000028736176652B726573746172742061632D
:10D8100074696F6E29007A657068636F72655F75F1
:10D82000695F616374696F6E7300666C75736844D9
:10D8300069727479436F6E74616374733A207361B3
:10D8400076696E6720636F6E746163747320286CF1
:10D85000617A79207772697465290073656E645006
:10D860007573683A205F707573685F6362206973CF
:10D87000204E554C4C2C2070757368206C6F73745F
:10D880002100666C75736844697274794368616ECF
:10D890006E656C733A20736176696E6720636861A8
:10D8A0006E6E656C7320286C617A7920777269746A
:10D8B0006529006F6E436F6E7461637450617468A4
:10D8C000526563763A20696E76616C696420706196
:10D8D00074682073697A65733A206F75743D2564A6
:10D8E00020696E3D2564006F6E436F6E74616374D2
:10D8F000526573706F6E73653A204C4F47494E20E6
:10D90000524553504F4E5345204D41544348454492
:10D9100021004F4B006F6E436F6E74726F6C4461E9
:10D920007461526563763A207061796C6F6164202E
:10D93000746F6F206C6F6E672028256429006F6EEE
:10D9400052617744617461526563763A20706179FF
:10D950006C6F616420746F6F206C6F6E6720282578
:10D960006429006F6E446973636F76657265644302
:10D970006F6E746163743A20272573272069735F83
:10D980006E65773D256420706174685F6C656E3DDF
:10D990002564206E756D5F636F6E74616374733D93
:10D9A0002564006F6E4368616E6E656C4D657373C0
:10D9B000616765526563763A2074696D6573746159
:10D9C0006D703D257520746578743D27257327009B
:10D9D0006F6E4368616E6E656C446174615265631D
:10D9E000763A2064726F7070696E67207061796C2E
:10D9F0006F61645F6C656E3D256420657863656565
:10DA00006473206672616D65206C696D69743D2573
:10DA100064006F6E4D657373616765526563763A36
:10DA20002066726F6D20272573272074696D6573DA
:10DA300074616D703D257520746578743D2725737C
:10DA400027006F6E436F6D6D616E64446174615247
:10DA50006563763A2066726F6D20272573272074E0
:10DA6000696D657374616D703D257520746578749A
:10DA70003D27257327006F6E5369676E65644D659A
:10DA80007373616765526563763A2066726F6D20C5
:10DA9000272573272074696D657374616D703D254A
:10DAA0007520746578743D272573270076636F6E43
:10DAB00074616374206E6F746966793A202573000F
:10DAC00076636F6E7461637420434C493A20272556
:10DAD000732700434C49206E6F7420617661696C36
:10DAE00061626C65006F6E436F6E74616374526542
:10DAF00071756573743A2074656C656D65747279BF
:10DB000020617574686F72697A6564202870657227
:10DB10006D733D30782530327829006F6E436F6E1B
:10DB200074616374526571756573743A2074656CC1
:10DB3000656D657472792064656E69656420666FD1
:10DB40007220636F6E7461637400434D445F53458C
:10DB50004E445F5458545F4D53473A20636F6E7480
:10DB6000616374206E6F7420666F756E64206F72CF
:10DB700020756E737570706F72746564207478743C
:10DB80005F747970653D256400434D445F53454E95
:10DB9000445F5458545F4D53473A206672616D6537
:10DBA00020746F6F2073686F727420286C656E3DEF
:10DBB00025752C206E656564203134290053455449
:10DBC0005F524144494F5F504152414D533A2063A7
:10DBD0006C69656E745F7265706561743D25640083
:10DBE0005345545F4144564552545F4C41544C4F49
:10DBF0004E3A206C61743D2564206C6F6E3D256447
:10DC000020706F6C6963793D256400466163746FB1
:10DC100072792072657365742072657175657374AD
:10DC20006564005265626F6F74207265717565730B
:10DC3000746564005345545F4F544845525F5041EA
:10DC400052414D533A206164766572745F6C6F6324
:10DC50005F706F6C6963793D2564006770733A2566
:10DC600064006770735F696E74657276616C3A25E3
:10DC700075006D65736874696D6573796E633A25B7
:10DC800064006770735F696E74657276616C006DB5
:10DC900065736874696D6573796E63005345545F8D
:10DCA0004155544F4144445F434F4E4649473A2003
:10DCB0006175746F6164645F636F6E6669673D3040
:10DCC0007825303278206D61785F686F70733D25FC
:10DCD0007500434D445F53454E445F4348414E4EAB
:10DCE000454C5F4441544120696E76616C69642003
:10DCF000706174682073697A653A20256400434D29
:10DD0000445F53454E445F4348414E4E454C5F444B
:10DD10004154412073686F7274206672616D653A78
:10DD2000206C656E3D2575206E656564203E3D2541
:10DD30007500434D445F53454E445F4348414E4E4A
:10DD4000454C5F44415441207061796C6F6164209F
:10DD5000746F6F206C6F6E673A202564203E20251B
:10DD600064007A657068636F72655F636F6D706180
:10DD70006E696F6E006E756C6C00737461727420E6
:10DD8000646675004F4B202D207265626F6F746959
:10DD90006E6720746F2055463220444655007374D8
:10DDA000617274206F7461004F4B202D2072656288
:10DDB0006F6F74696E6720746F20424C45204F541A
:10DDC00041204446550073746F70206F7461004E9B
:10DDD0006F7420737570706F7274656400636C6B20
:10DDE0007265626F6F74006164766572742E7A6515
:10DDF000726F686F70004F4B202D207A65726F68CC
:10DE00006F70206164766572742073656E74004F64
:10DE10004B202D204164766572742073656E74000A
:10DE2000636C6F636B2073796E63004F4B202D2002
:10DE3000636C6F636B207365743A20253032643AEB
:10DE400025303264202D2025642F25642F25642061
:10DE5000555443004552523A20636C6F636B206304
:10DE6000616E6E6F7420676F206261636B776172A1
:10DE7000647300636C6F636B00436C6F636B3A2079
:10DE8000253032643A25303264202D2025642F2538
:10DE9000642F2564205554430074696D6520002863
:10DEA0004552523A20636C6F636B2063616E6E6FF4
:10DEB0007420676F206261636B77617264732900FD
:10DEC0006E65696768626F7273006E656967686224
:10DED0006F722E72656D6F766520004552523A2042
:10DEE000626164207075626B65790074656D707233
:10DEF0006164696F2000252E2A73004F4B202D206E
:10DF000074656D7020706172616D7320666F722030
:10DF10002564206D696E73004572726F723A2066D7
:10DF2000726571203135302D323530302C206277DA
:10DF300020372D3530302C20736620352D31322C92
:10DF400020637220352D382C2074696D656F7574CF
:10DF50003E300070617373776F7264206E6F773A32
:10DF600020257300636C65617220737461747300A3
:10DF7000284F4B202D207374617473207265736574
:10DF8000742900647574796379636C65003E20259B
:10DF9000642E25642525006166003E20252E32660C
:10DFA00000696E742E746872657368006167632E11
:10DFB00072657365742E696E74657276616C006D3E
:10DFC000756C74692E61636B7300616C6C6F772E76
:10DFD000726561642E6F6E6C7900666C6F6F642E73
:10DFE0006164766572742E696E74657276616C0018
:10DFF00067756573742E70617373776F72640070E8
:10E0000072762E6B657900726570656174006C6163
:10E0100074003E20252E3666006C6F6E00726164BF
:10E02000696F2E72786761696E003E20252E336617
:10E030002C252E31662C25752C257500727864658B
:10E040006C6179003E206164617074697665202896
:10E05000727864656C61792064657072656361745F
:10E06000656429003E2061646170746976652028CA
:10E070006573743D252E316620666C6F6F643D2597
:10E080002E32662900666C6F6F642E6D61782E618A
:10E09000647665727400666C6F6F642E6D61782EA5
:10E0A000756E73636F70656400666C6F6F642E6D60
:10E0B0006178006469726563742E747864656C615C
:10E0C00079003E2061646170746976652028646916
:10E0D000726563742E747864656C61792064657010
:10E0E0007265636174656429006261636B6F666663
:10E0F0002E6D756C7469706C696572006F776E65F2
:10E10000722E696E666F00706174682E6861736844
:10E110002E6D6F6465006C6F6F702E64657465633F
:10E1200074003E206F6666003E206D696E696D6109
:10E130006C003E206D6F646572617465003E2073F3
:10E1400074726963740074780066726571003E20B1
:10E15000252E3366007075626C69632E6B657900DD
:10E16000726F6C6500626F6F746C6F616465722EA4
:10E17000766572003E20756E6B6E6F776E0061641F
:10E18000632E6D756C7469706C696572004572728E
:10E190006F723A20756E737570706F72746564205B
:10E1A0006279207468697320626F617264003E2036
:10E1B000252E33662020282575206D562C2074616D
:10E1C00072676574203E3D202575206D5620666F70
:10E1D0007220313030252529003E20252E3366203F
:10E1E00020286E6F204144432072656164696E6728
:10E1F000290072786475747900677073206475748F
:10E2000079003E20616C77617973206F6E20283031
:10E21000290064632E7265737461727473006361A4
:10E2200064003F3F3A202573006475747963796315
:10E230006C6520004552524F523A206475747963E0
:10E2400079636C65206D75737420626520312D31A2
:10E250003030004F4B202D2025642E2564252500CD
:10E2600061662000696E742E7468726573682000A0
:10E270004572726F723A206E6F7420737570706F92
:10E2800072746564206F6E20636F6D70616E696F6C
:10E290006E006167632E72657365742E696E7465B6
:10E2A0007276616C20004F4B202D20696E74657270
:10E2B00076616C20726F756E64656420746F2025C2
:10E2C00075006361642E6175746F20004572726F12
:10E2D000723A206D757374206265206F6E206F72C4
:10E2E000206F6666006361642E6F666673657420D6
:10E2F000004572726F723A206F66667365742072A1
:10E30000616E67652069732025642E2E2564006385
:10E3100061642E70726F62652E696E7465727661CB
:10E320006C20004572726F723A20696E7465727665
:10E33000616C206973203020286F666629206F7217
:10E340002031302D323535207365636F6E64730074
:10E350006361642E62757379636170200045727227
:10E360006F723A206275737963617020697320302F
:10E3700020286F666629206F722031302D393020B9
:10E3800070657263656E74006361642E7265736597
:10E3900074004F4B202D204341442070726F626502
:10E3A00020737461747320636C6561726564006DC1
:10E3B000756C74692E61636B7320004572726F72A5
:10E3C0003A206D7573742062652030206F722031A1
:10E3D00000616C6C6F772E726561642E6F6E6C7964
:10E3E0002000666C6F6F642E6164766572742E69AE
:10E3F0006E74657276616C20004572726F723A209D
:10E40000696E74657276616C2072616E67652069F1
:10E410007320332D31363820686F75727300457262
:10E42000726F723A20696E74657276616C207261E7
:10E430006E67652069732025642D323430206D6944
:10E440006E757465730067756573742E7061737390
:10E45000776F726420007072762E6B6579200045AC
:10E4600072726F722C20626164206B6579004F4B71
:10E470002C207265626F6F7420746F206170706CF5
:10E480007921204E6577207075626B65793A20009E
:10E490006E616D65200072657065617420004F4B80
:10E4A000202D20726570656174206973206E6F770E
:10E4B000204F4E004F4B202D2072657065617420F7
:10E4C0006973206E6F77204F4646004F4B202D20FA
:10E4D0007265626F6F7420746F206170706C790068
:10E4E0004572726F723A2066726571203135302D37
:10E4F000323530302C20627720372D3530302C20CB
:10E50000736620352D31322C20637220352D380072
:10E510006C617420006C6F6E2000727864656C61B1
:10E520007920004F4B202869676E6F7265643A202E
:10E53000727864656C6179206973206E6F772061F1
:10E540006461707469766529004F4B202869676E95
:10E550006F7265643A20747864656C6179206973C0
:10E56000206E6F772061646170746976652900663A
:10E570006C6F6F642E6D61782E61647665727420A5
:10E58000004572726F723A2072616E676520302D9D
:10E59000363400666C6F6F642E6D61782E756E7305
:10E5A000636F7065642000666C6F6F642E6D6178B8
:10E5B00020006469726563742E747864656C617997
:10E5C00020004F4B202869676E6F7265643A2064A3
:10E5D00069726563742E747864656C6179206973FF
:10E5E000206E6F77206164617074697665290062BE
:10E5F00061636B6F66662E6D756C7469706C6965AE
:10E600007220004572726F722C2072616E676520F5
:10E61000302E302D322E30006F776E65722E696E7F
:10E62000666F2000706174682E686173682E6D6F6C
:10E63000646520004572726F722C206D75737420B2
:10E64000626520302C312C206F722032006C6F6F8D
:10E65000702E64657465637420004572726F722C4D
:10E66000206D7573742062653A206F66662C206D8C
:10E67000696E696D616C2C206D6F64657261746583
:10E680002C206F7220737472696374007478200098
:10E690004572726F723A2072616E6765202D392063
:10E6A000746F2025642064426D004F4B202D207430
:10E6B0007820706F7765723D25642064426D006636
:10E6C00072657120004572726F723A2072616E67D6
:10E6D00065203135302D32353030204D487A00619B
:10E6E00064632E6D756C7469706C696572207461F9
:10E6F00072676574004572726F723A206E65656468
:10E70000206D5620746172676574202028652E671D
:10E710002E20736574206164632E6D756C7469704E
:10E720006C696572207461726765742034313733A7
:10E7300029006164632E6D756C7469706C69657213
:10E740002074617267657420004572726F723A209E
:10E750006E6F204144432072656164696E67206F6B
:10E760006E207468697320626F6172640045727212
:10E770006F723A20746172676574206F7574206FD0
:10E78000662072616E67652028333030302D343456
:10E790003030206D5629004F4B202D206D756C7444
:10E7A00069706C69657220252E3366202D3E202508
:10E7B0002E33662020282575202D3E202575206DBE
:10E7C0005629006164632E6D756C7469706C69659F
:10E7D000722066756C6C006164632E6D756C746973
:10E7E000706C69657220004572726F723A20696EB2
:10E7F00076616C6964206D756C7469706C696572A2
:10E8000020283020746F2072657365742C206F721D
:10E81000203130302D333030303029004F4B202D17
:10E82000207573696E672064656661756C7420621B
:10E830006F617264206D756C7469706C69657200CB
:10E840004F4B202D206D756C7469706C696572205A
:10E8500073657420746F20252E33660072616469BD
:10E860006F2E72786761696E20004F4B202D2072E9
:10E870006164696F2E72786761696E3D2564004539
:10E8800072726F723A20756E737570706F72746504
:10E8900064004572726F723A206D75737420626500
:10E8A00020302C20312C206F6E2C206F72206F6650
:10E8B000660072786475747920004F4B202D2072A9
:10E8C00078647574793D256420287265626F6F7471
:10E8D00020746F206170706C7929007573616765B1
:10E8E0003A20736574206770732064757479203CD6
:10E8F0007365636F6E64733E207C2064656661752A
:10E900006C7420202830203D20616C776179732061
:10E910006F6E29004F4B202D206770732064757433
:10E92000793D302028616C77617973206F6E290002
:10E930004F4B202D2067707320647574793D2575C9
:10E940002073006D65736874696D6573796E6320FB
:10E95000004F4B202D206D65736874696D65737968
:10E960006E63206F6E004F4B202D206D65736874B1
:10E97000696D6573796E63206F666600756E6B6E88
:10E980006F776E20636F6E6669673A20252E32338B
:10E9900030730046696C652073797374656D20650A
:10E9A000726173653A204F4B202D207265626F6F44
:10E9B00074696E670046696C652073797374656D60
:10E9C0002065726173653A204572720025732028B4
:10E9D0004275696C643A202573290073656E736F04
:10E9E0007220676574200073656E736F72207365A3
:10E9F00074200063616E27742066696E64206375FD
:10EA000073746F6D207661720073656E736F722020
:10EA10006C697374006E6F20637573746F6D20760C
:10EA2000617200256420766172730A0025733D25AA
:10EA3000730A002E2E2E206E6578743A25640067C6
:10EA40007073206F6E0067707320746F67676C65FA
:10EA5000206E6F7420666F756E6400677073206F30
:10EA6000666600677073207365746C6F630067700F
:10EA70007320616476657274003E206E6F6E65006F
:10EA80003E207072656673003E2073686172650097
:10EA9000706F776572736176696E67004E6F742070
:10EAA000696D706C656D656E746564006C6F672070
:10EAB0007374617274002020206C6F6767696E67E1
:10EAC000206F6E006C6F672073746F7000202020C1
:10EAD0006C6F6767696E67206F6666006C6F672092
:10EAE0006572617365002020206C6F67206572611C
:10EAF000736564006C6F6700202020454F460073EB
:10EB0000746174732D7061636B65747300737461E9
:10EB100074732D726164696F0073746174732D6313
:10EB20006F726500556E6B6E6F776E20636F6D6DE3
:10EB3000616E64004572726F723A206E616D65207D
:10EB400063616E6E6F7420636F6E7461696E205BBB
:10EB5000205D205C203A202C203F202A007A65701E
:10EB600068636F72655F636C690070616972696E7A
:10EB7000672063616E63656C6C65640070616972C7
:10EB8000696E67206661696C65643A2072656173BD
:10EB90006F6E202564004D657368436F72652D2587
:10EBA00073004D657368436F7265004661696C65FB
:10EBB0006420746F2072657175657374206461746C
:10EBC00061206C656E677468207570646174653A65
:10EBD00020256400526571756573746564206D61EC
:10EBE000782064617461206C656E677468202832D7
:10EBF000353120627974657329007075626C6963C0
:10EC00000072616E646F6D007075626C69632D696E
:10EC1000640072616E646F6D2D6964002530325836
:10EC20003A253032583A253032583A253032583A5F
:10EC3000253032583A253032582028257329006271
:10EC40006C652F676174745F706565722F25730042
:10EC500053657276696365204368616E67656420F9
:10EC60006368617261637465726973746963206E4D
:10EC70006F7420666F756E640053657276696365A4
:10EC8000204368616E67656420696E6469636174BE
:10EC90006520657272202564202877696C6C20726B
:10ECA00065747279290047415454206C61796F75FD
:10ECB00074206D6967726174696F6E3A2053657272
:10ECC00076696365204368616E67656420696E6478
:10ECD000696361746564006F766572666C6F772036
:10ECE000636C65617265642028646973636F6E6E1E
:10ECF00065637465642900424C4520646174612039
:10ED00006C656E67746820757064617465643A2020
:10ED100054583D25752F257575732052583D25751E
:10ED20002F2575757300424C4520636F6E6E207001
:10ED30006172616D7320757064617465643A2069F5
:10ED40006E74657276616C3D25646D73206C6174C0
:10ED5000656E63793D25642074696D656F75743DDA
:10ED600025646D730043434344206E6F74696620CD
:10ED70002573202876616C75653D307825303478B0
:10ED8000290032306D732066617374202836307329
:10ED900029003231316D7320736C6F7700616476B6
:10EDA000207374617274206661696C65643A202511
:10EDB0006400424C45206164766572746973696EC3
:10EDC000673A20257300666173742061647620774A
:10EDD000696E646F7720657870697265642C207342
:10EDE0007769746368696E6720746F20736C6F77DE
:10EDF00020696E74657276616C00556E6B6E6F770C
:10EE00006E00424C4520504859207570646174650D
:10EE1000643A2054583D25732052583D25730073A1
:10EE200065637572697479206661696C65643A20FE
:10EE30002573206C6576656C2025752065727220BF
:10EE40002564002573206C6576656C20257500733C
:10EE5000656375726974792065737461626C697336
:10EE60006865642C20656E61626C696E6720545819
:10EE700000636F6E6E20706172616D2075706461E9
:10EE8000746520646566657272656420756E746968
:10EE90006C20706F73742D73796E6300555342004C
:10EEA000424C450070616972696E6720636F6D70D6
:10EEB0006C6574653A20626F6E6465643D2564001C
:10EEC000474154542070656572206C61796F757488
:10EED0002073617665206661696C656400706169A4
:10EEE00072696E6720636F6D706C6574652C20614C
:10EEF000637469766174696E6720424C4520696E5F
:10EF0000746572666163650070616972696E67201D
:10EF1000636F6D706C6574652C20257320616C7255
:10EF2000656164792061637469766520E28094206C
:10EF3000424C452070616972656420627574206E70
:10EF40006F742070726F6D6F7465640064697363B1
:10EF50006F6E6E65637465643A2025732072656117
:10EF6000736F6E2030782530327800636F6E6E6577
:10EF70006374696F6E206661696C65643A202573FD
:10EF8000206572722030782530327800636F6E6EA3
:10EF900065637465643A20257300636F6E6E656304
:10EFA0007465643A20555342206163746976652024
:10EFB000E280942072656A656374696E6720424CD2
:10EFC0004520636F6E6E656374696F6E2066726F45
:10EFD0006D2025730053657276696365204368610F
:10EFE0006E67656420696E6469636174652066613B
:10EFF000696C65643A20307825303278202877694A
:10F000006C6C2072657472792900474154542070E9
:10F01000656572206C61796F757420736176652007
:10F020006661696C6564202877696C6C2072657410
:10F030007279206F6E207265636F6E6E65637429DE
:10F040000047415454206C61796F757420762575A2
:10F050003A2053657276696365204368616E67651F
:10F060006420636F6E6669726D65640074785F64B6
:10F070007261696E5B424C455D3A20545820746958
:10F080006D656F75742C20726573657474696E6735
:10F090002073746174650074785F647261696E5B7B
:10F0A000424C455D3A207265747279206661696CE4
:10F0B0006564206572723D25642C2064726F7070E7
:10F0C00065640074785F647261696E3A20636F6E84
:10F0D00067657374696F6E20636C65617265642027
:10F0E00028717565756520656D707479290074786F
:10F0F0005F647261696E3A20636F6E6765737469ED
:10F100006F6E20636C65617265642028717565752A
:10F11000653D25752F2575290074785F64726169D6
:10F120006E5B424C455D3A2073656E642066616992
:10F130006C6564206572723D25642C2064726F706A
:10F14000706564206672616D6500626C652F676131
:10F1500074745F6C61796F75740047415454206C0E
:10F1600061796F757420762575202D3E2076257582
:10F1700020287065722D70656572205343206F6E74
:10F1800020636F6E6E656374290047415454206C90
:10F1900061796F757420676C6F62616C207665723F
:10F1A00073696F6E2073617665206661696C656452
:10F1B00000696E76616C6964206C656E3D25750032
:10F1C00054582071756575652066756C6C2028250E
:10F1D000752F2575292C20656E746572696E672000
:10F1E000636F6E67657374696F6E006F76657266C4
:10F1F0006C6F772066756C6C2C2064726F70706910
:10F200006E672070757368206864723D30782530B1
:10F21000327800424C452064697361626C65640019
:10F22000424C4520656E61626C656400424C45202D
:10F23000706173736B6579207570646174656420A7
:10F24000746F20253036752028656666656374699D
:10F250007665206F6E206E657874207061697269C2
:10F260006E6729006E616D652075706461746564F8
:10F270002C2072657374617274696E6720616476A4
:10F2800000506F73742D73796E6320636F6E6E2000
:10F29000706172616D20757064617465206661696A
:10F2A0006C65643A20256400506F73742D73796E19
:10F2B0006320636F6E6E20706172616D733A2025FA
:10F2C000642D25646D7320696E74657276616C2C93
:10F2D000206C6174656E63793D256400314D0032A8
:10F2E0004D00436F646564007A657068636F726592
:10F2F0005F626C65007A657068636F72655F7573D5
:10F300006200696E7075745F6D756C74695F7461AD
:10F3100070004C45442068656172746265617420B8
:10F32000737461727465640075695F6C6564007AFA
:10F3300065726F2D686F70206164766572742072DB
:10F34000657175657374656420286465666572729D
:10F35000656429004750532073776974636820E21D
:10F360008692202573004C45447320257320287510
:10F3700073657220746F67676C652900475053206E
:10F38000746F67676C652069676E6F72656420E2F1
:10F390008094206E6F2047505320686172647761BB
:10F3A00072650047505320746F67676C6520E28672
:10F3B0009220257300666C6F6F64206164766572BD
:10F3C0007420726571756573746564006465657039
:10F3D00020736C6565703A207368757474696E6724
:10F3E00020646F776E2E2E2E006465657020736C1E
:10F3F0006565703A20656E746572696E6720537931
:10F400007374656D204F464600554920696E6974D6
:10F4100069616C697A65640075695F7461736B001A
:10F420006865617020636F7272757074696F6E20A9
:10F43000286E6F7420696E207573653F2920617492
:10F44000202570006865617020636F72727570743A
:10F45000696F6E2028627566666572206F766572C8
:10F46000666C6F773F2920617420257000686561A4
:10F470007020636F7272757074696F6E2028646F8C
:10F4800075626C6520667265653F29206174202570
:10F4900070006F735F686561700028756E736967CF
:10F4A0006E6564292063686172202A207573656423
:10F4B00020666F722025257020617267756D656EFC
:10F4C000742E2049742773207265636F6D6D656EAD
:10F4D00064656420746F20636173742069742074A0
:10F4E0006F20766F6964202A206265636175736599
:10F4F000206974206D6179206361757365206D6981
:10F50000736265686176696F7220696E20636572E7
:10F510007461696E20636F6E666967757261746984
:10F520006F6E732E20537472696E673A22257322B0
:10F5300020617267756D656E743A25640063627050
:10F5400072696E74665F7061636B616765004661C6
:10F55000696C656420746F207265626F6F743A2005
:10F560007370696E6E696E6720656E646C65737327
:10F570006C792E2E2E0A007379735F6765746F7035
:10F5800074006C6F6767696E67006C6F675F6D67AB
:10F590006D74004D657373616765202822257322A1
:10F5A000292064726F707065642062656361757391
:10F5B0006520697420657863656564732073697A72
:10F5C00065206C696D69746174696F6E202825759A
:10F5D00029004D6573736167652064726F70706593
:10F5E0006420626563617573652069742065786362
:10F5F000656564732073697A65206C696D697461EF
:10F6000074696F6E2028257529001B5B306D0025FD
:10F610007320005B2530386C755D20005B2530322F
:10F62000753A253032753A253032752E25303375CE
:10F630002C253033755D20003C25733E200025735A
:10F640002F00253032782000202020007C00256308
:10F65000001B5B313B33316D001B5B313B33336D42
:10F66000006572720077726E00696E660064626790
:10F67000006C6F675F6261636B656E645F7561727A
:10F6800074006C6F675F7561727400616374697692
:10F69000650073757370656E64656400706D5F649A
:10F6A0006576696365005A657068436F7265005AD4
:10F6B00065706879720062745F6469730073657461
:10F6C0002D76616C7565206661696C7572652E209A
:10F6D0006B65793A202573206572726F72282564F4
:10F6E00029002E636D700053697A65206F66204390
:10F6F0004F4E4649475F464C4153485F46494C4C44
:10F700005F4255464645525F53495A45004E65672C
:10F710006174697665206F6666736574206E6F74B8
:10F7200020616C6C6F7765640A00496E636F72725A
:10F730006563742073697A65206F72206F666673E3
:10F74000657420616C69676E6D656E742C206578D8
:10F7500070656374656420257A780A0046696C6C6C
:10F7600020746F20646576202570206661696C6561
:10F7700064206174206F6666736574203078257A22
:10F78000780A0072302F61313A20203078253038E5
:10F7900078202072312F61323A202030782530389D
:10F7A00078202072322F61333A202030782530388B
:10F7B000780072332F61343A202030782530387841
:10F7C000207231322F69703A202030782530387815
:10F7D000207231342F6C723A2020307825303878FE
:10F7E0000020787073723A20203078253038780005
:10F7F0004661756C74696E6720696E7374727563A7
:10F8000074696F6E2061646472657373202872314D
:10F81000352F7063293A2030782530387800556EBE
:10F8200068616E646C6564204952516E3A202564AB
:10F83000002A2A2A2A2A2055534147452046415565
:10F840004C54202A2A2A2A2A0020204469766973E7
:10F85000696F6E206279207A65726F002020556E84
:10F86000616C69676E6564206D656D6F727920618A
:10F870006363657373002020537461636B206F763C
:10F880006572666C6F772028636F6E74657874207C
:10F8900061726561206E6F742076616C6964290005
:10F8A00020204E6F20636F70726F636573736F7289
:10F8B00020696E737472756374696F6E73002020B3
:10F8C000496C6C6567616C206C6F6164206F6620A9
:10F8D0004558435F52455455524E20696E746F200F
:10F8E0005043002020496C6C6567616C207573651E
:10F8F000206F6620746865204550535200202041D7
:10F900007474656D707420746F20657865637574A8
:10F910006520756E646566696E656420696E7374D2
:10F9200072756374696F6E002A2A2A2A2A204D5044
:10F9300055204641554C54202A2A2A2A2A002020A4
:10F94000537461636B696E67206572726F722028F1
:10F95000636F6E746578742061726561206D69678C
:10F960006874206265206E6F742076616C6964290A
:10F97000002020556E737461636B696E6720657239
:10F98000726F72002020446174612041636365736B
:10F99000732056696F6C6174696F6E0020204D4D45
:10F9A00046415220416464726573733A2030782571
:10F9B00078002020496E737472756374696F6E20CD
:10F9C0004163636573732056696F6C6174696F6E10
:10F9D000002020466C6F6174696E672D706F696ED0
:10F9E00074206C617A79207374617465207072651B
:10F9F000736572766174696F6E206572726F7200E2
:10FA00002A2A2A2A2A20425553204641554C54205E
:10FA10002A2A2A2A2A002020537461636B696E67A0
:10FA2000206572726F720020205072656369736581
:10FA3000206461746120627573206572726F720058
:10FA400020204246415220416464726573733A201B
:10FA500030782578002020496D7072656369736580
:10FA6000206461746120627573206572726F720028
:10FA70002020496E737472756374696F6E206275AD
:10FA800073206572726F7200526573657276656479
:10FA900020457863657074696F6E20280053707517
:10FAA00072696F757320696E7465727275707420F7
:10FAB000284952512000535053454C20696E207400
:10FAC0006872656164206D6F646520646F65732082
:10FAD0006E6F7420696E6469636174652050535061
:10FAE000002A2A2A2A2A2048415244204641554CBD
:10FAF00054202A2A2A2A2A0020204275732066616F
:10FB0000756C74206F6E20766563746F72207461FB
:10FB1000626C6520726561640020204465627567CF
:10FB2000206576656E740020204661756C742065D2
:10FB30007363616C6174696F6E2028736565206200
:10FB4000656C6F772900415243485F4558434550E3
:10FB500054207769746820726561736F6E20257810
:10FB60000A002A2A2A2A2A204465627567206D6FB6
:10FB70006E69746F7220657863657074696F6E204A
:10FB80002A2A2A2A2A002A2A2A2A2A2025732025D4
:10FB90006429202A2A2A2A2A006D70750046616984
:10FBA0006C656420746F20616C6C6F636174652098
:10FBB0006E6577204D505520726567696F6E202500
:10FBC000750A00506172746974696F6E2025753A08
:10FBD00020636F686572656E636520636865636B3B
:10FBE000206661696C65642E00496E76616C69649B
:10FBF00020756E6465726C79696E672072656769DD
:10FC00006F6E20696E64657820257500464C4153FF
:10FC1000485F30005352414D5F30006E65745F6243
:10FC20007566006E65745F6275665F73696D706C92
:10FC30006500736F6300696E76616C696420666944
:10FC40006C65206E616D652121006D6F756E74208D
:10FC5000706F696E74206E6F7420666F756E6421AC
:10FC6000210066696C652073686F756C642062653D
:10FC7000206F70656E656420666F7220777269749C
:10FC80006520746F207472756E6361746521210044
:10FC900066696C65207472756E636174696F6E203D
:10FCA0006E6F7420737570706F72746564212100BB
:10FCB00066696C65206F70656E206572726F722068
:10FCC000282564290066696C65207472756E63610D
:10FCD00074696F6E206661696C65642028256429EB
:10FCE000006661696C65642066696C6520636C6F91
:10FCF0007365206166746572207472756E636174D9
:10FD000065206661696C7572652028256429006626
:10FD1000696C6520636C6F7365206572726F722009
:10FD2000282564290066696C652072656164206518
:10FD300072726F7220282564290066696C652077CD
:10FD400072697465206572726F72202825642900BB
:10FD500066696C65207365656B206572726F7220D1
:10FD6000282564290066696C652073796E632065B7
:10FD700072726F72202825642900696E76616C6941
:10FD800064206469726563746F7279206E616D6559
:10FD90002121006469726563746F7279206F7065E8
:10FDA0006E206572726F7220282564290066616971
:10FDB0006C656420746F206372656174652064698A
:10FDC000726563746F727920282564290066616901
:10FDD0006C656420746F20756E6C696E6B20706149
:10FDE00074682028256429006D6F756E7420706F0B
:10FDF000696E74206E6F742073616D6521210066D9
:10FE000061696C656420746F2072656E616D652038
:10FE100066696C65206F72206469722028256429E8
:10FE200000696E76616C69642066696C65206F722A
:10FE300020646972206E616D652121006661696CC4
:10FE40006564206765742066696C65206F72206444
:10FE5000697220737461742028256429006D6F75A0
:10FE60006E7420706F696E74206E6F7420696E6995
:10FE70007469616C697A656421210066696C65202A
:10FE800073797374656D20616C7265616479206D3E
:10FE90006F756E746564212100696E76616C6964AA
:10FEA000206D6F756E7420706F696E742121006D06
:10FEB0006F756E7420706F696E7420616C7265610D
:10FEC0006479206578697374732121007265717596
:10FED00065737465642066696C65207379737465F5
:10FEE0006D2074797065206E6F7420726567697318
:10FEF00074657265642121006673207479706520D1
:10FF0000256420646F6573206E6F74207375707044
:10FF10006F7274206D6F756E74696E67006D6F75AA
:10FF20006E742070617468202573206973206E6F71
:10FF30007420756E6D6F756E7461626C65006673AA
:10FF4000206D6F756E74206572726F722028256443
:10FF500029006673206E6F74206D6F756E74656412
:10FF600020286D70203D3D20257029006673207586
:10FF70006E6D6F756E74206E6F7420737570706F18
:10FF800072746564212100667320756E6D6F756EE5
:10FF900074206572726F7220282564290045727280
:10FFA0006F72206D6F756E74696E672066696C651F
:10FFB00073797374656D3A2061742025733A202536
:10FFC0006400257320756E6D6F756E746564004CEA
:10FFD0006974746C6546532076657273696F6E2020
:10FFE00025752E25752C206469736B2076657273D8
:10FFF000696F6E2025752E25750043616E2774206C
:020000025000AC
:10000000696E6974206C6974746C656673206261D2
:10001000636B656E642C2072657669657720636F0B
:100020006E6669677320616E6420666C6167732019
:100030003078253038780063616E2774206F7065E2
:100040006E20666C61736820617265612025642C86
:10005000206572722025640063616E2774206765D5
:100060007420666C617368206465766963653A2004
:100070002573004C6974746C65465320626C6F6321
:100080006B5F73697A65206F6620256420736D61EC
:100090006C6C6572207468616E207265717569722E
:1000A0006564206D696E696D756D2025642C207204
:1000B0006F756E64696E672075702E0046532061FF
:1000C000742025733A3078257820697320257520AF
:1000D000307825782D6279746520626C6F636B735C
:1000E0002077697468202575206379636C650070DA
:1000F0006172746974696F6E2073697A65733A20EE
:100100007264202575203B207072202575203B20CD
:100110006361202575203B206C612025750063619B
:100120006E2774206D6F756E7420284C4653202501
:1001300064293B20666F726D617474696E67006339
:10014000616E206E6F7420666F726D6174207265CF
:1001500061642D6F6E6C792073797374656D0072B4
:10016000656D6F756E7420616674657220666F725E
:100170006D6174206661696C656420284C4653206B
:10018000256429002573206D6F756E746564006C9D
:100190006974746C6566730062745F7270610049A3
:1001A0006E73756666696369656E74206E756D62DF
:1001B0006572206F6620617267756D656E7473007D
:1001C00049676E6F72696E67206964656E746974E1
:1001D0006965732073746F72656420696E20666C44
:1001E00061736800496E76616C6964206C656E6746
:1001F0007468204944206164647265737320696E79
:100200002073746F72616765004661696C65642074
:10021000746F207265616420646576696365206E21
:10022000616D652066726F6D2073746F72616765B2
:10023000202865727220257A64290062742F257344
:100240002F253032782530327825303278253032FB
:1002500078253032782530327825752F2573006265
:10026000742F25732F25303278253032782530329F
:10027000782530327825303278253032782575006F
:1002800073657474696E67735F7375627379735F96
:10029000696E6974206661696C6564202865727294
:1002A000202564290062742F2573004661696C65FE
:1002B0006420746F2073617665204944202865723C
:1002C000722025642900556E61626C6520746F2070
:1002D000736574757020616E206964656E746974ED
:1002E0007920616464726573730062740062745F84
:1002F00073657474696E6773004254204C572057BD
:10030000510062745F6275660062745F646174615B
:10031000004461746120627566666572206F76655F
:1003200072666C6F7720286C696E6B2074797065CB
:10033000203078253032782900556E61626C652056
:10034000746F206C6F6F6B20757020636F6E6E2002
:10035000776974682068616E646C65202575004853
:1003600061726477617265206572726F722C2068A9
:100370006172647761726520636F64653A202564F9
:1003800000436F756C64206E6F74207375626D69C5
:10039000742072785F776F726B3A20256400556E17
:1003A00061626C6520746F206C6F6F6B7570206379
:1003B0006F6E6E20666F722068616E646C652025BA
:1003C00075006D61785F74785F6F63746574732016
:1003D00065786365656473207468652076616C690F
:1003E000642072616E6765202575006D61785F72AB
:1003F000785F6F6374657473206578636565647393
:10040000207468652076616C69642072616E67652E
:10041000202575006D61785F74785F74696D652063
:1004200065786365656473207468652076616C69BE
:10043000642072616E6765202575006D61785F725A
:10044000785F74696D652065786365656473207491
:1004500068652076616C69642072616E676520252D
:100460007500696E74657276616C20657863656588
:100470006473207468652076616C69642072616EB3
:100480006765202575207573006C6174656E6379EE
:100490002065786365656473207468652076616C97
:1004A00069642072616E6765203078253034780089
:1004B000737570765F74696D656F757420657863A8
:1004C00065656473207468652076616C6964207268
:1004D000616E67652030782530347800556E616232
:1004E0006C6520746F20616C6C6F63617465206251
:1004F000756666657200556E68616E646C65642031
:100500006576656E7420307825303278206C656EA3
:100510002025753A202573004E6F2070656E646942
:100520006E67207065726970686572616C20636FB8
:100530006E6E656374696F6E00556E657870656385
:10054000746564207374617475732030782530325B
:100550007820257300657674206E756D5F68616E16
:10056000646C657320283D25752920746F6F206C9D
:10057000617267652028257A75203E20257529003F
:100580004E6F20636F6E6E656374696F6E20666F69
:10059000722068616E646C65202575007061636B04
:1005A00065747320636F756E74206D69736D61740B
:1005B000636800546F6F20736D616C6C2028257523
:1005C00020627974657329206576656E74203078B1
:1005D0002530327800496E76616C69642048434961
:1005E000206576656E742073697A652028257529E3
:1005F00000496E76616C6964204C45206D657461BC
:10060000206576656E742073697A652028257529C2
:1006100000574553545F544F504449522F7A6570E8
:100620006879722F7375627379732F626C75657454
:100630006F6F74682F686F73742F6863695F636F7F
:1006400072652E63006576745F666C616773202641
:10065000202831554C203C3C20283029290041538A
:1006600053455254494F4E204641494C205B257317
:100670005D20402025733A25640A00496E76616C3E
:10068000696420627566207479706520257500495B
:100690006E76616C6964204843492041434C207068
:1006A00061636B65742073697A652028257529005C
:1006B00041434C2064617461206C656E67746820EE
:1006C0006D69736D617463682028257520213D2054
:1006D00025752900556E61626C6520746F2066690E
:1006E0006E6420636F6E6E20666F722068616E6448
:1006F0006C652025750062745F6863695F65767458
:100700005F6765745F666C616773286864722D3E0D
:10071000657674292026202831554C203C3C202821
:1007200031292900556E6B6E6F776E2062756620D9
:100730007479706520257500556E68616E646C650E
:10074000642076656E646F722D7370656369666987
:1007500063206576656E7420307825303278206CA1
:10076000656E2025753A202573004E6F20636F6DEE
:100770006D616E642073656E7420666F7220636DA8
:100780006420636F6D706C6574652030782530343B
:1007900078004F70436F64652030782530347820BE
:1007A000636F6D706C6574656420696E73746561E8
:1007B00064206F66206578706563746564203078A6
:1007C00025303478004661696C656420746F20734D
:1007D00065742072657175697265642073656375EF
:1007E00072697479206C6576656C004E6F20636861
:1007F000616E676520746F20656E637279707469CD
:100800006F6E2073746174652028656E63727970F1
:10081000742030782530327829005B305D00484301
:1008200049207472616E73706F72743A2025730080
:10083000436F6E74726F6C6C6572004964656E74A0
:1008400069747925733A202573004964656E74696B
:1008500074795B25645D3A202573004843493A204A
:1008600076657273696F6E20257320283078253085
:10087000327829207265766973696F6E2030782529
:100880003034782C206D616E7566616374757265A5
:100890007220307825303478004C4D503A207665FF
:1008A0007273696F6E202573202830782530327876
:1008B000292073756276657220307825303478008F
:1008C0004E6F20494420616464726573732E204129
:1008D0007070206D7573742063616C6C2073657427
:1008E00074696E67735F6C6F6164282900556E616F
:1008F000626C6520746F2073746F7265206E616D19
:100900006500556E61626C6520746F2073656E645E
:1009100020746F2064726976657220286572722077
:1009200025642900657272203D3D20300009436F27
:100930006E74726F6C6C657220756E726573706F19
:100940006E736976652C20636F6D6D616E64206FC8
:1009500070636F6465203078253034782074696D59
:10096000656F7574207769746820657272202564DC
:100970000A006F70636F646520307825303478200A
:100980007374617475732030782530327820257344
:10099000004E6F2070656E64696E6720636F6E6EC7
:1009A00020666F722070656572202573004E6F6E31
:1009B0002D4C452063617061626C6520636F6E74BD
:1009C000726F6C6C65722064657465637465642114
:1009D000004E756D206F6620436F6E74726F6C6C85
:1009E000657227732041434C207061636B6574739B
:1009F00020213D2041434C2062745F636F6E6E5F27
:100A0000747820636F6E7465787473202825752060
:100A1000213D202575290041434C2042522F454459
:100A2000522062756666657273206E6F7420696EFF
:100A3000697469616C697A65640056656E646F7289
:100A40002048434920657874656E73696F6E732022
:100A50006E6F7420617661696C61626C65004857E5
:100A600020506C6174666F726D3A202573202830B7
:100A70007825303478290048572056617269616EB4
:100A8000743A2025732028307825303478290046A0
:100A900069726D776172653A202573202830782558
:100AA000303278292056657273696F6E2025752E55
:100AB0002575204275696C64202575004661696C56
:100AC000656420746F207265616420737570706F47
:100AD000727465642076656E646F7220636F6D6DED
:100AE000616E6473004661696C656420746F207286
:100AF00065616420737570706F72746564207665CB
:100B00006E646F7220666561747572657300484328
:100B10004920647269766572206973206E6F742053
:100B20007265616479004254205258205751004840
:100B3000434920647269766572206F70656E206625
:100B400061696C65642028256429004F7574206FE5
:100B50006620636F6D6D616E642062756666657296
:100B60007300556E657870656374656420484F53F3
:100B7000545F4E554D5F434F4D504C455445445F77
:100B80005041434B4554532C20737461747573204A
:100B900030782530327820257300556E636C65619E
:100BA0007265642070656E64696E672073656E742B
:100BB0005F636D6400312E306200312E3100312EC2
:100BC0003200322E3100332E3000342E3000342EDD
:100BD0003100342E3200352E3000352E3100352EC6
:100BE0003200352E3300352E3400362E3000362EAE
:100BF0003100362E32005374616E6461726420429B
:100C00006C7565746F6F746820636F6E74726F6C4F
:100C10006C65720056656E646F72207370656369EF
:100C200066696320636F6E74726F6C6C65720046E8
:100C300069726D77617265206C6F616465720052D4
:100C4000657363756520696D616765006E52463531
:100C50003178006E5246353278006E524635337820
:100C6000006E524635344878006E524635344C7822
:100C700000496E74656C20436F72706F72617469A5
:100C80006F6E004E6F726469632053656D69636FA8
:100C90006E647563746F72004E58502053656D69B1
:100CA000636F6E647563746F727300457370726501
:100CB000737369662053797374656D730062745F32
:100CC0006863695F636F726500574553545F544FA3
:100CD000504449522F7A65706879722F7375627328
:100CE00079732F626C7565746F6F74682F686F739A
:100CF000742F6863695F636F6D6D6F6E2E63006341
:100D00006D6420646973616C6C6F77656400466123
:100D1000696C656420746F2064697361626C65201E
:100D200061646472657373207265736F6C75746946
:100D30006F6E005265736F6C76696E67206C6973B5
:100D4000742073697A652065786365656465642ECF
:100D500020537769746368696E6720746F20686FC9
:100D600073742E004661696C656420746F20636C37
:100D7000656172207265736F6C7574696F6E206C3B
:100D8000697374004661696C656420746F206164E6
:100D9000642049524B20746F20636F6E74726F6CC5
:100DA0006C65720053657420707269766163792096
:100DB0006D6F646520636F6D6D616E642069732073
:100DC0006E6F7420737570706F7274656400466125
:100DD000696C656420746F20736574207072697625
:100DE000616379206D6F64650044697361626C6949
:100DF0006E672061646472657373207265736F6CD3
:100E00007574696F6E206661696C6564202865720F
:100E10007220256429004661696C656420746F2026
:100E200072656D6F76652049524B2066726F6D203A
:100E3000636F6E74726F6C6C6572004F6E6C7920AC
:100E400072616E646F6D207374617469632069648C
:100E5000656E74697479206164647265737320735C
:100E60007570706F7274656400496E76616C696448
:100E700020696E70757420706172616D6574657241
:100E800073004661696C656420746F2072656164EB
:100E9000207075626C6963206164647265737300AD
:100EA00052656164205374617469632041646472A3
:100EB000657373657320636F6D6D616E64206E6F13
:100EC0007420617661696C61626C65004661696C71
:100ED000656420746F207265616420737461746945
:100EE0006320616464726573736573004E6F207371
:100EF00074617469632061646472657373657320DF
:100F000073746F72656420696E20636F6E74726FA4
:100F10006C6C65720043616E277420736574206287
:100F20006F7468204944454E544954592026204E38
:100F30005250410062745F696400546F6F206269AF
:100F400067206164766572746973696E6720646195
:100F50007461004661696C656420746F207374610C
:100F6000727420616476657274697365720046619B
:100F7000696C656420746F2073746F70206164768F
:100F80006572746973696E673A2025640062745FE4
:100F9000616476004661696C656420746F206765E2
:100FA0006E657261746520454343206B6579202529
:100FB00064004661696C656420746F206578706FA9
:100FC000727420454343207075626C6963206B65C1
:100FD00079202564004661696C656420746F206522
:100FE00078706F7274204543432070726976617423
:100FF00065206B6579202564004661696C65642015
:10100000746F2064657374726F7920454343206B5D
:101010006579204944202564004661696C65642037
:10102000746F20696D706F727420746865207072BF
:101030006976617465206B657920666F72206B65D7
:10104000792061677265656D656E74202564005254
:101050006177206B65792061677265656D656E7477
:10106000206661696C6564202564004661696C6571
:101070006420746F2064657374726F79207468657E
:10108000206B6579202564007073615F696D706FF6
:1010900072745F6B657928292072657475726E654C
:1010A00064207374617475732025640042757379CC
:1010B00020706572666F726D696E6720616E6F7405
:1010C0006865722045434448206F70657261746999
:1010D0006F6E0062745F656363004661696C65648E
:1010E00020726561642072656D6F7465206665614C
:1010F0007475726573202825642900504859203082
:101100007825303278206E6F7420737570706F722E
:1011100074656400556E65787065637465642066F7
:1011200069727374204C32434150206672616D6560
:1011300000556E6578706563746564204C32434178
:101140005020636F6E74696E756174696F6E004EC6
:101150006F7420656E6F756768206275666665726C
:1011600020737061636520666F72204C324341507A
:10117000206461746100556E6578706563746564A0
:101180002041434C20666C616773202830782530FD
:101190003278290041434C206C656E206D69736D77
:1011A0006174636820282575203E20257529002854
:1011B000756E6B6E6F776E29006E6F207472616E44
:1011C000736974696F6E20257300496E76616C696E
:1011D000642028257529206F6C6420737461746500
:1011E00000636F6E6E202570206661696C656420F7
:1011F000746F2065737461626C6973682E20524647
:10120000206E6F6973653F006E6F2076616C696454
:1012100020282575292073746174652077617320F7
:1012200073657400696E636F6D70617469626C657B
:101230002068616E646C652025750054696D656F6A
:101240007574206469736361726465642E204E6FE7
:1012500020626C6F636B696E6720696E20737973AF
:1012600077712E00466174616C206572726F722016
:10127000282564292E20446973636F6E6E6563743C
:10128000696E6720257000466F756E642076616C0C
:10129000696420636F6E6E656374696F6E202825C4
:1012A00070292077697468206164647265737320A3
:1012B000257320696E202573207374617465200086
:1012C00053656E64204C4520706172616D207570AD
:1012D00064617465206661696C656420286572725A
:1012E0002025642900646973636F6E6E656374659D
:1012F0006400646973636F6E6E6563742D636F6DF4
:10130000706C657465007363616E2D6265666F72E3
:10131000652D696E6974696174696E6700696E69CB
:1013200074696174696E672D66696C7465722D6C81
:10133000697374006164762D636F6E6E65637461AA
:10134000626C65006164762D6469722D636F6E6EE8
:1013500065637461626C6500646973636F6E6E656A
:101360006374696E670062745F636F6E6E00556EC2
:1013700061626C6520746F20616C6C6F6361746571
:101380002062756666657220666F72206F7020300D
:101390007825303278004E6F20617661696C616229
:1013A0006C65204C3243415020636F6E74657874D5
:1013B00020666F7220636F6E6E2025700045787016
:1013C000656374696E672031207265662C20676FD3
:1013D0007420256400616C726561647920686176AF
:1013E000652076696577206F6E202570004C32434A
:1013F0004150206C656E677468206D69736D61740F
:1014000063682028257520213D2025752900496E17
:1014100076616C6964206964656E742076616C75B0
:101420006520696E204C324341502050445500499C
:101430006E76616C6964204C4520636F6E6E20701F
:101440006172616D207273702073697A652028253E
:101450007520213D20257A75290052656A656374DF
:10146000696E6720756E6B6E6F776E204C324341EC
:10147000502050445520636F646520307825303209
:101480007800546F6F20736D616C6C204C32434157
:1014900050207369676E616C696E67205044550017
:1014A000546F6F20736D616C6C204C32434150203F
:1014B0005044552072656365697665640049676EBE
:1014C0006F72696E67206461746120666F72207547
:1014D0006E6B6E6F776E206368616E6E656C20490F
:1014E000442030782530347800636F6E6669670079
:1014F00062745F6C326361700041545420636861B0
:101500006E6E656C206E6F7420636F6E6E656374B3
:101510006564004572726F72207369676E696E67E9
:1015200020646174610052616E206F7574206F6673
:101530002054582062756666657273206F7220634E
:101540006F6E74657874732E004661696C656420F3
:10155000746F207375626D6974206174745F747840
:101560005F64657374726F795F776F726B3A202571
:101570006400556E61626C6520746F2063726561F2
:10158000746520657272207273702050445500415A
:101590005454204D54552065786365656465642C0A
:1015A000206D61782025752C2077616E746564202C
:1015B000257A7500556E61626C6520746F206372C8
:1015C00065617465207273702050445500546F6FCC
:1015D00020736D616C6C204154542050445520722E
:1015E0006563656976656400556E68616E646C65F7
:1015F000642041545420636F646520307825303274
:101600007800496E76616C6964206C656E20257582
:1016100020666F7220636F646520307825303278E1
:1016200000556E61626C6520746F20637265617431
:101630006520555549443A2073697A65202575001F
:10164000556E61626C6520746F20637265617465AC
:1016500020555549443A2073697A65202564004E27
:101660006F20617661696C61626C65204154542021
:10167000636F6E7465787420666F7220636F6E6E30
:10168000202570004E6F20617661696C61626C6527
:1016900020415454206368616E6E656C20666F72E1
:1016A00020636F6E6E202570004E6F7420636F6E26
:1016B0006E656374656400556E61626C6520746F5D
:1016C0002066696E6420415454206368616E6E65C3
:1016D0006C00476F74206572722025642C206E6F39
:1016E000742063616C6C696E67204154542063629E
:1016F000004661696C656420746F2072652D737596
:10170000626D69742025733A202564004E6F204174
:101710005454206368616E6E656C20666F72204D54
:10172000545520257A75004E6F2070656E64696E81
:101730006720415454207265717565737400446963
:1017400073636F6E6E656374696E67206661696C42
:101750006564202865727220256429004154542054
:1017600054696D656F757420666F72206465766963
:1017700063652025732E20446973636F6E6E656305
:1017800074696E672E2E2E00556E61626C65207432
:101790006F20637265617465207265747279205080
:1017A000445520282575290062745F6174740066B1
:1017B00061696C656420746F2073746F7265205367
:1017C0004320286572722025642900756E61626C61
:1017D0006520746F20736176652053433A206E6FE5
:1017E00020636667206C65667400546F6F206D61BE
:1017F0006E7920436C69656E742043686172616321
:10180000746572697374696320436F6E6669677586
:10181000726174696F6E2E2053656520434F4E468A
:1018200049475F42545F53455454494E47535F43C1
:1018300043435F53544F52455F4D41580A00496E30
:1018400076616C6964206B6579006661696C6564BA
:1018500020746F2064656C6574652053432028658F
:1018600072722025642900556E61626C6520746F68
:10187000206465636F6465206164647265737320BE
:10188000257300496E76616C6964206C6F63616CCE
:10189000206964656E7469747920256C7500556ED5
:1018A00061626C6520746F20726573746F7265205D
:1018B00053433A206E6F20636667206C6566740040
:1018C0004661696C656420746F206465636F64654C
:1018D0002076616C7565202865727220257A6429EE
:1018E000004E6F20737061636520746F2073746F96
:1018F000726520434343206366670062742F63630D
:1019000063004661696C656420746F2073746F7244
:1019100065204343437320286572722025642900A3
:1019200052656164206D6574686F64206E6F742009
:10193000736574004661696C656420746F2072651C
:101940006164206174747269627574652025702009
:101950002865727220257A642900496E76616C6967
:10196000642072656164206C656E6774683A202536
:101970007A6400434343202570206E6F7420777291
:10198000697461626C6500534320726573746F7291
:101990006520696E6469636174696F6E2066616950
:1019A0006C6564004661696C656420746F207365C2
:1019B0007420736563757269747920666F72206232
:1019C0006F6E646564207065657220282564290047
:1019D00062742F73630062745F6761747400556E84
:1019E00061626C6520746F2066696E6420534D508F
:1019F000206368616E6E656C005075626C6963206F
:101A00006B6579206E6F7420617661696C61626CC0
:101A100065004661696C656420746F2067656E655A
:101A2000726174652044484B65790043616C63754D
:101A30006C61746520636F6E6669726D20666169A2
:101A40006C656400556E6B6E6F776E2070616972A5
:101A5000696E67206D6574686F642028257529009C
:101A600043616C63756C617465204C544B206661F6
:101A7000696C65640043616C63756C617465206CAE
:101A80006F63616C2044484B657920636865636BC4
:101A9000206661696C65640043616C63756C617498
:101AA000652072656D6F74652044484B65792063CD
:101AB0006865636B206661696C65640052656D6F73
:101AC0007465207075626C6963206B65792072653E
:101AD0006A6563746564004170702D70726F766919
:101AE00064656420706173736B6579206973206F1E
:101AF0007574206F662076616C69642072616E6710
:101B0000653A2025750052656D6F746520697320F4
:101B10007573696E67204465627567205075626CE5
:101B20006963206B65790052656365697665642039
:101B3000696E76616C6964207075626C6963206B94
:101B40006579004E6F20617661696C61626C652019
:101B5000534D5020636F6E7465787420666F7220E9
:101B6000636F6E6E20257000556E61626C65207427
:101B70006F20676574206B65797320666F7220250E
:101B8000730054686520696E2D70726F677265739B
:101B9000732070616972696E672068617320626585
:101BA000656E2064656C657465642100534D50203A
:101BB000646F6573206E6F7420616C6C6F77206149
:101BC0002070616972696E67206661696C75726503
:101BD000206174207468697320706F696E742E20A0
:101BE0004B6E6F776E2069737375652E2044697331
:101BF000636F6E6E656374696E6720696E7374657A
:101C000061642E00546F6F20736D616C6C20534DB6
:101C100050205044552072656365697665640053B1
:101C20004D5020636F6D6D616E642028636F646535
:101C300020307825303278292072656365697665B1
:101C4000642061667465722074696D656F757400D7
:101C50005265636569766564207265736572766541
:101C60006420534D5020636F6465203078253032F6
:101C70007800556E68616E646C656420534D502029
:101C8000636F64652030782530327800556E657852
:101C900070656374656420534D5020636F646520E4
:101CA00030782530327800496E76616C696420693D
:101CB00064656E7469747920257300526566757366
:101CC000696E67206E65772070616972696E672E34
:101CD00020546865206F6C6420626F6E64206D759F
:101CE000737420626520756E706169726564206628
:101CF000697273742E0070616972696E6720666123
:101D0000696C656420287065657220726561736F07
:101D10006E203078257829004E6F206B657973200E
:101D2000737061636520666F7220257300534D5098
:101D30002054696D656F75742028666C6167733A0D
:101D400030782530387820616C6C6F7765645F631C
:101D50006D64733A307825303878290062745F7387
:101D60006D70004661696C656420746F20726561F6
:101D7000642076616C7565202865727220257A640E
:101D80002900556E61626C6520746F2066696E640F
:101D90002064656C65746564206B65797320666F7B
:101DA00072202573004661696C656420746F206140
:101DB0006C6C6F63617465206B65797320666F72FC
:101DC000202573004B65797320666F722025732080
:101DD00068617665206E6F206167696E6720636F4A
:101DE000756E74657200496E76616C6964206B650E
:101DF00079206C656E67746820257A6420213D2007
:101E0000257A750053746F726564206B6579732051
:101E1000666F7220257320646F206E6F74206D6171
:101E20007463682063757272656E7420636F6E668A
:101E3000696720666C616773206F722076657273C4
:101E4000696F6E00546865206B65797320666F72E8
:101E50002025732061726520646F776E67726164FC
:101E6000656420746F20756E61757468656E746941
:101E700063617465642061732074686579206E6F96
:101E8000206C6F6E676572206D6565742061757476
:101E900068656E7469636174696F6E2072657175CF
:101EA0006972656D656E7473004661696C65642066
:101EB000746F2073617665206B6579732028657275
:101EC00072202564290062742F6B65797300627437
:101ED0005F6B6579730062745F63727970746F0011
:101EE0004661696C656420746F20696D706F7274EF
:101EF00020414553206B6579202564004661696C5B
:101F0000656420746F20636F6D70757465204D413A
:101F10004320256400696E707574006361636865B1
:101F20005F6E72667800636C6F636B403130653052
:101F30003030006866636C6B006C66636C6B0063CA
:101F40006C6F636B5F636F6E74726F6C00726E6741
:101F5000007272616D2D636F6E74726F6C6C65725E
:101F600040353030346230303000666C6173685F09
:101F70006E72665F7272616D006770696F403130BA
:101F800061303030006770696F4064383230300043
:101F90006770696F403530343030004750494F200A
:101FA000706F7274202573206E6F74207265616487
:101FB00079006661696C656420746F20636F6E667A
:101FC0006967757265204750494F20686F672066C2
:101FD0006F7220706F72742025732070696E2025D7
:101FE00075202865727220256429006770696F5F0B
:101FF000686F677300693263004E65656420746FB3
:10200000207573652074686520696E7465726E61F1
:102010006C206472697665722062756666657220EE
:10202000627574206974732073697A6520697320FE
:10203000696E73756666696369656E7420282575B7
:10204000202B202575203E202575292E2041646AED
:1020500075737420746865207A65706879722C6372
:102060006F6E6361742D6275662D73697A65206F7A
:1020700072207A65706879722C666C6173682D6263
:1020800075662D6D61782D73697A652070726F7039
:10209000657274792028746865206F6E6520776991
:1020A000746820677265617465722076616C75650D
:1020B0002920696E207468652022257322206E6FA6
:1020C00064652E006932634031303430303000694D
:1020D00032635F6E7266785F7477696D00756E73D8
:1020E0007570706F727465642073706565640054F8
:1020F0007279696E6720746F207472616E736665A1
:1021000072206D6F7265207468616E20746865203E
:102110006D6178696D756D2073697A6520666F727F
:102120002074686973206465766963653A20256464
:10213000203E202564004661696C656420746F2030
:10214000696E697469616C697A6520646576696332
:10215000653A202573006B65795F696E6465782048
:10216000256420676574206661696C65643A202582
:10217000640050696E20256420636F6E6669677520
:10218000726174696F6E206661696C65643A2025BE
:1021900064002573206973206E6F7420726561641A
:1021A0007900436F756C64206E6F742073657420C2
:1021B0006770696F2063616C6C6261636B0050696A
:1021C0006E20256420696E74657272757074206368
:1021D0006F6E66696775726174696F6E206661699A
:1021E0006C65643A20256400627574746F6E7300C8
:1021F0006770696F5F6B657973004255535920733F
:102200007475636B204849474820283130303020AE
:102210006D73290043414420706F6C6C2054494D0C
:10222000454F555420286C617374206972713D309C
:102230007825303878290063616420726573756C85
:10224000743A20256400726563765F647574795F03
:102250006379636C653A206578706C696369742092
:1022600072782F736C65657020706572696F647326
:1022700020726571756972656400726563765F646A
:102280007574795F6379636C653A2072783D257562
:102290006D7320736C6565703D25756D73005258C4
:1022A00020646961673A204765745278506B744CBA
:1022B000656E6774682072633D2564207261773DA6
:1022C000253032782025303278202530327820258C
:1022D00030327800525820646961673A2046494696
:1022E0004F2072633D25643A202530327820253016
:1022F000327820253032782025303278202530324F
:1023000078202530327820253032782025303278F8
:102310002025303278202530327820253032782040
:10232000253032782025303278202530327820252B
:102330003032782025303278005258206469616745
:102340003A20506B745374617475732072633D2529
:10235000643A2025303278202530327820253032FA
:102360007820253032782025303278202530327898
:102370002025303278202530327800525820646988
:1023800061673A2052737369496E73742072633DBA
:102390002564207261773D253032782025303278EF
:1023A0002025303278202530327820287369673D27
:1023B00025642064426D2900525820646961673A9F
:1023C000204765744572726F72732072633D256495
:1023D000207261773D2530327820253032782025F3
:1023E0003032782025303278006C72323078785F65
:1023F00064696F310053504920627573206E6F74A9
:102400002072656164790042555359204750494F05
:10241000206E6F7420726561647900524553455493
:10242000204750494F206E6F7420726561647900B7
:1024300044494F31204750494F206E6F74207265D8
:10244000616479004C523230787820647269766524
:102450007220726567697374657265642028687795
:1024600020696E69742064656665727265642074A3
:102470006F20666972737420636F6E6669672900E6
:102480005B25735D2073746174757320726561647C
:10249000204641494C4544005B25735D20636D64D3
:1024A0003D2564206D6F64653D25642073743D3067
:1024B0007825303478206972713D3078253038784D
:1024C000206572723D30782530347820425553595A
:1024D0003D25642044494F3D256400706F73742D81
:1024E0005345545F52580073746172745F72783A46
:1024F0002044494F38207374696C6C204849474820
:1025000020E280942072652D61726D696E672052A1
:10251000582062792068616E64004C42543A20432E
:102520004144206661696C656420282564292C205B
:1025300070726F63656564696E672077697468207F
:10254000545800706F73742D5345545F54580054A1
:102550005820646F6E6520706F6C6C2054494D4537
:102560004F555420286C617374206972713D307826
:10257000253038782900545820646F6E6520287003
:102580006F6C6C65642C206972713D307825303831
:10259000782900545820646F6E65202844494F20E4
:1025A00068616E646C6572290054582073796E639B
:1025B0002074696D656F7574004C523230787820E4
:1025C000686172647761726520696E6974207374E2
:1025D000617274696E6700726573657420617373EC
:1025E000657274206661696C6564007265736574F8
:1025F000206465617373657274206661696C6564DB
:102600000042555359207374696C6C2048494748FF
:1026100020616674657220726573657420E280942F
:1026200020636F6E74696E75696E67004745545F0D
:1026300056455253494F4E207261773A2025303229
:1026400078202530327820253032782025303278B5
:1026500020286D616A6F723D2575206D696E6F72FD
:102660003D257529004C5232303231204745545FA8
:1026700056455253494F4E3A2025752E2575007305
:1026800074616E646279206661696C65643A2025C4
:1026900064007365745F72785F74785F66616C6CF8
:1026A0006261636B206661696C65643A2025640031
:1026B0007365745F64696F5F66756E6374696F6E6E
:1026C000206661696C65643A2025640063616C6909
:1026D0006272617465283078364629206661696CBB
:1026E00065643A202564004255535920737475631C
:1026F0006B20484947482061667465722063616CAD
:10270000696272617465007365745F706B745F7485
:10271000797065206661696C65643A20256400699A
:102720006E69743A20636869702056424154207281
:1027300065616473202575206D56202872633D25E0
:102740006429004C52323078782064726976657260
:1027500020726561647900486172647761726520F6
:10276000696E6974206661696C65643A202564004D
:1027700044494F3120697271207261773A20307874
:1027800025303878202872633D25642C2070696ECE
:102790003D256429004661696C656420746F207270
:1027A00065616420495251207374617475732028E7
:1027B00072633D2564290049525120686172647733
:1027C000617265204552524F523A20307825303898
:1027D00078005258206F6B3A207261775F6C656E9B
:1027E0003D25752073745F6C656E3D257520727391
:1027F00073693D2564207369673D256420736E729B
:102800003D256420646174613D2530327820253097
:102810003278202530327820253032782025303229
:1028200078202530327820253032782025303278D3
:10283000202530327820253032782025303278201B
:102840002530327820253032782025303278202506
:1028500030327820253032782025303278202530EB
:1028600032782025303278202530327820253032D9
:102870007820253032782025303278202530327883
:1028800020253032782025303278202530327820CB
:1028900025303278202530327820253032782025B6
:1028A00030327820253032780052583A20696E76DE
:1028B000616C6964206C656E20287261773D2564C7
:1028C0002073743D256429005258206572726F721E
:1028D0003A204352433D2564204844523D2564201C
:1028E0005258444F4E453D25640044494F312073B2
:1028F00061666574793A206E6F2049525120686193
:102900006E646C65642028307825303878207263D6
:102910003D2564292C2072657374617274696E6739
:102920002052580044494F3120737475636B20481E
:1029300049474820666F72202564206379636C657F
:102940007320E28094204857207265736574007389
:10295000746172745F72783A2044494F2D737475B4
:10296000636B2D48572D7265736574006C6F7261CF
:102970004030006C72323078785F6C6F7261004763
:1029800050494F20706F72743A202573206E6F7417
:1029900020726561647900766261742D70777200CF
:1029A000726673772D70777200726673772D637419
:1029B0006C0070646D2D696D752D70777200726595
:1029C00067756C61746F725F6669786564007465C1
:1029D0006D704064373030300074656D705F6E72BA
:1029E000663500617474725F7365742829206E6F98
:1029F0007420737570706F72746564206F6E2074CC
:102A0000686973206368616E6E656C2E004661694B
:102A10006C656420746F20696E697469616C697A91
:102A2000652063686970004661696C656420746F35
:102A300020696E697469616C697A652073656E736B
:102A40006F7220627573004661696C656420746FF3
:102A500020726573756D6520616363656C65726F67
:102A60006D65746572004661696C656420746F20E1
:102A7000726573756D65206779726F004661696C68
:102A8000656420746F2073757370656E6420616374
:102A900063656C65726F6D65746572004661696C23
:102AA000656420746F2073757370656E6420677938
:102AB000726F006C736D3664733374722D634036BD
:102AC00061004C534D3644534C0075617274406341
:102AD000373030300075617274406336303030000A
:102AE000756172745F6E7266785F7561727465008D
:102AF0004661696C656420746F20616C6C6F636102
:102B00007465204750494F5445206368616E6E6577
:102B10006C20666F722057414B45004661696C65B9
:102B20006420746F20636F6E6669677572652057E5
:102B3000414B452070696E004353204750494F2058
:102B4000706F72742025732070696E20256420696F
:102B500073206E6F742072656164790055706461D2
:102B6000746520657863656564732063757272654A
:102B70006E74206275666665720048616C662D64CD
:102B800075706C6578206E6F7420737570706F72DD
:102B900074656400536C617665206D6F64652069AF
:102BA00073206E6F7420737570706F72746564201B
:102BB0006F6E202573004C6F6F706261636B206DC8
:102BC0006F6465206973206E6F7420737570706F09
:102BD0007274656400576F72642073697A6573203C
:102BE0006F74686572207468616E20382062697441
:102BF0007320617265206E6F7420737570706F72D0
:102C0000746564004672657175656E6369657320ED
:102C10006C6F776572207468616E20313235206B7D
:102C2000487A20617265206E6F7420737570706FC2
:102C300072746564004661696C656420746F206914
:102C40006E697469616C697A65206E726678206459
:102C500072697665723A2025640057616974696EFD
:102C60006720666F722057414B452061636B6E6F22
:102C7000776C6564676D656E742074696D6564203A
:102C80006F75740054696D656F7574207761697430
:102C9000696E6720666F72207472616E736665720A
:102CA00020636F6D706C657465007370694034618A
:102CB000303030007370695F6E7266785F73706970
:102CC0006D0025733A25643A20436F7272757074F3
:102CD0006564206469722070616972206174207B70
:102CE000307825782C20307825787D00574553544E
:102CF0005F544F504449522F6D6F64756C65732F4C
:102D000066732F6C6974746C6566732F6C66732EB2
:102D1000630025733A25643A204379636C65206427
:102D20006574656374656420696E207461696C20E4
:102D30006C6973740025733A25643A204E6F206DD8
:102D40006F726520667265652073706163652030FF
:102D50007825780025733A25643A2053757065729A
:102D6000626C6F636B203078257820686173206215
:102D700065636F6D6520756E7772697461626C65ED
:102D80000025733A25643A20556E61626C652074A3
:102D90006F2073706C6974207B307825782C20301C
:102DA0007825787D0025733A25643A20556E616256
:102DB0006C6520746F20657870616E642073757027
:102DC0006572626C6F636B0025733A25643A204923
:102DD0006E76616C69642076657273696F6E2076B9
:102DE0002568752E25687520213D20762568752E6D
:102DF0002568750025733A25643A20556E73757001
:102E0000706F72746564206E616D655F6D617820AE
:102E1000282575203E202575290025733A25643A1A
:102E200020556E737570706F727465642066696C7E
:102E3000655F6D617820282575203E202575290065
:102E400025733A25643A20556E737570706F7274ED
:102E5000656420617474725F6D6178202825752027
:102E60003E202575290025733A25643A20496E765F
:102E7000616C696420626C6F636B20636F756E7444
:102E80002028257520213D202575290025733A2508
:102E9000643A20496E76616C696420626C6F636B82
:102EA0002073697A652028257520213D2025752904
:102EB00000556E6B6E6F776E206572726F72003E9A
:102EC0003E3E205A455048595220464154414C20DC
:102ED0004552524F522025643A202573206F6E20B0
:102EE000435055202564004661756C7420647572EA
:102EF000696E6720696E746572727570742068619E
:102F00006E646C696E670A0043757272656E742038
:102F10007468726561643A20257020282573290041
:102F200043505520657863657074696F6E00556E07
:102F300068616E646C656420696E74657272757028
:102F40007400537461636B206F766572666C6F7783
:102F5000004B65726E656C206F6F7073004B65720D
:102F60006E656C2070616E6963006F7300737973B6
:102F7000776F726B71002A2A2A20426F6F74696E14
:102F800067205A6570687972204F53206275696CAA
:102F90006420373232613666393935666134202A29
:102FA0002A2A0A004145532D3235362D4543420029
:102FB0004145532D3139322D454342004145532D72
:102FC0003132382D454342006E616E00286E756CBB
:102FD0006C29003031323334353637383941424389
:102FE000444546008B3387E9C5CDEA6AC9E5EDBAA9
:102FF000A115CD72000000000000000000000000DC
:1030000000000000000000000000000000000000C0
:1030100000000000000000000000000000000000B0
:1030200000000000020408107A632D76636F6E744E
:1030300061637400029ECADC240EE5A9E093F3A349
:10304000B50200406E029ECADC240EE5A9E093F3AF
:10305000A3B50200406E029ECADC240EE5A9E093EF
:10306000F3A3B50300406E029ECADC240EE5A9E07E
:1030700093F3A3B50300406E029ECADC240EE5A9BB
:10308000E093F3A3B50100406E9ECADC240EE5A9CF
:10309000E093F3A3B50100406E0806206D657373DD
:1030A000616765732064726F70706564202D2D2DCB
:1030B0000D0A1B5B306D001B5B313B33316D2D2DD9
:1030C0002D20000001010301000301D9FBFBFBFBE4
:1030D000FBFBFBFBFBFBFBFBFBFBFBFBFBFBFBFB40
:1030E000FBFBFBFBFBFBFBFBFBFBFBFBFBFBFBFB30
:1030F000FBFBFBFBFBFBFBFBFBFBFBFBFBFBFBFB20
:10310000FBFBFBFBFBFBFBFBFBE4E5FBFBFBFBEA4D
:10311000EBECFBFBEFFBFBACFBF4FBFBF7FBFBFB84
:10312000FBFBFBFEF2FBFBFBFBFBFBFBFBFBFBFBF5
:10313000FBFBFBFBFBFBFBFBFBFBFBFBFBFBFBFBDF
:10314000FBFBFBFBFBFBFBFBFBFBFBFBFBFBFBFBCF
:10315000FBA6FBFBFBFBFBFBFBFBFBFBE4E5FBFB41
:10316000FBFBEAEBECFBFBEFFBFBFBFBF4FBFBF7F6
:10317000FBFBFBFBFBFBFE00FFFFFFFFFFFF000075
:103180000000000000FFFFFFFFFFFF000000000045
:103190000030313233343536373839616263646533
:1031A00066000000000000001000800000805F9BAF
:1031B00034FB0104000200000002000000000000D7
:1031C00000050000000000000000000000000000FA
:1031D0000005000909090901020909090909090984
:1031E0000909090907090909090906090909090954
:1031F000090909090909090909090905010204E67A
:103200009D350E480103CCDBFDF4AC1191F4EFB910
:10321000A5F9E9A7832C5E2CBE97F2D203B0208BD0
:10322000D28915D08E1C742430ED8FC24563765C34
:1032300015525ABF9A32636DEB2A65499C80DC6156
:1032400074745F74785F64657374726F795F776F9D
:10325000726B5F68616E646C6572000005061F1F0B
:103260002918120308020305080A000801030401D3
:103270000504050906070101060608000001000112
:10328000000301000302020100020000000000022E
:10329000030100036C888391AAF5A53860370BDB26
:1032A0005A6083BE30303237373B3D410001040560
:1032B000020608090F0007182323232323232323AF
:1032C00023232323230001028E4ACC46BA18766BAF
:1032D000B8E7BE39FAAD7763FFFFFFFFFFFFFFFFDF
:1032E000FFFFFFFFFFFFFF07F7E97A2E8D31092C63
:1032F0006BCE7B51EF7C6F0A0000000000000000E5
:1033000000000000000000080100000000000000B4
:1033100000000000000000000000000000000000AD
:10332000000000000000000010141400001C2030F9
:10333000401C2000001C20304010141400001C20F1
:1033400030401C2000001C20304040404000004025
:10335000408080808000009088684810141400002D
:103360001C2030401C2000001C20304052096AD52F
:103370003036A538BF40A39E81F3D7FB7CE339826A
:103380009B2FFF87348E4344C4DEE9CB547B9432B9
:10339000A6C2233DEE4C950B42FAC34E082EA16601
:1033A00028D924B2765BA2496D8BD12572F8F664D8
:1033B00086689816D4A45CCC5D65B6926C70485053
:1033C000FDEDB9DA5E154657A78D9D8490D8AB0008
:1033D0008CBCD30AF7E45805B8B34506D02C1E8F31
:1033E000CA3F0F02C1AFBD0301138A6B3A9111416D
:1033F0004F67DCEA97F2CFCEF0B4E67396AC742256
:10340000E7AD3585E2F937E81C75DF6E47F11A71D3
:103410001D29C5896FB7620EAA18BE1BFC563E4B0C
:10342000C6D279209ADBC0FE78CD5AF41FDDA833CE
:103430008807C731B11210592780EC5F60517FA90E
:1034400019B54A0D2DE57A9F93C99CEFA0E03B4D3D
:10345000AE2AF5B0C8EBBB3C83539961172B047EB1
:10346000BA77D626E169146355210C7D637C777B9E
:10347000F26B6FC53001672BFED7AB76CA82C97D70
:10348000FA5947F0ADD4A2AF9CA472C0B7FD932601
:10349000363FF7CC34A5E5F171D8311504C723C305
:1034A0001896059A071280E2EB27B27509832C1A49
:1034B0001B6E5AA0523BD6B329E32F8453D100EDA3
:1034C00020FCB15B6ACBBE394A4C58CFD0EFAAFB87
:1034D000434D338545F9027F503C9FA851A3408F4F
:1034E000929D38F5BCB6DA2110FFF3D2CD0C13EC67
:1034F0005F974417C4A77E3D645D197360814FDCFC
:10350000222A908846EEB814DE5E0BDBE0323A0ADF
:103510004906245CC2D3AC629195E479E7C8376D63
:103520008DD54EA96C56F4EA657AAE08BA78252E88
:103530001CA6B4C6E8DD741F4BBD8B8A703EB56611
:103540004803F60E613557B986C11D9EE1F8981102
:1035500069D98E949B1E87E9CE5528DF8CA1890DF1
:10356000BFE6426841992D0FB054BB16616E006EE4
:1035700066696E69747900616E006E66696E697461
:0435800079000000CE
:10358400000000008BA903000000000000010000FF
:103594000000000000000000000000000000000027
:1035A4000000000000000000000000000000000017
:1035B40000000000ADE90000000000000001000070
:1035C40000000000000000000000000000000000F7
:1035D40000000000000000000000000000000000E7
:1035E4000000000075E7000000000000000100007A
:1035F40000000000000000000000000000000000C7
:1036040000000000000000000000000000000000B6
:103614000000000035EF0000000000000001000081
:103624000000000000000000000000000000000096
:103634000000000000000000000000000000000086
:103644000000000055E6000000000000000100003A
:103654000000000000000000000000000000000066
:103664000000000000000000000000000000000056
:103674000000000000000000000000000000000046
:103684000000000000000000000000000000000036
:103694000000000000000000000000000000000026
:1036A4000000000000000000000000000000000016
:1036B4000000000000000000000000000000000006
:1036C40000000000000000000000000000000000F6
:1036D40000000000000000000000000000000000E6
:1036E40000000000000000000000000000000000D6
:1036F40000000000000000000000000000000000C6
:1037040000000000000000000000000000000000B5
:1037140000000000000000000000000000000000A5
:103724000000000000000000000000000000000095
:1037340000000000000000005555010000000000DA
:103744000000000000000000000000000000000075
:103754000000000000000000000000000000000065
:103764000000000000000000000000000000000055
:103774000000000000000000000000000000000045
:103784000000000000000000000000000000000035
:103794000000000000000000000000000000000025
:1037A4000000000000000000000000000000000015
:1037B4000000000000000000000000000000000005
:1037C40000000000000000000000000000000000F5
:1037D40000000000000000000000000000000000E5
:1037E4002876040000000000000000000000000033
:1037F40000000000000000000000000000000000C5
:1038040000000000000000001F0000000000000095
:10381400FFFFFFFFFF1F0000000000006700000023
:103824000000000000000000000000000000000094
:103834000000000000000000000000000000000084
:103844000000000000000000000000000000000074
:103854000000000000000000000000000000000064
:103864000000000000000000000000000000000054
:103874000000000000000000000000000000000044
:103884000000000000000000000000000000000034
:103894000000000000000000000000000000000024
:1038A4000000000000000000F08D04008C8B040078
:1038B400088D0400E88C0400CC8B04000000000098
:1038C400FFFFFFFF4530050000000C000000000072
:1038D400000000000000000061E80000000000009B
:1038E400000000006730050000001000BDEB000080
:1038F40011E40000CFC8030000000000BBC80300AF
:10390400000000000000000000000000FDE30000D3
:1039140000000000A1E3000040E2010043CD0300E9
:10392400D7D50300D89104000000000010920400D1
:103934002AB704000000020036B7040000000200A9
:1039440042B70400000002004EB704000000020069
:1039540062B70400000002006EB704000000020019
:103964007AB7040000000A00000000000000000014
:10397400EDD2040020000000000000000000000060
:103984009DDE030000000000000000000C04002085
:103994000C04002000000000000000000E000000E5
:1039A40000C01050000000000000000000000000F3
:1039B4000000000000000000000000000000000003
:1039C40000000000000000000000000000000000F3
:1039D40000000000000000000000000000000000E3
:1039E40000000000000000000000000000000000D3
:1039F40000000000000000000000000000000000C3
:103A040000000000000000000000000000000000B2
:103A1400000000000001000000A00D5000000000A4
:103A24000000000000000000000000000000000092
:103A34000000000000000000000000000000000082
:103A44000000000000000000000000000000000072
:103A54000000000000000000000000000000000062
:103A64000000000000000000000000000000000052
:103A74000000000000000000000000000000000042
:103A84000000000000000000000000000000000032
:103A940010050020100500200000000000000000B8
:103AA40001000000D6CF04003C0500200000000007
:103AB40000000000000000000400000000000000FE
:103AC40000000000000000000000000000000000F2
:103AD40010000000100000000000000000000000C2
:103AE4000002000040000000200000000000000070
:103AF400606B0220206B0220006B0220000000009B
:103B040000000000000000000000000000000000B1
:103B140000000000000000000000000000000000A1
:103B24000000000000000000000000000000000091
:103B34000000000000000000000000000000000081
:103B44000000000000000000000000000000000071
:103B54000000000000000000000000000000000061
:103B64000000000000000000000000000000000051
:103B74000000000000000000000000000000000041
:103B84000000000000000000000000000000000031
:103B94000000000000000000000000000000000021
:103BA4000000000000000000000000000000000011
:103BB4000000000000000000000000000000000001
:103BC40000000000000000000000000000000000F1
:103BD40000000000000000000000000000000000E1
:103BE40000000000100000001000000000000000B1
:103BF40000000000000000000001000020000000A0
:103C040000000000C06C0220C06B0220A06B0220E8
:103C140000000000000000000000000000000000A0
:103C24000000000000000000000000000000000090
:103C34000000000000000000000000000000000080
:103C44000000000000000000000000000000000070
:103C54000000000000000000000000000000000060
:103C64000000000000000000000000000000000050
:103C74000000000000000000000000000000000040
:103C84000000000000000000000000000000000030
:103C94000000000000000000000000000000000020
:103CA4000000000000000000000000000000000010
:103CB4000000000000000000000000000000000000
:103CC40000000000000000000000000000000000F0
:103CD40000000000000000000000000000000000E0
:103CE4000000000000000000153F0100000000007B
:103CF40000000000000000008158010000000000E6
:103D04000000000000000000A149010000000000C4
:103D140000000000000000003967010000000000FE
:103D2400000000000000000009660100000000001F
:103D34000000000000000000896F01000000000086
:103D440000000000000000008D6A01000000000077
:103D540000000000217F0100198E01005D8F010029
:103D64000000000000000000D5800100D3F503002E
:103D740095F60300DD7E0100000000000000000055
:103D8400258B0100000000000000000007FA03007A
:103D940000000000000000000000000092B70400D2
:103DA40000002000000000000000000000000000EF
:103DB4000000000093F80300000000003C0800200D
:103DC4003C08002000000000000000000E0000007D
:103DD40050080020500800209DB0010000000000A1
:103DE40000000000147202200000000005E501003C
:103DF400000000001C72022000000000D9D801005D
:103E04000000000024720220000000006976020015
:103E1400000000002C7202200000000069760200FD
:103E2400000000003472022000000000F9D50100F7
:103E340000000000E482022000000000558102001E
:103E440000000000EC8202200000000069760200FD
:103E540000000000F4820220000000002DFD01009B
:103E6400000000007083022000000000D50802005A
:103E74000000000078830220000000006976020040
:103E8400000000008083022000000000310B0200CB
:103E9400000000008883022000000000C916020010
:103EA400000000004C870220000000009C870220D4
:103EB400000000003C88022000000000EC88022082
:103EC40000000000998E020000000000788A0220A1
:103ED400000000007973020000000000988A0220AC
:103EE400000000006976020000000000788E0220C5
:103EF40000000000C5C9010000000000708E02200F
:103F040000000000C5C9010000000000688E022006
:103F140000000000F9C5010000000000608E0220CE
:103F240000000000C5C9010000000000588E0220F6
:103F340000000000F9C5010000000000508E0220BE
:103F440000000000C5C901000000000000000000DE
:103F54008B030400000000000000000000000000CB
:103F64008B030400000000000000000000000000BB
:103F74008B0304000000000080010000000000002A
:103F840085040400000000000000000000000000A0
:103F940000601806000001019303040010000000F3
:103FA40021AD0200289C04001ABB0220FFFF000080
:103FB40000000000000000000000000000000000FD
:103FC400C1B002000000000000000000000000007A
:103FD400CDD102000000000000000000000000003D
:103FE400EB11040000000000740A0020000000002F
:103FF400000000000000000000000000BABC022025
:10400400200000000000000000000000000000008C
:1040140000000000EB11040000000000A80A0020CA
:10402400000000000000000000000000000000008C
:10403400DCBC0220200000000000000000000000A2
:104044000000000000000000F11304000000000064
:1040540000A0045000000000000000000000000068
:10406400000000000000000000000000000000004C
:10407400000000000000000000000000000000003C
:10408400D89E040001000000080B0020080B00204B
:104094000000000001000000180B0020180B002095
:1040A400200B0020200B0020000000000100000075
:1040B400300B0020300B0020000000000000000046
:1040C40000000000000000000000000000000000EC
:1040D40000000000000000000000000088760400DA
:1040E400000000000000000004BD0220FCBC02200F
:1040F400B1D9020000000000FF0000000090D003CE
:10410400FF0000000F000000710200008C0B002073
:104114008C0B0020940B0020940B0020B92A010082
:06412400D52A0100010193
:10412A000000000000000000000000000000000085
:10413A000000000000000000000000000000000075
:0A414A00000000000000000000006B
:10415400000000000000000000000000000000005B
:10416400000000000000000000000000000000004B
:10417400000000000000000000000000000000003B
:10418400000000000000000000000000000000002B
:044194000000000027
:044198000000000023
:10419C0000000000000000001537030000000000C4
:1041AC000000000000000000300C0020300C00204B
:1041BC00A3A90300000000000000000000000000A4
:0841CC000000000000000000EB
:1041D400500C0020500C0020000000007C840320C0
:1041E400000000000100000030000000000000009A
:1041F400700C0020700C00200000000090E20220EF
:104204000000000001000000B800000000000000F1
:10421400900C0020900C0020000000003C6A032059
:10422400000000000800000064000000000000001E
:10423400B00C0020B00C0020000000006C690320CA
:104244000000000004000000340000000000000032
:10425400D00C0020D00C002000000000AC8403200F
:1042640000000000030000001C000000000000002B
:1042740000000000C83B03204408000000000000C8
:1042840000000000000000000000000018C8022028
:104294000009000000000000000000000000000011
:1042A400200D0020200D0020000000000000000070
:1042B4000E000000340D0020340D0020000000002A
:1042C400000000000E000000480D0020480D0020F2
:0C42D40000000000000000000E000000D0
:1042E0005C0D00205C0D002000000000B20000000A
:1042F000180000000C480320BC5803200C48032081
:104300000C48032000000000840D0020840D0020D4
:1043100000000000900D0020900D00200000000023
:10432000B200000018000000BC5803206C69032094
:10433000BC580320BC58032000000000B80D00202A
:10434000B80D002000000000C40D0020C40D0020A6
:104350000000000000010000040000000C440320E5
:104360000C4803200C4403200C44032000000000F0
:0C437000EC0D0020EC0D0020000000000F
:10437C00F80D0020F80D00200000000001000000E6
:10438C00080E0020080E0020100E0020100E002039
:10439C0000000000FFFFFFFF200E0020200E002079
:1043AC00000000000000000000000000340E00209F
:0C43BC00340E00203C0E00203C0E0020BF
:1043C800000000000000000000000000500E002067
:1043D800500E0020580E0020580E00200000030048
:1043E80003001000000000009C9504008480032056
:1043F800000000000000000000000000800E002007
:10440800800E0020880E0020880E00200000030087
:1044180003001000797E010038960400048403200C
:10442800000000000000000000000000B00E0020A6
:10443800B00E0020B80E0020B80E002000000300C7
:1044480003000000000000003C940400387B0320B7
:10445800000000000000000000000000E00E002046
:10446800E00E0020E80E0020E80E00200000010009
:1044780001001000416A0100889504005C7D03205A
:10448800000000000000000000000000100F0020E5
:10449800100F0020180F0020180F00200000020045
:1044A8000200000000000000509504002C7D03204D
:1044B800000000000000000000000000400F002085
:1044C800400F0020480F0020480F002000000C007B
:1044D8000C00040089410100289404005C79032041
:1044E800000000000000000000000000700F002025
:1044F800700F0020780F0020780F002000000100C6
:10450800010000000000000050940400847C032097
:0445180015E015E0B5
:04000003100022C502
:00000001FF
