:10000000B0FD0020D5DE0000C5170200C1DE0000F3
:10001000C1DE0000C1DE0000C1DE0000C1DE000064
:100020000000000000000000000000000DDF0000E4
:10003000C1DE000000000000E1E00000C1DE0000C1
:1000400065E1000065E1000065E1000065E1000098
:1000500065E1000065E1000065E1000065E1000088
:1000600065E1000065E1000065E1000065E1000078
:1000700065E1000065E1000065E1000065E1000068
:1000800065E1000065E1000065E1000065E1000058
:1000900065E1000065E1000065E1000065E1000048
:1000A00065E1000065E1000065E1000065E1000038
:1000B00065E1000065E1000065E1000065E1000028
:1000C00065E1000065E1000065E1000065E1000018
:1000D00065E1000065E1000065E1000065E1000008
:1000E00065E1000065E1000065E1000065E10000F8
:1000F00065E1000065E1000065E1000065E10000E8
:1001000065E1000065E1000065E1000065E10000D7
:1001100065E1000065E1000065E1000065E10000C7
:1001200065E1000065E1000065E1000065E10000B7
:1001300065E1000065E1000065E1000065E10000A7
:1001400065E1000065E1000065E1000065E1000097
:1001500065E1000065E1000065E1000065E1000087
:1001600065E1000065E1000065E1000065E1000077
:1001700065E1000065E1000065E1000065E1000067
:1001800065E1000065E1000065E1000065E1000057
:1001900065E1000065E1000065E1000065E1000047
:1001A00065E1000065E1000065E1000065E1000037
:1001B00065E1000065E1000065E1000065E1000027
:1001C00065E1000065E1000065E1000065E1000017
:1001D00065E1000065E1000065E1000065E1000007
:1001E00065E1000065E1000065E1000065E10000F7
:1001F00065E1000065E1000065E1000065E10000E7
:1002000065E1000065E1000065E1000065E10000D6
:1002100065E1000065E1000065E1000065E10000C6
:1002200065E1000065E1000065E1000065E10000B6
:1002300065E1000065E1000065E1000065E10000A6
:1002400065E1000065E1000065E1000065E1000096
:1002500065E1000065E1000065E1000065E1000086
:1002600065E1000065E1000065E1000065E1000076
:1002700065E1000065E1000065E1000065E1000066
:1002800065E1000065E1000065E1000065E1000056
:1002900065E1000065E1000065E1000065E1000046
:1002A00065E1000065E1000065E1000065E1000036
:1002B00065E1000065E1000065E1000065E1000026
:1002C00065E1000065E1000065E1000065E1000016
:1002D00065E1000065E1000065E1000065E1000006
:1002E00065E1000065E1000065E1000065E10000F6
:1002F00065E1000065E1000065E1000065E10000E6
:1003000065E1000065E1000065E1000065E10000D5
:1003100065E1000065E1000065E1000065E10000C5
:1003200065E1000065E1000065E1000065E10000B5
:1003300065E1000065E1000065E1000065E10000A5
:1003400065E1000065E1000065E1000065E1000095
:1003500065E1000065E1000065E1000065E1000085
:1003600065E1000065E1000065E1000065E1000075
:1003700065E1000065E1000065E1000065E1000065
:1003800065E1000065E1000065E1000065E1000055
:1003900065E1000065E1000065E1000065E1000045
:1003A00065E1000065E1000065E1000065E1000035
:1003B00065E1000065E1000065E1000065E1000025
:1003C00065E1000065E1000065E1000065E1000015
:1003D00065E1000065E1000065E1000065E1000005
:1003E00065E1000065E1000065E1000065E10000F5
:1003F00065E1000065E1000065E1000065E10000E5
:1004000065E1000065E1000065E1000065E10000D4
:1004100065E1000065E1000065E1000065E10000C4
:1004200065E1000065E1000065E1000065E10000B4
:1004300065E1000065E1000065E1000065E10000A4
:1004400065E1000065E1000065E1000065E1000094
:1004500065E1000065E1000065E1000065E1000084
:1004600065E1000065E1000065E1000065E1000074
:0C04700065E1000065E1000065E10000AE
:1004800081F0004102E000BF83F0004330B54FEA45
:1004900041044FEA430594EA050F08BF90EA020FB2
:1004A0001FBF54EA000C55EA020C7FEA645C7FEA45
:1004B000655C00F0E2804FEA5454D4EB5555B8BF68
:1004C0006D420CDD2C4480EA020281EA030382EAD9
:1004D000000083EA010180EA020281EA0303362D6B
:1004E00088BF30BD11F0004F4FEA01314FF4801C3E
:1004F0004CEA113102D0404261EB410113F0004F50
:100500004FEA03334CEA133302D0524263EB430306
:1005100094EA050F00F0A780A4F10104D5F1200EA4
:100520000DDB02FA0EFC22FA05F2801841F10001FF
:1005300003FA0EF2801843FA05F359410EE0A5F1D3
:1005400020050EF1200E012A03FA0EFC28BF4CF004
:10055000020C43FA05F3C01851EBE37101F00045BA
:1005600007D54FF0000EDCF1000C7EEB00006EEBC7
:100570000101B1F5801F1BD3B1F5001F0CD3490851
:100580005FEA30004FEA3C0C04F101044FEA4452A8
:1005900012F5800F80F09A80BCF1004F08BF5FEA2F
:1005A000500C50F1000041EB045141EA050130BD0F
:1005B0005FEA4C0C404141EB0101013C28BFB1F521
:1005C000801FE9D291F0000F04BF01460020B1FA6C
:1005D00081F308BF2033A3F10B03B3F120020CDA3F
:1005E0000C3208DD02F1140CC2F10C0201FA0CF01D
:1005F00021FA02F10CE002F11402D8BFC2F1200C82
:1006000001FA02F120FA0CFCDCBF41EA0C01904037
:10061000E41AA2BF01EB0451294330BD6FEA040480
:100620001F3C1CDA0C340EDC04F11404C4F120026B
:1006300020FA04F001FA02F340EA030021FA04F37D
:1006400045EA030130BDC4F10C04C4F1200220FAD4
:1006500002F001FA04F340EA0300294630BD21FA12
:1006600004F0294630BD94F0000F83F4801306BFD8
:1006700081F480110134013D4EE77FEA645C18BFCC
:100680007FEA655C29D094EA050F08BF90EA020F63
:1006900005D054EA000C04BF1946104630BD91EA5B
:1006A000030F1EBF0021002030BD5FEA545C05D15E
:1006B0004000494128BF41F0004130BD14F580049D
:1006C0003CBF01F5801130BD01F0004545F0FE4111
:1006D00041F470014FF0000030BD7FEA645C1ABF46
:1006E000194610467FEA655C1CBF0B46024650EA7D
:1006F000013406BF52EA033591EA030F41F40021A9
:1007000030BD00BF90F0000F04BF0021704730B52E
:100710004FF4806404F132044FF000054FF0000103
:1007200050E700BF90F0000F04BF0021704730B5C4
:100730004FF4806404F1320410F0004548BF404299
:100740004FF000013EE700BF42004FEAE2014FEAEE
:1007500031014FEA02701FBF12F07F4393F07F4FC9
:1007600081F06051704732F07F4208BF704793F0CC
:100770007F4F04BF41F40021704730B54FF46074DF
:1007800001F0004521F000411CE700BF50EA0102E2
:1007900008BF704730B54FF000050AE050EA01028B
:1007A00008BF704730B511F0004502D5404261EBFB
:1007B00041014FF4806404F132045FEA915C3FF43C
:1007C000D8AE4FF003025FEADC0C18BF03325FEAD9
:1007D000DC0C18BF033202EBDC02C2F1200300FA8A
:1007E00003FC20FA02F001FA03FE40EA0E0021FAAF
:1007F00002F11444BDE600BF70B54FF0FF0C4CF49D
:10080000E06C1CEA11541DBF1CEA135594EA0C0F4E
:1008100095EA0C0F00F0DEF82C4481EA030621EA89
:100820004C5123EA4C5350EA013518BF52EA0335C4
:1008300041F4801143F4801338D0A0FB02CE4FF076
:100840000005E1FB02E506F00042E0FB03E54FF0A6
:100850000006E1FB03569CF0000F18BF4EF0010E9E
:10086000A4F1FF04B6F5007F64F5407404D25FEA9A
:100870004E0E6D4146EB060642EAC62141EA55514D
:100880004FEAC52040EA5E504FEACE2EB4F1FD0C8F
:1008900088BFBCF5E06F1ED8BEF1004F08BF5FEA0D
:1008A000500E50F1000041EB045170BD06F00046BF
:1008B00046EA010140EA020081EA0301B4EB5C046C
:1008C000C2BFD4EB0C0541EA045170BD41F4801164
:1008D0004FF0000E013C00F3AB8014F1360FDEBF89
:1008E000002001F0004170BDC4F10004203C35DA65
:1008F0000C341BDC04F11404C4F1200500FA05F3E8
:1009000020FA04F001FA05F240EA020001F0004288
:1009100021F0004110EBD37021FA04F642EB0601FE
:100920005EEA430E08BF20EAD37070BDC4F10C0428
:10093000C4F1200500FA04F320FA05F001FA04F2EC
:1009400040EA020001F0004110EBD37041F10001D8
:100950005EEA430E08BF20EAD37070BDC4F12005E3
:1009600000FA05F24EEA020E20FA04F301FA05F24B
:1009700043EA020321FA04F001F0004121FA04F2F3
:1009800020EA020000EBD3705EEA430E08BF20EAC3
:10099000D37070BD94F0000F0FD101F000464000FD
:1009A00041EB010111F4801F08BF013CF7D041EA7F
:1009B000060195F0000F18BF704703F00046520083
:1009C00043EB030313F4801F08BF013DF7D043EA54
:1009D0000603704794EA0C0F0CEA135518BF95EA0A
:1009E0000C0F0CD050EA410618BF52EA4306D1D191
:1009F00081EA030101F000414FF0000070BD50EAB0
:100A0000410606BF1046194652EA430619D094EA39
:100A10000C0F02D150EA013613D195EA0C0F05D123
:100A200052EA03361CBF104619460AD181EA030177
:100A300001F0004141F0FE4141F470014FF000002F
:100A400070BD41F0FE4141F4780170BD70B54FF0CA
:100A5000FF0C4CF4E06C1CEA11541DBF1CEA13554A
:100A600094EA0C0F95EA0C0F00F0A7F8A4EB05042C
:100A700081EA030E52EA03354FEA013100F0888023
:100A80004FEA03334FF0805545EA131343EA1263EC
:100A90004FEA022245EA111545EA10654FEA0026A1
:100AA0000EF000419D4208BF964244F1FD0404F55A
:100AB000407402D25B084FEA3202B61A65EB0305B6
:100AC0005B084FEA32024FF480104FF4002CB6EB73
:100AD000020E75EB030E22BFB61A754640EA0C00F3
:100AE0005B084FEA3202B6EB020E75EB030E22BF33
:100AF000B61A754640EA5C005B084FEA3202B6EB74
:100B0000020E75EB030E22BFB61A754640EA9C0032
:100B10005B084FEA3202B6EB020E75EB030E22BF02
:100B2000B61A754640EADC0055EA060E18D04FEAC0
:100B3000051545EA16754FEA06164FEAC30343EA60
:100B400052734FEAC2025FEA1C1CC0D111F4801F2D
:100B50000BD141EA00014FF000004FF0004CB6E726
:100B600011F4801F04BF01430020B4F1FD0C88BFC5
:100B7000BCF5E06F3FF6AFAEB5EB030C04BFB6EBD0
:100B8000020C5FEA500C50F1000041EB045170BDC3
:100B90000EF0004E4EEA113114EB5C04C2BFD4EBF0
:100BA0000C0541EA045170BD41F480114FF0000E74
:100BB000013C90E645EA060E8DE60CEA135594EAF0
:100BC0000C0F08BF95EA0C0F3FF43BAF94EA0C0FF3
:100BD0000AD150EA01347FF434AF95EA0C0F7FF468
:100BE00025AF104619462CE795EA0C0F06D152EABC
:100BF00003353FF4FDAE1046194622E750EA4106A0
:100C000018BF52EA43067FF4C5AE50EA41047FF4B0
:100C10000DAF52EA43057FF4EBAE12E74FEA410213
:100C200012F5001215D211D56FF47873B3EB62523E
:100C300012D94FEAC12343F0004343EA505311F065
:100C4000004F23FA02F018BF404270474FF00000F7
:100C5000704750EA013005D111F0004008BF6FF035
:100C6000004070474FF00000704700BF4FEA41025C
:100C7000B2F1E04324BFB3F5001CDCF1FE5C0DD9FA
:100C800001F0004C4FEAC0024CEA5070B2F1004F44
:100C900040EB830008BF20F00100704711F0804F47
:100CA00021D113F13872BCBF01F00040704741F40C
:100CB00080114FEA5252C2F11802C2F1200C10FA10
:100CC0000CF320FA02F018BF40F001004FEAC123F4
:100CD0004FEAD32303FA0CFC40EA0C0023FA02F398
:100CE0004FEA4303CCE77FEA625307D150EA01336E
:100CF0001EBF4FF0FE4040F44000704701F000403E
:100D000040F0FE4040F40000704700BF80F000401B
:100D100002E000BF81F0004142001FBF5FEA4103D3
:100D200092EA030F7FEA226C7FEA236C6AD04FEAD3
:100D30001262D2EB1363C1BFD21841404840414018
:100D4000B8BF5B42192B88BF704710F0004F40F4CA
:100D5000000020F07F4018BF404211F0004F41F4E6
:100D6000000121F07F4118BF494292EA030F3FD0B2
:100D7000A2F1010241FA03FC10EB0C00C3F12003C5
:100D800001FA03F100F0004302D5494260EB400054
:100D9000B0F5000F13D3B0F1807F06D340084FEABF
:100DA000310102F10102FE2A51D2B1F1004F40EBB4
:100DB000C25008BF20F0010040EA0300704749001C
:100DC00040EB0000013A28BFB0F5000FEDD2B0FAB9
:100DD00080FCACF1080CB2EB0C0200FA0CF0AABFDC
:100DE00000EBC25052421843BCBFD040184370477A
:100DF00092F0000F81F4000106BF80F40000013280
:100E0000013BB5E74FEA41037FEA226C18BF7FEA56
:100E1000236C21D092EA030F04D092F0000F08BF98
:100E20000846704790EA010F1CBF0020704712F07F
:100E30007F4F04D1400028BF40F00040704712F1BE
:100E400000723CBF00F50000704700F0004343F023
:100E5000FE4040F4000070477FEA226216BF084659
:100E60007FEA23630146420206BF5FEA412390EA1C
:100E7000010F40F4800070474FF0000304E000BF12
:100E800010F0004348BF40425FEA000C08BF7047C3
:100E900043F0964301464FF000001CE050EA010287
:100EA00008BF70474FF000030AE000BF50EA01029C
:100EB00008BF704711F0004302D5404261EB410189
:100EC0005FEA010C02BF84460146002043F0B643AE
:100ED00008BFA3F18053A3F50003BCFA8CF2083AD3
:100EE000A3EBC25310DB01FA02FC634400FA02FCDC
:100EF000C2F12002BCF1004F20FA02F243EB0200E3
:100F000008BF20F00100704702F1200201FA02FC44
:100F1000C2F1200250EA4C0021FA02F243EB020037
:100F200008BF20EADC7070474FF0FF0C1CEAD0527B
:100F30001EBF1CEAD15392EA0C0F93EA0C0F6FD03C
:100F40001A4480EA010C400218BF5FEA41211ED01A
:100F50004FF0006343EA501043EA5111A0FB013106
:100F60000CF00040B1F5000F3EBF490041EAD371DB
:100F70005B0040EA010062F17F02FD2A1DD8B3F157
:100F8000004F40EBC25008BF20F00100704790F0C6
:100F9000000F0CF0004C08BF49024CEA502040EA18
:100FA00051207F3AC2BFD2F1FF0340EAC2507047DE
:100FB00040F400004FF00003013A5DDC12F1190F1C
:100FC000DCBF00F000407047C2F10002410021FA8E
:100FD00002F1C2F1200200FA02FC5FEA310040F1A6
:100FE000000053EA4C0308BF20EADC70704792F01F
:100FF000000F00F0004C02BF400010F4000F013A57
:10100000F9D040EA0C0093F0000F01F0004C02BF51
:10101000490011F4000F013BF9D041EA0C018FE7C0
:101020000CEAD15392EA0C0F18BF93EA0C0F0AD0C6
:1010300030F0004C18BF31F0004CD8D180EA0100EC
:1010400000F00040704790F0000F17BF90F0004F85
:10105000084691F0000F91F0004F14D092EA0C0F67
:1010600001D142020FD193EA0C0F03D14B0218BFFA
:10107000084608D180EA010000F0004040F0FE4040
:1010800040F40000704740F0FE4040F440007047DC
:101090004FF0FF0C1CEAD0521EBF1CEAD15392EA5B
:1010A0000C0F93EA0C0F69D0A2EB030280EA010C4B
:1010B00049024FEA402037D04FF0805343EA1111E4
:1010C00043EA10130CF000408B4238BF5B0042F142
:1010D0007D024FF4000C8B4224BF5B1A40EA0C00E7
:1010E000B3EB510F24BFA3EB510340EA5C00B3EB19
:1010F000910F24BFA3EB910340EA9C00B3EBD10F07
:1011000024BFA3EBD10340EADC001B0118BF5FEA58
:101110001C1CE0D1FD2A3FF650AF8B4240EBC25081
:1011200008BF20F0010070470CF0004C4CEA502042
:101130007F32C2BFD2F1FF0340EAC250704740F491
:1011400000004FF00003013A37E792F0000F00F083
:10115000004C02BF400010F4000F013AF9D040EA01
:101160000C0093F0000F01F0004C02BF490011F495
:10117000000F013BF9D041EA0C0195E70CEAD1538D
:1011800092EA0C0F08D142027FF47DAF93EA0C0F74
:101190007FF470AF084676E793EA0C0F04D14B0258
:1011A0003FF44CAF08466EE730F0004C18BF31F00A
:1011B000004CCAD130F000427FF45CAF31F0004304
:1011C0007FF43CAF5FE700BF4FF0FF3C06E000BF9D
:1011D0004FF0010C02E000BF4FF0010C4DF804CDC0
:1011E0004FEA40024FEA41037FEA226C18BF7FEAD0
:1011F000236C11D001B052EA530C18BF90EA010FD2
:1012000058BFB2EB030088BFC81738BF6FEAE17060
:1012100018BF40F0010070477FEA226C02D15FEAFC
:10122000402C05D17FEA236CE4D15FEA412CE1D068
:101230005DF8040B704700BF844608466146FFE72F
:101240000FB5FFF7C9FF002848BF10F1000F0FBD11
:101250004DF808EDFFF7F4FF0CBF012000205DF80A
:1012600008FB00BF4DF808EDFFF7EAFF34BF01208F
:1012700000205DF808FB00BF4DF808EDFFF7E0FF28
:1012800094BF012000205DF808FB00BF4DF808ED79
:10129000FFF7D2FF94BF012000205DF808FB00BFDC
:1012A0004DF808EDFFF7C8FF34BF012000205DF8BE
:1012B00008FB00BF4FEA40024FEA41037FEA226C7D
:1012C00002D15FEA402C08D17FEA236C02D15FEAA9
:1012D000412C02D14FF0000070474FF001007047E1
:1012E0004FEA4002B2F1FE4F0FD34FF09E03B3EB33
:1012F00012620DD94FEA002343F0004310F0004F73
:1013000023FA02F018BF404270474FF000007047C8
:1013100012F1610F01D1420205D110F0004008BF67
:101320006FF0004070474FF00000704742000ED24F
:10133000B2F1FE4F0BD34FF09E03B3EB126209D410
:101340004FEA002343F0004323FA02F070474FF0C6
:101350000000704712F1610F01D1420202D14FF03B
:10136000FF3070474FF00000704700BF7BB972B983
:101370000029BEBF00204FF0004106E008BF002852
:101380001CBF6FF000414FF0FF3000F077B8ADF1B7
:10139000080C6DE904CE002909DB002B1ADB00F0F4
:1013A000CFF8DDF804E0DDE9022304B070474042E5
:1013B00061EB4101002B1BDB00F0C2F8DDF804E01B
:1013C000DDE9022304B0404261EB4101524263EB8C
:1013D00043037047524263EB430300F0B1F8DDF87A
:1013E00004E0DDE9022304B0404261EB41017047B3
:1013F000524263EB430300F0A3F8DDF804E0DDE9BB
:10140000022304B0524263EB4303704753B94AB915
:10141000002908BF00281CBF4FF0FF314FF0FF30FC
:1014200000F02CB8ADF1080C6DE904CE00F088F89E
:10143000DDF804E0DDE9022304B07047D0B5FFF722
:1014400083F900220B4B06460F46FFF7D5F900F053
:1014500017F80446FFF756F90022074BFFF7CCF9BF
:1014600002460B4630463946FFF70EF800F008F802
:101470002146D0BD0000F03D0000F041704700BFA4
:101480004A0011D212F5001211D20DD56FF4787303
:10149000B3EB62520ED44FEAC12343F0004343EA58
:1014A000505323FA02F070474FF00000704750EAA3
:1014B000013002D14FF0FF3070474FF0000070470D
:1014C00010F8012B11F8013B012A28BF9A42F7D0EE
:1014D000D01A7047034611F8012B03F8012B002A9C
:1014E000F9D17047034613F8012B002AFBD1181AD3
:1014F00001387047430803F05533C01A00F0333306
:10150000800800F0333018444FF0013300EB101026
:1015100000F00F305843000E704710B5002104460C
:10152000FFF7A0FE20B92046BDE81040FFF786BFB8
:1015300004F10040FFF782FF404261EB410110BD22
:101540002DE9F0478C468E46089E154604461946FE
:10155000002B40F0D080724547D9B2FA82F74FB1E4
:10156000C7F120030EFA07FCBD40BC4020FA03F38C
:1015700043EA0C0C4FEA154EA8B2230CBCFBFEF854
:101580000EFB18CC08FB00F943EA0C43994528D917
:10159000EB1808F1FF3204D2994502D9A8F10202F2
:1015A0002B44A3EB0903A4B2B3FBFEFC0EFB1C33DC
:1015B0000CFB00F044EA0344A04214D92C190CF1AE
:1015C000FF3304D2A04202D9ACF102032C44241A06
:1015D00043EA02401EB1FC40002334607360BDE862
:1015E000F0874246DDE76346F1E7002A79D0B2FA98
:1015F00082F3002B3FD01946C1F1200302FA01F516
:1016000000FA01F42EFA03F20EFA01FE20FA03F3B7
:10161000AFB243EA0E034FEA154EB2FBFEFC0EFBDF
:101620001C201A0C0CFB07F842EA004290455AD9DC
:10163000AA180CF1FF3004D2904502D9ACF1020097
:101640002A44A2EB08029BB2B2FBFEFC0EFB1C225A
:101650000CFB07F743EA02439F4246D9EB180CF113
:10166000FF3204D29F4202D9ACF102022B44DB1BB1
:1016700042EA004202E0AEEB020301224FEA154EBD
:10168000AFB2200CB3FBFEFC0EFB1C330CFB07F8C7
:1016900040EA034398452AD9EB180CF1FF3004D2F5
:1016A000984502D9ACF102002B44A3EB0803A4B285
:1016B000B3FBFEFC0EFB1C330CFB07F744EA0344B0
:1016C000A74216D92C190CF1FF3304D2A74202D934
:1016D000ACF102032C44E41B43EA00400F461146E0
:1016E00078E71F2188E76046ABE76246BFE76046C0
:1016F000DBE76346EFE7734506D916B900210846D4
:101700006DE7C6E9000EF9E7B3FA83F787B97345C9
:1017100001D3824207D8841A6EEB030301209C4652
:101720001EB900215BE73846FAE7C6E9004CF8E746
:10173000C7F1200CBB4000FA07F422FA0CF520FA9E
:101740000CF1BA401D432EFA0CF30EFA07FE4FEAD5
:10175000154941EA0E011FFA85FEB3FBF9F809FBB2
:1017600018300B0C08FB0EFA43EA00439A4540D9A7
:10177000EB1808F1FF3004D29A4502D9A8F1020013
:101780002B44A3EB0A0389B2B3FBF9F809FB183326
:1017900008FB0EFE41EA03418E452CD9691808F179
:1017A000FF3304D28E4502D9A8F10203294443EA4B
:1017B0000040A1EB0E01A0FB02984145CE464346F6
:1017C00002D306D14C4504D20138B9EB020E68EBC6
:1017D0000503002EA5D0B4EB0E0261EB030101FA64
:1017E0000CFC22FA07F3F9404CEA0303C6E9003186
:1017F00097E74046C5E74346D9E7000000000000F0
:101800002DE9F04F85B000AFD7E90E56012D904677
:1018100076F1000282468B46994629DBC7F804D050
:1018200088B03F4905A81DF0C2FD022207F108015A
:1018300006A8C7E902561DF0B0FD04236A46BB6046
:1018400042F8103F00234FF4035136480BF0DAFC06
:101850002946D7F804D034481DF0CDFA334BD3E8ED
:10186000EF2FC3E8E15F0029F9D1402004F068FBC5
:1018700059465046FFF7D2F9494606464046FFF71B
:10188000CDF98AB005462A4905A81DF090FD3146DC
:1018900006A81DF095FD3046FEF744FF02460B46B4
:1018A00050465946FEF7F0FD1BA3D3E90023FEF78F
:1018B000A3FFFFF7B3F980EAE071A1EBE07107A89D
:1018C0001DF07EFD294608A81DF07AFD2846FEF78A
:1018D00029FF02460B4640464946FEF7D5FD0EA3BA
:1018E000D3E90023FEF788FFFFF798F980EAE0715B
:1018F000A1EBE07109A81DF063FD06236A46BB60F9
:1019000042F8103F00234FF4435106480BF07AFC95
:101910001437BD46BDE8F08F0000000080842E41E2
:10192000C1BB0200708D0200146200203C620020E6
:10193000DDBB02000000000010B588B00446684618
:101940001DF0AFFA50B1DDE90001FEF727FF06A355
:10195000D3E90023FFF77AF808B010BDD4E9AE014F
:10196000FAE700BFAFF300800000000065CDCD4175
:1019700010B588B0044668461DF093FA50B1DDE911
:101980000201FEF70BFF06A3D3E90023FFF75EF881
:1019900008B010BDD4E9B001FAE700BFAFF3008092
:1019A0000000000065CDCD4170B592B00C461DF031
:1019B0006EFA30B920462A4912B0BDE87040FFF7F0
:1019C00089BD07A81DF075FA9DF81C300AA8022BE6
:1019D00096BF244A244D52F823501DF062FABDF8F8
:1019E0001E6008B3DDE90C01FEF7D8FE1AA3D3E9A7
:1019F0000023FFF72BF8CDE90401DDE90A01FEF72A
:101A0000CDFE15A3D3E90023FFF720F8089BCDE90D
:101A10000201CDE900634FF480712B462046134A42
:101A200019F0E8FF12B070BD099B4BB1CDE900631E
:101A30004FF480712B4620460D4A19F0DBFFF1E789
:101A40002B464FF4807120460A4A009619F0D2FFC7
:101A5000E8E700BFAFF300800000000065CDCD4196
:101A6000DECC02003498020030CD02003EBF0200FE
:101A700070BF020094BF02002DE9F04F00F58054C2
:101A8000DDB0C4F8D0281A788046012A7BD1446D95
:101A9000D0F868024FF47A7503681B689847ADF870
:101AA000A800D8F85C0003685B699847ADF8AA0005
:101AB000D8F854000368DB699847ADF8AC00236898
:101AC00020469B6B9847FFF70BFCADF8AE002368F0
:101AD00020465B6D98472C90236820469B6D984765
:101AE000D8F814304FF47A72B3FBF5F32D902E939F
:101AF000D8E99E010023FFF789FCD8F83C302F90ED
:101B00003093D8F8403020463193D8F8443032939F
:101B1000D8F848303393B8F86030ADF8D030236847
:101B2000DB6B98474FF08141FFF7FEF9FFF7D8FBD9
:101B3000D8F86C30ADF8D200D3F808252046ADF8BF
:101B4000D420D3F80C35ADF8D630D8F8183008F5D5
:101B5000C658B3FBF5F33693236808F11408DB6D20
:101B6000984738AC37902AAA134603CBA342C8F84B
:101B70000000C8F804101A4608F10808F4D13C2007
:101B80005DB0BDE8F08F032A40F02581D0F86802EF
:101B900006AC03680DF124091B68984708F5C65385
:101BA0001433B42223600023C4E90123FFF768F94A
:101BB000B949FFF76DFAB949FFF7B6F9FFF7B6FB78
:101BC000742283B2012120461DF02EFED4E9006765
:101BD0004846A56803F0BCFC002840F0B48099F8A2
:101BE0001030002B00F09B80D9F800200121204606
:101BF00004F076FFD4E90067A56899F811308BB13D
:101C000005F10308B8450DD80123D9F80410735520
:101C1000682335446B700846FFF77EF8FFF786FBB4
:101C2000A870454699F8123093B19D49D9F808003B
:101C3000FFF77AF9FFF77AFB732283B2012120467E
:101C4000C4E90067A5601DF0EFFDD4E90067A56851
:101C50001DF03CF970B12AA81DF03AF9814648B947
:101C60004FF00208DFF830B20DF1A80A9DF8E83015
:101C70004B457ADC2AA81DF014F9002845D005F15F
:101C80000B08B84541D8DDE92A01FEF787FD80A39E
:101C9000D3E90023FEF7DAFEFEF7E8FF8149FFF7FC
:101CA00043F9FFF71DFB0746DDE92C01FEF776FD42
:101CB00077A3D3E90023FEF7C9FEFEF7D7FF7949E2
:101CC000FFF732F9FFF70CFB04462E98FFF7D8F820
:101CD0007149FFF7DDF97149FFF726F9FFF700FBBE
:101CE0000122725588222E44454672703A14B27011
:101CF0003A12F270221472712212B271021432720C
:101D000002123771F4717272B0721DF0BEF820B118
:101D10001DF0BDF808B11DF0CBF8281D30E799F88B
:101D2000133013B1D9F80C2060E7D8F868020368C3
:101D30009B68984701468046FFF7BCFA00287FF46D
:101D40005CAF424652E7D8F8680203689B68984740
:101D500001468046FFF7AEFA00287FF479AF42468D
:101D60000121204604F0BCFE6FE79AF80C306BB3FB
:101D70004A49DAF80000FFF7D7F8FFF7D7FA7422DC
:101D800083B241462046C4E90067A5601DF04CFDC2
:101D90005946DAF80400FFF7C7F8FFF7C7FA4146DB
:101DA00083B2752220461DF03FFDDAF80800FFF7E8
:101DB000BDFA414683B2802220461DF035FDD4E9AC
:101DC000006708F10108A5685FFA88F809F10109C0
:101DD0000AF1100A4AE7052A2FD191F8202002F0D3
:101DE0000302032A40F024815A789B781A4340F07A
:101DF0001F81042341F6D00600F57F75D4F8FC1747
:101E000018468A42BFF6BCAEAD2B3FF6B9AE95F888
:101E1000201079B12F68991948F8017008EB01007A
:101E2000A988818095F82000991D58FA81F107331F
:101E3000DBB288550132A035E0E7062A40F0E480A5
:101E40005C78002C40F0F4809A78B3F80370049228
:101E50009A795D79202A28BF2022934600F51353F2
:101E600000F5355104331C31586A30B15CAA601C4E
:101E700002EB840444F8C83C04B22C338B42F3D107
:101E8000032D17D8DFE805F0104A6682AFF3008013
:101E90000000000065CDCD4100007A440000C8423A
:101EA0000000204100401C4600252AAB04F1FF3A07
:101EB00055451DDB0025A9460BF1050A5FFA8AF39B
:101EC00009AE03935E44049B4B4501DDBC4279DCC3
:101ED00008F5805308F5C6502A46A3F8D448A3F85D
:101EE000D69809A9183025F08DFC05F1080047E6C1
:101EF00001351E46AC46644501DC0433D8E7716801
:101F00001A68486AD2F824E00CF1010C704588BFC9
:101F1000196006F1040688BF3260ECE700252AABA1
:101F200004F1FF3A5545C5DA01351E46AC46644515
:101F300001DC0433F6E771681A68486AD2F824E0D5
:101F40000CF1010C704538BF196006F1040638BF6A
:101F50003260ECE700212AAB04F1FF3E7145A9DABB
:101F6000013118460D46AC4201DC0433F6E7426805
:101F70001E6892F928A096F928900135CA45C8BF75
:101F80001A6000F10400C8BF0660ECE700212AAB2C
:101F900004F1FF3E71458DDA013118460D46AC4221
:101FA00001DC0433F6E742681E6892F928A096F92E
:101FB00028900135CA45B8BF1A6000F10400B8BFC7
:101FC0000660ECE7039BEB18822B059380DCD8F8C6
:101FD00068002AAB056853F827A02D68A847DAF8EF
:101FE00024505146451B5A46A6EB0B0025F00AFC2F
:101FF000039B9AF82810356031711E44059B09F146
:1020000001091D4601375EE7072A11D100F5C654C4
:1020100000F549731434074A0749009300F5257306
:10202000204619F011FD2046FFF75CFA0430A7E5C1
:102030000020A5E5DABD02001DC10200000000007D
:102040004FF0FF332DE9F04100F5405682B00446D1
:1020500000AFC6F8303B1DF083FB04F56D5343E938
:102060000201A06E03681B68984705461DF078FBC7
:10207000374B9D4219D93748B5FBF0F004F544536E
:102080003033C6F8340B4FF420621846002125F097
:10209000DFFB0346D4F86C0268B9D6F8303B002B5E
:1020A00020DA204605F02EF91CE027A3D3E900230F
:1020B000FFF7ACF9E2E7194606F03EFE0028ECD047
:1020C0001C21D6F83C3104F54552013B1832002B57
:1020D000E3DB01FB03F0155AB6F8340B854230D12F
:1020E000C6F8303BB6F8340BD6F83C8104F01EFC41
:1020F0008AB00546184905A81DF089FA0122391D44
:1021000006A8C7F804801DF046FA5A2307A87B608A
:102110001DF041FA294608A81DF079FA40F2024361
:102120006A46ADF824300D4B7B6042F8103F002327
:102130004FF433510A480BF065F80837BD46BDE847
:10214000F081013BC3E700BF005C260500000000F2
:1021500000105E5F8051010026C1020005000001F1
:10216000688D020000000000F7B504461BF091FEE8
:10217000D4F88412002900F0878020461BF0DEFB93
:10218000002800F0818020461DF0FCFD024600285A
:1021900040F08F8023682046D3F8D03098472368DA
:1021A0002046D3F8CC30984704F50055D5F85C1D8F
:1021B000B9B120461BF0C2FB98B10023C5F85C3DC5
:1021C00095F86D3D009395F86C3DD5F8682DD5F8E0
:1021D000641D606D1CF01AFD03214B4A4B481DF035
:1021E00073FAD5F8601D71B120461BF0A7FB50B102
:1021F0000023C5F8603D606D1CF019FD0321444AC1
:1022000042481DF061FAD5F8C01481B120461BF098
:1022100095FB60B1D4F86C0205F070FF0022014616
:1022200004F57E7006F08EFF0023C5F8C03420460A
:102230001DF052FF1DF094FA07460646A06E0D46AB
:1022400003681B689847334B98423FD9324BB0FB29
:10225000F3F004F54053D3F8342B82423ED0C3F858
:10226000340B204605F04EF81DF07AFAD4E99E3181
:10227000D4F87022C4F87002821A9B1841F1000150
:10228000C4E99E3103B0F0BDD4F8801200298BD090
:1022900020461BF053FB002886D020461DF072FD1F
:1022A000014600283FF47BAF002220461CF03EF898
:1022B00075E794F8B33304F511510133DBB20093A1
:1022C0002046002334311DF093FD63E738460CA30C
:1022D000D3E900232946FFF799F8BAE704F56D52D0
:1022E00052E90232F61A0D4B65EB02059E4275F17A
:1022F0000005B9D320461DF0CDFEB5E7AFF3008051
:10230000005C260500000000C5C20200688D0200C6
:10231000DFC2020000105E5F8051010080EE3600D7
:102320002DE9F04FC368064693F888408A46154663
:1023300087B003F1040B74B9CDE902B4CDE90444CC
:102340008DF804108DF80540294601A81CF0C8FD41
:1023500007B0BDE8F08F012C2AD100690368D3F8DB
:10236000803098478046306989460368D3F88430C6
:10237000984717A3D3E9002306460F46404649462F
:102380008DF804A08DF80540CDF808B0FEF734FABA
:10239000FEF744FC0EA3D3E90023039039463046F0
:1023A000FEF72AFAFEF73AFC002304900593CBE7E8
:1023B000D3E90A01D3E90C6701238DF804A08DF855
:1023C0000530CDF808B002A3D3E90023DEE700BF53
:1023D0000000000080842E4170B514460646084671
:1023E000FEF74EFD2146FEF79FFDFFF796F80EA380
:1023F000D3E900230A4D80FB054520462946FEF718
:10240000B5FF0023074A306029462046FEF7AEFF9D
:102410000023044AFEF7AAFF726070BDAFF300808C
:102420003AA3950040420F000010A5D4E800000038
:1024300070B5144606460846FEF722FD2146FEF713
:1024400073FD1349FEF724FEFFF767F80CA3D3E9E9
:102450000023104D80FB054520462946FEF786FFE8
:1024600009A3D3E90023306029462046FEF77EFF0A
:102470000023094AFEF77AFF726070BDAFF3008057
:1024800000209BF35E10000080A8120100000000F5
:1024900000002041D8EF2F0040420F000000000054
:1024A000032970B504460D4606D007294BD00FF01E
:1024B00053FF6FF0850028E0002A38D0072AF8D1B2
:1024C00058681E680346504AC117C6FB0231012BEB
:1024D00071F10002C0F28D804C48181841F10001E2
:1024E00045A3D3E90023FEF741FF022826690DD05A
:1024F00010280DD004280DD008287AD1294620466E
:1025000020F06FF940B16FF0040070BD0025F5E7D1
:102510000125F3E70225F1E73D203D4B33F8151087
:1025200081FB0001FEF7C2FCF0600020EDE7188897
:102530000FF0E4FE011E5CDB2046C9B20FF01AFF6B
:102540000028F2D0DFE7002A49D0072AB1D1B4250C
:102550005A6819682C4BD017C1FB0320A2FB053128
:10256000012A05FB001170F1000028DB294818182A
:1025700041F1000122A3D3E90023FEF7F7FEFA2878
:10258000266924D0B0F5FA7F23D0B0F57A7F22D027
:10259000B0F5FA6F21D07D282BD10425294620469D
:1025A00020F02FF90028AED141F217101A4B33F862
:1025B000151081FB0001FEF779FCF061B5E71748C3
:1025C000181861F100010EA3D3E90023D5E7002517
:1025D000E4E70125E2E70225E0E70325DEE71888C6
:1025E0000FF08CFE011E04DB2046C9B20FF096FEF0
:1025F000A6E76FF0150088E73AA3950000000000F9
:10260000D8EF2F000000000040420F009DD14A008B
:10261000E4AB0200ECF71700DAAB02001408E8FFA5
:102620001BA3D3E900230021C0E900231AA3D3E9A7
:102630000023C0E902231AA3D3E90023C0E904233D
:1026400019A3D3E90023C0E9062319A3D3E9002382
:10265000C0E9082318A3D3E90023C0E90A2318A37B
:10266000D3E90023C0E90C2317A3D3E90023C0E971
:102670000E2300220023C0F8D010C0E93023C0E9A7
:1026800032238022403025F0E3B800BFAFF3008052
:1026900008C9BCF367E6096A3BA7CA8485AE67BB75
:1026A0002BF894FE72F36E3CF1361D5F3AF54FA5A0
:1026B000D182E6AD7F520E511F6C3E2B8C68059B7C
:1026C0006BBD41FBABD9831F79217E1319CDE05B34
:1026D000002110B50446064B4FF4C072C0E96011EA
:1026E000C0E96211C0F8903125F0B2F8204610BD63
:1026F000CDCC4C3E024630B553880178082B28BF1C
:1027000008230B48C1F383010A4C4840604302F19F
:102710004901C2F1FF2202F57F02B7325518AB42E0
:1027200000DC30BD11F8015F68406043F6E700BF90
:10273000C59D1C81930100012DE9F04104460D4621
:102740000746002642F210783B7B3BB17B68EB1AD0
:10275000434503D9314620461AF09AFF0136182E18
:1027600007F11007F0D1D4F88C3153B1ED1A064BB4
:102770009D4206D9D4F884311BB1A3EBD303C4F82E
:102780008431BDE8F08100BFE093040010B5D0F8BB
:102790008831032B26DDD0F88401FEF76DFB4FF066
:1027A0006E51FEF7C1FB00210446FEF765FDE0B95E
:1027B0004FF081412046FEF7AFFA01462046FEF772
:1027C00067FC0B49FEF7B0FB0A49FEF7A5FA4FF08C
:1027D0007E510446FEF764FD10B14FF07E5010BDEF
:1027E0002046FCE74FF07C50F9E70248F7E700BFCE
:1027F0009A99193FCDCCCC3E0048704793BD02005A
:102800000048704780EE360030B5C0E91512C36548
:10281000012200230C4DC0E90533C0E90733C0E9AC
:102820000933C0E90B33C0E90F33C0E91133C0E904
:102830001333056043600372A0F86030436302877E
:1028400080F83A3030BD00BF30930200F8B51D4625
:10285000137817469A090E460B7006D0224A0221B9
:1028600022481EF061FE0020F8BD03F00302092398
:10287000D34013F0010305BF0B81CB80052101215B
:102880001FBFB7F80130F380B7F8033033817C5CA9
:10289000A309032B347101D1154AE0E704F03F048A
:1028A00003FB0444E2B2402A03D801315418AC427D
:1028B00006DD2B460F4A02210C481EF03EFED2E7F1
:1028C000394406F10A0024F09DFF2B1B9BB2B82B64
:1028D000738001D9084AEEE71A46391906F14A0011
:1028E00024F090FF0120BFE704AC0200308D02000D
:1028F0002FAC020058AC02008AAC02002DE9F04F68
:102900000446C3B00DF10808606DFF22036841461C
:102910005B689847051E1BDD2368606D5F68036870
:10292000DB6B98470646606D03689B6B98473146A2
:102930000246434620460095B847E06D03681B6891
:102940009847064638B90121894A8A481EF0ECFDAD
:1029500043B0BDE8F08F01462B4642462046FFF7C4
:1029600075FF002833D0606D0368DB6B98474FF02C
:102970008141FEF7D9FAFEF7B3FC86F80201676DD4
:102980003B683846D3F80CA0DB6B98472A460146D3
:102990003846D0470746606D294603689B689847CC
:1029A000A3690344A36123683046D3F808A01BF051
:1029B00075FD3B46024631462046D04730781AF036
:1029C0003BFF00285ED1A36C0133A3645DE0E06DA2
:1029D000314603685B6898470A2D95DDE06D036812
:1029E0001B689847064600288ED0A5F1080A0146C4
:1029F0005346204604AAFFF729FF00283CD0606D0B
:102A00000368DB6B98474FF08141FEF78DFAFEF7C4
:102A100067FC337886F80201C3F383030321564A27
:102A20005448CDF800A01EF092FD23683046D3F83C
:102A300008B01BF033FD656D07462A682846D2F8BA
:102A40000C90D26B9047524601462846C8473A46FA
:102A5000034631462046D84730781AF0EDFE38B1AB
:102A6000636C01336364314620461AF0E6FF4BE79E
:102A7000A36C0133A364F6E73146E06D03685B683D
:102A8000984741E7636C01336364092296F800A01C
:102A900020460AF00301CA4012F0010F31460AF045
:102AA0003C0A14BF4FF0060B4FF0020BB6F8029031
:102AB00037791AF0C2FFBAF10C0F7FF425AFB9F1E4
:102AC000060F7FF621AFBB0907F03F0703FB07772F
:102AD0005BFA87F70637A5EB070ABAF1020F7FF713
:102AE00013AFE06D03681B689847054600283FF464
:102AF0000BAF01465346204608EB0702FFF7A6FE40
:102B0000002830D096F9023185F802312B78C3F3D2
:102B100083030321194A1748CDF800A01EF017FDC2
:102B200023682846D3F808B01BF0B8FC676D8146CF
:102B30003A683846D668D26B9047524601463846C6
:102B4000B0474A46034629462046D84728781AF017
:102B500073FE20B1636C01336364294684E7A36C80
:102B60000133A364F9E7E06D294603685B6887E7F2
:102B7000BAAC0200308D0200D9AC020019AD0200DF
:102B80002DE9F04FCBB00446806D00AF03681B68A1
:102B900098470546E06D294603681B69984728B9A0
:102BA000206207F59677BD46BDE8F08F20461AF003
:102BB0007DFE236820469B699847064600283ED044
:102BC000E06D4FF0000903685B6998478246CA458B
:102BD00002DC4FF0000817E0E06D49460368DB694E
:102BE0009847804610B909F10109F0E7E06D4946C0
:102BF00003685B6A9847401B0028F4DC40461AF0E3
:102C000077FE80460028EED0606DFF2103689B6848
:102C10009847B8F1000F12D1636A4208B3EB500F26
:102C20000DD2E56C002DBCD06421D21A731E01FBBD
:102C30000233B3FBF6F0216D0130A847B1E7606DB8
:102C40000368DB6A98470646606D03681B6B98470C
:102C5000804616B9002840F0A6802046E1691AF0A7
:102C60006DFE40B9E36C002B9BD0E069216D013013
:102C7000401B984795E7236A0BB92B462562ED1A4E
:102C8000236820461B6A984785427BD9B4F8603098
:102C9000606D43F00203A4F8603003689B6A9847B4
:102CA0007860606D0268926B9047FDF74DFDC7E953
:102CB0000401606D0268D26B9047FDF745FDC7E9DE
:102CC0000201606D0268D26990478346606D0268B8
:102CD000526D90478246606D0268D26D9047C7F88A
:102CE00018D0F86192B0A04A07F12801BA6205A88D
:102CF00001221AF085FD06A80E601AF081FDC1F8C8
:102D0000008007A81AF07CFD7B6808A80B601AF009
:102D100077FDD7E904230AA8C7E90A2302221AF09B
:102D20006FFDD7E902890CA8C7E90A891AF068FD86
:102D300001220EA8C1F800B01AF062FD0FA8C1F878
:102D400000A01AF05DFDFB6910A80B601AF058FD99
:102D50000D236A460B6042F8103F002346F64001FF
:102D600082480AF04FFA606DD7F818D003685B6BA1
:102D7000984700232362E36C002B3FF412AF01203D
:102D8000216D76E723682046DB69984701460546B2
:102D900020461AF0DFFDE36CE061002B3FF401AF49
:102DA000216D681C65E7E06D266203682946DB6AD1
:102DB00098472072E06D29460368DB689847606099
:102DC00000283FF4EEAE0922037807F1280888F8BE
:102DD000003003F0030322FA03F3DB074ABF0522A6
:102DE0000122C38802F1010644BFA8F8013003891B
:102DF00000F10A0148BFA8F80330037908EB060088
:102E000008F8023040221BF02FFBD4F8049006444F
:102E1000B9F802A00AEB0603FF2B2BDDE8468AB0C7
:102E2000534B07F12401012205A87B621AF0E8FC4C
:102E300006A80E601AF0E4FC07A8C1F800A01AF07A
:102E4000DFFCFF2308A80B601AF0DAFC05236A46B2
:102E50000B6042F8103F00234FF4215143480AF021
:102E6000D1F9E06DC546036861685B689847002347
:102E7000636096E6524609F14A0108EB060024F029
:102E8000C1FC606DB9F802900368B14449469B6883
:102E9000984700EB4006606D25610368B6F5167F24
:102EA000DB6A34BF4FF49676760898470546606D26
:102EB00003681B6B984705B9F0B923682046DB69A6
:102EC0009847E66D0146336805462046D3F80880EA
:102ED000D4F8049094F808A01AF03CFD524603463A
:102EE00049463046C04700236360E36C002B3FF443
:102EF00058AE2846216DBCE6606D414603684A46DF
:102F00001B699847804648BB23682046DB69984781
:102F1000054601210346174A14481EF00EFB666859
:102F200023683046D3F810901BF0B8FA31460246B9
:102F30002046C847E66D294633682046D3F80890F6
:102F4000D4F804A094F808B01AF004FD5A460346D9
:102F500051463046C847C4F80480C6E7314620468B
:102F60001AF0F8FCE0601CE64BAD0200308D020068
:102F7000D0AD0200FBAD02002DE9F743044608790D
:102F80000D4617461E461BF05FFA6A88A8B1B82A9C
:102F900013D8D4F85C803146D8F800302046D3F8F6
:102FA00008901AF0D7FC3A46034629464046C847DF
:102FB000E36C8BB903B0BDE8F0832B79012108489D
:102FC0000092084A1EF0C3FA2946E06D03685B6868
:102FD00003B0BDE8F04318473046216DF8E700BF65
:102FE000308D02002FAE020070B5B8B00146044625
:102FF000684623F0D8FD9DF80030013BDBB2FD2B85
:1030000038D8274B28AA03F1400615461868596896
:10301000083303C5B3422A46F7D1224B08AA03F16D
:103020002006154618685968083303C5B3422A4676
:10303000F7D108A920A816F01BFA214620AA10A84B
:1030400023F05DFD694620A816F012FA20AA28A9EF
:1030500018A823F054FD202218A910A81BF02CFB5F
:10306000044658B9202110A81BF060FB202118A8A5
:103070001BF05CFB0024204638B070BD002310A973
:1030800011F8012B1AB90133202BF9D1144610A8DD
:1030900020211BF04BFB202118A81BF047FBEAE77F
:1030A00080AE0200C1AE020038B504461D46059B45
:1030B000FFF7AAFB084B65662360049B04F17000D0
:1030C000A366069BE366FFF703FB04F501701AF0A5
:1030D000C0FD204638BD00BF6C9302002DE9F041D1
:1030E00017460A78064602F03C04242C0D4603D10C
:1030F000BDE8F0411AF01EBC013BDCB2022C07D93E
:1031000002211548154A1EF00FFA29463046EFE70E
:1031100022F0030242F00102A4010A700C71C06E99
:1031200003685B6898472B78C3F38303082B10D0A0
:10313000042B14BF01240324336829463046DB6C7A
:1031400098472246C31929463046BDE8F041FFF7AB
:1031500013BF0224F0E700BF488D0200E2AE020078
:103160002DE9F0411F460B78064603F03C0CBCF1FC
:10317000240F0C469DF8185003D1BDE8F0411AF019
:10318000D9BB013DEDB2022D07D902211548164ADF
:103190001EF0CAF921463046EFE723F003030B7017
:1031A0001388AD01CB8053880D710B81C06E03680D
:1031B0005B6898472278C2F38302082A10D0042A59
:1031C00014BF01250325336821463046DB6C984740
:1031D0002A46C31921463046BDE8F041FFF7CCBE70
:1031E0000225F0E7488D0200E2AE02002DE9F04F23
:1031F000F5B00E78054606F00303023B012B0C46A2
:1032000006AF00F24D8306F03C02242A0B795CD114
:103210003F2B1BD84E88082E18D991F852C0093E72
:103220000CF003029340F6B21FFA83FE76450FD8E6
:103230000A340568D1F84E30D1F84A20CDE900C4EF
:10324000039601F1530602962C6EA047002037E04A
:103250000121533301FA02F200F50171E01824F064
:1032600006FB0028F2D12B6821462846DB6B9847E5
:103270000028EBD0E86E214603681B6898470028B9
:10328000E4D1E86E214603685B68984794F902012F
:10329000FDF7F6FD4FF07A51FDF746FE4FF0814104
:1032A000FDF742FEFEF71CF8237921465A1C234401
:1032B000227198722B6828465B6C984740F0C0607A
:1032C00007F5DE77BD46BDE8F08F2C2A03F03F03FB
:1032D0000AD191F94A20002A80F2DF82002BB5D171
:1032E00003685B6F9847B1E74BB90C2A40F0D8826E
:1032F0000368D1F84A20D3F884309847A6E70C2A0F
:1033000005D10368D1F84A20D3F884309847227950
:1033100005F501719209013204F10A0024F0A7FABF
:10332000002893D12B6821462846DB6B984700285C
:103330008CD02378C3F383030A2B04D1214628467B
:103340001AF058FF82E7E86E032B026821461268E4
:1033500013D19047064600287FF478AFE86E2146E7
:1033600003685B689847214628461AF045FE3246B6
:10337000214628461AF0E7FE68E7904700287FF4C8
:1033800065AFE86E214603685B689847214628468A
:103390001AF032FE2B68214628465B6C984740F0B5
:1033A00080708DE72B68214628469B6B9847002844
:1033B0007FF44CAF20781AF01BFD002800F07682D5
:1033C0002046FFF797F90646A86D05F170080368D7
:1033D0001B6898473146024640461AF09FF920B1D3
:1033E000314628461AF066FD60E22B6828469B6C41
:1033F0009847002800F05A82A86D03681B68984718
:103400003146024640461AF063F94FE26388032BC7
:1034100005D80221994A9A481EF08FF816E7E86EFF
:1034200021460368D4F84A601B68984700287FF457
:103430000DAFE86E214603685B6898472B683246FB
:1034400021462846D3F8843098472B6821462846E1
:103450005B6B984734E794F84B3094F84A80FB73E1
:103460006388042B07D800930223864A19468448B0
:103470001EF06DF8EAE6E86E214603681B6898477F
:10348000064600287FF4E2AEE86E214603685B68DA
:10349000984795F804324345D7D104F14C037B603B
:1034A0002B6828465B6D07F10F019847804607F1AE
:1034B000300907F1B40B464521DA2B6832464946FC
:1034C00028469B6D98476388594648467A68023B70
:1034D0001BF009F9B0F1000A40F386802278C2F3AC
:1034E0008302082A74D19BF8008040461AF0ACFF92
:1034F00058B902214346644A61481EF01EF8022171
:10350000624A5F481EF010F89FE74FEA981108F0F2
:103510003F0201FB0222501C504520DBE8468AB0E6
:1035200006AE5B4906F11800716101211AF0ADFC8D
:1035300005231146324606F11C001AF0A6FC51463E
:1035400006F120001AF0A1FC3B6142F8103F002375
:103550004FF422514A4809F055FEC546CFE70232E2
:10356000AAEB0203DBB25A442968039204931BF8C6
:10357000003007F1B50A03F00F03CDE90183CDF860
:1035800000A0D1F864B04B46324621462846D847C1
:10359000D8B120781AF02CFCB8B10023CDE9023361
:1035A0000193237907F10F0100934A46284604F15D
:1035B0000A031AF0D4FE014638B14FF4FA735246AA
:1035C0000093284643461AF06EFEFF2323703CE723
:1035D0002968CDE901BACDF80090D1F85C80334676
:1035E00021462846C047F0E7013664E76388232B6D
:1035F0007FF62CAEE86E2146036894F84A601B689B
:10360000984700287FF422AEE86E214603685B6885
:10361000984795F80432B3427FF417AF04F14B0694
:1036200007F1100204F16B0C13463068716808361C
:1036300003C366451A46F7D107F1100207F13001BE
:1036400005F501701AF087FB638807F1B40832466C
:103650004146213B07F130001BF045F800287FF779
:10366000F4AE2B68CDE900802146DE6E284607F1D6
:10367000100307F13002B047A7E700BF04AF020014
:10368000488D020032AF020069AF0200D6AF0200DF
:1036900095AF020094F84A3007F1100888F800301E
:1036A0006388032B7FF6D2ADE86E214603681B6862
:1036B0009847064600287FF4C9ADE86E21460368A6
:1036C00007F1300A5B6898472B684146D3F87C9035
:1036D000524604232846C847804604F14B0B07F1A5
:1036E000310907F1B4014645BFF6AFAE63884846DD
:1036F0005A46013B1AF0F7FF002809F1210907F1AA
:10370000B4010EDD227806EB46132E68CDE90010D9
:10371000534421462846D6F88060C2F38302B0475E
:1037200093E60136DFE707F130001AF080FA07F17F
:10373000300604F14A0304F16A0C324618685968ED
:10374000083303C263451646F7D16388632B7FF6BF
:103750007DAD202207F1300105F5017024F087F8D6
:1037600000283FF473ADE86E21460368D4F86A8000
:103770001B68984700287FF469ADE86E214603680E
:1037800007F1B40A5B689847D446668807F1300EA3
:10379000643E202E28BF2026BEE80F00ACE80F00B4
:1037A0009EE80F0004F1AE098CE80F00324649464E
:1037B00007F1D800C7F8D48024F024F8524606F167
:1037C000240304F16E0107F130001AF038FA0028E2
:1037D0003FF476AD2B68CDE9009621469E6E2846D3
:1037E000434607F13002B0472FE603F00303023BE4
:1037F000012B3FF62BADE86E214603681B68984706
:1038000000287FF423ADE86E214603685B68984783
:103810002B68214628469B6F64E56288022A7FF662
:1038200015AD94F84A3003F00F03032B7FF40EAD6F
:10383000042A7FF60BAD07F1B40630461AF0FFFDFF
:103840002378402287F8B43004F10A01237907F184
:10385000BE001AF01AFE628887F8B800013A92B2E8
:1038600004F14B0107F1FE00A7F8B62023F0CAFFD0
:10387000E86E314603681B68984700287FF4E6AC81
:10388000E86E314603685B6898472B6831462846E6
:10389000D3F88430D7F8FE202FE5002B7FF437AD26
:1038A00030461AF0A5FA00287FF47CAD2378C3F3E4
:1038B00083020F2A3FF6CAAC01A151F822F000BFE3
:1038C0005734000057340000573400000D34000016
:1038D000273700009536000095360000ED350000D2
:1038E000573400004D3200001B3800004D320000FC
:1038F0004D3200004D3200004D320000EB37000029
:103900002DE9F843022907460D4690461E46DDF88C
:10391000249009D809F11103B82B0FD90221154AB7
:1039200015481DF001FE05E0144A0B46124802211D
:103930001DF003FE00242046BDE8F88319F0E6FFE1
:10394000044610B901210E4AEAE7AD00057098F867
:10395000003000F14C0180F84A3097F80432089AA0
:1039600080F84B304B4630461AF091FE02306080B2
:10397000E1E700BF02B00200488D020021B0020062
:1039800045B002000022104630B5074BD3F8205155
:103990009C33AA4200DB30BD53F8044F0132641A55
:1039A000002CD8BF0130F4E7BC5A0020014BD3F8FB
:1039B00020017047BC5A0020014BD3F8200170470A
:1039C000E05B0020044BD3F820219142B4BF53F8B0
:1039D00021000020704700BFBC5A0020044BD3F8E0
:1039E00020219142BABF283153F8210000207047AE
:1039F000BC5A0020054BD3F820018142BDBF2831BD
:103A0000012043F821200020704700BFBC5A00204D
:103A10000022FF2070B50A4BD3F8206103F19C050A
:103A20008033B24200DB70BD55F8044F641A002C9D
:103A300003DC9C5CA04228BF20460132F1E700BFB6
:103A4000BC5A002037B50B4B0A7804460D46D3F814
:103A50002031C2F38302022100920748074A1DF079
:103A600076FD2946204623685B6803B0BDE83040F8
:103A7000184700BF98590020588D020077B0020007
:103A800008B502481AF073FD08BD00BFBC5A0020FB
:103A900008B502481AF06BFD08BD00BF9859002018
:103AA00008B502481AF041FD08BD00BFBC5A00200D
:103AB00038B50B4B1C786CB901220A4D1A700023E3
:103AC00029461A46084801341AF073FD202C05F5E2
:103AD0008275F4D1002104481AF027FD38BD00BFDB
:103AE000C2AD0020408D0020E05B002008B521B170
:103AF000002302481A461AF05CFD08BDE05B002076
:103B00002DE9F04F85B01646484A0446D2F8208188
:103B10000D46994600AFB8F1000F5AD00023194660
:103B2000184602F17F0E98454ADC0A4492F880302C
:103B3000B3424ED93D483B601AF0F7FC95F800A01F
:103B400090F800B0C7F804D08AB080466A46CBF33C
:103B5000830BCAF3830A364905A8F96007F10C0103
:103B60001AF0D6FC06A8C7F80CB01AF0D1FC3B68D6
:103B700007A8FB601AF0CCFC08A8C7F80CA01AF044
:103B8000C7FC09A8FE601AF0C3FC0623FB6042F8DC
:103B9000103F00234FF44251264809F033FB2368BD
:103BA000414620465B68D7F804D098474B463246DA
:103BB00029461E481AF0FDFC1437BD46BDE8F08FBB
:103BC0001EF801CF844534BF844619466046013350
:103BD000A9E795F800A0E9468AB06A46CAF3830AC5
:103BE000154B07F10C0105A8FB601AF091FC06A823
:103BF000C7F80C801AF08CFC07A8C7F80CA01AF0C4
:103C000087FC08A8FE601AF083FC0523FB6042F8DD
:103C1000103F00234FF42251064809F0F3FA2368BD
:103C2000CD46294620465B689847C5E7BC5A002028
:103C3000ACB00200588D0200EEB002002DE9F04158
:103C4000044608480D4616461F461AF0B2FC38B91D
:103C50003B46324629462046BDE8F041FFF750BFBB
:103C6000BDE8F081BC5A002038B50446134606482A
:103C700000220D461AF09DFC28B929462046BDE8D1
:103C80003840FFF7DFBE38BD9859002038B5002412
:103C9000094D281904F582741AF0D1FBB4F5025FBE
:103CA000F7D106481AF037FC05481AF034FC0548ED
:103CB0001AF031FC38BD00BF408D0020E05B0020D1
:103CC000BC5A0020985900202DE9F04194B00746D5
:103CD0000C4616460021142207A81D4623F0B8FD05
:103CE0004FF48853ADF818304FF48073ADF81A30A4
:103CF0004FF48063DFF85C802022CDE90838394634
:103D000004AB06A823F077FA034650B1124A01210A
:103D100012481DF012FC4FF0FF34204614B0BDE8ED
:103D2000F08105AB0293202301930CAB2246009354
:103D300041463346049823F03AFB0446049823F0A6
:103D40003EFA14B1064A2346E1E7BDF830302B8035
:103D5000E3E700BF090080033CB10200988D020038
:103D600060B102002DE9F0478EB00D4604AF12F0AD
:103D70000F01824614461E4697F848800BD0134622
:103D8000334A012133481DF0D8FB4FF0FF3028376C
:103D9000BD46BDE8F08714222F4BB8183B6123F0D5
:103DA00057FDB8F1000F0CBF4FF400734FF4807350
:103DB0001022DFF8A890BB6151463B1DB818C7F828
:103DC0001C9023F018FA034608B1254AD9E707F1F9
:103DD000080378682A46CDE9014349462346009600
:103DE000B8F1000F2FD015F0FDFF0446786823F0DE
:103DF000E6F95CB31B4B1C4D6E468AB0B8F1000F60
:103E000008BF1D4604AA194B07F10C0102F114006A
:103E1000FB601AF0F6FB3046FD601AF0F2FB02F18F
:103E20001C00FC601AF0EDFB4FF400731384104B80
:103E3000FB6042F8103F00234FF41151054809F090
:103E4000E1F9B546A1E716F069F8CEE7B8689EE754
:103E500099B10200988D02000024800000444004C3
:103E6000B7B1020091B1020089B10200D1B10200E4
:103E70000400000130B58DB00D4611461A4603AB63
:103E800001932023044600930E4804AB23F07FFAED
:103E9000034660B101210C4A0C481DF04EFB2A4636
:103EA000002120460DB0BDE8304023F0D1BC202DCC
:103EB0002A46204628BF202204A923F0A3FC0DB0E7
:103EC00030BD00BF09000002EAB10200988D020077
:103ED0002DE9F043A7B00446DDE92E780D461646DD
:103EE000002170220AA8994623F0B2FC19490AA8B9
:103EF00023F0FEF9E8B94A4631460AA823F019FA38
:103F0000B8B9424639460AA823F013FA88B92022E4
:103F100001AB02A90AA823F023FA50B9202D2A46A2
:103F2000204628BF202202A923F06CFC27B0BDE860
:103F3000F08301210346084A08481DF0FEFA0AA84A
:103F400023F0C7F92A460021204627B0BDE8F043F8
:103F500023F07EBC0900000206B20200988D020028
:103F600008B5054B002814BF0146194603481CF04C
:103F700028FE012008F0A6FD21B202002DB20200A9
:103F80000346F0B50A4D8E18B14203F1020303D186
:103F9000002300F81230F0BD11F8014B270904F09E
:103FA0000F04EF5D2C5D03F8027C03F8014CEBE796
:103FB00029F60200004870475CB2020000487047D2
:103FC0005CB20200004870476AB2020008B503689C
:103FD0001B689847BDE80840014601481BF080B9BE
:103FE0009895020008B510460249FDF773FA0020C3
:103FF00008BD00BF78B2020037B5124C204620F051
:10400000AEFD10B9104803B030BDA5684C21204664
:10401000EB6898470028F5D10C216A4620462B69A9
:1040200098470028EED10198FCF72AFF0749FDF7D1
:104030002FF804460098FCF723FF01462046FCF7C2
:104040006BFEE0E7EC8102000000C07F00247449B1
:1040500070B5C3680C4615469BB393F87430DA1FED
:10406000052A32D81A4A073B52F8236021463046C7
:10407000FDF716F948BB2846FCF702FF4FF06E51DA
:10408000FCF752FF01464FF07E50FCF743FE3146ED
:1040900005462046FCF73EFE0E49FCF7F9FF0146B7
:1040A0002846FCF741FF00210446FDF7DBF860B924
:1040B0004FF07E512046FDF7F3F820B14FF07E50CF
:1040C00070BD0823CEE72046FAE70020F8E700BFDE
:1040D00038950200000020412DE9F843C368884666
:1040E000002B00F08E8093F874609C6F93F87570CD
:1040F0000C2E354628BF0C252046062D444938BFD6
:104100000625FDF7AFF800B1424C082F28BF08275D
:104110000120052F00FA05F038BF0527FCF7B0FE97
:104120003D4981462046FCF7FFFE01464846FCF724
:10413000AFFF0446082E8CBF10202020FCF7A0FE05
:104140003649FCF7E9FD2146FCF7EEFE3449064608
:104150002046FDF7A5F8002857D04FF07E59284695
:10416000FCF78EFE05464046FCF78AFE4FF0824182
:10417000FCF7DAFE4FF0814180462846FCF7D4FE7A
:1041800001464046FCF7C6FD2649FCF7C5FD4FF049
:104190008341FCF7C1FD494680464846FCF7BCFD1B
:1041A00001462846FCF7B6FD4FF08141FCF7BCFE06
:1041B0004FF07E510546FDF755F808B14FF08145A7
:1041C00029464046FCF764FF19F0E8F905463846F1
:1041D000FCF756FE2946FCF7A7FE002123F0CFFD91
:1041E0004FF08241FCF798FD2146FCF79DFE3146D9
:1041F000FCF792FD0849FCF797FEFDF797F8BDE83C
:10420000F8830826084C374672E74FF00009A6E706
:104210000000E0400000FA4200007A4400008840BC
:104220005A2F863C0000E041000078422DE9F04F13
:10423000036889B0D3F8943004468A46914698477B
:10424000804638B949465046364A09B0BDE8F04F75
:1042500017F0D0BB94F8223A94F81E1A94F91F2A4A
:104260000493B4F8203ACDE902031318CDE90023F2
:104270002D4A2E4B5046002908BF13462C4A29EAE6
:10428000E97117F0B7FB94F91F6A6FF007030C2E62
:10429000A8BF0C269E42B8BF1E469E42074606F1A6
:1042A000FF3507D00C2E06F1010B06D14FF00C0B99
:1042B0000A2502E06FF0050B1D4604EBC504AB4573
:1042C00003DA384609B0BDE8F08FB4F8B629B4F87F
:1042D000BAC92AB36421530801FB0C33B3FBF2F3D0
:1042E0000693B4F8BC394F45CDE904C3B4F8B839E6
:1042F000B8BFA9EB0701CDE9022308EB0503CDE91F
:104300000053A8BF00210AEB0700AE4214BF2023D0
:104310002A23084A17F06EFB013507440834CEE71C
:104320001346DDE7B5B20200DECC020038D502004C
:10433000BDB20200E4B202002DE9F047099C1E461E
:104340009DF9208031B92AB904F62430BDE8F04740
:104350001AF0A1BB04F6540948461AF080FAC5B217
:1043600004F658001AF07BFA6F1C07F00707C0B27A
:10437000874210D11B4802211B4A1DF0D5F804F6D4
:1043800024301AF088FBD4F8683A43B3D4F86C0AA6
:10439000BDE8F0471847B2F5807F28BF4FF4807220
:1043A0004FF4837392465D4305F124002044254475
:1043B00023F028FA39464846A5F824A1A5F8266135
:1043C00085F828811AF029FB3046FCF759FDE06199
:1043D0004046FCF755FD206204F61C30D1E7BDE8ED
:1043E000F08700BF988C020004B302000C2A2DE96C
:1043F000F043A8BF0C221E466FF0070383B09A4219
:10440000B8BF1A4600AF97F82890036880F81E1AC4
:1044100080F81F2AA0F8206A80F8229A8846D3F8EC
:1044200090301146144698478AB06A46104905A84C
:104430001AF0D1FA414606A81AF0C5FA214607A893
:104440001AF0C1FA314608A81AF0B5FA494609A887
:104450001AF0B1FA06237B6042F8103F00234FF4B4
:104460004351044808F0CEFE0C37BD46BDE8F0834A
:1044700026B30200988C02002DE9F0411A4B82B05D
:104480001A4EE84600AF88B004460D46002908BF22
:104490001E466A4680F83A1A154905A81AF09BFA92
:1044A000314606A81AF097FA4FF40073ADF81C30A5
:1044B000104B7B6042F8103F0F4800234FF4E65149
:1044C00008F0A0FE04F11400C5461AF0C8F928B19E
:1044D000236829462046D3F88030984701200837C2
:1044E000BD46BDE8F08100BF65B302005DB30200C8
:1044F0006EB3020003000001988C020070B5044600
:104500002E480025C4E9021320600023002000216A
:104510000126C4E9042504F52362E3612571A56140
:104520002362C4F85458C4F85858C4F86C59C4F8F5
:10453000705984F87459A4F81E5AA4F8205A84F8C3
:10454000225A42E90201C2E90001A4F8385A84F86B
:104550003A6AC4F83C5AC4F8405AA4F8585AC4F805
:104560005C3AC4F8603AA4F8645AC4F8685AC4F8CB
:104570006C5AC4F8705AC4F8745A84F8185BC4F8BA
:104580001C5BC4F8205BC4F8245B04F65C1020F0CC
:10459000DDFF3246294604F5306020F0DBFB29467A
:1045A0004FF4036204F1240023F052F9A8222946B3
:1045B00004F6761023F04CF9204670BD9C9402005E
:1045C000F0B590F8183B044689B0B3B900F67825E9
:1045D000002600270A20CDE90043CDE902300493EC
:1045E0002846CDE90667064B13F06AFC05492846C4
:1045F00020F09DFC012384F8183B09B0F0BD00BFFA
:10460000FD49000093B302002DE9F8430C4605462E
:10461000174600211422204623F01AF995F8593A3A
:10462000002B37D0D5F85C0AD5F8609A95F8648AE3
:1046300095F8656A2A49FCF777FCFCF777FE20605D
:104640004846FCF773FE83B21F2B08D035D80F2BDA
:1046500005D030D8072B02D00A2B18BF7D23A380AA
:10466000B31F022B96BF043E0126F6B2B8F1080F25
:104670008CBF1023202384F80680E6712381EB6829
:104680002BBB1623A3720223E3730423E772237464
:10469000BDE8F883EB683BB1986CD3F8789093F859
:1046A000748093F87560C5E74FF00808DFF8349020
:1046B00046460D48BEE7142BCFE7FA2BCFD003D8E0
:1046C000292BCCD03E2BC8E7B3F5FA7FC5E793F989
:1046D0004C30162BA372D4DC0933D4DAF723D1E79C
:1046E00000247449000078428D67594408B590F859
:1046F000593A5BB1D0F85C0A0749FCF715FC4FF05A
:104700007C51FCF709FBFCF711FE08BDC3680BB137
:10471000986CF1E70148EFE7002474498D6759442C
:1047200008B590F8593A63B1D0F8600A0849FCF727
:10473000FBFB4FF07C51FCF7EFFAFCF7F7FD80B282
:1047400008BDC3680BB1986FF0E70248EEE700BF01
:1047500000002041000078422DE9F04F05468FB05F
:1047600004AF1AF04DFA95F8393A05F11402BA601F
:10477000002B00F0FE802846002207F11401FFF70D
:1047800043FF3B8BB87E1F2B00F0DD8000F2C8801A
:104790000F2B00F0DB8000F2BC80072B00F0D980EB
:1047A00042F6B1028A490A2B18BF0A4606288CBF76
:1047B00008230C23B7F81CA04FEA4308FB6008F15C
:1047C00001039A4540F3F88001218140814800238C
:1047D000A1FB0001FCF71AFE2B680446D3F89830C1
:1047E0002846984781460F20AAEB080808F1FF38B1
:1047F00004FB08F864220023A8FB0001FCF706FE76
:1048000009F5FA63A8EB00029342D5F83C1A80F050
:10481000C5800AF10E036343D7F80CC0A2EB09066A
:104820009E420CFB044408D20133A3EB080303446B
:104830004B445B089C4238BF1C468C4203D1D5F8E0
:10484000403AB34244D0C7F804D08CB0C5F83C4AD3
:10485000C5F8406A0DF110084FF47A7B08F1140096
:104860005D491AF0B8F8B4FBFBF108F118001AF032
:10487000A2F8B6FBFBF108F11C001AF09CF8B9FB9A
:10488000FBF108F120001AF096F8514608F12400D7
:104890001AF099F8F96808F128001AF094F86420E1
:1048A00000232244A6FB0001FCF7B0FD014608F1FD
:1048B0002C001AF080F8424608233B6142F8103F72
:1048C000002344F2C001454808F09CFCD7F804D00E
:1048D0000021A8681F344FEA5412846841F1000394
:1048E000246A1F3641F10001760942EAC36246EAB2
:1048F000C1665B094909002C3BD0DFF8E4C0CDE973
:1049000000610395CDF808C0A047034648BB0121CC
:104910003DE045F261122E49142B18BF0A4645E7C7
:10492000FA2B19D008D8292B18D04FF22442284945
:104930003E2B18BF0A4639E7254A2A49B3F5FA7FC4
:1049400008BF0A4632E747F612222FE743F609521C
:104950002CE741F6846229E7234A27E74AF2C3227B
:1049600024E710F1580F04D00121204A1B481CF005
:10497000E4FDA8682A46836819495B699847031EC5
:10498000C5DA01211A4A15481CF0D7FD0021B86884
:104990001AF043F82C37BD46BDE8F08F0131E8D05E
:1049A0004FF0FF33C5F83C3A4B460092114A0321C1
:1049B0000A481CF0CCFDDCE7D5F83C2A0132D8D0FF
:1049C0004FF0FF32C5F83C2A0B4A00935346EEE7FE
:1049D00048E8010040420F00A0B30200988C02009A
:1049E0003943000020A1070090D00300DCB302008F
:1049F00099B40200FCB3020044B402002DE9F04374
:104A000004468BB00321454A45481CF08DFD4FF00C
:104A1000FF324FF0FF3304F5306004F1180613F055
:104A200001F8304619F01BFF0028F0D04FF00108C4
:104A30001022002105A804F65C1722F009FF8DF86A
:104A400021800997384604AA03A920F087FDDDF8E4
:104A50000C90B9F1000F19D0384620F07CFD206988
:104A60000368DB6998472046FFF776FE3046002151
:104A700019F0D3FF04F532601AF00DF8D4F8703A4B
:104A8000002BC4D0D4F8740A9847C0E700234146ED
:104A9000244A05A814F018F810F10B0F054610D1A0
:104AA000214A41461E481CF03FFD20690368DB692E
:104AB00098472046FFF750FE0021304619F0ADFF21
:104AC000DCE7089BE0B903F4FE12B2F5804F17D182
:104AD000384620F040FD20690368DB69984720468E
:104AE000FFF73AFE3046294619F097FF04F5326089
:104AF00019F0D1FF03210D4A09481CF015FDBDE74F
:104B0000C3F3863301210093094A2B4604481CF065
:104B10001EFD384620F01FFDC7E700BFB4B40200F9
:104B2000988C02005A620200CBB40200DDB402008D
:104B3000F7B402002DE9F043044683B000AFFFF75D
:104B40000BFE2368204694F83A1AD3F88030984731
:104B5000E468002C38D02049A06CFCF7E5F9FCF79C
:104B6000E5FB0646A06FFCF7E1FB94F8749094F81F
:104B7000758094F94C4085B28CB06A46174905A8F7
:104B800019F029FF314606A819F015FF294607A894
:104B900019F019FF494608A819F015FF414609A860
:104BA00019F011FF21460AA819F00DFF07237B60B9
:104BB00042F8103F00234FF46351094808F022FBEC
:104BC0000C37BD46BDE8F0834FF008083E25C146CE
:104BD0001624044ED0E700BF002474492CB502000F
:104BE000988C02005051D53310B5044680681FF0F0
:104BF000B6FF30B9BDE810400121044A04481CF05A
:104C000093BC2046BDE81040FFF794BF5CB502009E
:104C1000988C02002DE9F04383B0054655F8143B0B
:104C2000044600AF1B6F98470021284619F0F5FE97
:104C3000236884F8581A2046DB6C98472046FFF713
:104C40008BFDE468002C38D01F49A06CFCF76CF990
:104C5000FCF76CFB0646A06FFCF768FB94F87480C9
:104C600094F8759094F94C4085B28CB06A46174917
:104C700005A819F0B0FE314606A819F09CFE294699
:104C800007A819F0A0FE414608A819F09CFE494665
:104C900009A819F098FE21460AA819F094FE0723E6
:104CA0007B6042F8103F00234FF46351084808F03E
:104CB000A9FA0C37BD46BDE8F0834FF008083E2541
:104CC000C1461624034ED0E70024744972B5020091
:104CD000988C02005051D533B2F5807F2DE9F84F02
:104CE00004468A4617463EDC03681B6B9847054618
:104CF000002838D023682046DB6A9847064690BBD8
:104D0000206904F11809036804F65C089B69984758
:104D10000121484619F081FE204619F074FF5146E2
:104D20003A46404622F06EFD04F65C1A504620F0EA
:104D300012FC23683A46D3F874B0414653462046E5
:104D4000D847031E13DA01210E4A0F481CF0F5FB69
:104D500020690368DB6998474846314619F05DFED3
:104D60002046FFF7F9FC00252846BDE8F88F3146BC
:104D700004F1140019F051FE04F5306012F018FE31
:104D8000F2E700BFA7B50200988C02002DE9F04FB2
:104D900087B090F91F4A00AFC7E90270C7E90470F5
:104DA0003860054604F1080107F1080019F07BFEA0
:104DB000B0F1FF3F80463CD095F822BA04F1070AD3
:104DC0000BEB8B067600BBF1000F36D00B2C60DCB2
:104DD00007F1100019F007FEB04281462FDD611C7B
:104DE0002B6849B285F81F1A2846D3F890309847A7
:104DF0006C468AB095F91F5A6A464D4905A819F0C4
:104E0000EAFD294606A819F0DEFD494607A819F073
:104E1000DAFD314602F1200019F0D5FD05237B6053
:104E200042F8103F00234FF42351424808F0EAF9BA
:104E3000A5461C37BD46BDE8F08F0B2C29DC04F1DC
:104E4000090107F1080019F02EFEB0F1FF3F81467D
:104E50001FD0A8EB0003312B1BDD611C2B6849B26E
:104E600085F81F1A2846D3F8903098476C468AB0C8
:104E70006A4695F91F5A304905A819F0ACFD294634
:104E800006A819F0A0FD414607A819F09CFD494667
:104E9000C0E7514607F1100019F0A5FD8146BBF1AE
:104EA000000F42D0633E8642D4BF00260126E31D98
:104EB000BFDB514607F1080019F0F5FDB0F1FF3FE7
:104EC0008246B6D0A0EB0803312BB2DCB8F1320F2A
:104ED000AFDC002EADD0013C61B22B6885F81F1A03
:104EE0002846D3F8903098476C468AB06A4695F9C0
:104EF0001F5A124905A819F06EFD294606A819F097
:104F000062FD414607A819F05EFD514608A819F058
:104F10005AFD494609A819F056FD06237B6042F860
:104F2000103F00234FF443517FE70126BFE700BF46
:104F3000BEB50200988C0200F2B502001EB6020057
:104F40002DE9F047044620F09DF94FF47A75A0FB57
:104F5000050647F6122205FB01610023FCF756FA0D
:104F6000D4F8303AD4F8342A07460E46014653EABC
:104F7000020004F5236560D1C4F8307A6E6055E90B
:104F80000223891A66EB03024FF47A73B4F8200AFD
:104F900080FB0303814272EB0303C0F2D28004F171
:104FA0001408404619F05BFC002800F0CA8004F1A8
:104FB000180019F054FC002840F0C38023682046F4
:104FC0001B6B9847002800F0BC8023682046DB6AF2
:104FD0009847002840F0B580236820469B6F98478B
:104FE00010F1800F00F0AD80D4F86C391BB107339D
:104FF000984200F3A68045E90276204619F0A4FE07
:1050000023680146D3F88C3006462046984705466B
:105010000021404619F001FD2046FFF79DFB002DC1
:1050200018DA15F1580F00F08C8002212B46BDE8EC
:10503000F047454A45481CF080BA4548CB1A66EB14
:10504000020298424FF00003934198DA204619F08B
:1050500061FE91E74FF6EF7304EBC606B6F8B6298A
:105060009A4202D9204619F055FEB6F8B6390133F6
:10507000A6F8B639002D50D0B6F8B839204601331D
:10508000A6F8B839FFF74CFB024600284DD0204661
:1050900019F023FD42F210758540B5FBF2F541F29F
:1050A000873305EB45059D423FD92A4B9D423ED8AB
:1050B0004FF47A73B5FBF3F547F6122C40F2E73064
:1050C00000214FF47A72E5FB0C010023FCF79EF9F6
:1050D000042580468A46D4F86C9909F107073FB247
:1050E000404651461FF0EBFF23682046DB6A984795
:1050F00050B9B9F1000F07D0236820469B6F98473D
:105100008742ACBF00200120013D12D00028E7D02B
:10511000B6F8BC390133A6F8BC3994F81E3A83B10D
:105120002046BDE8F047FFF731BE0525C4E76425FA
:10513000C2E70028ECD1B6F8BA390133A6F8BA397B
:10514000EBE7BDE8F08700BF50B60200988C020084
:1051500000974901878A0100F0B51C4B83B01C4DB4
:105160006E4600AF88B00446002908BF1D466A4657
:1051700080F8391A174905A819F02DFC294606A808
:1051800019F029FC4FF40073ADF81C30124B7B6012
:1051900042F8103F114800234FF4E65104F1140582
:1051A00008F030F82846B54619F059FB50B123688D
:1051B00020461B6F98472846002119F02EFC2046F8
:1051C000FFF7CAFA0C37BD46F0BD00BF65B3020059
:1051D0005DB3020067B6020003000001988C020074
:1051E00070B50D4616460424314628461CF018FDBD
:1051F00048B140F2391000211FF061FF013CF3D1AA
:105200000148FEF7ADFE70BD88B602002DE9F04FF3
:10521000DFF85882ADF5257D04460D46174600217E
:105220004FF4007224A81E4622F012FB98F80030BA
:1052300043B98F481BF0C5FC98F8003013B98D486E
:105240001BF0BFFC402124A81CF0EAFC98F80030B9
:1052500081463BB924A819F0FBFD49460246864821
:105260001BF0AFFC102200210AA822F0F1FA102155
:105270000AA80AF0B7FE002301460DF1CF020DF196
:10528000280C8B4201DA102B58D198F80030002BF3
:1052900040F0E78079481BF094FCBFB1B6B1202EF6
:1052A000314628BF20213A460DF1DF037E1812F85F
:1052B000010B13F8017FB24280EA07001870F6D1A3
:1052C00098F8003043B96E481BF07BFC98F800302A
:1052D00013B96C481BF075FC402180A81CF0A0FCA1
:1052E00098F80030064673B980A819F0B1FD314630
:1052F000024665481BF065FC98F800301BB929464A
:1053000062481BF05EFC0023079314F0ABFE2023E1
:1053100007AF00934FF400725D4801971CAB24A9BE
:1053200022F035F8064610B9079F202F0FD0202114
:105330001CA819F0FBF95748FEF712FE12F801EF0E
:105340001CF8010B013380EA0E00107099E701464A
:10535000142217A822F07CFA4FF41053ADF85830FD
:105360004FF480734C4A0DF12008CDE91832ADF8A6
:105370005A301CA943463A4616A8C8F8006021F0E6
:105380003AFF064639461CA819F0D0F9002ED2D1B2
:10539000102231460EA822F05BFA37460DF1240A9E
:1053A000BD42D8F8000017D90023CAF800301023F6
:1053B0000DF1380B0DF148095A463749CDF808A0D0
:1053C0000193CDF8009014F00DFD18B9DAF8003013
:1053D000102B14D04FF0FF36D8F8000021F0EFFE6C
:1053E00010210EA819F0A2F9002EA4D1012319460C
:1053F0002544AC421CD101B933B328489CE7EA1BD1
:10540000102A28BF1022E0194946059222F0FAF925
:10541000059A17444A4612F8013D0133DBB2137076
:105420000BB95A45F7D11021484619F07FF9B7E773
:1054300014F8012B32B1FF2A14BF002303F001033B
:105440000021D6E71346D4E724A84FF4007119F0E1
:105450006DF910210AA819F069F90DF5257DBDE84F
:10546000F08F002F7FF41AAF36E700BFC3AD0020E6
:10547000A9B60200CDB6020015B7020044B702007B
:1054800085B70200A7B70200F4B7020023B80200F4
:10549000090000025CB80200004440047BB802002E
:1054A000002330B5044689B01A4620216846FFF72C
:1054B000ADFE6946204618F0D8FB65252378013BF0
:1054C000DBB2FD2B05D82021684619F02FF909B071
:1054D00030BD013D02D10748FEF742FD002368467A
:1054E0001A462021FFF792FE6946204618F0BDFBC0
:1054F000E4E700BFA6B8020038B504464068FBF7F1
:10550000BFFC0649FBF7C4FD05462068FBF7B8FC65
:1055100001462846FBF700FC38BD00BF0024744953
:1055200010B50024044B1C700321044A04481BF0EE
:10553000FBFF204610BD00BFC4AD0020D9B802005B
:10554000888D0200014B1878704700BFC4AD002061
:1055500013B514220021044622F07AF912481FF0F4
:10556000FEFA78B1104819F0AAFC58B96A460C2125
:105570000D4819F0A8FC28B96846FFF7BDFF0123C4
:10558000E060E374237C5BB9607C58B9A37C2BB9E1
:10559000E37C002B14BF00206FF03C0002B010BD74
:1055A0000020FBE71846F9E7EC81020008B503216B
:1055B000024A03481BF0B8FF002008BDF6B80200FD
:1055C000888D020070B4CE7D46B1CD68541B054D68
:1055D000AC4203D81BB970BC19F034BD002370BCB9
:1055E00018467047809706002DE9F84F032B0646B2
:1055F000894690461F460A9D2FD819F00FFD044694
:10560000A0B38668464528D2C1689620691AA8EBDF
:105610000606761A4FF000033C4AA1FB000169EB35
:105620000909FBF7A3FE10F12D020B4641F1000121
:10563000B24271EB09010ADB6FF02C024FF0FF312F
:10564000121A61EB0303964279EB030307DA012395
:105650002561A382C4E90285A775BDE8F88F4FF6DE
:10566000FF72A38A9342F5D00133F2E71821034673
:1056700006F1170001FB03F210F802C0BCF1000FA5
:105680000ED1B418D9F800302360D9F80430C4E939
:105690000285636001232561A382A775E375DCE7BA
:1056A0000133202BE6D131464FF0000A4FF0180BA2
:1056B0002A46304619F0C6FCCB6818B11448EA1ADD
:1056C000824217D98A7DBA4214D9ECB1A07D8242B8
:1056D0001AD803D1888AA28A904215D30BFB0A629A
:1056E00060695269424032F07F4203D1E2689342DE
:1056F00038BF0C460AF1010ABAF1200F01F1180176
:10570000D6D1002CBED1A8E70C46F3E740420F00EB
:1057100080510100034690F8100338B1D3F80C33E0
:105720000348C91A81428CBF00200120704700BF86
:105730007F3A09002DE9F3478A46164600211822D0
:1057400004461D4622F084F8DAF800733246BE4261
:105750002CBF002301235146237404F11800009349
:105760002B4619F07CFC237E1BB940F201232380D9
:1057700014E0BE422ED2A37E022B02D840F20133A7
:10578000F5E7D4E90832B3F1960642F1FF32B6F5F7
:10579000167F72F1000305DA01236370204602B020
:1057A000BDE8F08729465046FFF7B4FF08B105234E
:1057B000F3E79AF8203343B145F25F41DAF81C333E
:1057C000EB1A8B4201D80623E7E70223C4E9026201
:1057D0002370E3E7637E052BD0D9A27EB3EB420FA3
:1057E00002DB40F20143C2E7D4E90887002F4646B6
:1057F000B94602DA764267EB4709B6F5167F79F1CA
:105800000003C9DB29465046FFF784FF0028CED1AC
:105810009AF8203333B145F25F42DAF81C33EB1AC1
:105820009342D0D99AF81833ABB14FF49670DAF8A6
:105830001433154AED1AA5FB00010023FBF796FD72
:1058400010F5167041F10001B04271EB090102DA66
:1058500040F201738BE7022318F5616F424640F670
:10586000116123703B4677F1FF37BCBF4FF0FF3328
:10587000064A8A4273F10001A4BF4FF4616200231B
:10588000C4E902238AE700BF40420F00F0F1FFFFA6
:105890002DE9F04F93B08046894602AF1FF0F2FC2D
:1058A0004FF47A74A0FB040547F61222002304FB90
:1058B0000151FBF7ABFD4FF47A720023FBF756FD65
:1058C000D9F8003038601B68484698473B68024664
:1058D0000646414607F1100019F0C9FC3B7C022B3B
:1058E0001AD1D7E9065B98F80423D2B1BBF1000FB7
:1058F00017DAD8F834230132C8F834234FF0FF31D7
:10590000494A2B4695427BEB0101B8BF1346474AF3
:10591000022147481BF011FE00204437BD46BDE878
:10592000F08F6FF001004FF0000A76194BF1000282
:10593000711E42F1FF3288427AEB02023D4C0FD2D7
:10594000AC427AEB0B0A09DB4FF0FF32364B9D423B
:105950007BEB020200DB2B46374AD9E72346FBE705
:1059600097F82030D9F80020314652687B604846CD
:105970009047304619F0B3FC052006F021FC7B6807
:105980002A4601933B68404600935B4619F058FC59
:10599000AC427AEB0B0A07DB4FF0FF32224CA542F8
:1059A0007BEB0202A8BF2C467A68244B244DE846C4
:1059B0008CB0002A08BF1D4697F82AA097F82B90B4
:1059C00002AA204B07F10C0102F11400FB6019F050
:1059D000FDFA02F11800FC6019F0F8FA02F11C005F
:1059E000FD6019F0F3FA02F12000C7F80CA019F0DD
:1059F000EDFA02F12400C7F80C9019F0E7FA4046DE
:105A0000FE6019F0E3FA40F2013393850E4BFB6020
:105A100042F8103F064800234FF4725107F0F2FBA2
:105A20000120C54679E700BF006CCA8833B902007F
:105A3000908D0200009435776DB9020029B90200FB
:105A40001FB902008DB90200070000010138C0B281
:105A500006289ABF024B53F820000248704700BF47
:105A60007C950200E3BF02002DE9F04FB1B00B932B
:105A700005463A9B8846164601460B9A16A89DF89D
:105A8000ECA0FFF757FEDDE91E799DF858209DF840
:105A90006830022A9DF87040099340F03581DDE9B5
:105AA000181095F8042322B1002880F2A081B74A8B
:105AB00004E0B74B8B428241B64A07DB4FF0FF3C14
:105AC000B54B994270EB0C0C00DB0B46B348B14967
:105AD000DDF824C0BCF1000F18BF014622A8CDE9B3
:105AE00000123821AE4A15F085FFBAF1000F00F020
:105AF0003081AC4BA74A9DF871109DF872009DF85B
:105B000073C0002C00F028814FF0000EA04CBC4266
:105B10007EEB090E07DB4FF0FF3E9F4CA74279EB6F
:105B20000E0EA8BF3C46209F0DF1880ECDE9011056
:105B3000CDE903C4009231464046CDE9057E9A4A3C
:105B400015F058FF041EC0F24D81B44280F04A8126
:105B5000D5F82C33FBB1D5E9CE1C00208C4AD5F802
:105B600030738A4270EB0C0007DB4FF0FF308A4A3B
:105B700091427CEB0000A8BF0A46CDE90072311BC0
:105B800008EB0400894A15F035FF241800F12A813A
:105B9000B44280F02781D5F834335BB1311B08EB78
:105BA0000400834A15F026FF241800F11B81B4423B
:105BB00080F0188128463A99FFF7ACFD98B13A99E0
:105BC000284619F07BFB4FF46163311BB0FBF3F304
:105BD000784A08EB040015F00DFF241800F102814B
:105BE000B44280F0FF80D5F82833311B009308EBD6
:105BF0000400D5F82433704A15F0FCFE241800F197
:105C0000F180B44280F0EE8005F540730A934FF0C6
:105C1000000A2B46DA7D0AB10AF1010A0A9A183302
:105C20009342F7D14FF0000BD946CA4540F3A98003
:105C30002F468BF001030F93FB7D002B00F0958026
:105C4000099B394628463A9AFFF7BCFC0F9B8342D2
:105C500040F08B8008EB04030893331B0C933B78D4
:105C60003A9A0D937B78B98A0E93FB686329A2EB6D
:105C70000303BA6828BF63219B184FF0000242EB70
:105C8000020E0B9A97F816C09B1A414A6EF1000E4D
:105C90009A424FF0000272EB0E025FDB3E4A9342E3
:105CA0004FF0FF327EEB02025ADBDFF8E8E0434AB6
:105CB000CDE901C1002808BF7246CDE903320E9B31
:105CC0003F4A0093311B0D9B08EB040015F092FE38
:105CD000002802DB2044B04244D30023089ACA457E
:105CE00013704EDDAAEB09031821364A10A815F0EF
:105CF00081FE0C9B0546834243D9421C10A908989B
:105D000021F080FD2C443CE0BDF85830B3F5807F95
:105D100015D1B9F1000F3B464A4602DA7B4269EBE6
:105D2000490240F22D118B4272F10002B4BF264BA2
:105D3000264B274A382122A815F05CFED5E69DF8AF
:105D40005900FFF783FE03460AB9224AF2E7224AC6
:105D5000F0E7224B224ACEE62746E5E60C4BA4E7C5
:105D60000D4BA2E7044609F101090A9B18379F422F
:105D70007FF462AF0BF10103022B4FF0010B7FF4B4
:105D800054AF204631B0BDE8F08F00BFBAB9020071
:105D90000094357793BD0200006CCA88D3B9020025
:105DA000F9B9020038D502001DBA020052BA020049
:105DB00072BA020080BA02008ABA0200F6B9020082
:105DC0009EBA0200BABA0200E0B90200E3B90200CA
:105DD00023C1020006BA020010BA0200DECC0200A3
:105DE000EBB902000023741E08F80430C9E7002252
:105DF000024B8B428241024A66E600BF009435772F
:105E000093BD020010B5044607F02EF9044823465E
:105E10000121044A1BF091FB012006F053FE00BF54
:105E2000388D020030BB020008B5806883681B68AB
:105E30009847031E06DA04480121044A1BF07DFB43
:105E4000002008BD0120FCE7A08C020077BB020007
:105E500010B50446FEF752FB014B2046236010BDEF
:105E6000A895020010B504464FF400620349FEF7FE
:105E7000A7FB2046BDE81040FEF7B6BE70B6002076
:105E8000014818F0A8BC00BFF800002010B547F684
:105E9000122C0446002140F2E7304FF47A720023BE
:105EA000E4FB0C01FBF7B2FABDE8104002460B46DA
:105EB000014811F0C1BF00BF3000002038B5064DC9
:105EC0002B681BB1441E14F8011F01B938BD2868A6
:105ED00019F06AFAF7E700BF3862002010B50446EF
:105EE00090B0A368DB6BBBB9A3689B6BD3B9A36805
:105EF000DB6AE3B9A3681B69002BF2D04022694634
:105F000020469847021EECDD69460B481BF029FA33
:105F10000A4811F0EDFEE4E7204698470028E3D157
:105F200010B010BD204698470028E0D1F8E7204681
:105F300098470028D5D0DDE724620020000100202A
:105F4000014601481FF078BB406200202DE9F04F68
:105F5000444EC3B0DFF8109100AFFC1D0122214672
:105F600042481BF01EFA012804D007F58677BD468B
:105F7000BDE8F08F217835880D2901D00A294AD152
:105F8000002D44D04FF00008394B3A4A03F8058001
:105F9000394BEA46282D94BF9B4693468AB0374931
:105FA00005A819F004FA294606A819F009FA07A865
:105FB0002F4919F0FCF9594608A819F0F8F96A4672
:105FC0002F4BCDF82490BB6042F8103F4FF4435163
:105FD00043462C4807F016F9FF22D546244907F11D
:105FE000080021F084FC87F807810022002326485E
:105FF00007F108011EF098FE28B90420FFF7A0FF62
:10600000A6F80080A9E72148FFF758FFF8E72048E5
:10601000FFF754FFA1E77F2901D0082913D1002DF4
:106020009BD01C4C013D20683580002895D008216C
:1060300019F0BAF92068202119F0B6F90821206872
:1060400019F0B2F989E7FE2D87D8124B186808B10C
:1060500019F0AAF9338821785A1C3280044AD154A5
:106060007BE700BFC0AD00200103020424620020D2
:10607000C7AE002022D8020093BD02009BBB0200E5
:1060800005000002708D0200D4070020B3BB02009F
:1060900091BD0200386200207FB50024144E154BDC
:1060A000154D164833607460B4601AF0C7F8234683
:1060B000134A14491448FFF7CBFE2846134B2146D8
:1060C0004FF4A06240F8043B21F0C2FB104BC5F82E
:1060D0000445C5F80C45C5F808450B4A0093CDE9C1
:1060E00001650C4B06490C4800F0F8FF04B070BD88
:1060F0001462002064950200045D0020C5AD0020FC
:10610000F8000020CC810200604300204C96020081
:10611000F0000020F4000020200800202DE9F743C3
:106120002C4B1B68002B51D02B4C2046FEF7DEFA7F
:106130000546204618F0D1FC06462046FEF7F0FA48
:106140000746204618F0D6FC8046204618F0E9FCA9
:106150008146204618F074FB00B243463A46314669
:10616000CDE90090284605F0CBFF204618F0D7FC7B
:106170000546204618F0CBFC0646204694F8398A9E
:1061800018F055FB0746204618F074FB04F118037D
:10619000D3E8AF3F003B18BF01234246CDE90003DF
:1061A00031463B46284605F0C1FF04F61C33D3E8D0
:1061B000AF0F04F53263D3E8AF1F04F62434D4E8FC
:1061C000AF2F03B0BDE8F04305F0C6BF03B0BDE894
:1061D000F08300BF20620020604300202DE9F04FD3
:1061E000E3B0BB4804AF18F0FCFA0321B94ABA483F
:1061F00019F0EFF8B94C20461EF0B1FC50B12269FD
:10620000A1681368204643F0010313600B68B44A89
:1062100000219847B1481EF0A2FC38B143F609525C
:106220000023B048CDE9002312F0B6FBAE4801F0E0
:10623000E3FE20B90121AD4AA74819F0CAF807F1D9
:10624000780518F020FEFFF76BF9FFF7AFF9284645
:1062500019F043F818B12968A54818F0CCFD18F0DA
:1062600014FEA44E60B1A44818F00AFEA34818F02A
:1062700008FED6F8140318F011FE012018F009FEEC
:1062800005F012FF19F028F8002005F097FDFFF740
:1062900059F920B103219A4A8F4819F09AF8994B7D
:1062A0001E6099481FF0C2F9984B994A9949C3F862
:1062B000682A0022C3F8701AC3F86C2AC3F8742A3B
:1062C00007F11804944B2046C6E9133217F0C1FCBD
:1062D0002146854801F032FF80B9904A03217E486B
:1062E00019F077F82046FFF7DBF821467E4801F0E9
:1062F00089FF03218A4A784819F06BF82146602209
:10630000884821F07FFAE378C7F804D07B612379CD
:106310008EB03B61637994F800B0FB60A37994F888
:1063200001A094F8029094F80780BB6004AC7E4909
:1063300004F1140019F03BF8594604F1180019F063
:106340003FF8514604F11C0019F03AF8494604F1AF
:10635000200019F035F8796904F1240019F030F8BB
:10636000396904F1280019F02BF8F96804F12C00C0
:1063700019F026F8B96804F1300019F021F8414607
:1063800004F1340019F01CF80A2322462B6042F86D
:10639000103F664C002345F2C0014F4806F032FF23
:1063A0002146D7F804D0504802F0E0F9574B4E4947
:1063B000A4F52470DC6000F0EFFF96F8943223B16E
:1063C0005B49201DFBF77CF888B90821284609F0B5
:1063D00009FE03280BDDEA782B780292AA782021A7
:1063E00001926A7853480092534A15F003FB414CDE
:1063F000464894F89C13003918BF0121FEF73CF879
:1064000094F89D134148003918BF0121FEF7A4FEFE
:1064100094F8A11394F8A403003918BF012194F84B
:10642000A33394F9A22300903848FDF7DFFF04F569
:10643000257005F0A5FEFFF771FE404805F010FD40
:10644000234818F0C8F9002105F08EFE18F01DFD54
:1064500005F0A4FE03213A4A1F4818F0BAFF0023B2
:10646000384A394811F0B4FC384E394830601EF0D3
:1064700076FB0446002800F0C9803368E94688B0FE
:10648000D3F8008004AC334904F1140018F08FFFF6
:10649000414604F1180018F08AFF4FF400782246B4
:1064A0002D4BA4F81C802B6042F8103F00230A48B3
:1064B0004FF4E65106F0A6FE284B294ACD461A6055
:1064C0000022C3E90122C3E903283068836849E058
:1064D000F80000200FBC0200708D02004C8002000A
:1064E00001000A0018070020C5AD002032BC0200E0
:1064F0001462002020080020011800005FF4010051
:1065000050BC020020620020406200206043002056
:1065100059F4010053F401008D5E00006EBC0200CE
:106520009BBC0200240A0020AEBC0200B00A00207E
:10653000DFBC0200B40A0020E8BC0200815E00005B
:1065400002BD0200B4C40400000000203862002034
:10655000AC80020029BD020003000001246200207B
:10656000C7AF00201BB11B6C0BB165499847306861
:1065700083681B6A03B198470321624A624818F096
:1065800028FF6248FFF79AFC614A00236148CDE981
:10659000002312F001FADFF880814FF0FF334FF053
:1065A000FF3240F2FF11CDE900235C4800221FF0CA
:1065B0004AF80446014659481FF041F8E60601D55D
:1065C00018F07CFC14F0040F554E26D0336823B32A
:1065D000002229460023534811F0C4F801463068D0
:1065E000D9B943462A4688F8001019F066FDFFF72E
:1065F00095FD98F800302BB14B48FFF75FFC404603
:10660000FFF75CFC4948FFF759FCDFE70121484AE6
:106610003D4818F0DEFE3460AEE7336873B1200603
:106620000CD50321434A384818F0D3FE30680022C5
:1066300003684FF4FA71D3F8C8309847306820B136
:1066400014F0270F01D0FBF78FFD21070DD530681F
:1066500020B117F020FC3068FBF786FD364818F0B3
:10666000B3FB05F087FDFFF759FDE20515D51EF0D8
:1066700009FE4FF47A728C460021A0FB020302FB54
:106680000C332E4A824271EB03032BD20A462C486C
:1066900018F011FF2B4812F0B7F963067FF57DAFB4
:1066A000294BD3E8AF0F18F01AFE3668002E3FF4DE
:1066B00074AF1EF0E7FD4FF47A74A0FB040C47F6AC
:1066C000122204FB01C10023FAF7A0FE4FF47A72F4
:1066D0000023FAF74BFE014606F53750303018F02C
:1066E000A5FD5AE7DFF86490154899F8002018F0E6
:1066F000E2FE99F8003083F0010389F80030CCE71E
:10670000DD5E00005BBD0200708D020076BD020000
:106710005A620200E0060020C7AD0020406200205F
:1067200020620020D407002094BD020091BD020029
:1067300042BD02009CBD020014620020BF3AC26F3D
:106740004C800200180700203C620020C6AD0020EB
:1067500008B54FF07E51D0F89002FAF7DDFA014605
:106760000548FAF795FC4FF07C51FAF7D5FAFAF79D
:10677000DDFDC0B208BD00BF0000C8420048704740
:10678000DABD020000487047DABD020000487047D9
:10679000EABD020000487047EABD020000487047A9
:1067A00018C502000048704718C50200004870472D
:1067B00000A302000048704700A3020010B590F843
:1067C000DE12044621B1044B594317F0C3F80146C9
:1067D000C4F8801210BD00BFC0D4010010B590F8FD
:1067E000DF12044621B1044B594317F0B3F80146B8
:1067F000C4F8841210BD00BF80EE36000321024AA7
:10680000024818F061BF00BFF6BD0200688D0200AB
:106810000321024A024818F057BF00BF01BE020020
:10682000688D020003462DE9F341D0F868029E6DA1
:10683000DF6DB3F8608003680C461B6898473368C7
:1068400005461B68304698473B6806465B693846F4
:1068500098474FF47A73CDE90080B6FBF3F32A46EC
:106860002046034915F0F0F802B0BDE8F08100BF02
:106870001ABE02002DE9FF47446DD0E905A5236843
:106880002046DB690F469847236806469B6B2046E7
:10689000984723688046DB6B2046984781464046F0
:1068A000FAF71EFD4FF47A73B5FBF3F5BAFBF3F379
:1068B0000FFA80F8484602930395F9F745FF36B280
:1068C000CDE90001434632463846034915F0BCF88D
:1068D00004B0BDE8F08700BF58BE02002DE9F04FBC
:1068E000446D87B02368D0E90F89D0E911AB5B6DA7
:1068F00020460D469847236806469B6D20469847DC
:1069000023680746DB6D204698473B46CDE903B038
:1069100032462846CDE9019A0349CDF8008015F0AA
:1069200093F807B0BDE8F08FACBE02001FB544F687
:106930001F639842044618D90F4B80FB033202A80C
:10694000CDE9023214F09CFF78B1C268436901922C
:1069500002691021013200920848094A03F26C735F
:1069600015F048F8054804B010BD23461021054A2B
:10697000024815F03FF8F5E780510100C7B100204B
:106980000DBF02001CBF020010B5806E88B0036806
:106990001B68984700230446069006A8079314F046
:1069A0006FFFA8B14369302103F26C73049303694C
:1069B0000B4A01330393C36802930368019343684E
:1069C00000938368074815F015F8064808B010BD15
:1069D00023463021044A034815F00CF8F5E700BFC0
:1069E00022BF0200D7B10020B7B902000121024A3C
:1069F000024818F069BE00BFAFBF0200688D0200F8
:106A00002DE9F04F80460E46002500F5135300F5A2
:106A10003552B9B004331C32596A31B138A8691CF7
:106A200000EB850545F8C83C0DB22C339342F3D1F9
:106A300006AB0022994605F1FF3A524514DB344675
:106A400000274FF00A0ABD4202DDA31B852B21DD82
:106A5000B44204D120462049FAF73CFD0634002315
:106A6000237039B0BDE8F08F01321C461746BD4295
:106A700001DC0433E1E760681968D0F824C0D1F87C
:106A800024E00137F44588BF186004F1040488BF8E
:106A90002160ECE759F827B00FB104F801AB0422EC
:106AA000594603A8FDF76CFAD8F8680003681B681C
:106AB0009847DBF824309BF92820C31A009220461F
:106AC000064903AA14F0C0FF23461C4613F8012B05
:106AD000002AFAD10137B6E7DEBF0200D5BF0200B7
:106AE00070B50446A568636810462A1D9A420E4692
:106AF0001AD80E49FAF718FAFAF7F2FB23686A1C5B
:106B0000A2605E55A3682268591CA1606721D15418
:106B1000A3682268591CA160C0F30721D154A3685F
:106B20002268591CA160D05470BD00BF00002041F4
:106B3000024ACBB2024803211AF0FFBCE5BF0200B3
:106B4000688D02002DE9F04383B000AFC0F38308E5
:106B500018F097FE174B184E0D469146002818BFA7
:106B60001E468CB0154905A818F051FD494606A8E7
:106B700018F056FD414607A818F052FD314608A806
:106B800018F045FD294609A818F04AFD40F20243D5
:106B90006A46ADF828300A4B7B6042F8103F00236C
:106BA0004FF45251074806F02DFB0C37BD46BDE8A7
:106BB000F08300BFECEA020044D8020020C00200CB
:106BC00006000001688D02002DE9F04F87B090F8B3
:106BD000883205460E46914600AF002B4CD008780F
:106BE000394AC0F3830B18F04CFE384BB1F802A0C1
:106BF00000280CBF90469846686D0368DB6B984789
:106C0000F860686D03689B6B9847C7F804D0B8605C
:106C10008EB02F4905A818F0FAFC494606A818F0CE
:106C2000FFFC594607A818F0FBFC414608A818F0DD
:106C3000EEFC514609A818F0F3FCF868FAF750FB8F
:106C400001460AA818F0ECFCB868FAF749FB0146BF
:106C50000BA818F0E5FC40F202436A46ADF830306C
:106C60001C4B7B6142F8103F002344F2C0411A489C
:106C700006F0C8FAD7F804D005F54052D2F8303BF8
:106C8000002B10DB307818F0FCFD1C2178B143F2AA
:106C9000601001FB0353195801311950D2F84431E7
:106CA0000133C2F844311C37BD46BDE8F08F01FB0B
:106CB000035543F25C116B5801336B50D2F84031ED
:106CC0000133C2F84031EEE744D80200ECEA02009A
:106CD0004FC0020008000001688D02002DE9F04F4E
:106CE00083B0904690F88822054600AF002A31D044
:106CF0000878244AC0F3830A18F0C3FD224EE946FF
:106D0000002818BF1646B1F802B08CB01F4905A87C
:106D100018F07DFC414606A818F082FC514607A8F1
:106D200018F07EFC314608A818F071FC594609A8F5
:106D300018F076FC40F202436A46ADF82830144B56
:106D40007B6042F8103F00234FF45351114806F086
:106D500059FACD4605F54053D3F8302B002A0CDB09
:106D60001C2101FB025543F268116A5801326A5036
:106D7000D3F84C210132C3F84C210C37BD46BDE895
:106D8000F08F00BFECEA020044D8020088C0020085
:106D900006000001688D02002DE9F0478CB0149EBA
:106DA0009946337804468A4617469DF85480002B4E
:106DB0004AD010220021684620F04AFD102200210E
:106DC0000DEB020020F044FD1022002108A820F065
:106DD0003FFD0F21304620F09DFD04F5327502463F
:106DE0003146684620F00EFD0F21284620F092FD26
:106DF0002946024604F53A7504A820F003FD0F2148
:106E0000284620F087FD2946024608A820F0FAFC13
:106E1000102268460DEB020117F04EFC06461022C8
:106E2000684608A917F048FC002E63D0032600220C
:106E3000514604F57E7019F04AFAD0F884300546C0
:106E40004B456FD95C4A63E0202200F57E7019F053
:106E500022FA05460028ACD0B8F1000F02D0FF237B
:106E600085F82130A06E18F057FD002304F58056F8
:106E7000C6F8D008A6F8D43895F8203004F5C651E5
:106E800003F00303DA1E5342534186F8D63895F8CF
:106E90002030042286F8D738606E183103681B68EA
:106EA0009847022304F5405286F8DC38D2F8303B8C
:106EB000002B13DB95F8201001F0030103294FF09C
:106EC0001C0101FB034362D143F26C1019580131DC
:106ED0001950D2F850310133C2F8503195F82030B2
:106EE00003F00303032B03D1D4F86C02002859D11B
:106EF0000D2012E000289AD1A06E03681B68984705
:106F0000014604F51250243018F05AFD40B92B4ABE
:106F10002B48022118F0D8FB00200CB0BDE8F08708
:106F2000284AF5E70321284A254818F0CDFBC5F883
:106F30008490A06E03681B68984795F82030C5F8C8
:106F4000880003F00302032A3A461EBF23F003031E
:106F5000334385F8203007F1200105F1620352F830
:106F6000040B8A4243F8040BF9D1002E3FF474AFAE
:106F700004F50056D6F8C034002B7FF46DAF41F213
:106F80008831204616F0E6FCC6F8C00464E743F2F8
:106F90007010195801311950D2F854310133C2F828
:106FA00054319BE701F0AAF80022014604F57E70F7
:106FB00002F0C8F89CE700BFF1C00200B2C00200B6
:106FC000688D0200E0C002000FC102002DE9F0410F
:106FD0000546806E1F46036890461B68069C9847CE
:106FE000014605F51250143018F0EAFC48B354B3CA
:106FF0003B7805F5805686F8C83953B105F5CC5075
:10700000621E791C083017F040FA10B9FF2386F889
:10701000C839C6F8D088A86E05F5C6540368183478
:107020001B6898470949C6F8D40805F5497305F562
:107030002572204614F008FD2046FAF753FA08306E
:10704000C0B2BDE8F0812046FBE700BF20C10200CE
:1070500070B590F8DD420546ACBB0A78104618F0D2
:1070600018FC70B30B7995F80C6303F03F039E4254
:1070700029D902F00306012E03D195F80D639E4233
:1070800021D902F03C02102A03D195F80E239A422E
:1070900019D905F50053D3F87034B3B195F8B53369
:1070A00063B1012B0BD00A4A0A48022B08BF0246E3
:1070B000284618F079FE80F00100C0B270BD064A83
:1070C000F6E70120FAE70020F8E71846F6E700BFE8
:1070D000680600206C060020700600202DE9F043B1
:1070E000044685B004200E46154698460D9F19F0BB
:1070F00073FB08B1784B03600E9B42462946CDE9ED
:10710000010300970C9B2046FBF7CEFF734B04F561
:107110007E78236003F5947304F58055C4E99936AD
:10712000404618F004FCC5F80068002604F5197301
:1071300004F5247904F5C450C5F81038C5F804786E
:10714000C5F8088885F8C8686549C5F80C981830EE
:107150001DF0C6FEC5F8EC6A04F5CE550C3504F5F5
:10716000D7502946103002F009F9294604F5FD50A0
:1071700002F004F90423782204F5005504F51357AE
:10718000C5F888241F44B422C5F88C64A5F890641F
:10719000C5F89C64A5F8A064C5F8AC64A5F8B06413
:1071A0003E4604F53558C5F88434C5F89434C5F81E
:1071B0009824C5F8A434C5F8A82408F11C08304662
:1071C0002C3616F034FD4645F9D104F5375000222F
:1071D0004449303017F0FDFE00260022002304F55C
:1071E0001150C4E99E23C4E99B66C4E9A06610223D
:1071F000C5F8C064C5F8606DC5F85C6D314684F8AB
:107200008862343085F8BC64C5F8706420F020FBD7
:10721000C5F8B464C5F8B86438462C3718F0E4FBF8
:107220004745F9D14FF4B4720021484620F010FBD5
:107230002D4B0F22C4F890322C4904F5327020F007
:1072400056FB0F222A4904F53A7020F050FB294BD7
:107250000125C4F8D83240F60803A4F804331623F5
:1072600084F8DC322F2384F8DF324FF07C53C4F8EB
:10727000E432214B2149C4F8F832214B84F89C5365
:10728000C4F8083344F24003A4F80C33082384F80C
:107290000E334FF49673C4F814330F2384F8A333DA
:1072A000192384F8A4334FF6FF7384F8A153A4F88C
:1072B000F03384F8E85384F8EE5304F52570FAF7B8
:1072C00009F90223204684F8183384F8B53384F88A
:1072D000B35305B0BDE8F083FC9302006096020052
:1072E00053070200B29C6E6A00001041E8C0020021
:1072F00093BD02008D6759449A99993EDFBC020004
:1073000000007A42F8B500F54054224BD4F8302101
:1073100005469A420BD0C4F830310123C4F8343109
:10732000D4F8343BC4F838310023C4F83C31D4F8E5
:107330003C31592B1AD85A1CC4F8303BC4F83C21B4
:107340001C2743F2581607FB03633A46E81800214E
:1073500020F07EFAD4F8303BD4F8342B07FB0353EB
:107360009A532846BDE8F84018F094BE05F54551FB
:1073700005F5455040F6BC123431183020F04FFA74
:10738000D4F838310133C4F838315923C4F8303BCC
:10739000D6E700BF445354312DE9F047044684B08A
:1073A00000AFC0F86C12FAF74BFE204616F06FFDE6
:1073B000D4F8FC32D4F86C02C4F8003200F09EFE1F
:1073C00004F50172014604F57E7001F007FED4F861
:1073D0006C0200F0A3FE04F5D7551035014628468F
:1073E00001F0F6FF284619F092F8014630B104F595
:1073F000115201232846343218F0BCFF236820467E
:10740000D3F8CC30984723682046D3F8D03098473B
:10741000D4F86802D4F820130368DB689847D4F8DE
:10742000D802F9F791F98046D4F808038946F9F7AC
:107430008BF994F804A3C7E9000194F8056390B0B0
:10744000194905A818F0E3F804F5257106A818F005
:10745000DEF8022207F1080108A8C7E9028918F03E
:107460009AF8D7E900340AA8C7E9023418F093F86B
:1074700051460CA818F0D4F831460DA818F0D0F8F1
:107480004FF400736A46ADF83830084BBB6042F8E1
:10749000103F002345F2C041054805F0B3FE103708
:1074A000BD46BDE8F08700BF4FC102000A000001E1
:1074B000688D02002DE9F04F00F54056D6F8307B7C
:1074C0000D46002F89B006DA28462C4909B0BDE8E0
:1074D000F04FF9F7FFBF1C234FF000084FF0A00A50
:1074E00003FB0704DFF8989004F545541834DFF8DF
:1074F00094B02088FFF71AFAB8F1000F18BFCB46F6
:10750000A3695146069363691F4A0593236904934F
:10751000E3680393A36802936368CDE900035B46C5
:10752000284614F067FA031E0EDB53450CD2B8450B
:107530001D44AAEB030A07D008F10103022B4FF008
:107540000108A4F11C04D2D1D6F854315146049359
:10755000D6F8503128460393D6F84C310B4A0293A3
:10756000D6F848310193D6F844310093D6F840312B
:1075700014F040FA09B0BDE8F08F00BF8CC10200E2
:1075800088C1020093BD020094C10200BFC1020085
:107590002DE9F04F064689461D4697B002AF1446C6
:1075A00012F8013B202BFAD02046F9F79BFF042864
:1075B0000AD9A3787C2B07D12388033525F8033C0F
:1075C000A378033405F8013C082220466C4920F0DA
:1075D0004EF9824600284CD108342021204620F064
:1075E00056F920B967492846F9F774FF5CE08046F0
:1075F000204608F801ABF9F775FF02282ED81022B3
:107600005146204614F064FD5FFA80F94046F9F7D0
:1076100069FF402828BF402044104246214607F118
:107620000C0017F08BF810B32346CDF8009007F14B
:107630000C0206F5017106F57E7001F051FEA0B155
:1076400006F50054D4F8C03433B941F288313046DD
:1076500016F080F9C4F8C0044B49C4E7404620F056
:1076600002F9A0465FFA80F9D0E74849BBE74849EC
:10767000B9E7B9F1000F50D120464649F9F720FF8C
:107680008046002849D10321434A444818F01CF899
:10769000DFF80C9106F57F7406F58053D3F8FC37BC
:1076A000984505DB00232B705437BD46BDE8F08FAD
:1076B00094F820306BB32022214607F10C00FCF730
:1076C0005FFCC7F804D08AB094F820B00DF1080A26
:1076D00034490AF1140017F09AFF59460AF11800CC
:1076E00017F09EFF07F10C010AF11C0017F08FFF45
:1076F00040F201335246AAF82030C7F8089042F809
:10770000109F00234FF41351244805F07BFDD7F858
:1077100004D008F10108A034BEE706222046224921
:1077200020F0A5F828B92A462146304600F0F0F9A5
:10773000BAE7122220461D4920F099F860B91134A9
:1077400014F8013F202BFBD00BB119494BE7304611
:1077500018F075FC174946E70B222046164920F021
:1077600086F820B929463046FFF7A4FE9CE72B4651
:107770002246494606F5C05002F008F994E700BFDA
:10778000ECC10200F5C1020006C2020009C20200FB
:107790001EC202002FC2020037C20200688D020022
:1077A000040000013CC20200CAC3020046C202003B
:1077B00059C2020081C2020094C202002DE9F04FBA
:1077C00003F65C33B5B050F823700E46DDE93F9BFD
:1077D0003E99002F0446049105DB00F58053D3F851
:1077E000FC37BB4208DC02213B46894A894835B058
:1077F000BDE8F04F19F0A1BEA0257D4300F57E73D2
:1078000005F1040805939844002A5ED14719D9F878
:1078100000A0D7F88034534580F0D780ABF1040343
:107820000093524609F104034146FAF725F98146CF
:10783000002800F0CA80C7F880A4A06E03681B6807
:107840009847C7F88404307818F023F804F5C65335
:107850001033D8B1CDE90239012301933379414680
:1078600000932046049A06F10A0316F0D4FD01465F
:10787000002800F0AA804FF49672204633799B09C5
:10788000013335B0BDE8F04F18F004BB0121CDE95C
:10789000003942462046049BFCF732F80146002896
:1078A00000F0938097F81D34FF2BE4D04FF49670CE
:1078B00005F126023E9004F57E70104402462046F3
:1078C00035B0BDE8F04F16F0EEBC022A7DD1BBF119
:1078D000050F7AD9431993F81C2402F00302032AF6
:1078E00073D199F804209108072A07916DD8D3F82D
:1078F0008024D9F800A00592524566D8C3F880A428
:10790000806E0693026812689047069B0799C3F839
:107910008404002309F80B3009F1050B11BB58460C
:10792000F9F7E0FD20234A460421CDE90083431DF9
:1079300009A8FCF7CDFA099B0AA9042220460A935C
:1079400016F0CFFB014668B1A02303FB074393F871
:107950001D34FF2B3CD13379C8229B0920460133CB
:1079600018F098FA059B53453DD100238DF82D3032
:107970000DF12D00F9F7B6FD814630B3A06E17F07A
:10798000CBFF042350458DF82C3009F1050308BFC7
:107990000AF1010001930AAB02210A9000934246CA
:1079A0002046049BFBF7ACFF014670B1A02303FB0C
:1079B000074797F81D34FF2B1DD133794FF416720A
:1079C0009B092046013318F065FA35B0BDE8F08F09
:1079D000C82005F12602009004F57E70024420467E
:1079E00016F061FCBEE75A46514620460DF12D03C4
:1079F00018F063FBBCE74FF4167005F12602009007
:107A000004F57E7010440246204616F04CFCDCE77C
:107A1000A0C20200688D02002DE9F8430546174612
:107A20000C4619B1481E10F8012FB2B905F5805463
:107A300005F5FD514FF4966204F52F601FF0E2FE4C
:107A4000002305F5005585F8BC343846B4F8FA2A09
:107A50002D49BDE8F84313F0F7BF093AD2B2172A0F
:107A600004D82A4921FA02F2D307DCD422469046F0
:107A7000914612F8011B2029F9D0A8EB04044E46C8
:107A800019F8010B01F08EFC0028F8D133780BB106
:107A900030704E46B14616F8013B33B9631E062BD3
:107AA00006D900233B70BDE8F883462BF2D1F5E7F9
:107AB00098F80030002BF4D005EB840404F5005452
:107AC000D4F84C64002EECD005F5D7504146103068
:107AD00001F0F2FD05F5FD553288064660B10388D8
:107AE0004146284618F0A7FC0028DAD036B1337991
:107AF0000371C4F85004D4E70346F1E799F8003065
:107B0000463B18BF0123F3E719C3020013008000AE
:107B100000232DE9F04F044687B00F461370154639
:107B20000B461E4632780133202AFAD00A2230460C
:107B3000AA491FF0CAFE002877D1B37A13F0DF0FED
:107B400073D106F10A031E4632780133202AFAD097
:107B5000304618F047FB337833B9A149284607B0BF
:107B6000BDE8F04FF9F7B6BC4FF0000804F5D75464
:107B7000103404F28C493378B246202B06F101060A
:107B8000F9D063BBA0222946204607B0BDE8F04FDC
:107B900018F001BD1FB13B780BB99249DEE7B9F887
:107BA000002000235946204618F045FC814640B984
:107BB0005B468D4AA021284607B0BDE8F04F13F080
:107BC00019BF80F80480002FD5D03946204601F037
:107BD000A3FD81460028CED13B46844AEAE75346BE
:107BE0001A781E46013322B1202AF9D186F8008086
:107BF0001E4653461A4613F8017B6FB17C2F01D005
:107C00002C2FF7D182F800801F4613F8012B202A71
:107C1000FAD0384618F0E6FAD3461AF8013B202B82
:107C2000FAD0002BB6D1724998E7384620230422B7
:107C300002A916F0A7FD0128074609D104F5D7507F
:107C4000A0222946103018F0A6FC07B0BDE8F08F3E
:107C500040F3AA81039E67493046F9F731FC01469B
:107C6000C0B904F58053B3F8F42AA3F8AA0F04F5B9
:107C70001150A3F8A42F14301C221FF0E9FD01229B
:107C800004F5005304F510542C34C3F8504483F821
:107C9000BC24DAE730465849F9F712FCD0B9A06E97
:107CA00003681B6898472368C4F81C03D3F8B830EE
:107CB00020469847D4F86C0200F030FA014604F5EB
:107CC000D750103001F034FC4C494D4B002808BF10
:107CD000194643E7022F6FD030464A49F9F7F0FBC7
:107CE00070B904F5D7500499103001F015FD28B192
:107CF000037923F00103037140492FE742492DE73F
:107D000030464249F9F7DCFB58B904F5D7500499DD
:107D1000103001F001FD0028F0D0037943F0010399
:107D2000E9E730463A49F9F7CBFB58BB04F5D7549D
:107D300010342046049901F0EFFC06460028DDD0FF
:107D40004188204618F0C4FB3379721D03F001030B
:107D500068B1018859B12F4C2F49002B18BF21461B
:107D6000431D009128462D4913F06EFE6DE7294909
:107D70002948002B18BF084629490346284613F016
:107D800063FE62E730462749F9F79AFB002851D194
:107D900004F5D75410342046049901F0BDFC064682
:107DA0000028ABD00146204618F0ADFB1E49721DDD
:107DB000284613F049FE48E730461A49F9F780FB98
:107DC000002840F0868004F5D750103018F098FB5A
:107DD00010B1421D1549EBE7154AFBE742C302000B
:107DE0004DC302006EC302007FC3020094C30200B1
:107DF0005DC30200ABC30200B0C3020006C20200B2
:107E000030C30200B5C30200BCC30200D1C30200EC
:107E1000C6D2020093BD020044D80200D7C30200BC
:107E2000E3C30200EAC30200EFC30200FFC3020083
:107E300030D7020030465D49F9F742FB002859D19E
:107E4000DDF810805A494046F9F73AFB04F5D75758
:107E500006461037A0B90146384618F05EFB04F517
:107E600011501022314634301FF0F2FCD4F86C026D
:107E700000F054F90146384601F05AFB4D496DE6D1
:107E80004146384601F048FC064638B903460246EA
:107E90000499384618F0CFFA0646C0B1002331469F
:107EA0003846337118F039FB04F51152343201238E
:107EB0003146384618F05EFAD4F86C0200F02EF91C
:107EC0000146384601F034FB3B49721D70E73B49DF
:107ED00044E630463549F9F7F3FA002864D104F551
:107EE000D750103018F013FB10B1421D34495FE732
:107EF0002F4AFBE730463349F9F7E2FAD8B904F5DF
:107F0000D754032F04F1100406D02046059901F040
:107F100003FC18B92C4921E604F28C4002880023A6
:107F20002046049918F087FA08B9284916E6002374
:107F30002749037112E630462649F9F7C1FA90B98C
:107F400004F5D75410340499204601F0B5FB0146DE
:107F500038B1204618F0E5FA00287FF4CDAE1E496E
:107F6000FCE51E49FAE530461D49F9F7A9FAD8B9EA
:107F7000049E1C493046F9F7A3FA38B130461A4935
:107F8000F9F79EFA08B11949E8E50120009004F5D7
:107F9000D7500123A0222946103018F00FFB0028EB
:107FA0007FF453AE1249D9E51249D7E50BC402005C
:107FB00029C4020013C4020030C4020049C40200F4
:107FC00061C402009BC4020076C402008BC402009C
:107FD0009FC40200B4C40200BBC40200CBC40200B0
:107FE00086F30200DBC40200E3C40200EAC402001C
:107FF000DEBF02000AC502002DE9F041C4B090F8CE
:108000000080064600AFB8F1000F65D1344807F193
:10801000080106F03BFF002843DA314806F068FE0D
:10802000051E25DA15F1110F22D06E468AB02D49B2
:1080300005A818F0EEF806A8294918F0EAF807A8EC
:10804000294618F0EFF84FF400736A46ADF8203077
:10805000254B4FF41151254842F8103F7B6018F032
:10806000EAF8B546404607F58877BD46BDE8F08199
:108070006D4688B01E4905A818F0CBF806A8184927
:1080800018F0C7F84FF400736A46ADF81C30194B6E
:108090004FF4E651154842F8103F7B6018F0CBF8DA
:1080A000AD4601236D46337088B0134905A818F01A
:1080B000B0F806A80A4918F0ACF84FF400736A4605
:1080C000ADF81C300B4B4FF4E651084842F8103F16
:1080D0007B6018F0B0F8AD464FF00108C2E700BF72
:1080E00013C5020021C5020004000001788D0200C2
:1080F00039C50200030000014EC5020008B5302159
:10810000034B044A044813F075FC034808BD00BF44
:1081100013C5020072C5020037B2002008B5302135
:10812000034B044A044813F065FC034808BD00BF34
:1081300013C5020079C5020007B20020F0B5A9B04E
:1081400000AF294B294A0D4607F11000302113F0EA
:1081500051FC0023012207F11001381DC7E901334A
:108160003B7306F0DFFB00283BDB602207F1400198
:10817000381D06F07BFC0446381D06F05BFC3F2CE6
:108180002ADD2846224607F1400115F08AFD054602
:10819000E8B16E4688B0164905A818F03AF806A866
:1081A00007F1100118F035F84FF400736A46ADF886
:1081B0001C30104B4FF4E6510F4842F8103F3B6023
:1081C00018F039F8B5462846A437BD46F0BD012160
:1081D0000A4A094819F0A8F90121094A064819F084
:1081E000A3F90025EFE700BF13C5020085C5020013
:1081F00091C5020003000001788D0200A9C50200AC
:10820000C7C502002DE9F043AFB003780C4600AFBC
:108210000BB9FFF7F1FE3021524B534A07F1100022
:1082200013F0E8FB3821514A07F1100307F1400031
:1082300013F0E0FB07F1400006F098FD0023122246
:1082400007F14001381DC7E901333B7306F06AFBB3
:10825000051E22DA6E468AB0454905A817F0D9FFF7
:1082600006A807F1400117F0D4FF07A8294617F028
:10827000D9FF4FF400736A46ADF820303D4B4FF400
:1082800011513D4842F8103FBB6717F0D4FFB54687
:108290000020BC37BD46BDE8F083402207F17801DD
:1082A000204615F028FD07F1780102460546381DE5
:1082B00006F0F6FB8046381D06F00CFC0646381D1D
:1082C00006F0B8FB454501D1002E21DAE9468AB017
:1082D0002A4905A817F09DFF06A8414617F0A2FFFE
:1082E00007A8294617F09EFF08A8314617F09AFF05
:1082F00005236A464FF421511F4842F8103F3B6066
:1083000017F099FFCD4607F1400006F02FFDBFE7BB
:1083100007F1100107F1400006F066FD002805DABC
:108320000121174A144819F0FFF8ECE76D4688B0B0
:10833000144905A817F06DFF06A807F1100117F002
:1083400068FF4FF400736A46ADF81C300E4B0A48C4
:108350004FF4E65142F8103F3B6017F06CFF0120EC
:10836000AD4696E713C5020085C50200DDC50200D3
:10837000E4C5020004000001788D020004C602007A
:1083800035C6020051C6020003000001F0B5A7B0D7
:1083900003780C4600AF0BB9FFF72EFE3021002505
:1083A000E84BE94A781813F025FB3821E74A07F132
:1083B000300307F1600013F01DFB07F1600006F0C9
:1083C000D5FC122207F1600107F10800C7E9025548
:1083D0003D7406F0A7FA061E21DA6D468AB0DC4924
:1083E00005A817F016FF06A807F1600117F011FFA6
:1083F00007A8314617F016FF4FF400736A46ADF830
:108400002030D44B4FF41151D34842F8103F7B61D8
:1084100017F011FFAD4600209C37BD46F0BD192274
:10842000294607F114001FF013FA2146042207F130
:10843000080006F035FB211D202207F1080006F098
:108440002FFB042207F1140107F1080006F028FBB6
:10845000082204F12801B81806F022FB082204F1D2
:108460003001B81806F01CFB04F13801102207F1A6
:10847000080006F015FB04F14801042207F108008A
:1084800006F00EFB04F14C01012207F1080006F092
:1084900007FB04F14D01012207F1080006F000FB83
:1084A00004F14E01012207F1080006F0F9FA012259
:1084B00007F1140107F1080006F0F2FA04F1500187
:1084C000042207F1080006F0EBFA04F1540104223B
:1084D00007F1080006F0E4FA04F15801102207F150
:1084E000080006F0DDFA04F16801042207F1080033
:1084F00006F0D6FA04F16C01042207F1080006F038
:10850000CFFA04F17401012207F1080006F0C8FA5D
:1085100004F17501012207F1080006F0C1FA04F127
:108520007601012207F1080006F0BAFA04F177019A
:10853000012207F1080006F0B3FA04F178010422E1
:1085400007F1080006F0ACFA04F18001012207F1FE
:10855000080006F0A5FA04F22311012207F1080031
:1085600006F09EFA04F22511012207F1080006F038
:1085700097FA012207F1140107F1080006F090FABA
:1085800004F17C01012207F1080006F089FA04F1E8
:108590004F01012207F1080006F082FA04F17F0181
:1085A000012207F1080006F07BFA192207F11401F5
:1085B00007F1080006F074FA04F18101012207F1C5
:1085C000080006F06DFA032207F1140107F1080014
:1085D00006F066FA04F18201012207F1080006F0B4
:1085E0005FFA04F18401042207F1080006F058FA4A
:1085F00004F18801012207F1080006F051FA04F1A4
:108600008C01042207F1080006F04AFA04F19001F7
:10861000042207F1080006F043FA04F194017822DD
:1086200007F1080006F03CFA04F58671012207F113
:10863000080006F035FA04F20D11012207F10800D6
:1086400006F02EFA04F58771012207F1080006F002
:1086500027FA04F20F11012207F1080006F020FAB0
:1086600004F17D01012207F1080006F019FA04F176
:108670007E01012207F1080006F012FA04F5887164
:10868000012207F1080006F00BFA04F21111012291
:1086900007F1080006F004FA04F58971012207F1D8
:1086A000080006F0FDF904F21311012207F1080099
:1086B00006F0F6F904F58A71012207F1080006F0C8
:1086C000EFF907F1080006F005FA044607F1080083
:1086D00006F0B0F9002C0ADA012123461F4A1E4891
:1086E00018F02BFF07F1600006F040FB93E607F15E
:1086F000300107F1600006F077FB002805DA012160
:10870000174A154818F010FFECE76D4688B0154978
:1087100005A817F07EFD06A807F1300117F079FDD6
:108720004FF400736A46ADF81C300F4B0A484FF403
:10873000E65142F8103F7B6017F07DFD0120AD4609
:108740006AE600BF13C5020066C60200DDC502006E
:10875000E4C5020004000001788D02006FC602002B
:108760008AC60200A3C60200030000012DE9F04FF3
:108770004FF00008DFB000AF0C46364B3021364AD0
:10878000064607F1400013F035F9012207F14001D8
:1087900007F11800C7E9068887F8208006F0C2F8BC
:1087A000404504F1380B04F1580504F1040A65DA78
:1087B0004FF4B472414620461FF04AF8274B0F226F
:1087C0002360274958461FF092F80F222846254972
:1087D0001FF08DF8244B0125A36440F60803A4F88C
:1087E0007430162384F84C302F2384F84F304FF028
:1087F0007C5363651D4B5046A3661D4B1D49A36703
:1088000044F24003A4F87C30082384F87E300F2320
:1088100084F81331192384F814314FF6FF7384F868
:108820000C51A4F8603184F8115184F8585184F83F
:108830005E51F8F74FFE022384F8235184F8883004
:1088400084F825310C4B21463046C4F88430FFF7BC
:108850009DFD53E213C5020066C6020000001041F0
:10886000E8C0020093BD02008D6759449A99993E71
:1088700000007A42DFBC020000A3020007F170088A
:10888000414607F1400006F001FB042221468146E3
:1088900007F1180006F0EAF82022514607F1180007
:1088A00006F0E4F8042207F1240107F1180006F0AD
:1088B000DDF8082204F1280107F1180006F0D6F8C7
:1088C000082204F1300107F1180006F0CFF8102259
:1088D000594607F1180006F0C9F8042204F14801CE
:1088E00007F1180006F0C2F8012204F14C0107F16B
:1088F000180006F0BBF8012204F14D0107F1180041
:1089000006F0B4F8012204F14E0107F1180006F058
:10891000ADF8012207F1240107F1180006F0A6F8CE
:10892000042204F1500107F1180006F09FF8042218
:1089300004F1540107F1180006F098F829461022B6
:1089400007F1180006F092F8042204F1680107F11B
:10895000180006F08BF8042204F16C0107F11800EE
:1089600006F084F8012204F1740107F1180006F002
:108970007DF8012204F1750107F1180006F076F880
:10898000012204F1760107F1180006F06FF80122C8
:1089900004F1770107F1180006F068F8042204F1E9
:1089A000780107F1180006F061F8012204F1800156
:1089B00007F1180006F05AF8012204F2231107F11A
:1089C000180006F053F8012204F2251107F11800EF
:1089D00006F04CF8012207F1240107F1180006F017
:1089E00045F8012204F17C0107F1180006F03EF879
:1089F000012204F14F0107F1180006F037F80122B7
:108A000004F17F0107F1180006F030F8192207F190
:108A1000240107F1180006F029F8012204F1810170
:108A200007F1180006F022F8032207F1240107F1EC
:108A3000180006F01BF8012204F1820107F118006A
:108A400006F014F8042204F1840107F1180006F07E
:108A50000DF8012204F1880107F1180006F006F86C
:108A6000042204F18C0107F1180005F0FFFF042235
:108A700004F1900107F1180005F0F8FF782204F1E5
:108A8000940107F1180005F0F1FF012204F5867149
:108A900007F1180005F0EAFF012204F20D1107F1B9
:108AA000180005F0E3FF012204F5877107F11800B3
:108AB00005F0DCFF012204F20F1107F1180005F0A8
:108AC000D5FF012204F17D0107F1180005F0CEFF6A
:108AD000012204F17E0107F1180005F0C7FF012211
:108AE00004F5887107F1180005F0C0FF012204F2B7
:108AF000111107F1180005F0B9FF012204F5897181
:108B000007F1180005F0B2FF012204F2131107F17A
:108B1000180005F0ABFF04F58A71012207F1180077
:108B200005F0A4FF07F1180005F084FFE56E0021B1
:108B30002846F8F78DFB20B929462846F8F788FB28
:108B400008B9714BE366EA4688B0704905A817F08A
:108B500060FB06A807F1400117F05BFB4FF40073C0
:108B60006A46ADF81C306A4B4FF4E651694842F84A
:108B7000103F3B6117F05FFBD4F848B0D54658462C
:108B8000654994F874A0A56FF8F76CFB98B958463E
:108B90006249F8F785FB70B9AAF10503072B0AD8DB
:108BA00028465F49F8F75EFB28B928465D49F8F783
:108BB00077FB00283FD05846F7F7C6FD02460B4624
:108BC0002846C7E90023F7F7BFFDEB46C7E90201D6
:108BD0008CB0554905A817F01CFBD7E9002306A85F
:108BE000C7E9042307F11001022217F00BFB5146DD
:108BF00008A817F017FBD7E9022307F11001C7E90E
:108C000004230AA8022217F0FDFA08236A460B6023
:108C100042F8103F4FF481413E4817F00CFB434BA4
:108C2000DD46A364424BA36740F60803A4F8743002
:108C3000162384F84C3094F82331022B84BF002390
:108C400084F8233194F82531032B84BF012384F861
:108C5000253194F80C31012B84BF002384F80C31AA
:108C600094F80D31012B84BF002384F80D3194F862
:108C70001031012B84BF002384F8103194F8113196
:108C8000012B84BF002384F8113194F8123108338A
:108C9000DBB2142B84BF002384F8123194F8133113
:108CA000013B082B9CBF0A2384F8133194F814313C
:108CB0005A2B84BF5A2384F81431B9F1000F17DB03
:108CC000D8F80431B3F5937F12D2012384F80C3124
:108CD00084F823310223214684F825313046FFF7FA
:108CE00055FBD8F804310321124A0A4818F025FC34
:108CF000D4F88430B3F5967F3FF4A4AD012007F596
:108D0000BE77BD46BDE8F08FCDCC4C3EB5C6020067
:108D100003000001788D02000000964300007A44B1
:108D20000000E0400000FA43CAC602008D675944C3
:108D300000007A4211C7020030B591B0194B1A4AAF
:108D40000C4604A8302112F055FE0023012204A98C
:108D500001A8CDE901338DF80C3005F0E3FD0028C2
:108D60001CDB4FF42062214601A805F07FFE05467A
:108D700001A805F05FFEB5F5206F09D122680B4B05
:108D80009A4205D16068012802D1E3685A2B06D9BE
:108D900002212B46064A074818F0CFFB002011B0ED
:108DA00030BD00BF13C5020044C702004453543114
:108DB00057C70200788D0200F0B59FB003780C46CB
:108DC00000AF0BB9FFF718F930213C4B3C4A07F1D3
:108DD000100012F00FFE38213A4A07F1100307F194
:108DE000400012F007FE07F1400005F0BFFF00232E
:108DF000122207F14001381DC7E901333B7305F02A
:108E000091FD051E21DA6E468AB02F4905A817F09C
:108E100000FA06A807F1400117F0FBF907A8294658
:108E200017F000FA4FF400736A46ADF82030274B74
:108E30004FF41151264842F8103F3B6017F0FBF900
:108E4000B54600207C37BD46F0BD4FF42062214678
:108E5000381D05F025FEB0F5206F0ED01C484FF0F0
:108E6000FF3301211B4A18F068FB381D05F0E2FDB5
:108E700007F1400005F07AFFE3E7381D05F02AFE10
:108E80000446381D05F0D6FD002C06DA01212346E4
:108E9000114A0F4818F051FBEAE707F1100107F1FA
:108EA000400005F0A1FF002805DA01210B4A08481F
:108EB00018F03AFBDCE70120C4E700BF13C502004D
:108EC00044C70200DDC50200E4C502000400000141
:108ED000788D02008BC70200ACC70200CCC702002D
:108EE000B0B5ADF50E7D6D4602AF88B002AC33492A
:108EF00004F1140017F08DF92846314917F089F96B
:108F00004FF400732246A3832E4B4FF4E45142F8F2
:108F1000103F2D48C7F8183117F08DF90023AD46E2
:108F2000274907F10800C7E9023305F0EDFD0028E5
:108F300034DA0221254A244818F0F6FA012007F510
:108F40000C77BD46B0BD63788BB34FF48C7107F1DD
:108F5000110300931E4A1A4B781812F04BFD6D4610
:108F600088B002AC1B4904F1140017F052F92846EE
:108F700007F58C7117F04DF94FF400732246A38367
:108F8000104B11484FF4E65142F8103F7B6017F048
:108F900052F907F58C70AD4605F0E8FE07F11004B4
:108FA000214607F1080005F00FFE0028CBD007F19D
:108FB000080005F07FFE0321074ABCE7EAC702006C
:108FC00013C5020003000001788D020015C80200DD
:108FD00049C802004FC8020034C8020000232DE92E
:108FE000F047BCB000F5805800AF016006469246DD
:108FF000C8F804340122381D8946C7E901333B73A0
:1090000005F090FC002867DB07F1500014F00FFE1C
:1090100007F1500017F018F9202207F11001381D50
:1090200005F024FD202804462FD1012207F170010C
:10903000381D05F01BFD0128054626D1042207F145
:10904000DC01B81805F012FD04281ED102223946B1
:10905000381D05F00BFD022817D12A4607F17101D2
:10906000381D05F003FD01280FD1402207F17201E0
:10907000381D05F0FBFC402807D1224607F1B2015C
:10908000381D05F0F3FC20282AD0381D05F0D2FC4D
:109090006C468AB0D8F804546A46274B07F1500151
:1090A00005A83B6517F0CDF806A83D6517F0C9F88F
:1090B00007A8C7F8509017F0C4F840F20133ADF894
:1090C00020301E4B3B6542F8103F00234FF41351F4
:1090D0001B4804F097F8A546F037BD46BDE8F08779
:1090E00007F1300407F110050FCD0FC495E80F000C
:1090F00084E80F0007F1500507F1300CBCE80F00C1
:109100000FC594E80F0085E80F00504607F11002E4
:1091100007F1B20114F01FFED8F804041F28B4DCD4
:10912000A022431C02FB0060C8F8043407F1500180
:1091300004301EF067FB67E773C8020004000001FB
:10914000188D02002DE9F04F0E46002489B08046AC
:1091500000AF016008467A6005F008FE1222314631
:1091600007F11400C7E905443C7705F0DBFBA0429A
:1091700020DA6D4688B06A46534B07F1100105A806
:109180003B6117F05EF806A83E6117F05AF84FF4FD
:109190000073ADF81C304D4B3B6142F8103F4FF46B
:1091A000E25123464A4804F02DF8AD462437BD4627
:1091B000BDE8F08FA34608F16605BC8108F580582C
:1091C000D8F80434A34217DD15F8423C002B3FD0F9
:1091D0007B68A5F16209002B35D14946202207F1B1
:1091E000140005F05DFC2028814634D0012123467F
:1091F000384A374818F0A1F907F1140005F01AFCB5
:109200006C468AB06A46344B07F1100105A83B61F1
:1092100017F017F806A8C7F810B017F012F807A84B
:109220003E6117F00EF840F20133ADF820302B4BC1
:109230003B6142F8103F00234FF41351244803F0E0
:10924000E1FFA546B2E748467B6898470028C4D1AD
:109250000134A035B4E70122A5F1420107F1140061
:1092600005F01EFC01288246C0D1042205F12A0126
:1092700007F1140005F014FC0428B7D1022207F10D
:109280000C0107F1140005F00BFC0228AED1524688
:10929000A5F1410107F1140005F002FC0128A5D158
:1092A0004022A5F1400107F1140005F0F9FB402828
:1092B0009CD14A46294607F1140005F0F1FB20280D
:1092C00094D10BF1010BC3E78DC80200030000012C
:1092D000188D0200A9C80200C3C8020004000001E2
:1092E0002DE9F04188B09DF83880144618F0030F3E
:1092F00005460F461A4620D1214616F0CCFFF0B1A4
:1093000005F58053D3F80474013FC3F804742B1D92
:10931000C41A194B66115E432C44B74204F1A004F1
:1093200003DC012008B0BDE8F081A022211DA4F1DA
:109330009C0001361EF066FAEFE71F2B01DC0020CF
:10934000F0E723466A4604F1200C1646186859686F
:10935000083303C663453246F7D1694600222846E2
:1093600016F0B5FF224680F8208000F162013846F1
:1093700014F0F1FCD5E700BFCDCCCCCC002301220A
:1093800010B50446C0E901230160C0F88C3480F8B0
:109390009034034900F29140F8F79CF8204610BD44
:1093A00030D70200A0F12301C9B2162988BF0123DA
:1093B00002469EBF054B0B4103F0010383F0010001
:1093C000402A88BF40F00100704700BFFC1B80FFAF
:1093D0002DE9F0410025A4B000AF04460122381D5C
:1093E0000E46C7E901553D7305F09CFAA84232DBF1
:1093F0004FF001080322C4E9018507F11001381D6F
:1094000005F034FB03282BD00025381D05F012FB96
:10941000B4F80A806C468AB06A46424B394605A8C1
:109420003B6016F0A4FF06A8C7F8008016F09FFF67
:1094300007A83E6016F09BFF40F20133ADF82030E4
:10944000394B3B6042F8103F00234FF4135137482B
:1094500003F0D8FEA54628469037BD46BDE8F0810A
:10946000022204F10801381D05F000FB0228024623
:10947000CAD1A11D381D05F0F9FA02280546C3D14D
:10948000424604F59261381D05F0F0FA0128BBD17F
:109490002A46211D381D05F0E9FA0228B4D14FF003
:1094A000240865891F2D0AD808FB05F505F10C0174
:1094B00002222144381D05F0D9FA024608B90125D7
:1094C000A3E70228A0D105F10E012144381D05F0C3
:1094D000CDFA022898D105F111011F222144381D2F
:1094E00005F0C4FA1F288FD105F110010122214493
:1094F000381D05F0BBFA012886D1802207F1100142
:10950000381D05F0B3FA80287FF47EAF2544AB897F
:10951000A2889A429CBF0133A3806389013363818F
:10952000BFE700BFE7C8020004000001608D020031
:109530002DE9F0410E460024A4B0054600AF0846D0
:1095400005F014FC12223146381DC7E901443C7372
:1095500005F0E8F9A04221DA6D4688B06A46514B21
:1095600007F1100105A83B6116F001FF06A83E6156
:1095700016F0FDFE4FF40073ADF81C304A4B3B6112
:1095800042F8103F4FF4E2512346484803F03AFEB8
:109590002046AD469037BD46BDE8F0818022214689
:1095A00007F110001EF054F9032207F11001381DD5
:1095B00005F076FA032823D00024381D05F03AFA86
:1095C000B5F80A806D468AB06A46394B394605A817
:1095D0003B6016F0CCFE06A8C7F8008016F0C7FE68
:1095E00007A83E6016F0C3FE40F20133ADF820300C
:1095F000304B3B6042F8103F00234FF41351C4E757
:10960000022205F10801381D05F04AFA0228024637
:10961000D2D1A91D381D05F043FA02288046CBD1CE
:10962000012205F59261381D05F03AFA0128C3D1EF
:109630004246291D381D05F033FA0228BCD105F138
:1096400010086B89A34201DC0124B6E70222A8F1CD
:109650000401381D05F024FA02280246ACD1A8F115
:109660000201381D05F01CFA0228A5D11F2208F1BD
:109670000101381D05F014FA1F289DD10122414631
:10968000381D05F00DFA012896D1802207F110014E
:10969000381D05F005FA802808F124088CD1013422
:1096A000CFE700BF8DC8020003000001608D0200FB
:1096B00001C90200040000012DE9F0410D460646F3
:1096C00014492846F7F7FCFE18B906F28C40BDE8AD
:1096D000F08100242B78B6F80A80232B08BF0135CF
:1096E00006F11207444501DB0020F0E717F8013CC2
:1096F0003946232B18BF07F1FF312846F7F7E0FE64
:10970000243720B9242303FB04600C30DFE7013445
:10971000E8E700BF30D702002DE9F0470D460446C8
:109720001A492846F7F7CCFE20B904F28C442046AB
:10973000BDE8F0870027B8462B78B4F80AA0232BA1
:1097400008BF013504F10C06BA4501DC4446EEE7DA
:1097500073792846232B14BF06F1050906F1060983
:1097600049463446F7F7ACFE0028E0D02846F7F724
:10977000B9FE4946024628461EF079F800280CBF7B
:10978000344644460137A0462436DDE730D7020090
:109790002DE9F74F4FF0200CDDE90C791E46054608
:1097A00088460023144609F1FF323968434506EB29
:1097B000010001DA8A4229DC2279637912F0010F73
:1097C000B4F800E0B5F806C0A9EB010124D0224AA4
:1097D000DFF888A0232B14BF631DA31DE64508BF37
:1097E000524600921E4A12F005F9002804DD3B683B
:1097F00003444B45B8BF3B604FF0000B05F10C0A2A
:109800006B895B4515DC03B0BDE8F08F481C386000
:10981000013306F801C0C8E70F4ADFF840A0232B48
:1098200014BF631DA31DE64508BF524600920D4AB2
:10983000D9E7BAF8022023889A4208D13346524623
:109840002846CDE9007908F10101FFF7A1FF0BF1EE
:10985000010B0AF1240AD3E793BD020018C90200E4
:109860001AC9020020C9020070B50B784E88C4B036
:10987000C3F38303044632464A310DF155008DF897
:1098800054301DF0BFFF1422002108A81DF0E0FF96
:109890004FF48853ADF81C308023ADF81E304FF4E0
:1098A0008063154D1022CDE90935214605AB07A887
:1098B0001DF0A1FC10B1002044B070BD06AB0293B6
:1098C000202301930DAB009329460598731C15AA1C
:1098D0001DF06DFD044605981DF071FC002CEAD1C9
:1098E0004FF6FE73BDF83400984228BF1846012891
:1098F00038BF0120E0E700BF090080032DE9F041F7
:1099000006460F46904600241D46D0F820318CB004
:10991000A34221DC4046F7F7E5FD03AB019320238A
:109920002C4602460093414604AB17481DF02FFD1C
:1099300004AB0DF1200C1A4603CA62452060616039
:10994000134604F10804F6D12A46394630460CB0D5
:10995000BDE8F04116F094BE36F81420BA4210D19A
:10996000023406EB041404F11002234603CB9342A5
:10997000286069601C4605F10805F6D10CB0BDE809
:10998000F0810134C4E700BF090000022DE9F04F67
:1099900004468846B1B01046A14916461D46F7F761
:1099A0008FFD50B928469F49F7F794FD02212046C4
:1099B00031B0BDE8F04F16F0EBBE092230469A49AF
:1099C0001DF055FF50B928469849F7F783FD03214C
:1099D000204631B0BDE8F04F16F0DABE082230461E
:1099E00093491DF044FF30B92846924931B0BDE893
:1099F000F04FF7F76FBD062230468F491DF037FF55
:109A000050B928468D49F7F765FD0121204631B050
:109A1000BDE8F04F16F0BCBE0922304688491DF063
:109A200026FF58B96068874903685B6898472068D3
:109A300003681B6A31B0BDE8F04F18470E2230466C
:109A400081491DF014FF024660B9206940F2DC51E3
:109A500003685B69984728467C4931B0BDE8F04F00
:109A6000F7F738BD0622304679491DF000FF68B986
:109A700020690122036840F2DC515B69984728465F
:109A8000744931B0BDE8F04FF7F724BD0A223046E3
:109A900071491DF0ECFE00284DD1606803681B6819
:109AA0009847804540D9606808F10108036841463D
:109AB0005B689847042002F083FB404615F00FFCDA
:109AC00020690368DB6F98470646A8B11BF0DAFBF4
:109AD0004FF47A77A0FB070C47F61222002307FB0E
:109AE00001C1F7F793FC4FF47A720023F7F73EFCBD
:109AF0000146304615F090FB606803681B68984784
:109B00001890002318A8199311F0BAFE4369534A1C
:109B100003F26C730393036901330293C3680193E7
:109B200043680093836823E028464D4931B0BDE87F
:109B3000F04FF7F7CFBC052230464A491DF097FE9B
:109B40000746E8B9606803681B689847CDE91807BD
:109B500018A811F095FE4369434A03F26C7303930E
:109B6000036901330293C3680193436800938368D8
:109B70004FF48071284611F03DFF31B0BDE8F08F01
:109B80000522304639491DF072FE002839D1701D7A
:109B900016F0B7FD0746606803681B689847874260
:109BA00028D96068394603685B689847042002F04A
:109BB00007FB384615F093FB20690368DB6F984775
:109BC0000446A8B11BF05EFB4FF47A76A0FB060CAE
:109BD00047F61222002306FB01C1F7F717FC4FF4EA
:109BE0007A720023F7F7C2FB0146204615F014FBFA
:109BF000189786E728461E4931B0BDE8F04FF7F7C1
:109C000069BC092230461B491DF031FEA0BB294624
:109C1000206903685B6B31B0BDE8F04F184700BFA7
:109C20003EC9020048C9020062C902006CC90200B4
:109C30008AC9020093C90200A4C902007BD50200B0
:109C4000A1C90200EF934466ABC90200BAC9020081
:109C500047D60200D3C90200E4C90200EFC90200DE
:109C600018CA020037CA02003DCA02005DCA0200DB
:109C700063CA02004FC2020010223046A4491DF000
:109C8000F6FD08BB10363046F7F72CFC402828BFFD
:109C9000402047103246394618A814F04FFD60B1F5
:109CA000206918A903683A469B6B9847284699494A
:109CB00031B0BDE8F04FF7F70DBC2846964931B0FA
:109CC000BDE8F04FF7F706BC0A22304693491DF075
:109CD000CEFD0746002874D104F114000A36009620
:109CE0000646832384218E4A11F084FE2C2305220C
:109CF000304618A914F046FDB0F100085ADD394687
:109D0000189812F06FF8B8F1010F834648D0394621
:109D1000199812F067F8B8F1020F814645D01A98E9
:109D20001DF0A1FDB8F1030F5FFA80FA40D01B9837
:109D30001DF099FDB8F1040FC6B203D01C981DF0B8
:109D400092FD074658467749F7F7A0FA90B3584670
:109D50007549F7F791FA68B3AAF10503072B29D8DB
:109D6000731F032B26D848467049F7F78FFA08B3BC
:109D700048466F49F7F780FAE0B1002F1ADD2069F5
:109D80004A460368CDE9006759465C6D5346A047D3
:109D90003B46684A4FF48071284611F02BFEECE6F2
:109DA0003E46BA464FF00009CCE73E46BA46C9E700
:109DB0003E46C7E72846604931B0BDE8F04FF7F7A7
:109DC00089BB092230465D491DF051FD98B9E06814
:109DD00006F10901383016F0A2FC204616F0ACFC62
:109DE0004FF480712846E368554A383331B0BDE8F6
:109DF000F04F11F0FFBD0B22304652491DF037FDE8
:109E000050B9206903681B6D984728464E4931B008
:109E1000BDE8F04FF7F75EBB042230464B491DF01A
:109E200026FD002840F0FD830436092230464849CB
:109E30001DF01DFD28BBE3684FF07E511868F6F752
:109E40006BFF01464348F7F723F90646F7F748FA50
:109E50000446F7F715F801463046F6F75BFF3E4932
:109E6000F7F762F84FF07C51F6F756FFF7F738FA3C
:109E700023463A4A00904FF48071284611F0BAFD0B
:109E80007BE60222304636491DF0F1FC38B9E36822
:109E90001868F6F759FC334ACDE9000107E10A22B8
:109EA000304631491DF0E3FC58B94FF48071284623
:109EB000E3682E4A93F87F3031B0BDE8F04F11F0DF
:109EC00099BD122230462A491DF0D1FC60B94FF4E9
:109ED00080712846E368254A93F880309B0031B0B2
:109EE000BDE8F04F11F086BD0A22304621491DF031
:109EF000BEFC002840D14FF480712846E3681B4A1D
:109F000093F8773031B0BDE8F04F11F073BD00BF6A
:109F100084CA020006C2020095CA0200A5CA020055
:109F2000B0CA02000000164300401C450000E0409B
:109F30000000FA43B5CA0200D2CA020021D00200D2
:109F40000DCB02001ECB02002ACB0200B7D50200C7
:109F50003DCB02000000C8420000204147CB020078
:109F600051CB020054CB02005BCB0200B5B902001A
:109F700066CB020079CB02000F223046A8491DF0C3
:109F800076FC80B9E368A74993F87620A64B28466B
:109F9000002A08BF0B464FF48071A44A31B0BDE8D7
:109FA000F04F11F027BD15223046A1491DF05FFC8E
:109FB00058B94FF480712846E3689E4A93F84F30B1
:109FC00031B0BDE8F04F11F015BD0F2230469A496F
:109FD0001DF04DFC60B94FF480712846E368954A46
:109FE00093F84E305B0031B0BDE8F04F11F002BD88
:109FF0000E22304691491DF03AFC50B94FF4807161
:10A000002846E368894A583331B0BDE8F04F11F073
:10A01000F1BCB8F1000F16D10722304688491DF077
:10A0200026FC80B92069143403689B6C9847402251
:10A0300018A913F060FE18A902462046F9F7A0FF00
:10A0400023467A4AA6E6042230467E491DF00FFCDC
:10A0500050B94FF480712846E368744A043331B034
:10A06000BDE8F04F11F0C6BC0622304676491DF01F
:10A07000FEFB80B9E3686C4993F84D20694B284694
:10A08000002A08BF0B464FF48071684A31B0BDE822
:10A09000F04F11F0AFBC032230466C491DF0E7FBD6
:10A0A00058B9E368D3E90A23CDE90023684A4FF49D
:10A0B0008071284611F09EFC5FE503223046654919
:10A0C0001DF0D5FB18B9E368D3E90C23ECE70C22AB
:10A0D000304661491DF0CBFB58B94FF480712846DA
:10A0E000E3685E4A93F80C3131B0BDE8F04F11F0EF
:10A0F00081BC052230465A491DF0B9FBB8B9E46865
:10A1000094F87530059394F874300493A06FF6F7C3
:10A110001BFBCDE90201A06CF6F716FBCDE90001AF
:10A12000504A4FF48071284611F064FC25E507225F
:10A1300030464D491DF09BFB30B928464B4931B0A4
:10A14000BDE8F04FF7F7C6B90722304648491DF081
:10A150008EFBC0B920690368DB6D9847064620690D
:10A1600003681B6E9847F6F7EFFACDE90201304617
:10A17000F6F7EAFA3F4ACDE900014FF4807128462C
:10A1800011F038FCF9E4102230463B491DF06FFB1A
:10A1900058B94FF480712846E368264A93F87E3018
:10A1A00031B0BDE8F04F11F025BC122230463349E2
:10A1B0001DF05DFB58B94FF480712846E3681D4AD5
:10A1C00093F87D3031B0BDE8F04F11F013BC092297
:10A1D00030462B491DF04BFB58B94FF4807128468F
:10A1E000E368144A93F87C3031B0BDE8F04F11F0C9
:10A1F00001BC0E22304623491DF039FB30B92846F8
:10A20000214931B0BDE8F04FF7F764B9122230466A
:10A210001E491DF02CFB00283AD1E368D86E38E6C1
:10A2200084CB0200DECC020038D502004DBA020019
:10A2300094CB0200B5B902009ACB0200AACB02006F
:10A24000B9CB020069C30200C1CB0200C8CB020037
:10A25000CCCB0200D3CB0200D7CB020087E70200B1
:10A26000E8D60200E4CB0200F6CB0200FECB0200EF
:10A2700074CC02001ECC02003FCC020050CC020085
:10A2800063CC02006DCC02007CCC0200A3CC0200A7
:10A290000A223046A2491DF0EAFA90B93E232A4626
:10A2A00002F8023B20236B70E168933111F8013F03
:10A2B0000BB9137061E40A2B08BF7C2302F8013B41
:10A2C000F4E70E22304697491DF0D1FA58B94FF401
:10A2D00080712846E368944A93F8233131B0BDE891
:10A2E000F04F11F087BB0B22304690491DF0BFFAAA
:10A2F00018BBE36893F8253133B928468C4931B04F
:10A30000BDE8F04FF7F7E6B8012B06D1284689499A
:10A3100031B0BDE8F04FF7F7DDB8022B06D1284683
:10A32000854931B0BDE8F04FF7F7D4B828468349E6
:10A3300031B0BDE8F04FF7F7CDB830468049F7F7B8
:10A34000BFF858B94FF480712846E368764A93F90C
:10A350004C3031B0BDE8F04F11F04CBB0422304618
:10A3600078491DF084FA38B9E368986CF6F7ECF98F
:10A37000754ACDE900019AE60A22304673491DF07C
:10A3800076FA78B972492846F7F7A4F82069036885
:10A390009B6C984720220146A81C31B0BDE8F04FC5
:10A3A000F9F7EEBD042230466A491DF060FA68B93B
:10A3B00020690368DB6898474FF48071034628469C
:10A3C000654A31B0BDE8F04F11F014BB0E223046A3
:10A3D00062491DF04CFA78B920682022036818A958
:10A3E0009B6B984708B118AB2BE628465C4931B007
:10A3F000BDE8F04FF7F76EB80E22304659491DF010
:10A4000036FA00282BD1206803681B699847002181
:10A410000646F6F71DFF30B12846534931B0BDE876
:10A42000F04FF7F757B8206803681B689847044651
:10A430004E4B30461B681F88F6F786F95CB1CDE9B4
:10A440000001CDE902474FF480712846484A11F0D7
:10A45000D1FAFFF792BBCDE90001464A27E6062272
:10A46000304645491DF003FA58B94FF4807128462B
:10A47000E3682D4A93F80D3131B0BDE8F04F11F08B
:10A48000B9BA082230463D491DF0F1F998B914F0E7
:10A4900002FD034630B92846394931B0BDE8F04FD6
:10A4A000F7F718B84FF480712846364A31B0BDE846
:10A4B000F04F11F09FBA0B22304633491DF0D7F907
:10A4C00068B9206903689B6E98474FF48071034612
:10A4D00028462C4A31B0BDE8F04F11F08BBA032268
:10A4E00030462A491DF0C3F9002853D1B8F1000FB6
:10A4F00014BFA1264FF4807615492846F6F7EAFFE7
:10A500002069B21E0368A91C1B6F984700287FF4BE
:10A5100034AB28461E4931B0BDE8F04FF6F7DABF3C
:10A52000B6CC0200C1CC020087E70200D0CC02000A
:10A53000DCCC0200E2CC0200ECCC0200F7CC020042
:10A5400000CD020003CD020008CD02000FCD0200B5
:10A5500099BD02001ACD02004DBA02001FCD0200C3
:10A560002ECD020038CD020047CD020098950200A2
:10A5700068CD020093CD0200ACCD0200B3CD020045
:10A58000BCCD0200B5B90200CCCD0200D8CD02008E
:10A59000DCCD02000C223046AF491DF068F90028DE
:10A5A00035D120690368DB6F984706460028B0D094
:10A5B0006068B8F1000F036818BF4FF0A1081B686E
:10A5C00008BF4FF48078984707461AF05BFEE368AF
:10A5D0004FF47A7493F81031A0FB040C003B18BFC1
:10A5E000012304FB01C1019347F612220023F6F771
:10A5F0000DFF4FF47A720023F6F7B8FE3B46009049
:10A60000424629463046FBF72FFAFFF7B6BA3346E3
:10A610004FF480712846914A31B0BDE8F04F11F0F7
:10A62000E9B9042230468E491DF021F9002841F095
:10A630002A80371D0A2238468A491DF018F9002859
:10A6400046D106F10E001DF00BF9F6F70FFB4FF0A7
:10A650007E510646F6F706FE20B930468249F6F7E7
:10A660001FFE30B12846814931B0BDE8F04FF6F702
:10A6700031BF31467C48F6F70BFD4FF07E51F6F7BF
:10A6800049FBE7683860204616F056F8E3684FF05B
:10A690007E511868F6F740FB01467348F6F7F8FC60
:10A6A0000646F6F71DFE0446F6F7EAFB014630467D
:10A6B000F6F730FB6E49F6F737FC4FF07C51F6F7B2
:10A6C0002BFBF6F70DFE23466A4A0090FFF7D3BB3B
:10A6D0000322384668491DF0CAF880B9F01D1DF004
:10A6E000BFF8F6F7C3FAE6683060204616F024F8A3
:10A6F0002846624931B0BDE8F04FF6F7EBBE0B22B9
:10A7000038465F491DF0B3F8F8B920690368DB6883
:10A7100098475C49F6F7D4FE30B928465A4931B01B
:10A72000BDE8F04FF6F7D6BE06F10F001DF09BF81E
:10A73000E36883F87F00204615F0FEFF28464F4966
:10A7400031B0BDE8F04FF6F7C5BE132238464F4989
:10A750001DF08DF818BB20690368DB6898474949EC
:10A76000F6F7AEFE0028D8D006F117001DF07BF8F2
:10A770000028E368B8BF0330801083F880002046CB
:10A7800015F0DAFF4FF480712846E368404A93F8E9
:10A7900080309B0031B0BDE8F04F11F02BB9092299
:10A7A00038463C491DF063F878BB06F10D070222DC
:10A7B000384639491DF05BF828B10322384637493D
:10A7C0001DF055F8D0B9737B6F2B15D1B37BA3F176
:10A7D0006E0253425341E26882F8113120690368E6
:10A7E0005B6F9847204615F0A7FF2846234931B0F4
:10A7F000BDE8F04FF6F76EBE0023ECE72846284987
:10A8000031B0BDE8F04FF6F765BE0B22384625495A
:10A810001DF02DF8002849D106F10F001DF023F896
:10A8200000F10803142B06D90C231F4A00936FF084
:10A830000703FFF720BBE36883F812012069036870
:10A840005B6F9847204615F077FF28460B4931B0DB
:10A85000BDE8F04FF6F73EBEEACD0200F7CD0200AC
:10A86000C3D50200FECD02000000C84209CE02009E
:10A870000000204128CE020035CE020006C20200B0
:10A8800039CE02005DCE020045CE020067CE020046
:10A890007BCE020097CE020038D50200DECC02004B
:10A8A000A1CE0200BACE0200C6CE02001322384664
:10A8B000AC491CF0DCFF00BB06F117001CF0D3FF15
:10A8C00050B1A0F10A03F52B06D92846A64931B0AC
:10A8D000BDE8F04FF6F7FEBDE36883F81301206989
:10A8E00003685B6F9847204615F026FF28469F496E
:10A8F00031B0BDE8F04FF6F7EDBD0C2238469C496B
:10A900001CF0B5FF00BB06F110001CF0ACFF50B10D
:10A91000A0F10A03502B06D92846964931B0BDE86C
:10A92000F04FF6F7D7BDE36883F814012069036898
:10A930005B6F9847204615F0FFFE28468B4931B0E3
:10A94000BDE8F04FF6F7C6BD092238468A491CF02B
:10A950008EFF50B9206903689B6F98472846874946
:10A9600031B0BDE8F04FF6F7B5BD0B22384684494B
:10A970001CF07DFFC8B906F10F001CF074FF012820
:10A980000CD8E36883F87700204615F0D5FE2846FA
:10A99000764931B0BDE8F04FF6F79CBD28467949BD
:10A9A00031B0BDE8F04FF6F795BD10223846764934
:10A9B0001CF05DFF50BB14360222304673491CF078
:10A9C00056FF68B90122E368204683F8762015F027
:10A9D000B3FE2846654931B0BDE8F04FF6F77ABDC1
:10A9E000032230466A491CF042FF00287FF406AF7C
:10A9F0000022E368204683F8762015F09DFE284665
:10AA00005A4931B0BDE8F04FF6F764BD162238461A
:10AA100060491CF02CFF00BB06F11A0015F071FE16
:10AA2000431E012B01D9A82806DD28465A4931B01A
:10AA3000BDE8F04FF6F74EBDE36883F84F0020699C
:10AA40000368DB699847204615F076FE284647499B
:10AA500031B0BDE8F04FF6F73DBD102238464F4902
:10AA60001CF005FF30BB06F1140015F04AFE431E32
:10AA70003A2B01D9F02809DD3C234FF48071284698
:10AA8000474A31B0BDE8F04F10F0B4BFE36800EBC7
:10AA9000D070401083F84E00206903689B69984786
:10AAA000204615F049FE2846304931B0BDE8F04F48
:10AAB000F6F710BD0F2238463A491CF0D8FE78B997
:10AAC000E06806F11301583015F029FE204615F014
:10AAD00033FE2846254931B0BDE8F04FF6F7FABC01
:10AAE0000822384630491CF0C2FE58BB402106F10E
:10AAF0000C0208A813F022FE30B928462B4931B0C9
:10AB0000BDE8F04FF6F7E6BC08A8F8F76DFA0028A4
:10AB1000F3D018A813F09DF8402208A918A813F044
:10AB2000C0F8206918A90368DB6C984728462049BB
:10AB3000F6F7D0FC202218A905F12100F9F720FA38
:10AB4000FFF71BB8052238461A491CF090FE002872
:10AB50005FD10836314611F8013F6BBBE268101D2A
:10AB6000033246E0E4CE0200F8CE020006C2020044
:10AB700025CF020032CF02005DCF020067CF020076
:10AB800084CF020090CF0200A6CF020038D5020089
:10AB9000DECC0200B7CF0200CECF0200BDCF020054
:10ABA000F3CF02001BD002002BD0020034D00200F1
:10ABB00043D0020065D002003A2B0FD8292BCAD906
:10ABC000B24A2A3BDBB222FA03F3DB07C3D528469D
:10ABD000AF4931B0BDE8F04FF6F77CBC3F2BF6D063
:10ABE0005B3B022BF3D9B6E701331F2B02F8011FA1
:10ABF00003D016F8011F0029F6D10022C2542046C6
:10AC000015F09AFD2846A34931B0BDE8F04FF6F79C
:10AC100061BC07223846A0491CF029FE48BB0B3610
:10AC2000022230469D491CF022FE60B9E36883F899
:10AC30004D00204615F080FD2846994931B0BDE809
:10AC4000F04FF6F747BC0322304696491CF00FFE42
:10AC500000287FF4D3AD0122E368204683F84D201D
:10AC600015F06AFD2846904931B0BDE8F04FF6F77F
:10AC700031BC062238468D491CF0F9FD814600287A
:10AC800040F0848004F114000A36009606468323BF
:10AC90008421874A10F0AEFE2C230422304618A9E6
:10ACA00013F070FDB0F1000A69DD4946189811F003
:10ACB00099F8BAF1010F80465BD04946199811F016
:10ACC00091F8BAF1020F074657D01A981CF0CBFD45
:10ACD000BAF1030FC6B204D01B981CF0C4FD5FFA92
:10ACE00080F940467349F6F7D1FA002847D040462C
:10ACF0007149F6F7C1FA002841D0731F072B3ED8DF
:10AD0000A9F10503032B3AD838466C49F6F7BEFA89
:10AD1000002834D038466A49F6F7AEFA00282ED01B
:10AD2000E268D2F848A0C2F84880D2F878B092F829
:10AD3000743092F87510E26807939767E26806919D
:10AD400082F87460E26882F875902069026812687F
:10AD500090472069069902680091946D51465A46C1
:10AD6000079BA0472846574931B0BDE8F04FF6F79A
:10AD7000B1BB4E460027B146B3E74E46FBE7284637
:10AD8000514931B0BDE8F04FF6F7A4BB0422384674
:10AD90004E491CF06CFD80B906F10800E7681CF014
:10ADA0005FFDC7E90A01204615F0C6FC284639496F
:10ADB00031B0BDE8F04FF6F78DBB04223846444968
:10ADC0001CF055FD80B906F10800E7681CF048FD4D
:10ADD000C7E90C01204615F0AFFC28462D4931B0DB
:10ADE000BDE8F04FF6F776BB0822384639491CF02B
:10ADF0003EFD88B906F10C001CF032FDF5F736FF78
:10AE0000E6683065204615F097FC2846324931B097
:10AE1000BDE8F04FF6F75EBB082238462F491CF01C
:10AE200026FD88B906F10C001CF01AFDF5F71EFF8F
:10AE3000E6687065204615F07FFC2846284931B049
:10AE4000BDE8F04FF6F746BB1122384625491CF005
:10AE50000EFD00284AD106F115001CF004FD402823
:10AE60000CD8E36883F87E00204615F065FC284680
:10AE7000084931B0BDE8F04FF6F72CBB28461A4917
:10AE800031B0BDE8F04FF6F725BB00BF050001006B
:10AE900009D7020006C202006BD0020038D50200BA
:10AEA00073D00200DECC020089D00200A9CA0200E1
:10AEB000B0CA02000000164300401C450000E040FC
:10AEC0000000FA43A0D00200B5D00200E5D0020095
:10AED000EAD00200EFD00200F8D002008ED10200CA
:10AEE0001ED1020044D1020056D10200132238467E
:10AEF0009B491CF0BCFC90B906F117001CF0B3FC98
:10AF00004028BBD8E36883F87D00204615F014FC88
:10AF10002846944931B0BDE8F04FF6F7DBBA0A2273
:10AF2000384691491CF0A3FC90B906F10E001CF0C4
:10AF30009AFC4028A2D8E36883F87C00204615F0EC
:10AF4000FBFB2846874931B0BDE8F04FF6F7C2BA9F
:10AF50000F22384685491CF08AFC88B906F1130097
:10AF60001CF07EFCF5F782FEE668B066204615F020
:10AF7000E3FB28467E4931B0BDE8F04FF6F7AABAA8
:10AF8000132238467B491CF072FC002832D120691C
:10AF90000368DB6898477849F6F792FA00283FF48F
:10AFA000BCAB06F117001CF05BFCF5F75FFE00215F
:10AFB0000646F6F76BF9B0B14FF080413046F6F730
:10AFC0005BF980B1E3683146DE66206903685B6E39
:10AFD0009847204615F0B0FB2846624931B0BDE8DD
:10AFE000F04FF6F777BA2846644931B0BDE8F04F24
:10AFF000F6F770BA0B22384661491CF038FCE0B90C
:10B00000E3680E36943316F8011F21B1E2689432DA
:10B010009A1A762A0BDD002220461A7015F08CFB56
:10B020002846504931B0BDE8F04FF6F753BA7C29B5
:10B0300008BF0A2103F8011BE5E70F2238465149F2
:10B040001CF015FCD0B906F113001CF00CFCC0B2CA
:10B0500002280CD8E36883F82301204615F06CFB26
:10B060002846404931B0BDE8F04FF6F733BA2846DC
:10B07000454931B0BDE8F04FF6F72CBA0C223846FE
:10B0800042491CF0F4FB00283BD120690368DB68CF
:10B0900098473949F6F714FA00283FF43EAB1036CA
:10B0A000032230463A491CF0E2FBC8B10722304681
:10B0B00038491CF0DCFB90B10822304636491CF0C0
:10B0C000D6FBD0B10622304634491CF0D0FBB0B1DB
:10B0D0002846334931B0BDE8F04FF6F7FBB90120FF
:10B0E000E36883F82501204615F026FB28461D4914
:10B0F00031B0BDE8F04FF6F7EDB90220F0E70320DC
:10B10000EEE70322384627491CF0B1FB00284FD157
:10B11000073618900A22304618A910F0D9FF189B5C
:10B120009E4205D01B781BB900F109031F2B03D9E0
:10B1300016231D4AFEF72EBEE36883F84C00204616
:10B1400015F0FAFAD4E90320036892F94C10DB6A8F
:10B150009847E368154A93F94C30FEF71BBE00BFD1
:10B1600068D1020006C202007CD1020087D1020031
:10B1700097D10200C4D102005DCE0200D8D10200F6
:10B18000EDD10200F9D1020009D2020022D2020060
:10B19000DECC0200E4CC0200EECC0200F9CC0200CE
:10B1A0002FD2020061D2020065D202007FD20200DB
:10B1B000B8F1000F36D10522384698491CF057FBEC
:10B1C00000282FD106F109001CF04AFBF5F74EFDCF
:10B1D00093490646F6F75AF8E8B130469149F6F732
:10B1E0004BF8C0B1E36820469F6C9E6415F0A4FA4A
:10B1F000D4E9032092F87540016892F87430009405
:10B200008C6D926F3946A0472846874931B0BDE81A
:10B21000F04FF6F75FB92846844931B0BDE8F04FEA
:10B22000F6F758B938468249F6F74AF930B9284650
:10B23000804931B0BDE8F04FF6F74CB916223846D8
:10B240007D491CF014FB00285AD106F11A001CF0AD
:10B250000AFB06461FFA80F9206803681B689847B6
:10B26000074630B92846754931B0BDE8F04FF6F7CA
:10B2700031B9A9F6B833B3F5AF6F06D9284670498E
:10B2800031B0BDE8F04FF6F725B9206803681B69B7
:10B29000984780464846F5F7EFFD4146F5F744FEEE
:10B2A00081463846F5F7E8FD01464846F5F7F0FED9
:10B2B0008146E3684946C3F8900020680368DB686C
:10B2C000984790B1204615F037FAB6B24846CDE916
:10B2D0000476F5F739FACDE902014046F5F734FA7C
:10B2E000584ACDE90001FEF71CBF00222846E3685A
:10B2F0005549C3F8902031B0BDE8F04FF6F7EAB8F1
:10B300001322384651491CF0B2FA00283ED1206879
:10B3100003681B68984707460028A3D04C4B206859
:10B320001B68B3F8008003681B6998478146404654
:10B33000F5F7A2FD4946F5F7F7FD06463846F5F75D
:10B340009BFD01463046F5F7A3FE0646E36831460D
:10B35000C3F8900020680368DB68984758B120461E
:10B3600015F0EAF93046CDE90478F5F7EDF9CDE9C5
:10B3700002014846B2E700222846E3683249C3F892
:10B38000902031B0BDE8F04FF6F7A4B80F22384650
:10B3900030491CF06CFA002868D106F113001CF04B
:10B3A0005FFAF5F763FC00210746F5F751FF18BB7C
:10B3B00038462949F5F756FF08BB38462749F5F7BF
:10B3C0006FFFE0B9206839460368DB6898470028BA
:10B3D0003FF422A8E3682046C3F8907015F0ACF95A
:10B3E00000213846F5F734FF80B128461C4931B0BA
:10B3F000BDE8F04FF6F76EB8F37C302BE2D028466C
:10B40000184931B0BDE8F04FF6F764B83846F5F7A3
:10B410009BF9154ACDE90001FEF749BE94D202001E
:10B420000000164300401C45A0D002009AD2020042
:10B43000B4D20200CAD2020007D302001ED3020017
:10B4400042D302006CD3020047CD020098D3020021
:10B4500098950200ACD302000000C8420060EA46A2
:10B46000F1D30200BCD3020015D402000D223846ED
:10B47000A9491CF0FCF9002841D106F1110802226B
:10B480004046A6491CF0F3F948B303224046A449BC
:10B490001CF0EDF9074648B1737C303B012B27D8EF
:10B4A00040461CF0E0F90128074621D8E368204611
:10B4B00083F80C7115F040F9206907F00101036869
:10B4C0001B6B984768B14FF480712846E368954A32
:10B4D00093F80C3131B0BDE8F04F10F08BBA012772
:10B4E000E4E72846904931B0BDE8F04FF5F7F2BFE8
:10B4F00028468E4931B0BDE8F04FF5F7EBBF072283
:10B5000038468B491CF0B3F950BB06F10B070222F9
:10B51000384682491CF0ABF900B303223846804913
:10B520001CF0A5F940B1F37A303B012BE0D8384646
:10B530001CF099F90128DBD8E36883F80D01204657
:10B5400015F0FAF84FF480712846E368794A93F8C9
:10B550000D3131B0BDE8F04F10F04CBA0120EBE7EF
:10B560000822384674491CF082F900284AD10C366A
:10B57000374616F8013B202BFAD083B338466F4983
:10B58000F5F79EFFE8B920690368D3F8943098472F
:10B5900006466B4B9E4229D8731E082B98BF0A267D
:10B5A000E3683046C3F8846013F078FC204615F059
:10B5B000C3F8EEB92846634931B0BDE8F04FF5F75E
:10B5C00089BF00230A22384618A9189310F0F4FD09
:10B5D000189B0646BB4202D01B78002BD9D02846C8
:10B5E000594931B0BDE8F04FF5F774BF1E46D7E7B3
:10B5F00033464FF480712846544A31B0BDE8F04FCD
:10B6000010F0F8B90D22384651491CF030F980BBD2
:10B61000206911360368DB6F984700283EF479AF44
:10B62000022230463D491CF022F968B90122E36844
:10B63000204683F8102115F07FF82846454931B09F
:10B64000BDE8F04FF5F746BF0322304634491CF001
:10B650000EF900287FF4D2A8E36883F81001204691
:10B6600015F06AF828463C4931B0BDE8F04FF5F7CF
:10B6700031BF3B464FF480712846384A31B0BDE8AF
:10B68000F04F10F0B7B9B8F1000F1BD13046344974
:10B69000F5F716FFB0B9206903681B69984750B1E8
:10B6A00028463049F5F716FF0121204631B0BDE8A4
:10B6B000F04F15F06DB828462B4931B0BDE8F04F7A
:10B6C000F5F708BF0322304628491CF0D0F868B9C6
:10B6D000206903685B6898470646206903689B6891
:10B6E00098473346224A0090FEF7C5BB05223046F4
:10B6F00020491CF0BCF8002840D1206803685B6931
:10B7000098474FF48071034628461B4A31B0BDE884
:10B71000F04F10F06FB900BF31D4020038D50200ED
:10B72000DECC02003FD4020054D4020067D40200F1
:10B7300087D402008FD40200B3CD02000BC40200F4
:10B74000803A0900E9D40200B0D4020005D5020015
:10B7500018D5020026D502003BD5020051D50200C3
:10B76000B5D6020068D502008AD502002ACD0200B3
:10B77000A1D502003CD3020023C102000B223046B7
:10B78000B3491CF074F8C0B9206906F10B010368D5
:10B79000D3F8A4309847034640B14FF4807128464F
:10B7A000AC4A31B0BDE8F04F10F024B92846AA49A0
:10B7B00031B0BDE8F04FF5F78DBE0B223046A749FA
:10B7C0001CF055F860BB04F114000B3600960646D9
:10B7D00083238421A24A10F00DF92023022230464F
:10B7E00018A912F0CFFF002810DD012818990ED0FB
:10B7F000199A20690368D3F8A830984748B12846B9
:10B80000984931B0BDE8F04FF5F764BE9649924AC9
:10B81000EFE72846954931B0BDE8F04FF5F75ABE3D
:10B820000B22304692491CF022F80746002857D1D7
:10B8300020690368D3F89830984780463046F5F77A
:10B8400051FE0B280DD906F10C0014F05AFF0646E4
:10B85000464508DB2846874931B0BDE8F04FF5F78B
:10B8600039BE3E46F4E743464FF48071824A28468B
:10B8700010F0C0F82846F5F735FE2F18A7EB05099C
:10B88000B9F1850F0BDDB04525DD334638467B4ADF
:10B89000C9F5807131B0BDE8F04F10F0ABB8206948
:10B8A00031460368D3F89C30984782462069314678
:10B8B00003680136D3F8A03098475346704A009089
:10B8C000C9F58071384610F095F83846F5F70AFE4C
:10B8D000B0450744D2D1002307F8013CFEF74DB92B
:10B8E0000622304667491BF0C2FFD8B92069012102
:10B8F0000368D3F88830984768B10122E36820468E
:10B9000083F8822014F018FF2846564931B0BDE86C
:10B91000F04FF5F7DFBD28465B4931B0BDE8F04F89
:10B92000F5F7D8BD0722304658491BF0A0FF07465F
:10B93000A0B9206939460368D3F8883098470028B1
:10B94000E9D0E368204683F8827014F0F5FE2846BB
:10B95000444931B0BDE8F04FF5F7BCBD0A2230468E
:10B960004B491BF084FFC8B9D4E903600368D3F8DE
:10B9700080309847C6E90A01D4E903600368D3F828
:10B9800084309847C6E90C01204614F0D5FE2846BD
:10B99000344931B0BDE8F04FF5F79CBD0A2230467E
:10B9A0003C491BF064FF002840F09D803046F5F7CD
:10B9B00099FD0A2823D1E36893F88830012B10D031
:10B9C000022B07D0A3B92846334931B0BDE8F04F68
:10B9D000F5F780BD2846314931B0BDE8F04FF5F7A5
:10B9E00079BD28462E4931B0BDE8F04FF5F772BD5C
:10B9F00028462C4931B0BDE8F04FF5F76BBD0B364A
:10BA00000422304628491BF032FF60B9E36883F80E
:10BA10008800204614F090FE2846124931B0BDE857
:10BA2000F04FF5F757BD0522304620491BF01FFFA8
:10BA300000283DD10122E368204683F8882014F0D5
:10BA40007BFE2846074931B0BDE8F04FF5F742BD0F
:10BA5000B0D502004DBA020039C90200BCD50200BF
:10BA6000B0CA0200E0B9020093BD0200C8D50200CE
:10BA7000DED50200EAD50200F8D5020008D60200A1
:10BA800001D6020014D602001BD6020030D60200F6
:10BA900038D6020043D602004ED6020055D6020028
:10BAA0005DD6020031DE020050D602005FD60200F1
:10BAB000052230465D491BF0DAFE68B90222E368D0
:10BAC000204683F8882014F037FE2846584931B0C4
:10BAD000BDE8F04FF5F7FEBC2846564931B0BDE849
:10BAE000F04FF5F7F7BC0322304653491BF0BFFE79
:10BAF00040B9294620690368D3F8903031B0BDE8D9
:10BB0000F04F18470B2230464C491BF0B0FE30B9BD
:10BB100028464B4931B0BDE8F04FF5F7DBBC0922B0
:10BB2000304648491BF0A3FE58B92069012103683B
:10BB30001B6A98472846444931B0BDE8F04FF5F7F5
:10BB4000C9BC4249082230461BF091FE014650B95B
:10BB5000206903681B6A984728463D4931B0BDE813
:10BB6000F04FF5F7B7BC092230463A491BF07FFE8B
:10BB700050B9206903685B6A98472846364931B056
:10BB8000BDE8F04FF5F7A6BCB8F1000F46D103228F
:10BB9000304632491BF06BFE50B9206903689B6A3E
:10BBA000984728462E4931B0BDE8F04FF5F792BCD2
:10BBB0000D2230462B491BF05AFE58B9737B13F007
:10BBC000DF0F07D12946206903685B6C31B0BDE8FF
:10BBD000F04F18470B22304623491BF048FE58B956
:10BBE000F37A13F0DF0F07D12946206903681B6C35
:10BBF00031B0BDE8F04F18470A2230461B491BF010
:10BC000036FE58B9B37A13F0DF0F07D12946206901
:10BC10000368DB6B31B0BDE8F04F18472846144984
:10BC200031B0BDE8F04FF5F755BC00BF57D6020064
:10BC3000E0B9020031DE0200D5B8020065D602008C
:10BC400071D6020081D602008BD6020099D602007E
:10BC5000A2D60200B1D60200BBD60200C9D60200AD
:10BC6000CDD60200D4D60200E2D60200EED6020003
:10BC7000F9D602000246064803691B6803F0010377
:10BC80009A4283684FF0010114BFDB681B691847B3
:10BC90004C80020003460A46F0B41979DB8800683C
:10BCA00013430125094A06699A43346808BF83F49F
:10BCB00040238D4023F48012DB0787684CBF2C4360
:10BCC000AC4334603B68F0BC184700BF0100100073
:10BCD00010B50020FFF7CEFF00F066FA00280CBF79
:10BCE0001424C82447F6122C40F2E7300021C4F592
:10BCF0007A644FF47A720023E4FB0C01F5F786FBBB
:10BD0000BDE8104002460B4601480CF095B800BF54
:10BD1000B84E002010B500F047FA0E4B00281B78F3
:10BD20000CBF1424C82413B90120FFF7A3FF47F662
:10BD3000122C40F2E73000214FF47A720023E4FB2A
:10BD40000C01F5F763FBBDE8104002460B460248C4
:10BD50000CF072B867B20020884E002008B50F487A
:10BD600018F0FDFEC0B14FF4B0110D48FFF792FF7F
:10BD70000C490D4819F0B4F80C490D4819F0B0F809
:10BD80000022002308480CF057F8BDE808400321C2
:10BD9000084A094815F0C8BB08BD00BF4C80020026
:10BDA0005098020015BD0000B84E0020D1BC000024
:10BDB000884E00204FD70200088D020010B568B1F0
:10BDC0000C4B1B7853B90C4818F0C9FE88B1BDE87C
:10BDD00010400022002309480CF02EB8074819F043
:10BDE0008DF8074819F08AF8BDE810400020FFF7E9
:10BDF00041BF10BD67B200204C800200B84E002049
:10BE0000884E002010B50446114B187011485CB1E3
:10BE100019F074F8104819F071F80020FFF72AFFA4
:10BE2000204600F0C7F910BD19F066F80028F7D1D8
:10BE3000094819F061F80028F2D1084818F08FFE7F
:10BE40000028EDD00022002302480BF0F5FFE7E7C1
:10BE500067B20020B84E0020884E00204C800200BF
:10BE6000014B1860704700BF50620020F7B50020FA
:10BE7000FFF7A4FF13F006F814F0A5FC4FF4D0115F
:10BE80001948FFF707FF4FF480311848FFF702FF0A
:10BE900014F086FC41F28833154EC518376941F11C
:10BEA0000004B36812485B6801A9984788B93A68EA
:10BEB000019B5340DB070CD40E4A0F4BD2F8801085
:10BEC0000B4043F4403343F00C03C2F8803003B01E
:10BED000F0BD14F065FCA842A141EDDA002140F26A
:10BEE000391019F0ECF8DCE748980200409802009D
:10BEF0000C80020000A01050F0F0FCFF0022014B6B
:10BF00001A70704768B2002008B50321034A04483C
:10BF100015F00AFBBDE8084014F052BC6CD70200D3
:10BF2000108D0200F8B5C3888468222B00AF21D1A0
:10BF30004D4A4E4B6D4688B0002C18BF13466A46DA
:10BF40004B49CDE905134FF40073ADF81C30494B54
:10BF500042F8103F00234FF4E651474801F052F9F0
:10BF6000AD4612F092FF70B1201E18BF012014F0F0
:10BF700028FC08E03CB1414C257835B1404818F028
:10BF8000BDFF00232370BD46F8BD2E2B3BD011D83A
:10BF9000122B61D0212BF6D103213A4A364815F0F5
:10BFA000C3FAFFF763FF0321374A334815F0BCFAA1
:10BFB00015F080F8302B01D0742BECE7334B93F85D
:10BFC000E14084F001042046FFF71CFF204614F0F6
:10BFD000F9FB2F4A2F4B002C18BF13466C4688B034
:10BFE0006A462D49CDE905134FF40073ADF81C30B6
:10BFF000204B42F8103F4FF4E6512B461E4801F00B
:10C0000001F9A546BFE712F040FF28B90221234AF3
:10C01000194815F089FAB6E712F039FF124A80F094
:10C0200001006E4610F0FF0488B0104B18BF134695
:10C030006A461B49CDE905134FF40073ADF81C3077
:10C040000C4B42F8103F0C482B464FF4E65101F0E0
:10C05000D9F82046B5468AE70321124A064815F06A
:10C0600063FA14F0ACFB8EE738D50200DECC020098
:10C0700091D7020003000001108D020068B2002079
:10C08000184F002009D8020026D802005462002070
:10C0900065B302005DB30200A3D70200B9D7020066
:10C0A000E0D70200F2D7020008B50C490C4818F09E
:10C0B00017FF0C490C4818F013FF0C490C4818F0F6
:10C0C0000FFFFFF74BFE01220A4B1A7003210A4AA9
:10C0D0000A4815F029FA002008BD00BFC907020070
:10C0E000484F0020FDBE0000184F002009BF00008F
:10C0F000E84E002069B2002046D80200108D0200F0
:10C1000010B5094C84F8A8309DF90830C4F8A00097
:10C1100084F8A930BDF90C3084F8A410A4F8A62046
:10C12000A4F8AA3010BD00BF5462002010B5094C1D
:10C1300084F8B1309DF8083084F8AC0084F8B2304F
:10C140009DF80C30A4F8AE1084F8B02084F8B33019
:10C1500010BD00BF54620020024BC3E92D01C3F89B
:10C16000BC20704754620020014B188399767047B9
:10C1700054620020014BD86100F03AB854620020AC
:10C18000014608B530B1172203481BF0B0FB00236D
:10C19000014AD37508BD00BF54620020014B83F8EB
:10C1A000C100704754620020014B188C704700BFDB
:10C1B00054620020014B83F8E10070475462002074
:10C1C00038B5094B187019F05DF84FF47A74A0FB7C
:10C1D0000405002347F6122204FB0151F5F716F976
:10C1E000024BC3E9000138BD6AB20020784F00203D
:10C1F000F8B512F054FE044600BB114D2B7813F035
:10C20000FB0F01D10420F8BD19F03CF84FF47A7609
:10C21000A0FB060747F61222002306FB0171F5F783
:10C22000F5F8084AD2E90032C01A074B61EB020167
:10C23000834274EB0101E5DB2878E4E70120E2E7C3
:10C240006AB20020784F0020002E93022DE9F84FAB
:10C250008A4600AF002974D004680E1F361BF5080B
:10C2600026F0070604EB0608B8F802B01BF0010B35
:10C2700016D1E94688B06A46334BCDE90531032330
:10C2800042F8103F4FF4C2515B46304800F0BAFF0D
:10C29000CD468BF31188BFF36F8F0423184602DF5E
:10C2A0002946204614F09AFA284434F83030C01A4F
:10C2B000854217D0E94688B06A46254BCDE9053A54
:10C2C000032342F8103F00234FF4C2511F4800F0EF
:10C2D00099FF0023CD4683F31188BFF36F8F0423AA
:10C2E000184602DFB8F80230294623F00103A8F807
:10C2F0000230204614F072FA05EB000804EBC80384
:10C300005B88DA0708D44146204614F0B0FA42466A
:10C310002946204614F0F0FAA65BAE1B04EBC603D8
:10C320005B88DB0709D43146204614F0A0FA2A4680
:10C330003146204614F0E0FA35462946204614F0EE
:10C3400052FABD46BDE8F88FAAD80200C08C0200A0
:10C3500081D802002DE9F04F91B0009302F0040360
:10C360000293C2F3C2030133840705460E46DDF88B
:10C3700068A00392059340F09C81041D002849D1D8
:10C3800001F00706341DC6F10806009B00274FF098
:10C3900004085A1E4FF0FF33B9460193BB4643468B
:10C3A00004970DB1009921600598002800F3D6800C
:10C3B0008F480099814203D38E488142C0F0CE80DD
:10C3C0000399601B11F0020C40F0D680B9F10F0FF9
:10C3D00000F2CF80002D00F0D68009F140010DEB76
:10C3E000010E0199C0F387000EF8200C0EF8101C06
:10C3F000BCF1000F00F0C38060F07F000EF8200C4D
:10C40000013709F10109C5F108014FF6DA7E04345C
:10C4100006918CE00729B8D86FF01B0011B0BDE879
:10C42000F08F7A285BD84B280FD8472857D829286F
:10C430002ED8252850D052D8202818BF23280CBF2A
:10C440004FF0010B4FF0000B71E04C382E2846D80E
:10C45000DFE800F06D4545454545454545454545C1
:10C46000484545454545454545564548485656562F
:10C470006D486A456D4518481845457F7C484545D7
:10C4800048457C0000204FF0000B4FF0040835E0D9
:10C4900001212A38C0B201FA00F010EA0E0F46D18D
:10C4A00010F0625C2CD110EA010B40D06046013CD8
:10C4B0004444B4FBF8F408FB04F425B1A3EB050CE9
:10C4C000A444B445A8D8002870D005990139059135
:10C4D0005AF8041B009164E70199013901914FF06A
:10C4E000000B24E012F8010C6C2834D1002012F863
:10C4F000023C83466C2BC8D14FF008084346D6E770
:10C500000AF1070A2AF0070A073424F00704FAE8B8
:10C5100002BC35B106982044B0423FF67DAFC4E975
:10C5200000BC4FF0000B08344FF00808434612F8E7
:10C53000010F002853D0BBF1000F7FF472AF252804
:10C54000F5D14FF0010B019B013301934FF004082B
:10C55000ECE7584697E700208346A8E70399880749
:10C560007FF551AF4FF0010C601BB0F5007FFFF479
:10C570002DAF6FF0150051E74FF0000CF5E7049870
:10C58000013004903DE7BCF1000F01D0013638E7DF
:10C590000298023600287FF434AF0098CDE90632C5
:10C5A000F4F7A0FFDDE9063206442AE7042B08D1A0
:10C5B0000AF1040015B1DAF8001021608246043453
:10C5C000B5E70AF1070323F0070303F1080A1DB1D9
:10C5D000D3E90001C4E9000108230834A7E7631B7D
:10C5E000B3F5806FC5D23DB9A6F10804E01815E790
:10C5F000FC7E0200F4F70200029A9B0828602B7070
:10C600009DF81030AAB1EB70AF702FB1002208A8CE
:10C61000C5F1010C91450ED14FF0000AC5F101039F
:10C620000DF1200801930DF1300BD14512D1601BA3
:10C63000F4E66B70E8E710F8013B190608D50CEB3F
:10C64000040EB64503F07F033FF6E6AE04F8013B67
:10C650000132DFE71FB198F90020002A17DB029BA7
:10C66000D3B11AF80B2004F8012B0022019B1819F2
:10C670001044B0423FF6D0AE98F80000009904F89C
:10C68000010B204603921BF0BDF8039A14440AF1F3
:10C69000010A08F10108C8E798F8002055F822308F
:10C6A0000093029B009845F82230F4F71BFF421CD0
:10C6B000DCE76FF00D00B1E62DE9F04F97B000AF69
:10C6C00005468A46C7E90A3249B903784678807830
:10C6D00000EB83002844564524D8A0EB050AD7F880
:10C6E000803095F8028003F00103D7F88040FB61A9
:10C6F000EB78B8F1000F0CBF002404F001047B625A
:10C700001BB1D7F880309A0715D4A4B9FB6A1BB1C6
:10C7100051462846BA6A9847564630465C37BD4669
:10C72000BDE8F08F441C2046F4F7DCFE01302044C5
:10C730000AF1010ACFE7D7F88030C3F3C0033B62A8
:10C740002B78BB619B003B616B687B61BB6905EB30
:10C75000830BFB6A002B77D15646D844BCB11C46EC
:10C760001BF8013B55F82300F4F7BCFED7F88430E2
:10C77000013043B1D7F88830A34282BFD7F8843064
:10C7800023F814000134C3450644E9D1D846D7F84C
:10C7900080304FF0000913F0050F0CBF4FF0020B73
:10C7A0004FF0010B7B6A9945B7D298F8013008F138
:10C7B000020855F823A0AE4B9A45C0F04C81AD4B12
:10C7C0003A6A9A452CBF002301230AB318F8021CC9
:10C7D0007869FB6214F0D6F9FB6AC8B1EA468AB000
:10C7E0006A46A54B05937B69CDE906314FF400738A
:10C7F000ADF82030A14B42F8103F00234FF4125106
:10C800009F4800F0FFFCD546023E09F10109C9E747
:10C8100023B1FB6933B9A6EB0B06F6E7D7F88030F6
:10C820009B07F2D55046F4F75DFED7F884304BB144
:10C83000D7F888309C423FBFD7F88420431C22F8A9
:10C84000143001340644E0E7002C6AD1B8F1000F3F
:10C850006DD0D7F8803058076CD5C14607F1480035
:10C86000424659461AF0CEFF00220BEB0803FB604C
:10C870000233796A8A425FD3D7F8802095F801B0F5
:10C88000F969920704EB0B0348BF0022DBB258BFE3
:10C890004FEA5902002940F0A680D7F8801011F025
:10C8A000040F14BF494600216B70A970EA70284636
:10C8B000BA6A3969FB6A9847061EFFF62EAFBB6954
:10C8C00049462B707B6ABA6AEB7085F801B0FB6A47
:10C8D00085F8028007F148009847B0F10009C0F2DE
:10C8E000B6803B697A6A786A03EB4201FB6841448F
:10C8F00003EB4000BA6AFB6AAAEB010198470028E3
:10C90000C0F2A7804FF0000BB14409EB000607F11D
:10C91000380AA34569D30021BA6A0846FB6A9847DA
:10C92000FBE644464FF0000907F1380098E744461B
:10C93000C14699E7A14697E713F8016CDFF830C1CB
:10C9400055F8260013F8021C6045C0F08A80DFF815
:10C9500024C16045386A2CBF4FF0000B4FF0010B2B
:10C9600038B17869C7E9013214F00CF9D7E901321E
:10C97000F0B9BBF1000F1ED0F96949B1611C04F197
:10C98000280007F13004041904F8206CCCB20FE041
:10C99000D7F8801049070BD509F1280007F1300CB2
:10C9A00009F1010100EB0C0909F8106C5FFA81F93B
:10C9B000013202335DE7D7F880008007DED409F149
:10C9C000280C07F1300EF44409F101000CF8101C9A
:10C9D00007F1580109F1020951FA80F05FFA89F96B
:10C9E00000F8106CE4E700215EE71BF80A3055F808
:10C9F000239087F83730D7F884302BB3D7F88830B6
:10CA00009B4521D2D7F8843033F81B800121BA6AC4
:10CA1000FB6A07F13700984700281ADB0644B8F193
:10CA2000000F06D14846F4F75DFD00F101081FFA3A
:10CA300088F841464846BA6AFB6A9847002808DBEE
:10CA400006440BF1010B64E74FF00008DEE74E46A9
:10CA500063E6064661E63B6A002B3FF4DFAE002347
:10CA6000B4E6386A0028A6D04FF0000B79E700BF83
:10CA7000FC7E0200F4F70200D7D802000400000197
:10CA8000208C0200014B1860704700BF100100208D
:10CA900080B505460E46174698460BF08FFC0346B8
:10CAA00001F072FB0446DFF81890424649F8003066
:10CAB00039463046A84754F8090001F0FBFA00BF98
:10CAC00008000000044608B5EFF31183202383F328
:10CAD0001288BFF36F8F06F063F9204601F082FEE3
:10CAE000024814F06EF814F08AFEFCE78BD90200BD
:10CAF0002DE9F047858B0446280717460CD50129F8
:10CB00000CBF45F0100545F02005A58387F311887B
:10CB1000BFF36F8FBDE8F087022905F0070540F0ED
:10CB20009480204614F0D0FA052864D801A353F865
:10CB300020F000BF0DCB00004BCC0000F7CB000075
:10CB4000B9CB0000D3CB0000E5CB000001F0070318
:10CB50005A1F012A1FD8002221F00701062BD4F802
:10CB6000008089B2C4E9002209D1434603E0E28B88
:10CB70000132E2831B68002BF9D141F0020120460B
:10CB8000A18314F0A1FA4FF0000900286DD041F004
:10CB90002001A18369E0042B0AD121F0070189B2A9
:10CBA0002046A18314F090FA10B141F02001A18336
:10CBB0004FF00008C14658E02369D3F80090A38BDA
:10CBC00023F0070343F006034FF00008A383464613
:10CBD0004BE02369D3F80490A38B23F0070343F0C1
:10CBE0000403F1E72369D3F80890A38B23F007032C
:10CBF00043F00503E8E74FF00008C146E7E70122EC
:10CC000043F00803A38387F31188BFF36F8F002AD3
:10CC10003BD1B8F1000F4AD1B9F1000F02D0204644
:10CC20002C49C847EFF31187202383F31288BFF301
:10CC30006F8FA38B23F008039BB2A383D9063FD544
:10CC400023F01002A28303F00705A669A18B002E32
:10CC5000BFF67CAF00239946D4F8008021F007018D
:10CC6000C4E9003341F00101A183A38B03F0070A5B
:10CC7000AA4502D0A268002AC1D1B8F1000F02D1A2
:10CC8000B9F1000FDAD00022BAE7A1680029C0D0BC
:10CC90000D680029BDD03346524620464F68B8473C
:10CCA0001DB12B6829461D46F3E72B46FAE741469E
:10CCB000334652462046D8F8008014F031FAA8E7EF
:10CCC0009A067FF523AF23F02002A28303F0070525
:10CCD00027E700BF4D1102002DE9F0470446074643
:10CCE0004FF00109DFF84C8094FAA4F5B5FA85F508
:10CCF00009FA05F32E0108EB05156FEA030A24EA89
:10CD000003042B7B63B158F806301B696BB94644AA
:10CD1000736804222846196807EA0A0714F094FB8E
:10CD2000002CE1D13846BDE8F08728469847002816
:10CD3000F6D1ECE7A08D020010B5002288B00E49B4
:10CD40000E4818F0E7FA002200230024CDE906235C
:10CD50000E234FF44072CDE90334CDE90144084B72
:10CD60000849009408480BF0ABF80849064818F049
:10CD7000DEF8204608B010BD91CD00001054002010
:10CD8000ADD0000070BE0020804F0020BFD902004F
:10CD900001480AF00DBE00BF080800202DE9F04749
:10CDA000804621480F4614F033FB0646002833D056
:10CDB00000252846BDE8F087237B83B12368DB6824
:10CDC0000BB120469847636883F8069023681B6977
:10CDD000D3B9636804222046196814F035FB013684
:10CDE00010345445E8D3B8F1000FE2D0002DDFD065
:10CDF0002846FFF771FF0546002FF7D0002140F2CB
:10CE0000391018F05CF9F1E7204698470028E0D087
:10CE100009FA06F31D43E2E705464FF00109034C0A
:10CE2000DFF80CA0DDE700BF68630020A08D0200E2
:10CE3000B08D0200014B53F8200070476C9802003F
:10CE400008B5034608462BB1044A136000F03AFCCB
:10CE5000002008BD6FF01500FBE700BF14010020A3
:10CE600010B5044C237813B903480AF0A1FD01233F
:10CE7000237010BD6BB200200808002010B50446D6
:10CE8000094814F0C5FA3CB1084BD3E8EF1F01394B
:10CE9000C3E8E21F002AF8D105480BF0B5FDBDE854
:10CEA000104004480AF084BD6063002064630020E1
:10CEB00010540020080800200022044BD3E8EF0F94
:10CEC000C3E8E12F0029F9D1704700BF606300205B
:10CED00070B5FFF7F1FF0546074C084EB44200D38A
:10CEE00070BD63685B792BB123685B6813B1294619
:10CEF000204698471034F1E7A08D0200B08D020063
:10CF000010B5044C0449204613F069FF034B1C6024
:10CF100010BD00BF980600205898020058630020FA
:10CF200000230D4A10B513700C4A0D4913600D4AC9
:10CF30000D481360FFF784FFFFF7E2FF0B4B0C492E
:10CF400018468B4200D310BD1A1A5C6812110132C8
:10CF500022711033F5E700BF6CB20020606300203F
:10CF600040420F00646300200D140200A08D0200F7
:10CF7000B08D0200014600220023014813F050BF8B
:10CF800098060020014813F0E7BF00BF9806002074
:10CF9000024B0146186814F03AB800BF58630020ED
:10CFA000014814F06FB800BF98060020F8B5284B70
:10CFB0001B78002B4AD0FFF7E5FF0446002842D13A
:10CFC000244B254D1B68002B19DD18F05BF94FF43D
:10CFD0007A76A0FB060747F61222002306FB0171B2
:10CFE000F4F714FAD5E90032C01A40F2E93361EBE4
:10CFF0000201984271F1000101D3FFF769FFD5E901
:10D00000003213F57A7342F10002C5E90032ECB147
:10D01000BDE8F840FFF7C4BF6B685B7923B12B68AC
:10D02000214628461B6898471035B542F4D3204660
:10D03000FFF7AEFF094BD3E8EF1F0139C3E8E21F4A
:10D04000002ABDD0F7E7064D064EEEE70020F8BDFA
:10D050006BB200206063002008540020646300204D
:10D06000A08D0200B08D020070B50D4D297861B918
:10D070000120FFF793FE0B4C0B4EB44206D3FFF793
:10D0800095FF0028FBD101232B7070BD63685B798D
:10D090001BB1236820469B6898471034EDE700BF1A
:10D0A0006CB20020A08D0200B08D020000212DE99D
:10D0B000F8430846FFF772FE044648B340F21B6887
:10D0C0004FF0000901F060F81A4B1B4A1B5813601F
:10D0D00033B11A4B1B68092B02DD19480AF068FCB2
:10D0E0000025184F44B12046FFF7F6FD044618B955
:10D0F0004FF0FF384FF0FF39FFF758FF064628B9C9
:10D10000B5B90F4842464B460AF08CFC3546E9E774
:10D110004FF0FF384FF0FF39D4E72B689B691BB104
:10D1200000222846114698471035BD42F5D3E8E75E
:10D13000054DFAE7080000005C63002064630020EE
:10D1400008080020B08D0200A08D020013B5184819
:10D1500014F05EF9174B1B7873B1EFF311842023A1
:10D1600083F31288BFF36F8FFFF720FF84F31188DA
:10D17000BFF36F8F02B010BD0F4B1B68002BF9D0AF
:10D1800050B9002200230D48CDE9002347F61222B2
:10D1900000230BF001FCEDE70928EBD107480BF069
:10D1A00033FC074802B0BDE810400AF001BC00BFE4
:10D1B000646300206CB200205C63002010540020E7
:10D1C0000808002010B5064B04461B689847214606
:10D1D000A060044813F0A1FEBDE81040FFF7B6BF01
:10D1E0001401002098060020044A054B9B1AB1EB5D
:10D1F000D30F34BF52F8310000207047108C02006A
:10D20000A08D02002DE9F04F8FB0C1F34A2604AF84
:10D210000D469046B8607B600C0D002E61D04FF03B
:10D2200000090A234FF0040B07F1140AFE60C7E956
:10D230000799C7F824900093CDF808B0CDF804A062
:10D2400007F11C034A464046F968FFF735FAB0F586
:10D25000006F03461CD36C468AB0D8F8041004ABA8
:10D2600024481A46C3E9050140F2FF71D9614FF421
:10D2700000711984204B42F8103F4FF412514B4675
:10D280001E48FFF7BFFFA5462C37BD46BDE8F08F0F
:10D29000C0F30A0604F11700184420F007008008C4
:10D2A0003B60FFF767FE66F35325044680B13B6899
:10D2B00000F11001C7E908390A23F961CDE901AB92
:10D2C000009340460E4AF96807F11C03FFF7F4F992
:10D2D00066F353252A4620467B68B96814F0D4F8D3
:10D2E000D2E704F1170020F007008008FFF742FEA4
:10D2F0000446EDE7D0D9020004000001808C020052
:10D300005B1402002DE9F04F87B00546DDE9106B94
:10D31000DDE9127A884614469946BFB110213B4692
:10D320005A460020CDF800A0CDF814A0FFF712F85F
:10D33000B0F5006F01460BD340F2FF730221184A8B
:10D34000184807B0BDE8F04F14F0F7B83946384632
:10D3500004F0070305F00704E40044EA831444EAF8
:10D36000402444EA065406F11700084420F0070060
:10D3700080080391FFF7FEFD054640B13FB13B46F3
:10D380005A460399CDF800A01030FEF7E3FF4B4654
:10D3900022464146284607B0BDE8F04F14F074B865
:10D3A0000FDA0200808C0200406820B1034BC01AE3
:10D3B00040F3CF0070474FF0FF307047108C0200F1
:10D3C0000EB403B503AB53F8042B01460448019394
:10D3D00001F00EF902B05DF804EB03B0704700BF36
:10D3E0009D150200CA0605D48B064CBF02490349AD
:10D3F000FFF7E6BF704700BF92BD020091BD02007B
:10D400002DE9F04F89B098469DF85090159B044641
:10D4100006930D46DDE916A3189F05920493B9F112
:10D42000000F00F0B08007F48073079314F00AF83F
:10D4300007F0020B0246002874D020467749FFF718
:10D44000BFFF0646BBF1000F08D017F0440F6BD1A9
:10D450002A4620467249FFF7B3FF064407F001034E
:10D4600053B1704B204653F829206F4B6F49002A67
:10D4700008BF1A46FFF7A4FF07F48073002B07F0DC
:10D48000080318BF4FF00008002B79D0684B2046E6
:10D4900053F829206749FFF793FF0546059B2BB1F9
:10D4A0001A4620466449FFF78BFF0544B8F1000F88
:10D4B00005D0424620466149FFF782FF0544604897
:10D4C0003544069B1BB122465E4913F02AFB049BA0
:10D4D000002B00F08E80DDF810803946B8F1100F77
:10D4E000204628BF4FF010080026FFF77BFFB5420B
:10D4F00050DC0026334620461AF803205249FFF735
:10D500005FFF0136102E4BD0710703D120464F49E3
:10D51000FFF756FF46453346EDD320464C49FFF70B
:10D520004FFFEEE706468DE74A4B1868002894D077
:10D53000494B4FF47A7B1B684FF03C0CB5FBF3F57D
:10D54000B5FBF0F14FF4616300FB11550BFB05F5E2
:10D55000B1FBF3F2B5FBF0FE03FB121100FB1E550D
:10D56000B1FBFCF30BFB05F5B5FBF0F50CFB131160
:10D5700020460091CDE901E53849FFF721FF6CE72E
:10D5800007F008058AE7B8F1010F4D460CBF2C489B
:10D59000334896E720462D49FFF712FF0136A6E7EC
:10D5A000002620462F49FFF70BFF33461AF80320C9
:10D5B0002046A2F120035F2B28BF2E222A49FFF725
:10D5C000FFFE0136102E0DD0720703D120461F49F1
:10D5D000FFF7F6FEB0453346E8D820461B49FFF773
:10D5E000EFFEEEE7049BC244B3EB080304937FF421
:10D5F00072AFB9F1000F0AD0FB0704D520460A4AE2
:10D600000A49FFF7DDFE39462046FFF7EBFE2046CC
:10D6100009B0BDE8F04F13F0B4BF00BF4CDA020010
:10D6200050DA02007C98020047DA020023C10200AF
:10D630009098020075DA02007BDA02007FDA0200BD
:10D640009D150200F1E5000084DA02008CDA020088
:10D650008ADA0200706300206C63002059DA02004D
:10D66000CB1502008EDA020090DA020042F20F734C
:10D6700073B58B4228BF0B460568044605216846F2
:10D680000D4A0EF0B7F90646636828460B225B6820
:10D690000A4913F068FF63683246694628465B68AA
:10D6A00013F061FF63681B2228465B68044913F08E
:10D6B0005AFF02B070BD00BF3AED020056F60200FC
:10D6C0003AF6020000210123064A904206D8064A93
:10D6D00001B901231360054B186070470121400810
:10D6E0005B00F2E740420F006C6300207063002093
:10D6F0002DE9F34143680DF107011C681048656886
:10D7000013F0C7FF30B99DF80710012902D10C486A
:10D7100000F030F801232B7725682F68D5E9013612
:10D72000D3E9004824B96B681C6002B0BDE8F08101
:10D73000214630464246B847241A0644F2E700BF65
:10D74000AC800200F8B50D460446064F4618B442B8
:10D7500001D12846F8BD14F8011BBB6801485B687D
:10D760009847F4E7AC800200014B0360002070474B
:10D77000D898020070B5C4690D469CB31E4A23793F
:10D78000565CB34231D01D4A525C9A4230D1A368F4
:10D790009847002810DA022D0CD0032D0BD110F180
:10D7A000860F07D0D4E8EF3F43F00203C4E8E23F1E
:10D7B000002AF6E7267170BD022D267101D00020E7
:10D7C000F9E7D4E8EF3F23F00403C4E8E23F002A7E
:10D7D000F7D1D4E8EF3F23F00203C4E8E23F002A88
:10D7E000EDD0F6E76FF05700E5E76FF07700E2E77E
:10D7F0006FF08500DFE700BF66F6020062F6020008
:10D8000070B5104B0D461C68B4B10F4B196800235E
:10D810008B4202DB6FF0010070BD224612F8106BE4
:10D82000864202D014460133F2E7E06817F097F918
:10D8300028B100202C60EFE76FF00C00ECE76FF0F0
:10D840001200E9E720010020D89802002DE9F04FEE
:10D850008BB0D0F808A01E4600AFDAF80C30804636
:10D860000D46914698470368202B0BD9264A012183
:10D87000264813F059FE6FF0150528462C37BD4693
:10D88000BDE8F08FB9F1000F01DA214AEFE746EA6F
:10D8900009045A1E144005D001211E4A1B4813F0EA
:10D8A0004CFEE8E72946202207F1080019F0D0FFD6
:10D8B0002546A642E1D9A6EB040BBBF1200F28BFF9
:10D8C0004FF0200B09EB0401DAF804505B464046A8
:10D8D00007F108027960A847051E796811DA6C46DD
:10D8E00088B06A460C4B0791CDE90538042342F80D
:10D8F000103F00234FF401510448FFF783FCA54675
:10D90000BBE75C44D5E700BFF1DA0200308C0200CF
:10D9100017DB020034DB020066DB020008B50348B7
:10D92000034A0021121A13F045FF08BD2008002009
:10D930006CB60020074808B5074A0849121A13F0C8
:10D940003BFFBDE808400648064A0749121A13F093
:10D9500033BF00BF0000002020080020F4F70200C1
:10D960000000002000000020F4F702002DE9F0473D
:10D9700006460C4600AF002936D0D1E90012E94630
:10D980008AB06D46A3684FF0050AE8461F48CDE906
:10D990000723CDE9050148F810AF002342464FF4B4
:10D9A00021511B48FFF72EFCD4E90312CD466369D1
:10D9B000AD461848C5E90723C5E90501C5F810A01B
:10D9C000002342464FF421511148FFF71BFCCD467E
:10D9D000E3690121104A0E4813F0AFFDA36901214C
:10D9E0000E4A0B4813F0A9FD012E07D1EFF3058372
:10D9F0000B4A31460648103B13F09FFD2146304646
:10DA000009F04AFCBD46BDE8F08700BF93DB020089
:10DA1000B88C0200C2DB0200F1DB020000DC020075
:10DA20002EDC020030BFFFF7FDBF00BF2DE9F04143
:10DA300005460B4EDFF82C80324606EB0807CC1B60
:10DA40002046094919F0DEFEA01942460021083C93
:10DA500019F0FEFEEC6707F10800BDE8F08100BF99
:10DA6000000000002C000000BC8D020010B5244C0A
:10DA70002449254813F0ADFEA36A99013ED52248FA
:10DA8000224913F0A6FE1E20A36ADA0104D51E481F
:10DA90001F4913F09EFE1F20194CA36ADB0204D518
:10DAA00019481C4913F095FE0220A36A1C0304D5F3
:10DAB0001548194913F08DFE2120114CA36A590312
:10DAC00004D51148154913F084FE2220A36A9A0355
:10DAD00004D50D48124913F07CFE2320084CA36A9C
:10DAE000DB0304D508480F4913F073FE2420A36A12
:10DAF0006FEA03436FEA1343A36210BD1D20C3E71F
:10DB000000ED00E041DC0200B88C020059DC0200AC
:10DB10006CDC020086DC0200B0DC0200CEDC02001D
:10DB2000F3DC02000DDD020070B506460D46294CFF
:10DB300029492A4813F04DFEA36ADB0647D527483A
:10DB4000274913F046FE1120A36A1C0704D5234879
:10DB5000244913F03EFE12201E4CA36A990712D5E9
:10DB600021491E4813F035FE636BA26A120609D5DF
:10DB700001211E4A194813F0E0FC1EB1A36A23F0EC
:10DB80008003A3621320134CA36ADE0704D5134855
:10DB9000174913F01EFE1420A36A9C0604D50F48F3
:10DBA000144913F016FE15200A4B9A6AD10658BF85
:10DBB0009A6A9A6A920642BF5A6A22F400525A62DC
:10DBC0009A6A42F0FF029A6200232B7070BD102007
:10DBD000BAE700BF00ED00E038DD0200B88C0200BB
:10DBE0004EDD020081DD020094DD0200ACDD0200AA
:10DBF000C2DD0200E1DD020070B506460D46284C8C
:10DC00002849294813F0E5FDA36AD9043CD52648E4
:10DC1000264913F0DEFD1720A36A1A0504D5224811
:10DC2000234913F0D6FD18201D4CA36A9B0512D57D
:10DC30001D48204913F0CDFDA36BA26A100409D53D
:10DC400001211D4A184813F078FC1EB1A36A23F481
:10DC50000043A3621920124CA36A590504D5124847
:10DC6000164913F0B6FD1A20A36ADA050ED50E4840
:10DC7000134913F0AEFD1B20094A936A43F47F4316
:10DC8000936200232B7070BD1620C5E7A36A9B0426
:10DC9000F2D505480B4913F09CFD1C20ECE700BFB2
:10DCA00000ED00E010DE0200B88C020026DE02006B
:10DCB00081DD020037DE020050DE020065DE020078
:10DCC00080DE0200E1DD02002DE9F0418AB0674B01
:10DCD0000446D3F80480002500AFC8F3080685F396
:10DCE0001188BFF36F8F02F07F43B3F17F4F07D1ED
:10DCF00002F00C03082B12D15D495E4813F069FD58
:10DD000000252C460023FB71F31E092B00F28E80A8
:10DD1000DFE803F00A8487808C8C8C8C8C8A100757
:10DD20004CBF0C460125EDE75349524813F051FD15
:10DD300000234E4EFB71F36A9A0705D54F494D48B3
:10DD400013F047FD00232DE0F36A002B01DA4C4964
:10DD5000F5E7F36A5B00F5D54A49464813F039FD0B
:10DD60007369A26943F480737361BFF34F8FBFF38C
:10DD70006F8F32F8023C726922F480727261BFF3D5
:10DD80004F8FBFF36F8F03F47F42B2F55F4F2BD1FC
:10DD9000DBB2022B28D1236801213B4A354813F01E
:10DDA000CCFB2368FA79DAB907F1080604F1200CF4
:10DDB000324620686168083403C264451646F7D1CC
:10DDC0007A6A002D4FD0C2F3080121B96FEA5222BE
:10DDD0006FEA42227A62184607F10801FFF7C6FD92
:10DDE0002837BD46BDE8F081204B9A6AD2B222B1F5
:10DDF0000120F91DFFF798FE0EE09A6A12F47F4F9A
:10DE000004D00120F91DFFF7F7FE05E09B6AB3F58A
:10DE1000803F97D3FFF72AFE0346C3E70020F91D92
:10DE2000E8E70020F91DEEE7184988E7184A18F4DA
:10DE3000F87FE8468AB0174B08BF13466A46164972
:10DE4000103ECDE905134FF40073ADF82030134BAD
:10DE5000079642F8103F00234FF411510548FFF791
:10DE6000D1F9C5466EE76FF30802B3E700ED00E0B5
:10DE7000C6DE0200B88C0200F1DE020008DF0200FC
:10DE800029DF020037DF020056DF020072DF0200E6
:10DE900098DE0200ADDE020096DF02000400000101
:10DEA000064B5A6942F010025A615A6942F4806284
:10DEB0005A615A6922F008025A61704700ED00E089
:10DEC000EFF30880EFF3098101B57246FFF7FCFE1E
:10DED00001BD00BF0B4880F3088804F0F7FF202045
:10DEE00080F3118808484FF40061401880F30988D6
:10DEF000EFF314800221084380F31488BFF36F8F7F
:10DF000000F06AF8B0FD002070D400201EF0040F6D
:10DF10000CBFEFF30880EFF30980816911F8021C50
:10DF20000229FFD001B5724613F048FC01BD00BFC5
:10DF300000B2002807DB01234109034A00F01F005B
:10DF4000834042F82130704700E100E000B2002831
:10DF50000CDB01220649430900F01F0082402033F8
:10DF600041F82320BFF34F8FBFF36F8F704700BF7F
:10DF700000E100E0054B420953F82220012300F0A4
:10DF80001F0003FA00F01040704700BF00E100E0FE
:10DF900000B2002801F10101ACBF00F16040064B66
:10DFA0004FEA4111C9B2ABBF00F5614000F00F006C
:10DFB00080F800131954704714ED00E0044B054A33
:10DFC00023F07F039360BFF34F8FBFF36F8F7047D2
:10DFD0000000000000ED00E008B5FFF7EFFF0B4A7E
:10DFE000D2F8883023F47003C2F88830EFF314833A
:10DFF00023F0040383F31488BFF36F8FFFF78EFCC5
:10E00000FFF798FC00F09EF809F076FA00ED00E0CA
:10E0100042F8203C009B0B4942F81C3C019B21F03C
:10E02000010142F8183C029B42F8081C42F8143CDB
:10E030004FF0807342F8043C0023203A0265C0F898
:10E040008030704791CA000000B50D4B15469860AE
:10E05000C26F0C4B0E461A60C36E83F30B882C46BE
:10E0600086F309880020044B9847204600210022AF
:10E070000023024C20470000F117020091CA000063
:10E080008C680020A06300201022014B1A617047A9
:10E0900000ED00E0054B5A699B689A421FBF044A95
:10E0A000536843F080535360704700BF8C68002072
:10E0B00000ED00E0084B9B6883420BD1EFF3058332
:10E0C00043B1064B5A6842F080525A605A6A22F4B1
:10E0D00000425A620AF078B98C68002000ED00E036
:10E0E00015498A684FF030001044EFF3098C80E83E
:10E0F000F01F202080F31288BFF36F8F0F4F4FF077
:10E1000000664A698A603E60D06F0D4C2060D2F88C
:10E1100080000023C2F8803080F3118802F13000C3
:10E1200090E8F01F8CF3098802F1000004B513F0A9
:10E1300058FBBDE8044070478C68002004ED00E007
:10E14000A06300200023202040F20F1210B5044CE1
:10E15000E1180133934281F80003F9D110BD00BFEB
:10E1600000E100E008B5EFF30583064A103B02EB3F
:10E17000C30152F8330049688847BDE80840FFF7FB
:10E1800089BF00BF2C820200014800687047000070
:10E19000A06300201FB50121094B0A4A0A4800F07C
:10E1A0000FF90023064A0393084B0121019301A8AC
:10E1B000D31A029300F00EF905B05DF804FB00BF1E
:10E1C00000000420000000200C990200200800201C
:10E1D0000A7A0B6810B562F304031C46CB68520937
:10E1E00023F01F0343EA4203044A43F00103C2F849
:10E1F0009800C2F89C40C2F8A03010BD00ED00E0CD
:10E2000010B50A4BD3F89030C3F30723013B984273
:10E2100008D901210346064A064813F08EF96FF02B
:10E22000150010BDFFF7D4FFFBE700BF00ED00E0D5
:10E23000ADDF0200B08C02002DE9F04F8946144694
:10E2400006464FF000084F4D85B0C84527DAD6F88E
:10E2500004A0BAF1000F44D0BAF11F0F17D91AF079
:10E260001F0F14D1D6F800B01BF01F0F0FD1584666
:10E2700013F0E1FA07460AEB0B00013813F0DBFA62
:10E28000874210D06FF015073F4A3B4601E04346F6
:10E290003E4A01213E4813F050F96FF01504204624
:10E2A00005B0BDE8F08F17F1160FEDD0BC42EBDDE5
:10E2B000C5F89870D5F89C10C5F89870D5F8A030BE
:10E2C00021F01F0143F01F0BD6E900321A44994296
:10E2D00002F1FF3A1AD1D34507D13146F8B213F013
:10E2E000B3FA08F101080C36AFE73146C5F898706B
:10E2F000D5F89C30E0B263F30402C5F89C2013F01B
:10E30000A3FA10F1160FC8D0441CEAE7C5F89870BC
:10E31000D5F8A020013B23F01F0302F01F02134396
:10E32000D3453146E0B2C5F8A030E8D013F08CFAFE
:10E3300010F1160FB1D0C5F89870D5F89C209DF853
:10E3400008300BF1FF3B62F304038DF80830D5F879
:10E35000A0309DF808205B0863F347128DF8082071
:10E36000D6E900321344009323F01F035B44A3EB70
:10E370000A03013023F01F036946C0B20393FFF77D
:10E380003FFFBEE700ED00E0F9DF0200D3DF02004F
:10E39000B08C02000522044BC3F89420BFF34F8FCA
:10E3A000BFF36F8F704700BF00ED00E0BFF35F8FDA
:10E3B0000022024BC3F89420704700BF00ED00E03C
:10E3C00010B5034C2278FFF737FF207010BD00BF57
:10E3D0006EB200202DE9F74F294D8A4606464FF0D0
:10E3E0000008AB46274FD0451BDAD6F80490B9F1A8
:10E3F000000F3FD031680846019113F01CFA0199D3
:10E40000044609EB0100013813F015FA84424FF07D
:10E4100014021D4B08D002FB08F36FF015024BF8F5
:10E42000032003B0BDE8F08F14F1160F2C60F8D074
:10E430001978A142F5DD02FB08B0C7F89840C7F88B
:10E440009840D7F89C4000F10801007B64F3040079
:10E450000871D7F8A0000C79400860F347140C71DC
:10E46000D7F89C1021F01F016960D7F8A01021F0A7
:10E470001F01296108F1010814350C36B3E700BF0C
:10E48000A463002000ED00E06EB20020F0B5534917
:10E49000534DD1F890302C68C3F307239C4287B0CA
:10E4A00000F299800020FFF781FF4E4BC1F8C03089
:10E4B000844216D14C4D01A82C70FFF755F9002667
:10E4C00007464A4CB74213D100202B784349D1F874
:10E4D0009020C2F30722934277DBFFF75BFF002017
:10E4E00046E0696801EB0011FFF772FE0130DFE7DB
:10E4F0000199300101EB0613DA682240B2F1807F06
:10E5000052D00AD8B2F5001F34D0B2F5800F3ED0F9
:10E51000B2F5801F12D00136D4E7B2F1006F43D0BC
:10E52000B2F1805FF7D15A689B680958013B22F02D
:10E530001F00034423F01F03012032E05A689B6848
:10E540000958013B22F01F0003440120844623F0B8
:10E550001F0340EA4C10CDE902218DF8100002A9FA
:10E5600028780593FFF74CFE00282ADA6FF0150093
:10E5700007B0F0BD5A689B680958013B22F01F00A4
:10E5800003444FF0020C012023F01F03E1E75A6817
:10E590009B680958013B22F01F000344022023F02E
:10E5A0001F034FF0000CD4E75A689B680958013BE1
:10E5B00022F01F0003444FF0030C012023F01F033F
:10E5C000C7E72B7801332B70A5E7C1F89830C1F865
:10E5D000A00001337BE74FF0FF30C9E700ED00E01A
:10E5E00018990200AAFF44006EB200200000F0FF5C
:10E5F000F0B587B007460E46144600211022684643
:10E600001D4619F025F902238DF80230054B2A46E4
:10E6100021466846CDE9047601930DF0C1FE07B0AE
:10E62000F0BD00BF7B18020008B5024B1B6898477D
:10E63000002008BDB8630020034B044A186093789B
:10E6400043F0020393707047B86300202401002058
:10E6500008B50649064821F00701C1F1005202F54C
:10E66000802212F01DFA002008BD00BFEF2D01200E
:10E67000BC6300204FF0FF324FF0FF33014809F038
:10E68000D5B800BF34010020014809F041B900BFEE
:10E690003401002038B50546FFF7ECFF2A46082173
:10E6A000074812F08CF9044628B925B1FFF76CFD34
:10E6B0000C22044B1A50FFF7E7FF204638BD00BF7D
:10E6C000BC6300200C00000010B50446FFF7D2FF29
:10E6D00021460348FDF7BAFDBDE81040FFF7D4BF5F
:10E6E000BC63002070B5A0FB015434B92846FFF785
:10E6F000D1FF064640B9304670BDFFF745FD0C22FC
:10E70000044B00261A50F6E72A46214619F0A0F8D5
:10E71000F1E700BF0C00000008B5244A244B1A6042
:10E7200001F042F84FF47A612248D0F82436C3F35E
:10E730000802C3F309434B4382F480721E498832B6
:10E7400001FB02334FF4FA215B00B3FBF1F201FB52
:10E7500012331A49B3F57A3F28BF0132C1F80429B0
:10E76000D0F820364FF47A60C3F30802C3F30943AC
:10E77000434342F6041082F4807202F2172200FB37
:10E7800002334FF47A701B0AB3FBF0F200FB123332
:10E790000020B3F5FA7F4FF0010328BF0132C1F822
:10E7A0001C27C1F80009C1F8003608BD0020A107E8
:10E7B0004006002000C0FF0010270080000012501B
:10E7C00048B1054B054A1B68B3FBF2F35843044BB1
:10E7D00043F00103184770474006002040420F00F5
:10E7E000F08D0200BFF34F8F0549064BCA6802F453
:10E7F000E0621343CB60BFF34F8F00BFFDE700BF64
:10E8000000ED00E00400FA0508B500224FF4802175
:10E810004FF0005004F012FC0A4AD2F8183523F0E9
:10E820000103C2F818354FF0FF32074BC3F800263A
:10E83000012203F59033C3F80025BFF34F8F20BFAB
:10E84000FDE700BF00F00C5000E01050084B0246FE
:10E85000596811B11968884207D0D86830B19968F1
:10E8600004488A4218BF002070471846704700BF0E
:10E87000C8630020D063002002460B46014808F020
:10E88000D5BF00BFC0070020014809F041B800BF54
:10E89000C00700202DE9F74F4FF0000982460846D7
:10E8A0000F469046F2F71EFE4E4683464FF0FF316C
:10E8B0004FF0FF30FFF7E0FF194B1C689C4208BF88
:10E8C00000245B685CB9FFF7DFFF36B3CAF800606D
:10E8D000B8F1000F1DD1002003B0BDE8F08FA5698D
:10E8E000A94512D8AB4510D3012D03D97A5D2F2A43
:10E8F00000D052B92A463846E168019318F0E5FF86
:10E90000002804BFA9462646019B9C42DBD0246810
:10E91000D8E7B369C8F80030DDE76FF00100DBE746
:10E92000380200202DE9F341054690460C4621B1FE
:10E930000B782F2B01D14B784BB93649364812F062
:10E94000ACFF6FF01504204602B0BDE8F0814268CC
:10E95000002A58D101A8FFF79DFF30B12F492E485A
:10E9600012F09BFF6FF00104EDE7019E96F8203056
:10E970009B0702D518F0120F48D1F3691A6892B1BB
:10E9800018F0400713D018F0020F06D1244922488E
:10E9900012F083FF6FF00C04D5E75B6933B92149AE
:10E9A0001D4812F07AFF6FF08504CCE701276E60F6
:10E9B000F3692146424628461B689847041E07DA39
:10E9C00022461949144812F063FF00236B60BAE72E
:10E9D00085F80880002FB6D0F369002128465B69CE
:10E9E0009847041EAFDA114922460B4812F050FF37
:10E9F000019BDB69DB69002BE7D028469847021EA4
:10EA0000E3DA0B49DEE76FF00F049CE76FF01D04BB
:10EA100099E700BF2FE00200408C020043E00200B3
:10EA20005BE0020089E00200A9E00200BEE0020013
:10EA3000DAE0020038B54468054654B1E369DB69A1
:10EA400063B19847041E06DA06492246064812F0CA
:10EA50001FFF204638BD00236B60FAE76FF0850486
:10EA6000F7E700BF08E10200408C020010B54368E0
:10EA700063B1DB695B6863B19847041E04DA064939
:10EA80002246064812F004FF204610BD6FF008042D
:10EA9000FAE76FF08504F7E71EE10200408C020000
:10EAA00010B5436863B1DB699B6863B19847041E86
:10EAB00004DA06492246064812F0EAFE204610BD56
:10EAC0006FF00804FAE76FF08504F7E733E102001E
:10EAD000408C020010B5436863B1DB699B6963B188
:10EAE0009847041E04DA06492246064812F0D0FE72
:10EAF000204610BD6FF00804FAE76FF08504F7E7D1
:10EB000049E10200408C0200F7B505460E4611B1FE
:10EB10000B782F2B08D02649264812F0BEFE6FF046
:10EB20001504204603B0F0BD4368002B3AD10768B6
:10EB3000002F37D130462049F2F7C2FC044678B99D
:10EB40004FF0FF304FF0FF31FFF796FE1B4A6C602D
:10EB50001368934208BF00232B60FFF795FEE0E7A0
:10EB60003A46314601A8FFF795FE074630B11449F1
:10EB7000104812F092FE6FF00104D2E7019BDA69AF
:10EB8000126A92B16B60DB69314628461B6A98476E
:10EB9000041EC6DAC5E900770A492246054812F084
:10EBA00077FEBEE76FF00F04BBE76FF08504B8E7B0
:10EBB0005EE10200408C02007DDA02003802002093
:10EBC00043E0020077E102002DE9F0414768064684
:10EBD0000D4637B3FB695B6A002B5DD04F1C736831
:10EBE0002946DB6930465B6A9847041E13DB6B7865
:10EBF00073B12B78012B0BD138462949F2F760FC11
:10EC00000028ECD038462749F2F75AFC0028E6D015
:10EC10002046BDE8F08124492246244812F038FEFF
:10EC2000F6E7036813B94B700024F1E7DFF8808042
:10EC30004FF0FF304FF0FF31FFF71EFED8F80040D5
:10EC4000D8F80430444508BF002424B9FFF71CFE5F
:10EC50006FF00104DCE73268944219D101232846A1
:10EC600000F8013BA269E168FF2A28BFFF2219448E
:10EC700018F0C8FD002385F80031C5F80431D8F834
:10EC800004309C4218BF2768FFF7FEFD3760CBE7D2
:10EC90009C42DBD02468D8E76FF08504B8E700BF5A
:10ECA00024D8020023D8020091E10200408C020027
:10ECB0003802002038B54468054614B9046020467F
:10ECC00038BDE3699B6A63B19847041E05DA0649BB
:10ECD0002246064812F0DCFDF1E70023C5E90033C7
:10ECE000EDE76FF08504EAE7ABE10200408C02003B
:10ECF00013B5044620B103782F2B01D1437843B9D3
:10ED00001649174812F0C9FD6FF01504204602B0ED
:10ED100010BD0146002201A8FFF7BCFD30B111492A
:10ED20000F4812F0BAFD6FF00104EFE7019890F878
:10ED300020309B070CD4C369DB6B63B12146984735
:10ED4000041EE3DA08492246054812F0A1FDDDE77A
:10ED50006FF01D04DAE76FF08504D7E75EE102008B
:10ED6000408C020043E00200C6E1020013B50446F5
:10ED700020B103782F2B01D1437843B916491748A6
:10ED800012F08BFD6FF01504204602B010BD014655
:10ED9000002201A8FFF77EFD30B111490F4812F0A3
:10EDA0007CFD6FF00104EFE7019890F820309B079D
:10EDB0000CD4C3695B6B63B121469847041EE3DA48
:10EDC00008492246054812F063FDDDE76FF01D0497
:10EDD000DAE76FF08504D7E72FE00200408C0200ED
:10EDE00043E00200E6E1020073B50D46044650B16F
:10EDF00003782F2B07D143782BB121B10B782F2B20
:10EE000001D14B7833B91C491C4812F046FD6FF014
:10EE100015040BE0014601AA6846FFF73BFD40B12F
:10EE20001749164812F039FD6FF00104204602B070
:10EE300070BD009E96F820309B0716D429462046C8
:10EE4000019A18F042FD08B10E49DDE7F3699B6BAA
:10EE500073B121462A4630469847041EE6DA0A492D
:10EE60002246064812F014FDE0E76FF01D04DDE7CE
:10EE70006FF08504DAE700BF2FE00200408C02004B
:10EE800043E0020001E2020018E20200F7B50D467D
:10EE9000044610B103782F2B08D02749274812F0D9
:10EEA000FCFC6FF01504204603B0F0BDF2F71AFB2E
:10EEB0000128064608D142F601732B800023AB706F
:10EEC0000024C5F80441EEE72146684601AAFFF791
:10EED000E1FC074630B11A49184812F0DEFC6FF029
:10EEE0000104E0E7DDE90032B61A012E0ED828460B
:10EEF000012200F8012B9A69D968FF2A28BFFF2256
:10EF0000013118F07FFC85F80071D9E7DA69166CD9
:10EF100076B1214618462A46B047831C0446DED007
:10EF20000028C0DA07490246044812F0B1FCBAE7EB
:10EF30006FF08504B7E700BF3AE20200408C0200A0
:10EF400043E0020055E202002DE9F843044600AF19
:10EF500008B1C56835B94749474812F09EFC6FF0C3
:10EF6000150507E003684BB14449434812F095FC8E
:10EF70006FF00F052846BD46BDE8F8832846F2F736
:10EF8000B1FA804610B12B782F2B01D03C49E3E732
:10EF90003C4E4FF0FF304FF0FF31FFF76DFC35680E
:10EFA000D6F80490B54208BF002585B9A568284663
:10EFB000FFF74CFC20B1D0F80490B9F1000F22D13A
:10EFC00031492D4812F069FC6FF001050CE0AB6986
:10EFD000434514D122692B699A4208D12749264812
:10EFE00012F05BFC6FF00F05FFF74EFCC2E74246E4
:10EFF000E968E06818F069FC08B92449EFE74D4575
:10F00000D4D02D68D1E7D9F82C303BB920492A4615
:10F01000194812F03DFC6FF08505E5E7D9F830306E
:10F020009BB96D4688B0E1686A461A48CDE905018A
:10F030004FF40071ADF81C10174942F8101F4FF43F
:10F04000E4510D48FEF7DEF8AD462046D9F82C30E5
:10F050009847051E05DA11492A46074812F018FCA0
:10F06000C2E77368C4E90689C4E900631C60746080
:10F07000BAE700BF76E20200408C020094E2020090
:10F08000B2E2020038020020E5E20200C8E202001B
:10F0900011E3020036E302000300000157E302001F
:10F0A00038B504460D464FF0FF304FF0FF31FFF703
:10F0B000E3FB2046FFF7CAFB08B143687BB90B4B63
:10F0C0005A6812B1DA686AB9012243F83240002462
:10F0D00003EBC2035D60FFF7D7FB204638BD6FF03E
:10F0E0007704F8E76FF01B04F5E700BFC863002062
:10F0F00038B131B18B6918440278024B002A08BF3D
:10F10000184670477DDA020010B5036804465A6D50
:10F110001AB1196E044815F079FD2168034815F0FD
:10F12000B3FD0023236010BDA80700205007002076
:10F13000002807DA5430522802D8034B185670477B
:10F140006FF00400704700BFC3F60200002805DA24
:10F150005A30582804D8044B18567047002070477E
:10F160006FF00400704700BF6AF60200B0B50120DE
:10F17000124900AFFFF794FF044610B12046BD4688
:10F18000B0BD0F4D2846FFF7DFFE0028F6DAEB682A
:10F190006D468AB06A460B490790CDE905134FF4D6
:10F1A0000073ADF82030084B42F8103F4FF4115176
:10F1B00023460648FEF726F8AD46DFE740990200F1
:10F1C000400200206BE3020004000001788C020082
:10F1D0002DE9F743436804461E69884615460146F3
:10F1E00000220023234808F023FA014600283ED1DC
:10F1F00027686422384618F02BFBD6F8E41000226A
:10F200000023896A1C4808F0F1F9386660B3B946F2
:10F2100049F8540F61684046FFF76AFF8046304660
:10F2200012F067FB2901AB0103F4006301F4807164
:10F23000194305F003030B4342463946CDF80090CD
:10F2400006F17C0015F0B5FB054606F5807012F05E
:10F2500058FB002D02DA2046FFF756FF284603B080
:10F26000BDE8F043FFF764BF6FF00B05F3E703B0B1
:10F27000BDE8F08350070020A807002070B5436860
:10F2800004461E690D46002201460023144808F07A
:10F29000CFF9014608BB3422206818F0D9FA61681A
:10F2A0002846FFF725FF0546304612F022FB2A4686
:10F2B000216806F17C0007F02FFF054606F58070F7
:10F2C00012F01FFB002D03DA2168054815F0DCFC65
:10F2D0002846BDE87040FFF72BBF6FF00B0070BDF4
:10F2E0007007002070B5044643681E69304612F06E
:10F2F00000FB216806F17C0015F0FDFB054606F5D4
:10F30000807012F0FEFA2168034815F0BDFC284613
:10F31000BDE87040FFF70CBF70070020F8B5044649
:10F32000056900AF284612F0E4FA05F17C0015F0FB
:10F3300019FB94F820301B0703D4D5F8FC0012F019
:10F34000EDF9002605F58070C5F8FC6012F0D9FAD9
:10F3500088B06A46E3680949CDE905134FF40073A4
:10F36000ADF81C30064B42F8103F4FF4E6513346DF
:10F370000448FDF747FF3046BD46F8BD90E3020064
:10F3800003000001788C02002DE9F04F85B0E946BA
:10F3900002AF8AB0904604460D4602AA6F4B022681
:10F3A00053610B234FF0010AC2E90663062316627C
:10F3B000C2F824A042F8103F00234FF4435168489C
:10F3C000FDF720FFD4F8FC30CD46002B40F0C38081
:10F3D00018F0080F0BD0624843465146614A12F0BC
:10F3E000ACF86FF085000C37BD46BDE8F08F04F136
:10F3F000FC01E8B2FEF704FA031E02DBD4F8FC00BD
:10F4000048B901210093584A2B46554812F09FF8FD
:10F410006FF01200E7E712F0BCF90346A8B9D4F880
:10F42000FC2088B0D268116802AA5048C2E90501E0
:10F430004FF4007191834E4942F8101F4FF4E2518E
:10F440004748FDF7DFFECD46E2E7D4F814B0D4F824
:10F4500018A0BBF1000FE56908BF4FF0100BBAF11F
:10F46000000F08BF4FF0100A9DB17F2D0AD84FF052
:10F4700080082B4631463F4A3948CDF8008012F0CB
:10F4800066F84546666A002E06D007DC4FF0FF3668
:10F4900004E04FF48055F5E74FF40076D4F8FC0013
:10F4A000D4F828908368D4F82C80B3FBF5F3B9F135
:10F4B000000F08BF4FF48079B8F1000F7B6008BFE0
:10F4C0004FF0200812F065F9D4F8FC30C7F800D0EE
:10F4D0008CB001685B6802AAD3617B682648C2E9E8
:10F4E00008354FF400739385244BC2E905019662F9
:10F4F00042F8103F00234FF473511948FDF782FE84
:10F50000D7F800D08AB002AA1D4BC2E907A9C2E908
:10F51000053B0623C2F8248042F8103F0023104820
:10F520004FF44351FDF76EFED4F8FC30D7F800D00D
:10F530002360144B00206360134BC4E905BAA36039
:10F54000124BC4E90A98E360114BE56123617B68C3
:10F55000C4E9083647E76FF00F0044E79DE3020077
:10F56000788C0200C8E3020005E4020026E40200F1
:10F570000300000141E402008AE4020007000001E8
:10F58000BDE40200D7180200BB180200A718020051
:10F59000A3180200F8B5194B0446002914BF0D4604
:10F5A0001D4600231646C5F8FC3005F58077384621
:10F5B00015F0C9FB284612F09CF921463246284630
:10F5C000FFF7E2FE044680B9294605F17C0007F00A
:10F5D000B7F9041E09DA0A4823460121094A11F045
:10F5E000ACFF2046FFF7A4FD044600233846C5F8CB
:10F5F000FC3012F086F92046F8BD00BF78030020E9
:10F60000788C02003BE502002DE9F04705690646CB
:10F6100000AF05F58079484615F095FB284612F0B5
:10F6200068F9284696F820207169FFF7ADFE044678
:10F63000B0BB05F17C042946204607F0E7F9002815
:10F640001BDA96F8208018F0010F16D118F0020886
:10F650001FD102210346264A264811F06EFF294693
:10F66000204607F06DF9B0F1000A1DDA2148534633
:10F670000121214A11F061FF5046FFF759FD002892
:10F6800004460DDB484612F03CF92046BD46BDE875
:10F69000F0870121194A174811F046FF6FF01D0449
:10F6A0000023C5F8FC30EDE72046294607F0AEF907
:10F6B000041E07DA0F4823460121114A11F03DFFCD
:10F6C0002046DAE76D4688B06A46F3680D49CDE911
:10F6D00005134FF40073ADF81C300B4B42F8103F8C
:10F6E0004FF4E65143460348FDF78CFDAD46C9E7AC
:10F6F000ECE40200788C02003BE502000DE502001C
:10F700002DE5020052E5020003000001F7B50646B0
:10F710000D461446124F384615F021FAE0B1BB6889
:10F72000314638461B68AAB29847002802DB002001
:10F7300003B0F0BD002CFBD1AC42F8D22F1B042F3C
:10F7400028BF042713F0A9FC3A46019001A93019FB
:10F7500018F058F83C44EFE76FF01200E8E700BFFC
:10F760006C80020030B585B001909DF820000C4CF3
:10F770000C4D8DF808008DF80910ADF80A200393A0
:10F78000AC4202D3002005B030BD236813B1019A0A
:10F79000934203D1D4E9013101A898470C34EFE733
:10F7A000B08D0200BC8D02000122024BC3F804247C
:10F7B000704700BF002008E070B50D4606490446BA
:10F7C000411A49114022054812F03CFA2B460146E5
:10F7D0002046BDE870401847AC660020EC7F020070
:10F7E00037B540230C460A490093411A4911054692
:10F7F0002346084A084812F051FA014628B1284623
:10F80000234603B0BDE83040184703B030BD00BF09
:10F81000AC660020091D0200EC7F0200F8B5002252
:10F820000121054640F20510FEF7B2FB0F4803F038
:10F8300011FC0446B8B903F02DFC2F690C49384679
:10F8400011F091FC031E09DB0126BE642D690849F5
:10F8500005F1200011F087FC031E02DA1C46204649
:10F86000F8BD6E65FBE76FF00404F8E7A5F900004A
:10F870008C99020010B50022012386B06C46CDE9B8
:10F88000022304ABCDE90433074A6B46CDE90044BB
:10F8900012F033FA28B943F609520023684608F0FB
:10F8A000C1F806B010BD00BF151D020010B5EFF382
:10F8B0001184202383F31288BFF36F8F074A1368E4
:10F8C00023F00201DB07116002D4012013F045FC94
:10F8D00084F31188BFF36F8F10BD00BF0467002051
:10F8E0000C22104B014602FB0033002030B4D3E958
:10F8F00010521864EFF31180202484F31288BFF3B0
:10F900006F8F9C6C04F0C00444F002049C6480F38C
:10F910001188BFF36F8F1DB12B4630BC02481847CA
:10F9200030BC7047AC660020EC7F020010B4EFF3EF
:10F930001180202282F31288BFF36F8F16490B6863
:10F9400043F0020413F001030C6017D0134BD3F8FB
:10F950000C3413F4803311D0EFF3118182F3128849
:10F96000BFF36F8F0E4A936C03F0C00343F00203A2
:10F97000936481F31188BFF36F8F012380F31188A3
:10F98000BFF36F8F1BB1002010BCFFF7A9BF012090
:10F9900010BC13F0DABB00BF0467002000E0105079
:10F9A000AC660020022808D0042808D1044B986CCB
:10F9B00010F0070003D1FFF793BF0120FBE770476A
:10F9C000AC660020024BC0B203EB4010704700BF92
:10F9D000AC6600202DE9F041012280463549D1E88E
:10F9E000EF3FC1E8E02F0028F9D133B9324933485D
:10F9F0004B60CB608A6011F0C9FB08F1FF33012B2B
:10FA00004BD8B8F1010F06D12D4BD3F8503403F089
:10FA10000303012B41D015F084FA054650B1EFF3F2
:10FA20001186202383F31288BFF36F8F0125244CA6
:10FA3000244F20E0244B1B78002BF0D00422204BD5
:10FA40000646C3F80823F2E74DB3304611F0E4FE52
:10FA5000D4F8403413F0FF030DD1D4F8082152B18B
:10FA6000C4F80831D4F8083120220123C4F8403406
:10FA7000C7F8A0212361D4F84C24D4F84C34D20325
:10FA8000E2D503F00303012B02D0B8F1010FDBD163
:10FA900055B186F31188BFF36F8FBDE8F081002167
:10FAA000202015F00CFBD3E70422054BC3F80423F8
:10FAB000F3E700BFA866002098660020CC6600200F
:10FAC00000E0105000E100E062B4002008B50748F3
:10FAD00015F045F838B10648FEF7AEFD0448FCF7CE
:10FAE000D1FF002008BD6FF01200FBE7AC800200E0
:10FAF000F5FA00000A2838B50446074D04D1AB6872
:10FB00000D2128465B689847AB6803485B68E1B203
:10FB10009847204638BD00BFAC8002000023024A4F
:10FB20000020C1E90023704700D01700004870474B
:10FB3000B0990200024B0B6001231360704700BFB5
:10FB4000B899020008B501220448114615F002F9DF
:10FB5000034B044A0020C3F80C2508BD08670020A9
:10FB600000B0045080000080F8B5041E0E46154613
:10FB70002DDB184B9C422AD8C4F5BE1303F58053E5
:10FB80009A4224D8E2B14FF0FF324FF0FF331248CF
:10FB900007F048FF40F20113104F2A46C7F800351E
:10FBA00086B13146204617F02DFEBFF35F8FD7F8A0
:10FBB00018344FF48073C7F80035074807F0F8FE93
:10FBC0000020F8BDFF21204617F042FEEDE76FF060
:10FBD0001500F6E7FFCF17000867002000B00450BB
:10FBE00010B50C1E10461A460CDB084B9C4209D877
:10FBF000C4F5BE1404F58054A24203D817F002FEE7
:10FC0000002010BD6FF01500FBE700BFFFCF17000D
:10FC100070B546680546B068C0B113F094FC014663
:10FC2000A0B9B06803F00AFE0446A8B902460C4920
:10FC3000B06813F072FC22460121DB20FEF7A8F920
:10FC40002246012140F20D10FEF7A2F92846BDE838
:10FC50007040044911F032BD6FF0040070BD00BF68
:10FC6000E5FD0000291E02002DE9F04340F20635B3
:10FC70004768D00648BF4FF0030C3B7C02EA0505FD
:10FC800058BFC2F3401C87B001F01F06B5F5837F53
:10FC9000144646EA43168DF803C045D00DD8062D0C
:10FCA00044D005D8A5B1022D12D06FF0150038E070
:10FCB000B5F5807FF9D101250AE040F20222954294
:10FCC00036D0B5F5407F35D0B5F5007FEDD10425B0
:10FCD000220331D501237A688B405360B86890BB0A
:10FCE0005F2E06F01F034FEA561175D83C4A52F8B2
:10FCF0002120C4F3004102EB8302D2F8803081F06E
:10FD00000101C4F3404423F4706344EA410423F046
:10FD10000F031C4344EA8C0444EA0524C2F88040E3
:10FD2000002007B0BDE8F0830925D1E70825CFE71B
:10FD30000625CDE70525CBE7630341BF01237A689C
:10FD40008B409360CAE731460DF1020213F0E8FBE5
:10FD500014F4403F80460CD13146B86813F0F9FBEB
:10FD6000B8F1000FDCD19DF80210B86803F09EFDD9
:10FD7000D6E74FF0000901ABCDE90199CDE904398F
:10FD8000CDF80C903146B86803AA13F012FB484531
:10FD9000C6DB14F4003314D09DF80330C4F30044E0
:10FDA00084F001048DF80E308DF80C508DF80D4064
:10FDB0004B463146B86803AA03F0CAFC0028CFDAE4
:10FDC000AEE7CDE904330DF1030303933146B86880
:10FDD00003AA13F0EEFAF1E7203350F82330FFDEE8
:10FDE000C09902004209022A034670B503D0012AD5
:10FDF00018D0CAB170BD0E4E326951680029F9D0D1
:10FE0000012503F01F030C689D400029F2D08A6889
:10FE10002A4002D030464B6898473CB123682146BF
:10FE20001C46F2E7034EE7E7034EE5E72346F6E715
:10FE30004C8002002C8002000C800200F0B5456866
:10FE40001646A8682A7C01F01F0487B044EA4214D1
:10FE5000002868D0B6F5001F04D1214613F0CBFB73
:10FE6000002051E00020B6F5800F01AA01905060FB
:10FE700039D1B3F1007F14BF052304238DF804307A
:10FE80000023CDE904230393EB680DF1030723FA64
:10FE900001F111F0010139D1B6F1A07F36D104F0A2
:10FEA0001F035F2C4FEA541003F120033ED8214A70
:10FEB00052F8202052F82330DB0727D43A46214657
:10FEC000A86813F02DFB163018D002972146A868B9
:10FED00003AA13F06EFA002816DB01222146A86857
:10FEE00013F039FBBCE7B3F1C06F05D0B3F1007F6D
:10FEF00014BF01230223C1E70323BFE73946A868E3
:10FF000003F0DEFC0028E0DA07B0F0BD3A462146F7
:10FF1000A86813F005FB0028D8D19DF80310A86845
:10FF200003F0C4FCD2E76FF08500EDE751F8233011
:10FF3000FFDE00BFC0990200B0B500AF234D2846D8
:10FF400014F00DFE034688BB6C4688B029686A46EB
:10FF50001F48CDE905014FF40071ADF81C101D4993
:10FF600042F8101F4FF4E2511B48FDF74BF9A5462C
:10FF70006FF012042046BD46B0BD2B686D468AB0B6
:10FF80006A461649CDE905130123CDE907344FF43C
:10FF90000073ADF82430124B42F8103F00234FF4A9
:10FFA00031510D48FDF72EF9AD46E3E72A69A968FE
:10FFB0001368284623F0020313600B680022012116
:10FFC0009847041ED9DB0024D4E700BF0C80020050
:10FFD000F1E5020003000001488C020008E602007F
:10FFE00005000001082913B528BF08210C46084A5E
:10FFF000D2F80433D2F808231BBA12BA00920A4688
:020000021000EC
:100000006946019317F0FEFB204602B010BD00BF09
:1000100000C0FF00054B064A01219362054A4FF4D8
:1000200082701A600022FDF7B3BF00BF4467002052
:10003000CC040020004010502DE9F04F89B002AFF1
:10004000BB604368D0F810A0D3F820B09B8A3A6117
:100050007B614FF0FF324FF0FF3305460C4611F045
:1000600010FF0AF14403FB600026002300220AF17E
:10007000440007F0D7FC33463A69964201D3002387
:100080005DE0207A010700F19A803A6901369642D4
:1000900021680BD2820709D4227D80EA020C0CF081
:1000A000010C02F004025CEA020C24D0002B50D1B7
:1000B00001F06042B2F1005F4ED14FF00009D4F878
:1000C0000080A388BA68CAF86080217A2846009226
:1000D000424600F0ABF8031E31DB43F60952002321
:1000E000F86807F09FFC00284BD0284611F0E0FE8E
:1000F0006FF0730323E04FF001086268D7F814E053
:1001000003EB020CF44529D96C468CB0286802A98F
:100110002E4ECA61C1E905637B690A46C1E9083010
:1001200040F203530B852A4B42F8103F00234FF453
:1001300051512848FDF766F86FF01B03A546284685
:100140007B6111F0A2FE7B691C371846BD46BDE8F5
:10015000F08F4FF00008D0E79846CEE7C00705D4EF
:100160000BEB03007B6017F04DFB7B6862681A4461
:1001700093B2B8F1000F0CD1002B9ED09946D8460F
:10018000A0E7DAF85C30002B1CDB237ADB0702D413
:1001900000230C3470E7C345FAD123460AE0A9EBEB
:1001A0000201D8681FFA81F918FA81F17B6017F013
:1001B00029FB7B685A680C3B9145F0D2E8E76FF069
:1001C0008503BCE76FF00403B9E700BF4FE6020008
:1001D00006000001608C020008B5CA0743681ED4FF
:1001E000C1F3420102290BD003290ED0012911D1FC
:1001F0004FF0CC729B6A1B680020C3F8242508BD11
:100200009B6A4FF0C8621B68F6E79B6A4FF07F62FB
:100210001B68F1E70121034A034811F085F96FF0EB
:100220001500ECE733E70200608C0200F0B50C46E5
:100230001D46164689B04768122200210DF10E00B6
:1002400017F006FB04F001038DF80C30BDF83830D0
:1002500004958DF80D30BB8C0696AB420AD20A4845
:10026000009301212B46094A11F071F96FF01B0030
:1002700009B0F0BDC4F3400282F00102B86A520135
:1002800003A904F043F8F3E7608C020045E702009D
:10029000B0B50446456800AFAB6998470121E869ED
:1002A00011F0F7FD234629462A69A86A13F0CCFB12
:1002B000002818DA23686C4688B06A460C49CDE9F4
:1002C00005134FF40073ADF81C300A4B42F8103F91
:1002D000094800234FF4E251FCF794FF6FF004004B
:1002E000A546BD46B0BD2046044911F0E7F9F8E740
:1002F0008CE7020003000001608C0200231F020053
:10030000034610B40C46DA88006802F040021979FE
:10031000224383689C6934B1054BA446134010BC4A
:1003200002F0B07260476FF0570010BC704700BF1A
:1003300040000006F0B550F8184C85B0636822699B
:10034000DB68D2E8AF2F012A17D01838C21A164935
:10035000D7104F430C2163689D68DE6801FB075589
:100360002846164411F000FE002808DA012100900A
:100370003B460E4A0E4811F0EAF805B0F0BD96F97A
:1003800010309842F9D030744FF0FF374FF0FF36FD
:100390000121031E2A8918BF01232046CDE90267E7
:1003A0000091FFF7DFF9E8E7398EE338ACE70200A8
:1003B000508C02002DE9F3470D464668036939B1B8
:1003C000012937D06FF08504204602B0BDE8F087E0
:1003D0000122D3E8EF1FC3E8E02F0028F9D14FF046
:1003E0000C087368AB4201DC0024EDE7B768337D8D
:1003F00008FB05776BB94FF400113846FFF780FF13
:10040000041E06DA012123462C4A2D4811F095F8E6
:10041000DAE7717D61B9384611F091FD044638B1D3
:1004200001212B46274A2648009411F090F8CBE78B
:100430000135D6E70025D6F80C80D3E8EF2FC3E8C6
:10044000E15F0029F9D14FF00C0908F1100A736837
:100450009D42C9DAB768737D09FB05773BB94FF454
:100460008031384611F06BFD04460028D8D1337D29
:10047000A3B140F2E730002147F6122734684FF469
:100480007A720023E4FB0701F0F7C0FF02460B4637
:1004900008F1180007F0D0FC0135D8E7384611F014
:1004A00063FD48236B434FF0E8610AF803003846C8
:1004B000FFF726FF041EEFDAA4E700BF1BE80200E7
:1004C000508C0200C8E702002DE9F04F85B0D0F84B
:1004D00004800026D8F80C2002AF02F118031D4654
:1004E00038607B60D8F80420B24205DC98F814200C
:1004F000002A7FD1002423E00C2303FB06F9D8F85F
:1005000008A05AF809000AEB090414F028FBE0B926
:100510005AF809306C4688B01B6802AA3F49C2E904
:1005200005134FF4007393833D4B42F8103F4FF493
:10053000E25103463B48FCF765FEA5466FF0120406
:1005400020460C37BD46BDE8F08F20464FF4803181
:1005500011F0F5FC044638B13346334A00900121CE
:10056000304810F0F4FFEBE73B68284645F8183CAC
:10057000D8F8101014F0B4FC98F81410002936D1F3
:100580004FF0010AD8F80800284B00EB090B9BF844
:1005900004100AFA01F145E9043150F80900A5F107
:1005A00014018268D46964B15246A047041E0BDA74
:1005B00001211F4A1B4810F0B7FF1E4A3346009422
:1005C000CDE76FF05704F3E7584611F0CDFC4FF03C
:1005D000E86105F8080C5846FFF792FE041E06DA9B
:1005E000154A234651460F4810F0A7FFE5E70136AC
:1005F000483577E747F6122540F2E7300021D8F872
:1006000000404FF47A720023E4FB0501F0F7FEFE90
:1006100002460B46786807F00FFC6BE7E8E702003C
:1006200003000001508C0200C8E70200931F020083
:10063000F8E7020014E802001BE8020003460A463D
:10064000F0B41979DB88006813430125094A06696B
:100650009A43346808BF83F440238D4023F480120A
:10066000DB0787684CBF2C43AC4334603B68F0BC6D
:10067000184700BF01001000292808B51FD00FD867
:100680000F281ED006D807281DD00A281DD0F0F745
:10069000F3FB08BD14281AD01F28F8D10F48F8E73B
:1006A000B0F5C87F15D005D83E2814D0C828EED1A3
:1006B0000B48EEE7B0F5487FE9D10A48E9E70A4878
:1006C000E7E70A48E5E70A48E3E70A48E1E70A48B6
:1006D000DFE70A48DDE70A48DBE700BF0000FA4130
:1006E00000004B4300004B4414AE26427B147A4179
:1006F00085EBF94052B82641D7A3A6410000CB4371
:1007000000007A4238B590F828500446002D808BBE
:1007100008BF0225FFF7B0FF0D49F0F705FCF0F721
:1007200005FE90B1A27F531F072B0ED8094B9340B3
:10073000B3FBF0F04FF47A7305FB0000B0FBF3F06D
:100740006430C82838BFC82038BDC820FCE700BFC7
:1007500000007A4440420F002DE9F04706698946BF
:10076000B08BFFF789FF3D49F0F7DEFB074601201C
:1007700096F81EA0F47F00FA0AF0F0F781FB3946E4
:10078000F0F786FC0434BAF10A0F0546E4B261D9E9
:1007900038463349F0F770FDB0F1000818BF4FF04C
:1007A00001085046F0F76CFB07464846F0F764FB3B
:1007B0004FF08241F0F7B8FB4FF081418146384657
:1007C000F0F7B2FB01464846F0F7A4FA2549F0F7E6
:1007D000A3FA4FF08341F0F79FFA81464046F0F7C5
:1007E0004FFB0146F0F798FA01463846F0F792FAC7
:1007F0004FF08141F0F798FB01464846F0F748FC7E
:100800000CF0CCFE07462046F0F73AFB3946F0F7ED
:100810008BFB002117F0B3FA0746308CF0F730FB62
:100820001149F0F779FA2946F0F77EFB4FF0824143
:1008300004463846F0F770FA2946F0F775FB014692
:100840002046F0F769FA0549F0F76EFBF0F76EFD08
:10085000BDE8F0874FF00008A3E700BF00007A442E
:100860000024F4470000E0410000884008B5012161
:10087000034A044811F0E1FB6FF0730008BD00BFAC
:1008800050E80200A88C02002DE9F04F8BB006461C
:10089000DDE914A9884617461C4611F0FDFB002827
:1008A0003CD1204D4FEA18232B7085F801802FB1E1
:1008B00024B122463946A81C16F0A4FF023406AF24
:1008C0000DF11008BAF1000F1FD0B9F1000F1CD0C4
:1008D000154BA9F1020B5A460021184616F0B8FF35
:1008E0000223039301234246CDE90654CDE9080BC8
:1008F000CDE900A90297CDF810D0059302A93046A2
:1009000011F08AFB0BB0BDE8F08F012300223946BD
:10091000CDE90454CDF818800793F0E76FF0730029
:10092000F0E700BFC7B3002081B300207FB5827F0E
:10093000036890F828105E680029A2F1050308BF3B
:100940000221072B98BF234B04469CBF9B1813F82A
:10095000052C90F8293088BF372243B990F93D32F1
:100960008BB313442F2B30DD5A2B30DCDBB294F8E1
:100970003E220025002A08BF1A4602F07F02072304
:100980008DF808108DF80E2040F2272102AA30467B
:10099000CDE900558DF80950ADF80A50ADF80C506E
:1009A000FFF772FF304611F0C8FB01232A4684F896
:1009B0003C324FF40A712B463046CDE90055FFF723
:1009C00063FF04B070BD1346D1E73023CFE75A234D
:1009D000CDE700BF16F702002DE9F04F04691F466E
:1009E00094F82CA0436885B00646904615460193BE
:1009F000BAF1000F00F0858004F104094FF0FF33D5
:100A00004FF0FF32484611F016FB94F806312BB137
:100A1000002384F80631706811F068FB04F5067055
:100A200007F026F84FF0000B6FF073032046C4E97F
:100A30008C3BFFF77BFF061E08DA484684F83CB281
:100A400011F016FB304605B0BDE8F08F11F0F7FA53
:100A5000B7F1FF3F08BFB8F1FF3F06468B4636D0DF
:100A60004FF47A73A5FB035103FB071147F61123DB
:100A7000E81847F612224FF0000341F10001F0F7A9
:100A8000C5FC07460D460023039311F0D8FA801BDE
:100A900061EB0B01B842A9411DDB4FF0000A0023B6
:100AA00084F83C32039BBAF1000F20D0C3F3C0138B
:100AB000C4F83032D4F830320321134A134811F00D
:100AC000CDFA484611F0D4FAD4F83062BAE741F2D0
:100AD00088370025D7E7019803A911F0F0FA10B97B
:100AE000039BDB02DBD4022011F0C4FACDE76FF0E8
:100AF0007302C4F830220221054A044811F0AEFA0C
:100B0000D8E76FF015069DE78DE80200A88C02007B
:100B10006AE802001FB5094B044618689B880290DA
:100B2000ADF80C30002340F22311CDE9003320460C
:100B3000062302AAFFF7A8FE04B010BDDC8D020058
:100B40002DE9F0430546036885B05E680F463046E0
:100B5000FFF7E0FF322011F08DFAAB694FF400711E
:100B60001BBA0393002303AACDE9003330460423C4
:100B7000FFF78AFE304695F8081211F0EEFAA88BBE
:100B800095F808323E2895F81E9085F8093200F055
:100B9000A98000F29080142800F0A68000F28480E2
:100BA0000A2800F0A3800F2800F0A280C41F18BFFD
:100BB0000124A400FFF760FD44EA091456498DF8AA
:100BC0000C40F0F7B1F9F0F7B1FB544C95F81F80E9
:100BD00004FA09F4B4FBF0F44FEA0818B4F57A5FAC
:100BE00028BF48F00108002402234FF4087103AA2B
:100BF0003046CDE900448DF80D80FFF745FE95F8AD
:100C0000253040F22321A3420CBF12233423304667
:100C10008DF80C30CDE90044012303AAFFF734FE20
:100C200077B395F92230A3426EDD0A2B6EDD0F2BD0
:100C30004FF004046DDC0523002744EA031410235D
:100C400040F202218DF80E3003AA03233046CDE98D
:100C500000778DF80C708DF80D40FFF715FE95F8B4
:100C6000223040F203215B008DF80C300523304622
:100C70008DF80D30CDE90077022303AAFFF704FEBB
:100C8000304696F8411011F040FA95F8242095F876
:100C9000263000923046FF22298C83F0010311F0A8
:100CA00080FA05B0BDE8F0831F2823D0292814BF9F
:100CB00004240A247EE7B0F5FA7F1DD009D8FA286B
:100CC0001CD0B0F5C87F1BD0C82814BF04240D2445
:100CD00070E7B0F5487F15D0B0F57A7F14BF0424D3
:100CE000072467E7032465E7092463E7082461E72D
:100CF00001245FE702245DE706245BE7052459E74A
:100D00000E2457E70F2455E7022395E70124042317
:100D100092E7072390E700BF00007A4440420F00AB
:100D20002DE9F04F85B0109D9B46DDE90E3A164641
:100D30000469D0F80480039385B9261D4FF0FF3273
:100D40004FF0FF33304611F076F93046C4E90C55C8
:100D500084F8065111F08CF9002015E094F82C105D
:100D600081B1BBF1FF3F08BFB2F1FF3F05D0BAF13F
:100D7000FF3F08BFB3F1FF3F09D10121384A39488D
:100D800011F05BF96FF0150005B0BDE8F08F00279A
:100D900004F104094FF0FF324FF0FF33484611F0E1
:100DA0004AF925634FF47A75119B4046636311F04D
:100DB0009DF9404611F0C1F93B463A464FF48F7118
:100DC0004046CDE90077FFF75FFD39462046FFF743
:100DD000B7FEA6FB056105FB0B1147F6112B16EBC1
:100DE0000B0047F612224FF0000341F10001F0F72B
:100DF0000DFB012838BF0120039B0646A3FB05011C
:100E000005FB0A1110EB0B004FF0000347F612220E
:100E100041F10001F0F7FAFA012838BF01204FF044
:100E2000010BC203F103B2FBF5F2B1FBF5F1C4E92A
:100E30008360824684F814B2404611F00FFA4046AF
:100E400011F07BF984F806B184F805710548334642
:100E50000321054ACDF800A010F079FB484679E758
:100E60009CE80200A88C0200D0E8020070B58CB0AB
:100E700005460E46144611F00FF9C8B901220E4B73
:100E8000CDE9074018705A700493022304AACDE9F3
:100E9000002308AACDE90530CDE90223694628469A
:100EA00002AACDE909360B9411F0B6F80CB070BD6A
:100EB0006FF07300FAE700BF7FB200202DE9F04F1A
:100EC0009FB002AF07F1280B824646220021584608
:100ED00016F0BEFC0423CDE900B3002340F212213A
:100EE0001A465046FFF7D0FCC7F824D08CB097F8CC
:100EF000285097F8294097F82A1097F82B3002AA23
:100F0000C2E9091307237F4EC2E90754C2E905600D
:100F10004FF4635142F8103F7B4811F0A6F8462287
:100F2000D7F824D00021584616F092FC40225946AA
:100F30005046FFF79BFF97F8282097F836303A6124
:100F400097F8292098B0FA6097F82E20FB61BA60D4
:100F500097F82F2097F82A907A6097F8302097F822
:100F60002B80BA6197F8312097F82CE07A6197F8D6
:100F7000352097F82DC03A6297F8326097F83350D1
:100F800097F8344097F8373002AA6049C2E90A8ED0
:100F9000C2E905103969C2F830C0D161F968C2E907
:100FA0001254C2E90819B9685748516379689163C6
:100FB000B969D1637969C2E91016396A1165F969AD
:100FC000C2E91513132349F6C00142F8103F11F08E
:100FD0004CF84622D7F824D00021584616F038FCA9
:100FE0000823CDE900B3002340F22A211A465046D7
:100FF000FFF74AFC90B097F8288097F829E097F817
:101000002AC097F82B6097F82C5097F82D4097F846
:101010002E1097F82F3002AAC2E90D130B23DFF828
:10102000F090C2E909C6C2E9078EC2E90590C2E99B
:101030000B5445F6C00142F8103F334811F015F843
:101040004622D7F824D00021584616F001FC04238C
:10105000CDE900B3002340F20B211A465046FFF7BA
:1010600013FC97F828C097F8295097F82A2097F88A
:101070002B10002843D153426E468CB002ACC4E919
:1010800007C5E36225460823DFF888E0C4E90921A3
:10109000C4E905E045F8103F2A4644F2C0011A4869
:1010A00010F0E3FF4622B5460021584616F0D0FB6B
:1010B0000423CDE900B300234FF488711A4650464B
:1010C000FFF7E2FB97F8286097F8291097F82A2095
:1010D00097F82B308CB0C4E909230723DFF838C018
:1010E000C4E90761C4E905C02A464FF463510648C4
:1010F000236110F0BAFF7437BD46BDE8F08F0023BE
:10110000BAE700BFF4E80200A88C02002AE9020056
:101110008FE90200D1E902000EEA0200F7B50024CF
:1011200006694568306086F80741301D13F00BFEF4
:101130000122214606F5067013F00CFE06F1500759
:1011400006F13C00474913F090FE23464FF420621D
:1011500038464549009406F0D1FD4449384613F01D
:10116000E6FE286813F0FBFC48B9414A01214148DA
:1011700010F063FF6FF01204204603B0F0BD2B7E29
:1011800023B1E86813F0EBFC0028EED0A86A05F163
:10119000280413F0E4FC08B9374AE7E7286A13F09B
:1011A000DEFC08B9354AE1E7286B13F0D8FC08B932
:1011B000334ADBE720464FF48031FFF73FFA04461D
:1011C0000028D9D14FF4B01105F12000FFF736FA0D
:1011D00004460028D0D14FF4803105F13000FFF7EC
:1011E0002DFA04460028C7D1012795F83430254A46
:1011F00007FA03F3C6E93F23286B06F1F801836879
:10120000DB6913B96FF05704B6E73A4698470446CE
:101210000028B1D1EB8E286B95F8341003F0400311
:1012200084680269A469002CECD012688F401742D0
:101230000CBF43F0B86383F0707323F0794323F459
:101240007F0323F47F434FF0A07223F0BF03A04736
:101250000446002890D103210B4A064810F0EDFE09
:101260008AE700BF8D1A010070CA00203FEA020021
:101270004BEA0200A88C02005DEA020071EA02005B
:1012800086EA0200612002009AEA02002DE9F04F8E
:1012900087B003680622D3F80490002302AF07F159
:1012A000080BBB600D46ABF804304FF48071CDE9FC
:1012B00000B248461A46FFF7E7FA0346A8B16C4663
:1012C00088B002AA2B4B4FF4E651C2E905354FF422
:1012D00000739383284B294842F8103F10F0C5FE55
:1012E000A5461437BD46BDE8F08F04223C8997F827
:1012F00008A097F80980D7F80A604FF48871B860A1
:10130000CDE900B2024678604846FFF7BDFA7B6837
:1013100070BB7B895BBA1FFA83FB09F1280010F0D0
:1013200052FE786009F1300010F04DFEE94690B0B1
:1013300002AA7B681249C2E90C304FF40073C2E97B
:10134000051513870AF007010E4B64BAD161A4B2E8
:1013500008F0070136BA1162C2E90A6B546245F21D
:10136000C041064842F8103F10F07FFECD46B8E776
:101370009B46D2E7D6EA020003000001A88C0200D7
:10138000EEEA02000A00000137B5036804465D6812
:10139000284610F0ABFE284610F0CFFE00234FF495
:1013A0008F711A46CDE900332846FFF76DFA2846BB
:1013B00094F8081210F0D1FE94F80832284684F808
:1013C000093295F8411010F0A0FE94F8242094F80A
:1013D0002630009283F00103FF222846218C10F072
:1013E000E0FE284610F0A9FE94F814328BB34FF4B7
:1013F0007A71D4F81022D4F80C32D203DB03B2FB9A
:10140000F1F22846B3FBF1F110F028FF012384F834
:1014100006310023032084F8053110F02BFE284606
:1014200010F08BFE20460E49FFF730FF05F130002B
:1014300010F0C9FD88B103210A4A0B4810F0FDFDE8
:1014400004F13C0104F1500003B0BDE8304013F05A
:1014500037BD284610F092FED8E703B030BD00BF7C
:1014600031EB02003DEB0200A88C02002DE9F04FA9
:10147000046989B0039394F82C3080468946164657
:1014800045680293002B00F0658194F8053103F064
:10149000FF0723B16FF00F0009B0BDE8F08F531EB6
:1014A000FE2B00F2578194F827B0BBF1020F38D120
:1014B0002046FFF727F947F6122E8446394640F2B8
:1014C000E7304FF47A720023ECFB0E01EFF79EFF3A
:1014D00002460B46404694F806A1FFF77DFA031E2C
:1014E0005FFA8AFA14DDBAF1000FD3D0236B002B18
:1014F000D0D0251D4FF0FF324FF0FF33284610F0BB
:101500009AFD2046FFF740FF284610F0B1FDC1E7E5
:1015100007D013F1580F04D0904A5946904810F064
:101520009DFD4FF0000A04F104084FF0FF324FF028
:10153000FF33404610F07FFD2846C4F830A084F801
:1015400006A110F0D3FD284610F0F7FD5346524691
:101550004FF48F712846CDE900AAFFF795F994F969
:101560002230534540F3AA800A2B40F3AA800F2B68
:101570004FF0040300F3A880052243EA02134FF062
:10158000000A8DF81930102340F202218DF81A302C
:1015900006AA03232846CDE900AA8DF818A0FFF774
:1015A00073F994F8223040F203215B008DF8183073
:1015B000052306AA8DF8193028460223CDE900AA92
:1015C000FFF762F994F8263094F824202846218CFD
:1015D00083F001030092F2B210F0E3FD284610F010
:1015E0005BFDE0B90223DFF87CA18AF800008AF8ED
:1015F0000130B9F1000F05D0324649460AEB03002D
:1016000016F000F904AB06930123023600222846A7
:1016100006A9CDF810A00596079310F0FDFC28460A
:1016200010F08BFD039B4FF0000AA363012384F8A5
:10163000053148F2020306AA40F20D21CDE900AAC5
:10164000ADF81830284603238DF81AA0FFF71CF9CF
:1016500045492046FFF71AFE404610F009FD10F0FC
:10166000EEFCCDF818A00646894641F2707A10F0DB
:10167000E6FC801B61EB0901504571F1000134DA91
:1016800094F8053173B34FF0FF334FF0FF3240460B
:1016900010F0D1FC94F8053103F0FF0BB3B94FF013
:1016A000000B404610F0E4FCBBF1000F1CD194F895
:1016B0000531BBB1022010F0DDFCD8E75346022211
:1016C0005BE70123042258E7072256E7284606A9CC
:1016D00010F0F5FC0028E2D1069B1B03DFD584F84F
:1016E0000501DEE74FF0000B5F464FF0FF334FF090
:1016F000FF32404610F09FFC94F80531E3B1069BA1
:1017000002211A4A164810F0A9FC002384F805317A
:10171000029F94F8063113B92046FFF735FE37B122
:10172000A06B20B1002107F027FA0023A3634046F5
:1017300010F09EFC0020AFE637B1069B03210C4A57
:10174000074810F08BFCE3E703210A4A044810F035
:1017500074FCDEE76FF015009EE600BF70EB020040
:10176000A88C02007FB2002099EB0200A5EB0200DA
:10177000CCEB0200E9EB02002DE9F041054688467A
:101780001746002101268AB001AC102205A8CDE938
:101790000144CDE9031116F05BF823463A46414671
:1017A000284609948DF82160FFF760FE044600BBCF
:1017B00039462846FEF7D0FF47F61227214600F5A6
:1017C000FA7540F2E730B5404FF47A720023E5FB3A
:1017D0000701EFF71BFE02460B46314605A807F04E
:1017E00073F9051E05DA054A3146054810F025FC57
:1017F0002C4620460AB0BDE8F08100BFFFEB020096
:10180000A88C02002DE9F04784B081460D4602AF56
:101810000321794A794805F1200610F00EFC0121D8
:10182000304610F0E5FB044658B1754A0121734873
:1018300010F003FC6FF0040420460837BD46BDE8F5
:10184000F0870A2010F016FC2146304610F0D0FB3D
:1018500008B16C4AEAE74FF4967010F00BFC28468A
:1018600010F01AFC20B10221674A644810F0E5FB31
:101870004FF0040A0324002607EB0A0800237E60C9
:101880001A4640F201112846CDE9008AFEF7FCFF16
:10189000C0B10A2010F0EEFB013CEFD1A2460321BB
:1018A00053465A4A554800940FF051FE284610F00E
:1018B0001DFC044600B30346554A01214F4810F071
:1018C000CDFBB9E76E468CB097F806A0FC79397964
:1018D0007B7902AAC2E9073A08234E48C2E9094ABD
:1018E000C2E90501D46244F2C001444842F8103F05
:1018F00010F0BBFBB546D2E7012642463E713346A7
:10190000CDE9000040F206212846FEF7BDFF04465F
:1019100010B1414A0346D0E7284610F00EFC95F876
:10192000413042463B7110234FF489717B71284648
:10193000CDE900440223FEF7A7FF044610B1374A61
:101940000346BAE76F2342463B714FF49171CDE9EC
:10195000000033462846FEF797FF044610B1304A90
:101960000346AAE7052010F085FB284610F094FBFB
:1019700038B12C4A3146214810F05FFB6FF07304F8
:101980005AE73C713346CDE90044424640F2072114
:101990002846FEF779FF044610B1234A03468CE738
:1019A0000C233B70042378603A46CDE900834FF462
:1019B000927133462846FEF767FFD8B9FB885BBAB9
:1019C0009BB20321194A00900C480FF0C0FD284635
:1019D00010F0B3FB95F8403089F80832002389F8FD
:1019E0000932012389F807310321114A034810F015
:1019F00024FB21E72346E4E70FEC0200A88C020059
:101A00002DEC020041EC020057EC0200BBEC02009E
:101A1000D5EC020082EC0200E8EC020006ED0200C8
:101A200022ED02003DED02005DED020075ED0200C9
:101A300099ED020070B505690E4695F807316BB94E
:101A400041682846FFF7DEFE044638B1012103460F
:101A50000C4A0D4810F002FB204670BD334605F1DC
:101A6000180206F1140153F8040B8B4242F8040BE0
:101A7000F9D1012385F82C302846F17AFFF760F878
:101A80000024E9E7ADED0200A88C02002DE9F04F3B
:101A9000A3B050F83C3CA0F1380802AF5C684FF0AE
:101AA000FF3281464FF0FF33A0F13C05404610F075
:101AB000C2FA002307F1740120467B6710F0FFFA99
:101AC00004F1300306461846EA46D7F874B0FB66C0
:101AD00010F079FA8AB002AA2E4BC2E90760C2E977
:101AE000053B05234FF423512B4842F8103F10F0DB
:101AF000BCFAD5460EB301213346284A264810F0D9
:101B0000ADFA99F8CA30002B00F0F68199F8C93087
:101B1000002B40F0F1817B6F23F07F4222F4803272
:101B2000002A00F0E98102211D4A1B4800960FF0AF
:101B30000EFD284610F0AFFBDEE17B6FDA0304D523
:101B40000221184A144810F089FA7B6F63BB002306
:101B5000D7F874A01AF4801F00F071810020D9F822
:101B6000F8B1CAF3C01189F80002BBF1000F00F010
:101B70005E81D9F8FC41C9E97E004046F96610F063
:101B800077FA2246F96E59F83C0CD8478437BD469F
:101B9000BDE8F08FC6ED0200A88C0200EBED02005C
:101BA00040EF02000DEE02004FF0000B23F07F43E8
:101BB00023F43B0323F47D4323F0FF03B3F5802F8D
:101BC00089F8C8B0C3D1204607F17201A7F872B0F6
:101BD00010F02FFB0822B7F87230C7E91EBB7B66F6
:101BE00007F17803CDE9003240F22A215B465A46DC
:101BF0002046FEF749FE002840F0FD8097F87D3032
:101C000097F87BA05B421BB2FB6697F87E305B4285
:101C10001BB2BB6697F97C305B45B8BF03334FEA14
:101C2000A30B204607F1720110F003FB97F8722016
:101C3000002A00F0E480A7F8722009F1CC031946CD
:101C4000D2B220463B66FFF711F900234FF48F71A3
:101C50001A46CDE900332046FEF716FE284610F05E
:101C60001AFBBBF1000F05DAD7E91A239342B8BF7C
:101C70001346FB66404610F0FBF999F8CC3099F812
:101C8000CF80BB6099F8CD3099F8D0E07B6099F8AF
:101C9000CE3099F8D1C0FB6099F8D2303B6199F809
:101CA000D330FB6199F8D430BB6199F8D5307B61B2
:101CB00099F8D6307B6299F8D7303B6299F8D830E2
:101CC000FB6299F8D930BB6299F8DA307B6399F8F6
:101CD000DB303B6399F8DC30FB6399F8DD30BB63A4
:101CE00099F8DE30C7F800D03B6499F8DF30ACB02B
:101CF0007B6499F8E03099F8E660FB6499F8E1308C
:101D000099F8E750BB6499F8E23099F8E840FB6530
:101D100099F8E33099F8E900BB6599F8E43099F84F
:101D2000EA107B6599F8E53002AA3B6599F8EB303B
:101D30003B668A4BC2E90FEC53617B6EC2E9063AFF
:101D4000FB6E1362BB6EC2E9093BBB68D3627B6862
:101D50001363FB68C2E90D383B695364FB69936404
:101D6000BB69D3647B6913657B6A53653B6A936582
:101D7000FB6AD365BB6AC2E9280113667B6BC2E9C3
:101D8000265453663B6B76499366FB6B7548D36666
:101D9000BB6B13673B6C53677B6C9367FB6CD367C0
:101DA000BB6CC2F88030FB6DC2F88430BB6DC2F8EA
:101DB00088307B6DC2F88C303B6DC2E924363B6EB7
:101DC000C2F8A830272342F8103F10F04EF959F816
:101DD0000C4CD7F800D0002C3FF4D8AE59F8083C92
:101DE00097F87220CDE900B3FB6E09F1CC0159F8E8
:101DF0003C0CA047CAE6DA46C7E91ABB11E70AF16C
:101E0000FF33FE2B5246A7F872A07FF616AF0023D1
:101E100000937B6E0221544A52480FF098FB2046F3
:101E2000FFF74CF8284610F036FA012390E6FB66DF
:101E3000C9F8F41109F5EE7005F0BAFDFB6E1AF45D
:101E4000002F0FD04FF0000B284689F8C9B0FFF7DC
:101E50009BFA59F8040C20B1594606F08DFE49F85A
:101E600004BC01231AF4001F06D099F8C9201AB93E
:101E7000284610F010FA01233C4A1AEA020F38D023
:101E80006E468AB002AA3A4B4FF422515361CAF30C
:101E900080539361CAF34023D361CAF38043136232
:101EA0000523304842F8103F10F0DFF82046B546D1
:101EB000FFF704F800234FF48F711A46CDE9003381
:101EC0002046FEF7E1FC99F8C93013B9284610F016
:101ED000E2F9404610F0CCF859F80C4C002C3FF4D5
:101EE00055AE59F8083C019300231A461946009351
:101EF0007DE7002B3FF405AE04F1300010F063F8ED
:101F000048B399F8C8300133DBB2042B89F8C830E4
:101F10001BD90026174A0121124810F09FF82146CC
:101F2000284689F8C860FFF76DFC31462846FEF761
:101F300007FE0C480221104A10F07FF82846FFF7F0
:101F400023FA404610F094F820E6494609F11400BF
:101F500012F0B6FFF5E789F8C800F2E728EE0200B4
:101F6000C0380100A88C0200FFEE02000002400011
:101F70001EEF02007AEF0200A5EF020003699A7FCC
:101F8000531F072B9DBF034B9B1813F8050C3720DD
:101F9000704700BF16F70200036803F01F025F2BB3
:101FA00002604FEA53129ABF024B53F822000020FE
:101FB000704700BF9C9A02002DE9F74F154607466F
:101FC0004FF0010800EB8101B94203D1002003B0BA
:101FD000BDE8F08F3A68C2F3C323082BC2F30804AC
:101FE00000F29A804E48C65C40F2FF139C4208BF44
:101FF0004FF0FF34B2F1B05F4FEA12630ED2152BEF
:1020000010D8DFE803F01221605D26585D0F0F0F36
:102010000F636E0F0F0F0F0F0F0F7174382B69D0F6
:102020004E2B50D06FF08500D1E7C5F80446621CF6
:102030003FD001A80194FFF7AFFF019B4FF00109CA
:1020400008FA03F3436012E0C5F80C464FF0000AAB
:1020500043E04FF00009C5F80046601C29D001A8F4
:102060000194FFF799FF019B08FA03F383604FF097
:10207000010AD7F800B001A81BF4004F1CBF4FF0B5
:1020800001094FF0000A0194FFF786FF019B254CE0
:1020900000EB8300D0F88020CBF3412B330243EADE
:1020A0008B0343EA0A031440234343EA4903C0F87D
:1020B0008030043788E7C5F804464FF00109CCE7C3
:1020C000C5F80846C2E7C5F81046B0E7C5F80046AF
:1020D000002EBBD14FF0000A0826631CE9D0D14680
:1020E000C7E7C5F80446F3E7C5F84045E5E7C5F896
:1020F0004445ABE701A80194FFF74EFF019B4FF069
:10210000010A00EB8300D0F8803023F0E04343F075
:102110008043C0F88030E0E76FF0150057E700BF5C
:102120001EF70200F0F0FCFF2DE9F041466800AF19
:1021300096F82680044608F00308B8F1000518BF99
:10214000012510F00EFAB06A30B92946204610F089
:1021500081FABD46BDE8F08112F001FD0346B8B931
:10216000B26A6C4688B011686A461F48CDE905011D
:102170004FF40071ADF81C101C4942F8101F1C48A8
:102180004FF4E251FBF73EF86FF01200A546E0E78E
:10219000B8F1000F0CBF4FF4B0134FF4D013F28D11
:1021A000B06A96F82C101A434FF0010CD0F810E0EA
:1021B00042F3000303F44023DEF80060534023F4AD
:1021C00080120CFA01FCDB07D0F808804CBF4CEA07
:1021D000060626EA0C06CEF80060D8F800309847CC
:1021E0000028B2DAB5E700BFD5EF02000300000116
:1021F000D08C02000122014B1A60704700700D5014
:102200000C2903690BD1DB6A064907484B4393FB52
:10221000F0F100FB113311600020536070476FF044
:102220008500704790D0030040420F000022044B0D
:102230000069C3F80021D3F8003105F0B9BB00BF35
:1022400000700D507FB505692B6B63B321F0400121
:102250000C292BD105F118064FF0FF324FF0FF3358
:10226000304605F0E3FA134B00240193032369463B
:10227000286B039402930EF089FF4FF0FF324FF06A
:10228000FF33284605F0CEFB286B0EF0CAFF0A4B41
:10229000D3F80825EA6201225A60304605F038FB7F
:1022A000204604B070BD6FF00A00FAE76FF08500B9
:1022B000F7E700BFF521010000700D5010B504696B
:1022C0000020FDF77FFB20634FF0FF320021204606
:1022D00012F040FD04F1180012F035FD002201213A
:1022E000D720FBF755FED720FBF722FE0122024B39
:1022F0000020C3F8042310BD00700D500023064ACF
:1023000032F8021B814201D11846704701330C2B71
:10231000F6D16FF015007047ECAB020070B505699F
:102320000B012A6A0C46D6681121F02203F0F00353
:10233000B04700280BDB0B2C88BF41F608234FF079
:1023400000009CBF034B33F81430EB8470BD6FF07A
:102350000400FBE7ECAB020008B50221034A044885
:102360000FF0E2F86FF0850008BD00BF39F0020001
:10237000108C020070B505690B012A6A0C46D668FC
:102380001021F02203F0F003B04700280BDB0B2CE8
:1023900088BF41F608234FF000009CBF034B33F881
:1023A0001430AB8470BD6FF00400FBE7ECAB0200AF
:1023B00008B50121034A04480FF0B6F86FF0040095
:1023C00008BD00BF63F00200108C0200F7B543683F
:1023D00004461B689847051E07DA0121344A354830
:1023E0000FF0A2F8284603B0F0BD26691221336A27
:1023F0002046DD6880231A46A847002804DAFFF744
:10240000D7FF6FF00405EDE748F6B80012F08BFB3C
:10241000336A0F2120469B680DF107029847002878
:10242000EDDB9DF807306A2BE9D10021204610F042
:10243000D8F901460028E2D11F4B2046F360FFF790
:1024400099FF0028DBD10421204610F0DAF901467B
:102450000028D4D1194B2046F361FFF75FFF0546F2
:102460000028CCD1336A0722DF680A2103462046C0
:10247000B8470028C3DB336A4622DF6812214423B1
:102480002046B8470028BADB336A1521DF681023DD
:1024900020461A46B8470028B1DB336A1621DE68A9
:1024A000802320461A46B04700289BDAA7E700BFE2
:1024B0007DF00200108C02000000744200B88845D4
:1024C000F8B506460D460769F1B1012935D1B88C3A
:1024D000FFF714FFC1B23046FFF74CFF40B1184A76
:1024E000294618480FF020F86FF004042046F8BD84
:1024F000F88CFFF703FFC1B23046FFF70FFF044629
:102500000028F3D0104AEBE73B6AF022DC680B4668
:102510001021A047041E05DA0C4A012109480FF0DA
:1025200003F8E3E73B6AF022DC6811212B463046D2
:10253000A047041EDADA064AEFE76FF08504D5E714
:102540009DF00200108C0200BCF00200D2F00200EC
:10255000F2F0020008B50649026943681162586842
:1025600012F0FDFA00280CBF6FF01200002008BD29
:10257000749B020038B5054644680121E06810F0FC
:1025800074FB6B6819686369C1F82435E28BA38B0F
:10259000A07E1343228C1343628C1343627E9BB252
:1025A0000243207E02431343C1F86C3569680B680F
:1025B000D3F8002242F48022C3F800220822C3F894
:1025C00000254A6A0121C3F83C270022C3F84027AE
:1025D0001965D3F830110029FBD0C3F8002528462F
:1025E000BDE8384001490FF069B800BF892C0200EE
:1025F0002DE9F04104460D46476812F092FC88B17F
:102600002022EFF311831E4682F31288BFF36F8FEF
:1026100061680968D1F83011D1B983F31188BFF32B
:102620006F8FEEE71A4B1B78002BE9D04FF0200894
:10263000642663681B68D3F83031B3B9012010F009
:1026400033FD013EF5D10021202012F038FDEFE7E7
:102650007B6A01221D702046796A10F0EEFA86F33B
:102660001188BFF36F8FBDE8F081EFF311831E4631
:1026700088F31288BFF36F8F62681268D2F8302136
:10268000002AE5D183F31188BFF36F8FDBE700BF2A
:1026900062B400202DE9F04745680121D0F8108090
:1026A000064600AF686B10F0CFFBE96B481C19D0F1
:1026B000A86B10F0C4FC10F1130F04460AD10121DD
:1026C000364A374810F0A6FB6FF012042046BD468C
:1026D000BDE8F087411D05D10121324A304810F094
:1026E00099FBF3E74FF00109EB6A9847D8F83050AF
:1026F0000835D8E90C3203EBC203A5F10802934276
:1027000009D808F1280010F0FEFB304626490EF0EB
:10271000D5FF0446DAE755F8080C12F020FA034614
:1027200015F8041C55F8080CABB96C468AB06A461B
:10273000006807914FF400711C4DADF820101C4942
:10274000CDE9055042F8101F4FF411511448FAF723
:1027500059FDA546B8E735F8023CD0F810C0DA07B5
:10276000DCF8004054BF43F4B01383F4D01323F4D7
:10277000801209FA01FEDB07D0F808A04CBF4EEA30
:10278000040424EA0E04CCF80040DAF8003098473C
:10279000041E05F10805ACDA98E700BF46F1020017
:1027A000E88C020071F102008F2E02008EF102000F
:1027B0000400000110B502780346002A6ED10C69AE
:1027C000D4F890203AB9D4F88C006FF07301BDE8CA
:1027D000104010F0C1BBD4F8840050B1D4F8881078
:1027E00039B1DB682BB1834203D0D4F89C1015F0CB
:1027F00009F8D4F8803043B1D4F890209A4216D921
:102800000121274A274810F005FBD4F8883043B14E
:10281000D4F890209A4224D90121214A214810F06D
:10282000F9FAD4F88C00BDE8104010F0A7BB9B1A51
:10283000C4F880307BB9E36E04F180020833E366AC
:10284000236F04F17001013B236704F16C0010F069
:10285000E8FAE067D9E7E36F002BD6D01344E367CB
:10286000D3E79B1AC4F8883083B9636F04F18802F8
:1028700008336367A36F04F17801013BA36704F198
:10288000740010F0CEFAC4F88400CAE7D4F884309B
:10289000002BC6D01344C4F88430C2E710BD00BF7B
:1028A000B2F10200E88C02002DE9F04F8DB01D4618
:1028B0008B8880469B048A4616460469D0F804B08B
:1028C00000AF43D44FF0FF324FF0FF3304F1380034
:1028D00005F0A8F8C4F82CA0002E3ED1E66600232F
:1028E000236704F1800204F1700104F16C0010F020
:1028F00098FA0646E067002D35D165670023A36787
:1029000004F1880204F1780104F1740010F089FAEE
:102910000023C4F88400A36616B1D4F8803043BB0A
:1029200010B1D4F8883023BBA36A13B19B889E04EE
:1029300005D40023E36204F1380005F039F86FF0A4
:10294000150528463437BD46BDE8F08F236C002BB3
:10295000B8D1E36A9942B5D1BEE73368E366002B8C
:10296000BDD07368BCE72B686367002BC6D06B686B
:10297000C5E7D8F80450D8F810902B687B6099F818
:10298000953023B1D9F828309A4500F0A680BAF8DE
:1029900004C01CF4006312D00121914A914810F048
:1029A00039FA6FF08505A36A13B19B889B04C8D4DC
:1029B0000023E36204F1380004F0FAFFC1E71CF0E1
:1029C000010F17D06D4688B0D8F800106A468648C7
:1029D000CDE905014FF40071ADF81C10834942F8B0
:1029E000101F4FF4E2517F48FAF70CFCAD466FF030
:1029F0001505D8E71CF0080F05D07D4A012179485C
:102A000010F008FAF3E70CF4FC63B3F5807F01D013
:102A1000784AF3E7DAF800E0774B9E4501D8774A29
:102A2000ECE707F1080604350FCD0FC60FCD0FC632
:102A30007B6895E80300734594BFFB61C7F81CE011
:102A40001CF0020286E803000CF0040335D0002BD2
:102A50000CBF02230323CCF3001C87F8203087F837
:102A600021C0D9F80030D3F800365D1C0CD003F03B
:102A70001F0163485B0912BB022B00F2AC8050F8C7
:102A8000232001238B40936099F895302BB1484661
:102A900001F0BAFB002389F8953043464846594A6D
:102AA00007F1080110F038FE051E11DA01212B464E
:102AB000554A4C480EF041FD75E79B08CBE7022BC9
:102AC00000F28B8050F8232001238B405360DBE71A
:102AD0000123C9F828A089F89530012384F894309F
:102AE000DBF83C10481C0AD0DBF8380000F092F804
:102AF000743004D10221454A3A4810F08BF9002283
:102B0000012104F1280010F0DEF9404610F036FAF9
:102B100000231A46206F82423DD100221146A56F44
:102B2000A9423FD1934238BF13464FF4FA5202FBF9
:102B300003F5A36A47F6122C1B6840F2E730B5FB99
:102B4000F3F50021C8354FF47A720023E5FB0C0140
:102B5000EEF75CFC04F1500602460B46304604F0EA
:102B600061FF024628B30121294A1E4810F052F99C
:102B700000252046C4F8905001F046FB6FF0730129
:102B8000404684F8955010F0E7F9304604F070FFA5
:102B90006FF0730507E7E16E01EBC201496801328E
:102BA0000B44B8E7606F00EBC1004068013102449C
:102BB000B6E7A56E15F1740FDAD02DB9A36A9B881C
:102BC0009A047FF5F0AEBCE6D8F810001146283024
:102BD00010F079F9E7E69260FFDE00235B60FBE727
:102BE000D0F10200E88C0200EAF1020003000001CB
:102BF0000CF202002BF2020047E801005AF2020038
:102C0000349C0200B52701008BF20200B0F20200F2
:102C1000DAF202002DE9F0410D46064610F0EDFC17
:102C2000002207462946304610F095FC5F2D05F03E
:102C30001F044FEA55122BD8184B53F8223003EBE0
:102C40008404D4F88020164B134043F00C03C4F8DE
:102C5000803010F022FA80463368DB597BB10027C0
:102C60003046294610F0C7FCD4F880200C4B38467B
:102C7000134043F00403C4F88030BDE8F08110F045
:102C80000CFAA0EB0800C728E6D96FF07307E7E756
:102C90000023203453F82430FFDE00BFC09C020024
:102CA000F0F0FCFF70B40F4CD4E90015501A63EB40
:102CB0000506400940EAC6602026E0FB0615C4E987
:102CC0000015002400250849C1E90023074BC3E98A
:102CD0000045EFF3118186F31288BFF36F8F70BC4C
:102CE00005F060BDF0560020D8560020E8560020C0
:102CF00008B500220121E420FBF74AF9164A00201A
:102D0000D2F8183723F44033C2F8183700F02CFFFC
:102D1000002820DB0120114900F0B2FF00281ADB57
:102D200000F0FCFE0E4B20F01F00C3E900010D4B2C
:102D30000022C3E900014FF0FF304FF0FF310A4B92
:102D4000C3E90001094B0A49187A00F0F7FE67222F
:102D50000020084B1A6008BD00200E503C060020E1
:102D6000F0560020D0560020D8560020340600200F
:102D7000A52C01006868002008B500F0CFFE064AC7
:102D8000D2E90032C01A054B61EB0201C3E9000130
:102D9000400940EAC16008BDF0560020E856002016
:102DA00010B500F0BDFF0120FCF70CFE0EF039FA63
:102DB000BDE81040054B064A1B684FF47A70B3FB20
:102DC000F2F35843034B43F0010318474006002039
:102DD00040420F00008E0200F7B5224B0146224F01
:102DE000187A224BD7E90056D3E900239E4208BF48
:102DF000954211D1B1F1806F0ED24901012938BF3E
:102E0000012101224D1946F10006C7E9005603B021
:102E1000BDE8F04001F010B8154BDFF858C0D3E919
:102E20000043DCE9002CA41843EB0C0C4FF0200EFF
:102E300022466346C1FB0E23954276EB0301C7E9A8
:102E400000230DD2291B66EB0C04C82974F1000481
:102E5000B4BF01210021009100F0B8FF03B0F0BD24
:102E60000021F8E734060020E0560020D856002064
:102E7000F0560020E8560020064BD3F840231C2AC9
:102E800005D1D3F84403431E5842584170470020EF
:102E9000704700BF00C0FF0003689A070CD50368A5
:102EA000DB070DD50922074BC3F80C250F22C3F809
:102EB000042501221A60FEE7034B0360EF3B036029
:102EC000704700BF00801050F000FA5008B5012391
:102ED000404A4148C2F80038404AD2F840231C2AF0
:102EE00004BF3F4AC2F80C34FFF7D6FF0830FFF7A3
:102EF000D3FF0830FFF7D0FF0830FFF7CDFF00F514
:102F0000F470FFF7C9FF374AD2F88C3043F44063BE
:102F1000C2F88C300022D30003F57F0303F5404351
:102F2000D3F8001401310AD0D3F8001439B1D3F822
:102F300000140132D3F80434402A0B60EBD1254B46
:102F4000D3F84024002A41D0FFF796FF48B1234B25
:102F5000D3F83423244B9A429EBF1E4B234AC3F816
:102F60004026FFF789FF18B1214B224AC3F8AC274E
:102F7000FFF782FF48B13422164BC3F82426D3F85A
:102F80003C2622F40022C3F83C261B4B1549D3F8FB
:102F90000026D20744BF6FF00102C3F80026174B8A
:102FA000D3F8182522F00302C3F81825D3F8182502
:102FB00042F00302C3F81825D1F88C2042F4406295
:102FC000C1F88C200022C3F8A02508BDC822C3F890
:102FD0004024B9E70000125000C50D5000C0FF00AA
:102FE0000030055000ED00E0001D0A1840E0A91E69
:102FF00000A0085078000A0400E0105000B004500F
:103000000D4B0001034452B1D3F808250A43C3F81D
:103010000825D3F80C251143C3F80C157047D3F8D5
:10302000082522EA0102C3F80825D3F80C2522EA74
:103030000102C3F80C25704700F00C50014B10F052
:1030400068B800BF01300100014B1B68184700BF82
:103050006C68002010B50C4C237993B901232371BF
:103060000A4B0028206018BF184600F0F7F850B946
:1030700023680748002B08BF1846BDE8104000F041
:1030800039B86FF0770010BD6C680020493001003E
:103090004731020008B5084B1B6843B140F20510E8
:1030A000FAF768FF18B940F20510FAF741FF01225C
:1030B000024B1A7008BD00BF6C68002061B400208C
:1030C00038B504230A4C42F21075C4F808330123C2
:1030D00063610023C4F80831D4F80831D4F84C34C3
:1030E000DB0304D501200FF0DFFF013DF6D138BD31
:1030F00000E01050064A13793BB9012110601171AC
:10310000044A1846C2F8403470476FF077007047A1
:103110007468002000E0105010B51D4B1D4CD3F812
:103120004C14D3F84C2411F4803F19D002F0030260
:10313000012A01D08AB90022154BC3F8402400228D
:10314000C3F80821D3F8082101221A6122688AB93C
:10315000D3F80821002AFBD014E0FFF7B1FFEAE71B
:10316000D3F84824D107E6D5D3F850249207F4D4F5
:1031700022681AB10422C3F8042310BDD3F8082131
:10318000002AFBD00022C3F80821D3F80831F4E765
:1031900000E0105074680020F8B50125184C194E55
:1031A000D4F80C3303F00C0303B9F8BDB3FA83F37E
:1031B0000027C3F11F039A0002F5807292B202F158
:1031C000A04202F58712176005FA03F1022B12687C
:1031D000D8B2C4F8081310D1D4F84C34D4F84C3415
:1031E0009B070AD10423C4F84054C4F80433256172
:1031F000D4F80C3303F00C03D6E733689847F7E7AD
:1032000000E0105074680020712238B5104B002186
:10321000C3F80823012242F210745A60C3F8001167
:10322000D3F800110B490A4DD1F840131C2908BFEF
:10323000DA60D5F80C3413F4803305D001200FF098
:1032400033FF013CF5D138BD034A5371FBE700BFA2
:1032500000E0105000C0FF007C680020054B0246D3
:10326000187918B91A6001221A7170476FF0770047
:10327000704700BF7C6800200022164BC3F8102165
:10328000D3F81011C3F81821D3F81811C3F814217A
:10329000D3F814111049D1F840131C2904BF01219F
:1032A0009960C3F80021D3F8002101221A600B4A6B
:1032B000126852B9074BD3F80021002AFBD0002234
:1032C000C3F80021D3F8003170477122C3F80423FA
:1032D000704700BF00E0105000C0FF007C68002075
:1032E000F8B50126194C1A4DD4F80C3303F07103CC
:1032F00003B9F8BDB3FA83F30021C3F11F039A00A9
:1033000002F5807292B202F1A04202F587121160BA
:1033100006FA03F7042B1268D8B2C4F8087308D071
:10332000062B10D02B689847D4F80C3303F07103A8
:10333000DEE702236B71C4F81411D4F81431202392
:10334000C4F80433EEE76971ECE700BF00E0105009
:103350007C6800201022054911F8013D013A013333
:103360000B701B0A01D0002AF6D1704728570020A5
:10337000254B90B004931123244A2549CDE9062317
:1033800008AB059340F61102224BCDE90A120893CF
:1033900020330C9321230CAA09921F4A0090CDE9F7
:1033A0000E230123CDE901320D9320231B4A039301
:1033B000D2F8003443F00103C2F800344FF0A343C5
:1033C00004AA1A600322C3F810D05A63BFF35F8FB8
:1033D0009A639A6A12F0240F12D1D86B10F023006E
:1033E000F7D14FF0A34310225A6300225A630B4ACD
:1033F000D2F8003423F00103C2F8003410B0704753
:103400004FF0FF30EDE700BFCC9C0200040000202D
:1034100020000020F85600201000002000800450FA
:103420002DE9F04104464FF000088CB06F4608EBE0
:103430000700FFF78FFFFFF79BFF6D46064608BBAF
:1034400008F11008B8F1300FF0D11CB104F13002CE
:10345000944210D10FCD0D4C0FC495E80F0084E8B5
:103460000F0010340CAB13E90F0084E80F00304656
:103470000CB0BDE8F081396854F8043B4B4047F884
:10348000043BE5E74FF0FF36F1E700BFF8560020B8
:103490002DE9F04119B1002855D0402956D8002413
:1034A0004FF48076A6464FF400772A4ADFF8A8C08A
:1034B000D2F8003443F00203C2F80034274A284B04
:1034C00082F839E01E601C645C645F63C3F800C06E
:1034D0001D6B15F00E0FC5F34208F9D0B8F1050FBA
:1034E000EED092F839508DB95D68032DF0D9D3F83C
:1034F00080501D61D3F880505D61D3F880509D618C
:10350000D3F88050DD61012582F839505D68B1EB58
:10351000850FDDD8124A61B1D2F88030041D00F861
:10352000013B84424FEA132301F1FF31F3D000291C
:10353000F5D10020074AD2F8003423F00203C2F884
:103540000034BDE8F0816FF01500FAE76FF0060077
:10355000F7E700BF0080045001000400F856002087
:103560000010805130B58DB030216846FFF790FFD4
:1035700018B14FF0FF300DB030BD6846FFF750FF77
:103580000028F6D101240025014BC3E90C45F2E7E0
:10359000F856002010B50B4C94F83830012B0BD0A6
:1035A00040220021204614F053F9FFF7DBFF30B929
:1035B000012384F8383010BD6FF07700FBE76FF01F
:1035C0008B00F8E7F8560020F0B505460C4685B0AC
:1035D00021B1002835D0B1F5803F32D81A4E736B37
:1035E000B3F5803F18D3FFF7BDFFA8B16FF08B0094
:1035F00005B0F0BD102C6846274628BF1027FFF7FE
:10360000A9FEFFF7B5FE0028F0D128463A466946E4
:1036100014F0F8F8E41B3D44002CEBD12046FFF7F2
:10362000FFFE0028E2D1D6E90C32013342F100025C
:1036300021462846C6E90C32FFF72AFF0028D7D0DA
:10364000D4E76FF01500D3E7F8560020036803F0C5
:103650001F025F2B02604FEA53129ABF024B53F8CE
:1036600022000020704700BFD09C0200034A43099B
:10367000D35C00F01F001844C0B2704727F7020067
:10368000F0B50646002487B0114F019117F8012BC1
:1036900006AB03EBD20313F8143C02F00702D3404D
:1036A00013F0010306D10134032CEFD10023184697
:1036B00007B0F0BD074A03AD07CA85E8070055F813
:1036C00024100A6A46F824200A62002AEBD0EEE7AA
:1036D00037F70200C08D0200F7B504460846FFF731
:1036E000C5FF04EB4006B38A0D46DB072AD520460A
:1036F0000FF03DFE294620460FF09AFD50B12046BE
:103700000FF0ACFD0023276807EB8000C0F81035F0
:10371000C0F81035294620460FF0C9FD002101A848
:10372000B1820195FFF792FF019B00EB8300D0F877
:103730008020064B134043F00203C0F88030084657
:1037400003B0F0BD6FF01500FAE700BFF0F0FCFF2A
:103750002DE9F043044685B0084615461F46FFF79D
:1037600085FF0E46804625B320460FF06CFD18B944
:1037700020460FF05DFD18BB04EB4809B9F8143082
:1037800003F01C0313B16B78012B19D001238DF8C2
:103790000F3000233046CDE900536A1CAB1C0DF1FD
:1037A0000F010FF0EDFCB9F8143043F00303A9F852
:1037B0001430002F3ED0314620460FF044FD20B992
:1037C0006FF0150005B0BDE8F0830022397823685A
:1037D0004FEA810C03EB8103C3F81025C3F81025D1
:1037E00004EB4802938A23F4604323F0200393827E
:1037F0007D78FDB12468B8786444D4F810750E4B18
:103800002D043B40C4F8103541F6F07305F4403503
:1038100003EA06130005D4F810752B4300F480105A
:1038200003433B43C4F81035938A43EA413343F0E2
:10383000200393820020C5E70FE0ECFF70B590F8FD
:103840007440054690F8756044BB4622214614300A
:1038500013F0FEFF2146134A2B6852F836608E4261
:1038600012D1002440F20D10C3F84441D3F8442192
:103870000D4A934208BFDB20FAF75AFB012320468A
:1038800085F874302B6670BDCAB2920002F5807064
:10389000442A04BF1C501A580131E0E76FF077004A
:1038A000F1E700BFDC9C020000A00D5090F875000D
:1038B000024B03EB80000FF013BC00BF4406002056
:1038C00010B5064B90F875000C4603EB80000FF026
:1038D000EDFB0028A4BF2070002010BD440600208E
:1038E0002DE9F04F804658F804BB90F87540DBF89E
:1038F00014136A4BC9B253F8342007468BB05846AC
:1039000041F400310FF00CFD8203054639D5002348
:10391000CDE907330993614BE60003EBC404636808
:1039200007A819460093FFF7ABFE331D03934FF032
:10393000000A5B4B0DF11C090293029A574912F8D9
:10394000013B0292039A02EBD3028A5C03F0070365
:1039500022FA03F3DB071AD40AF1010ABAF1030FC2
:1039600009F10409E9D14FF40031002258460FF063
:10397000D7FC009907A8FFF783FE0028D7D125F4CC
:1039800000350124002D73D10BB0BDE8F08F454BFD
:1039900053440493D9F80060002EDDD096FAA6F6C1
:1039A000B6FA86F6049B1C7846EA44142046FFF7D4
:1039B0005DFE07EB4000818AF208C1F382030593A4
:1039C0000193012319F8020006F0070603FA06F630
:1039D00020EA060009F8020006A80694FFF736FE62
:1039E000069A11F0100F02F1200250F82260059B98
:1039F000C6F3014623D04046019A21460FF038FC19
:103A000006A80694FFF722FE069BF6B2203350F874
:103A10002330C3F301439E4207D1002120460FF01B
:103A2000F8FB314620460FF0F4FB06A80694FFF79A
:103A30000DFE0122069B02FA03F30362AAE7022E9F
:103A400014BF02210321204605930FF0E2FB059BE2
:103A5000032B03D0022E07D1012BE6D1214640468D
:103A6000019A0FF005FCE0E7032EDED1022BF4E70C
:103A700095FAA5F3B3FA83F304FA03F225EA0205F3
:103A800003F5A2725BF8222007EB43034046B3F82C
:103A90006410C2F301420FF0EBFB73E7DC9C020001
:103AA00037F7020037F702000123034A03FA00F058
:103AB0009368034393607047600000200123044A29
:103AC00003FA00F0936823EA00039360704700BF95
:103AD0006000002073B504460191EFF311862023A6
:103AE00083F31288BFF36F8F0B4D019B6A6801A8A7
:103AF000134001930FF0DAFA002807DB01226B680C
:103B0000824023EA02036B602070002086F3118854
:103B1000BFF36F8F02B070BD600000204FF0FF3226
:103B20006FF0404330B5044CD4E90001824273EB9E
:103B30000105F9D330BD00BF40270E5030B50C252C
:103B4000074B1C1894F8544005FB0433C3E90312D7
:103B500018750123034A8340C2F8243330BD00BFE7
:103B60006000002000200E50F8B53E4C2278002A5C
:103B700072D13D4BD3F8101521F00201C3F8101596
:103B8000D3F8101541F00101C3F810150521C3F851
:103B9000A4160421C3F8AC160723672101F0010025
:103BA0000244013BD2B24FEA5101F7D1052A56D166
:103BB00019464FF0010C2B4E00256720CFB204E0D0
:103BC0000CFA02F220EA0200013590FAA0F25FFA44
:103BD00085FEBE45B2FA82F2F2D301313275052973
:103BE000224482F8547006F10C06E5D1012100252B
:103BF0001E489A0801FA02F212F0670F18BF1D5012
:103C00000433302BF5D1E420FAF792F9164B18491A
:103C1000D3F8102503F5C07322F00202C3F89023F5
:103C200040F6FF72C3F8A82100221A60A3F5807045
:103C300004338B420260F8D101250B4B0D4A1D66FF
:103C40000D4B5D201B68B3FBF2F358430B4B2B432A
:103C5000984700202570F8BD6FF07700FBE76FF004
:103C60008B00F8E76000002000200E5000210E506D
:103C7000B0210E5040420F0040060020108E02007E
:103C800038B5244B0D46D3F8102594073CD4D3F80F
:103C9000102542F00202C3F81025C0B1D3F848271E
:103CA00012F0010202BFD3F8481741F00101C3F836
:103CB0004817184BD3F84017D3F844174800F9D4E5
:103CC0002AB9D3F8482722F00102C3F84827124B3B
:103CD000124A1B68B3FBF2F30E4A03EB4313B3B172
:103CE000D2F84017D2F8441749000BD44FF0FF31F7
:103CF0002846FFF7EFFE044610B92878FFF7D4FEF8
:103D0000204638BD013BEAE76FF07704F8E76FF033
:103D10007304F5E700200E504006002040420F00DB
:103D20002DE9F047DFF89C9067234E4656F8044F84
:103D30000025E4434FF00108234F04F06704C7F85F
:103D40002833E9B2E4B9E420FAF700F91E4BD3F8BE
:103D5000482722F00102C3F84827D3F8102522F0A3
:103D60000102C3F81025D3F8102522F00202C3F88F
:103D7000102501225A669A6689F80040BDE8F0874E
:103D8000D9F8083008FA05FA0AEA030313F0670FB6
:103D900002D00846FFF792FED9F80430DB4303F067
:103DA000670313EA0A0F09D0002207EB0513C3F8D3
:103DB0002C25E30702D530460FF092F9640801354F
:103DC000BFE700BF6000002000200E5070B51E4607
:103DD0001546174A9DF81010131893F854300C33F9
:103DE00002EBC30442F833506660C6F313020401C9
:103DF000A1B104F1A04404F56224C4F82055C4F82C
:103E000024250C4C80000444236833B1FFF786FE60
:103E1000A842B14101D20023236070BD04F1A04348
:103E200003F56223C3F82055C3F82425F5E700BF46
:103E30006000002000210E50F0B50E4D2B1893F8B5
:103E4000543000010C3355F8334005EBC3077E684E
:103E5000641800F1A04021F0004146F1000641EA5B
:103E6000C27100F5622045F833407E60C0F8281525
:103E7000F0BD00BF60000020F7B5284B284CD3F8F8
:103E80002C6304F188070EB903B0F0BD96FAA6F0D2
:103E90000123B0FA80F08340DA43224926EA030680
:103EA000231893F85450830019440C2303FB054353
:103EB000DB6873B3D7E8EF3F03EA020CC7E8EECF45
:103EC000BEF1000FF6D1C340DB0719D5020102F1A4
:103ED000A04202F56222D2F82435D2F82025D1F88A
:103EE00000C0BCF1000FCED04FF0000CC1F800C0F4
:103EF0000C2101FB054529690091E9688847C2E763
:103F000005F10C0304EBC30C54F83320DCF8043047
:103F1000E5E70A68002AB6D00B60B4E700200E502F
:103F20006000002000210E5010B5184BD3F8044358
:103F3000E1040AD5D3F830213AB10022C3F8302188
:103F4000D3F83031124B1B689847A2040BD50F4BA6
:103F5000D3F834213AB10020C3F83401D3F8343116
:103F60000C4B1B68984763040ED5084BD3F83821D7
:103F700052B10022C3F83821D3F83831054B012063
:103F8000BDE810401B68184710BD00BF00E010508E
:103F90008868002084680020036803F01F025F2BFC
:103FA00002604FEA53129ABF024B53F822000020DE
:103FB000704700BFEC9C020010B50B4B04680B4A25
:103FC0000B48844208BF1346B3FBF1F001FB1033EA
:103FD000834206D2C30704D47E288CBF0020012070
:103FE00010BD0020FCE700BF0024F4000020A10762
:103FF00000A0045037B51446421C054618D00129CC
:1040000002D1BBB10FF054FB01A80195FFF7C4FF2B
:10401000019B0A4A00EB8300D0F88050A30043EADA
:1040200041030B432A40134343F4A063C0F880309C
:1040300003B030BD0FF048FBE6E700BFF0F0FCFF37
:104040002DE9F84F91F8213005460C46002B00F081
:10405000A08091F8228029685B4A5C4F5C486369C4
:10406000914208BF0746B7FBF3F75A4BD3F84033EA
:104070001C2B13D1022F95F8223040F28D80227E26
:1040800012F0FD0F40F088807A080132D2B29045DC
:1040900038BF904643F0080385F8223094F8232077
:1040A00095F8223062F3000385F82230227CDBB2DF
:1040B00062F3410385F8223094F823600EBB237E1F
:1040C0000121012B94BF0023012332462068FFF712
:1040D00091FF334632466068FFF78CFF3346314626
:1040E000A27EA068FFF786FF0121237C3246E068AC
:1040F00083F00103FFF77EFF0B463246E069FFF7CE
:1041000079FF94F82130002B49D04FF0FF336B62D8
:1041100094F8211094F812E0207E627E002948D0A5
:10412000E668217C94F8249094F820C02B68B9F1BB
:10413000000F12D1D4E900BAD4F80890E469C3F8AA
:1041400000B6C3F804A6C3F80896C3F80C46C3F833
:104150001066C3F8B815C3F8B085003A18BF01223D
:104160000228C3F8C0E5C3F82C7525D0032826D053
:10417000012801D142F00202C3F85425C3F8ACC5AE
:104180006B68FBB12868BDE8F84FC0F30830F9F759
:10419000CFBE4FF002085EE723F008037CE7E36838
:1041A0006B62227C95F8223062F3410385F822305D
:1041B000AEE74FF0FF36B5E742F00402DCE742F02D
:1041C0000602D9E7BDE8F88F00A004500024F400EF
:1041D0000020A10700C0FF00431C07B50ED00190CE
:1041E00001A8FFF7D9FE019B00EB8300D0F88020E7
:1041F000044B134043F00203C0F8803003B05DF875
:1042000004FB00BFF0F0FCFF38B504460068C0F3C3
:104210000830F9F79BFE636843B12146154A51F80F
:10422000043BC3F8082320680FF05AFA2368D3F838
:104230000006D3F80416D3F8085694F82230DB07AA
:1042400014D4FFF7C9FF2846FFF7C6FF0846FFF75B
:10425000C3FF606AFFF7C0FF2368D3F80C06D3F8EA
:104260001016FFF7B9FF0846FFF7B6FF002384F8E2
:10427000203038BD0700F81F70B5847B2CBB026866
:104280005F2A02F01F034FEA52111FD840F60C05B7
:10429000104E56F82120104902EB8302D2F88030EC
:1042A0000B402B43C2F8803042685F2A02F01F03A4
:1042B0004FEA52100AD856F8202002EB8302D2F8B7
:1042C00080300B402B43C2F8803070BD203354F84F
:1042D0002330FFDEF89C0200F0F0FCFF00210268B2
:1042E000094BC160C2F80833D2F8003223F0FF5303
:1042F00023F4BC53C2F800320123C2F8001580F841
:10430000263080F8281070472264F81F00232DE91A
:10431000F04780F827304B6805460E46174604687C
:1043200033B1CB6803F06043B3F1005F40F04281EA
:104330003378023B012B06D8336903F06043B3F1B5
:10434000005F40F037819D4BC4F8083395F8283062
:1043500003F0FF023BB16FF00F08EB68C4F80433C1
:104360004046BDE8F08707F01403B3FA83F35B0916
:1043700085F82830337885F82430737885F825302F
:10438000F3682B6173686B613369AB61B3682F624B
:10439000EB61C7F3001385F829307378C4F88835CA
:1043A000C4F83821D4F83831C4F82821D4F8283199
:1043B000C4F81421D4F81431C4F80421D4F8043119
:1043C00017F0010318BF0123C4F84C3717F002039C
:1043D00018BF0123C4F814373378032B00F281800F
:1043E000DFE803F05E764A024FF48073C4F80032CF
:1043F000D5E90423C4F83C27C4F8403701232365DA
:104400004FF0006120460FF0DEFA0028F8D1D5E920
:104410000623C4F83C27C4F840374FF48063EB60B0
:104420004FF0000817F0080910D13378032B0DD096
:10443000012B6A686CD1A362002A55D073682BB92E
:104440006B68002B00F09480012363606B68002B85
:1044500000F08E80780744BF0023EB6079065EBFD2
:10446000EB6843F00203EB60EB6843F02003EB6082
:10447000EB68C4F8043373E7D5E90423C4F83C2798
:10448000C4F84037D5E90623C4F80427C4F8083730
:104490004FF48453C4F80032012323610223BEE7A2
:1044A000B806D5E90423C4F83C27C4F840374BBF0D
:1044B0004FF480734FF40073C4F80032C4F8003234
:1044C0004CBF4FF480630223EB6001232361A7E715
:1044D000D5E90423C4F80427C4F808374FF48053FF
:1044E000D8E76FF015089DE76A6902B963604FF07D
:1044F000010A40F2024940F2224120460FF063FADD
:10450000810601D5C4F804A010EA090FF3D095E79D
:1045100001232365002A91D16A693AB340F2024A25
:1045200019EA0A0F8AD140F2224120460FF04BFAD5
:1045300010F0200F8146F3D04FF4804120460FF059
:1045400042FAD4F8003208B19A0505D4012222615A
:10455000626040B14FF00009DB05E1D54FF48061A6
:1045600020460FF030FA4FF00009D9E76360D5E735
:104570000022D4F8C434C4F8C43485F828206BB1C0
:104580009A0756BF03F001086FF00D08A8F18C08D8
:1045900013F0040F18BF6FF00A08E1E67B063FF541
:1045A000DFAE2046291D0FF0CCF9002808BF6FF0C0
:1045B0008B08D5E66FF00C08D2E600BF2264F81F26
:1045C00070B50568022186B0044628460FF0FBF955
:1045D0002021064628460FF0F6F9D0B1D6B9E36897
:1045E0004FF48041C5F808330223E360E3682846AE
:1045F000C5F804330FF0E7F918B1D5F800329B0580
:1046000002D401232B616B60012384F8273006B0AC
:1046100070BD8EB3236A5E060AD494F827303BB986
:104620002846211D0FF08DF980F0010084F8270045
:10463000236A13F0040337D1C5F83831D5F838218F
:10464000C5F83431D5F8343194F8293013B194F8E1
:104650002730F3B100230122C5F80032E3602E4B6E
:10466000C5F30431C5F808338A40C5F343432B49E9
:10467000603341F823200CE04FF4806128460FF0AE
:10468000A2F994F82430002B2FD194F82930002B74
:10469000E1D0A38CADF804302369049363690293DD
:1046A000A3690593E3690393D5F8C4349807C5F863
:1046B000C4342AD459072AD4DA072AD494F82730E4
:1046C0009B00DBB28DF8003094F829300BB984F8E8
:1046D0002830236A5B0703D594F82730002B96D047
:1046E000D4E901316846984791E74FF40073C5F863
:1046F00000322223E360084BC5F80833E368C5F8AD
:10470000043301232B652B6181E70123DAE70223C0
:10471000D8E70323D6E700BF2264F81F00E100E0DA
:10472000036803F01F025F2B02604FEA53129ABF27
:10473000024B53F822000020704700BF049D020086
:10474000F7B506460FF0ABF908460FF0A8F901A837
:104750000196FFF7E5FF40F60D050C46019B2C493D
:1047600000EB8300D0F8803001940B402B43C0F85D
:10477000803001A8FFF7D4FF019B012700EB8300E5
:10478000D0F880300B402B43C0F8803004200EF06E
:104790008BFC092501A80194FFF7C2FF019AC368A9
:1047A000D340DB0714D401A80196FFF7B9FF019BA2
:1047B000013D07FA03F3836004200EF075FC3046D8
:1047C0000FF06DF904200EF06FFC15F0FF05E1D13C
:1047D00001A80194FFF7A4FF0123019A934083608D
:1047E00004200EF061FC20460FF059F904200EF071
:1047F0005BFC01A80194FFF793FF019AC368D340C3
:1048000013F0010F0CBF6FF08B00002003B0F0BD60
:10481000F0F0FCFF184B194A11F0805F30B50CBF67
:104820001C461446036883EA010525420DD043F374
:104830000904013409D001EA0204114A1A4042F085
:104840009F4242F4E002944203D10023036001201E
:1048500030BD0A0D02F4E064B4F5806F05D1C3F3F6
:104860008924C1F389218C4201D20020F0E752B2A1
:1048700003EB82230360F8E700FC0F7000FCFF7F6E
:1048800000FC0F002DE9F04F0646D1E9039587B0F3
:104890003C300F469A4605950FF03FF99046044686
:1048A00080B1C2F389246CB1F36BCAF38922C3F3DC
:1048B0008923934204D16FF0010007B0BDE8F08F67
:1048C0006CD30024C8F3892B28460FF00FF9031D81
:1048D0004B45F0D80423A9EB000905AACDE90192C4
:1048E00003933A6800210092304632460FF048F9AF
:1048F0000028E2D1059B1BBA6B4023F000430593CF
:10490000BBF1000F1ED0290D01F4E062B2F5806FFB
:1049100018D1AAEB0402C2F3892CC5F3892084457F
:1049200010D322F07F4222F4700222F47F7222F030
:10493000030242F0804242F48012AA42BBD049B244
:1049400004EB8124AAEB0401694011EA080127D194
:1049500045F309030133AED0129BC5F3090898450E
:1049600028BF9846119BCDF80C800293109B3246CD
:1049700004334B4401933B683046009343460FF0A9
:10498000FFF8002899D1129B0146A3EB0802119B66
:1049900003EB080012F05CFF60198EE7014C91E711
:1049A0001D4691E700FCFFFF30B587B003AD14460C
:1049B000084B094A00950FF098F9002804DA831C87
:1049C00000D1002007B030BD294620460FF098F8EE
:1049D000F7E700BF0C00F07F0000F07F38B5074913
:1049E000044612F061FF05490546201812F09EFFAB
:1049F0000444605DB0FA80F0400938BD7DDA020001
:104A0000F0B51C4640F2FF339A4205460E4685B08B
:104A100004F1080C08D160461A49ECF75BFD02234B
:104A20002370002005B0F0BD036F9702013343EA05
:104A30008223CDF800C0144A0FF057F90028F1DBAB
:104A4000000D02AB2070009347F00053314628461A
:104A50000E4A43F008030FF048F90028E2DB40F269
:104A60000223B3EB105F4FEA105202D1039B636045
:104A7000D7E740F201239A42D3D1C0F30900606026
:104A8000CFE700BF7DDA020000FC0F7800FC0F705A
:104A90002DE9F04F00258A46A946ABB01F46BDF868
:104AA000E030CDE90A550593BDF9E430BDF8DCB03E
:104AB0000690049338460FF019F8DAF80C3000EB42
:104AC0000208984565D20423039309ABCDE901831D
:104AD000069ADAF8003000210093104604230FF004
:104AE0004FF8002840F01981099B1BBA7B4043F026
:104AF00000473C460997DAF800300A9308F10403AE
:104B00000B930AAB369A89EA04061640844A16408B
:104B10003DD1369AC2F38922002A00F0A4804FF0DA
:104B20003C0C0CFB05FC34990CF1A8026A4442F8D9
:104B30006C1C359922F85CBC42F8681C3699B34667
:104B400042E91919B146059942F8483C22F85A1C25
:104B500004990CF1A80322F8581C3A990DEB030CA8
:104B600042F8541C3B9942F8707C42E91414DDE988
:104B70000A01ACF14C0342E91EA8443A3B9382E897
:104B80000300684BCDE90466013536963A934246F8
:104B900090E7359B002B40F3BE803499349B08315D
:104BA000349135991C68013990465B6809943591B8
:104BB000A8E7B2F5817F1ED11C460026099BC3F3EE
:104BC00009029642E3D2049AA168C3F389231344ED
:104BD00041EA83212378626803F5407341EA035177
:104BE000DDE93A3098470028C0F2978004F10C04C0
:104BF000CDD10136E2E71A46049B04EB8321DDE9BF
:104C00003A3098470028C0F28880C0D0002D00F0CC
:104C100084803C222AAB013D02FB053252E91C7321
:104C2000349352F8683C0AAE359352F8643C52F81B
:104C30004C4C369332F85A3C52E91101059332F943
:104C4000583C86E8030052E91EA8049352F8543CED
:104C500052F8609C3A9352F8503C32F85CBC3B935B
:104C600052F8483C0994369AC2F3892232B1C4F30F
:104C700089225A458BD305998A4288D2C4F30A52B5
:104C8000002A84D040F201118A4292D1254A07932A
:104C90003A9B93423FF47BAF3C222AAB02FB0536A2
:104CA0000021A6F1780012F0D3FD349B26F85CBCFD
:104CB00046F86C3C359BC4F3090B46F8683C369BC0
:104CC000C4F3892446E91939059BA4EB0B0426F8A3
:104CD0005A3C049B46E91EA826F8583C3A9B124AC7
:104CE00046F8543C3B9B46F8707C46F8503C0BF130
:104CF00001030593049B4FF000591C4423B2049315
:104D0000079B4FF0FF379A46002301359846CDE9BF
:104D1000353234933BE7002078E72BB0BDE8F08FC5
:104D20000000F07F1548010000FC0F602DE9F04FF6
:104D3000984685B0836E0F9D119EDB691446AA19B3
:104D40009A42074689461ED96FF0530043E0236814
:104D5000E06802331DD1D4E901130B449D4218D2FF
:104D60008D4216D3A3EB050AB24528BFB246691A95
:104D700001445246109812F045FD109B554453448F
:104D80001093A6EB0A064EB36FF0010B08F1FF3A41
:104D9000DDE7C4F800B0BB6E5B69B5FBF3F25A43C4
:104DA0006260B96ED1F814C0896A0AEB0C032B4417
:104DB000B3FBFCF30CFB03F38B4228BF0B464946C5
:104DC000A360CDE90103009238460E9B044AFFF729
:104DD00059FD0028BBDA05B0BDE8F08F3046FAE790
:104DE00000FCF7FF2DE9F04F97B004AF7B60C36E76
:104DF00080460D4616463BB11268934240F214823B
:104E00007268934240F2108200214FF0040907F1CA
:104E10002803C7E90A11CDE90113CDF80C903368D6
:104E20004246009340464B460EF0AAFE044610B19F
:104E300010F1540F5DD1CDF80C904FF0000907F13F
:104E40002C030293CDF804907368424600934946C0
:104E5000042340460EF094FE044600284ED010F184
:104E6000540F46D1494656F821304FF0FF342B609D
:104E700081F00103BB6056F823306B6007F14803F3
:104E800003EB810151F8203CAB600023EB6002236F
:104E90007B614FF0FF360422304605F10801C7E977
:104EA0000C6602F0C5F90023A246B146C7E90333F8
:104EB0003862BB61FB6148460EF018FE0422FB69B4
:104EC00000210344FB61D8F86830039207F1240203
:104ED0000292FA69404601922A680092DB694246D2
:104EE0000EF04EFE064688B116F1540F00F02B81ED
:104EF000344620464C37BD46BDE8F08FD7E90A312D
:104F0000C91A0029D4BF00210121ACE70422386A64
:104F100007F1240102F08CF97B6A38621BBA89EA36
:104F2000030BBBF1000FC7F824B01EDA4FEA195388
:104F300003F4F063A3F5A06673427341EA68002AA4
:104F400040F00381D5E90031B86807F1480202EB6F
:104F5000800252F8202CC5E90013AA607A69012A60
:104F600000F04A8101237B6193E758460EF0BEFDB5
:104F7000D8F86830DA69FB69C318934200F2E3801D
:104F8000F9692B6801F104094FEA1B5101F4F06142
:104F9000B1F5A06F38D10421039107F14001CDE9AB
:104FA0000191009331461346404642460EF0E8FD1B
:104FB0000646002898D13A6C3B6A9A4240F0C3807A
:104FC0007B6A04221B0DD8F82C0007F120018BEA24
:104FD000C37B02F02DF9C8F82C00786A0EF086FD2C
:104FE000FB691844BB69C5E9030BAB823B6BAB6142
:104FF0007B6BEB61FB68EB754FF0FF333B62534615
:105000005446D9469A4656E707F120010438CDE9BF
:1050100000900291404641460EF08EFE0646002862
:105020007FF462AF7B6A190D11F4E0601DD1BA699B
:10503000C3F389239A4201D80133BB61796A3B6F7C
:105040007A684B4013403B6067D1D7E91E302A682D
:10505000C7E9102907F140029847061E3B6859DA54
:1050600016F1540F3FF46AAF42E7B0F5806F1DD1DF
:10507000BA6948B242FA81F18AB2BA616C4A0AEA64
:10508000020242F09F4242F4E002934202D14AF00F
:10509000004AD3E7BAF1FF3FD0D0C3F38923CAF364
:1050A00089229342CAD80AEB802AC7E7B0F5C06FBD
:1050B0002B6815D101F001020821FA60D8F86820A8
:1050C000039107F13001CDE9019100933146D36995
:1050D000404642460EF054FD06460028AED003E797
:1050E000C1F30A0240F2FF518A42A7D10821D8F841
:1050F0006820039107F13801CDE901910093D3694C
:105100003146424640460EF03BFD54301BD0012351
:105110003B6193E77B6A03D19A465346A2466FE709
:10512000444A8AEA03010A4052B1022EF5D1CAF379
:105130008922C3F389218A42EFD343F0004AECE786
:105140004FF0FF3AE9E70023F8E60021A97523B301
:10515000D8F868108869B2FBF0F300FB1323E3B9B9
:105160003B69D3B14FF0FF333B6407F14003029337
:10517000BB6B4046CDE90023CA692B6841460EF05F
:10518000DBFD20B110F1540F01D00446B1E6D7E9A0
:105190000F32981A43424341AB75294608F13C004F
:1051A0000EF0BBFC90B1D8F83C30C4F38922C3F3B5
:1051B00089239A4204D144F000447B6F43B912E042
:1051C000611CFAD09A4288BFA4F580647B6F3BB122
:1051D000AA8AC4F38923934228BF13467A6F1380A7
:1051E000002CBFF686AEAB8AC4F38924A34294BFD9
:1051F00000246FF001047CE66C468CB004AA0E48D3
:10520000536250614FF400730C481385906140F273
:105210006A500B4BC2E907014FF45151094842F85B
:10522000103F0EF006FEA5466FF0530461E600BF86
:1052300000FC0F0000FCFF7F18F3020042F30200A5
:1052400006000001788C02002DE9F04F8DB0069326
:10525000036A15688B61436A8046CB612B780E46E2
:105260000492002B00F08880464CC4F30A53022BB2
:10527000059304D12846444912F058FB05442846BA
:10528000414912F011FB0128074606D12B782E2B3D
:105290000CD105F1010A5546E7E7022806D102467E
:1052A0003A49284612F0E3FA002865D005EB070AD0
:1052B000D1464FF0010B4846334912F037FB814489
:1052C0004846314912F0F0FA0246C8B1012805D12A
:1052D00099F800102E2910D19144ECE702280CD146
:1052E00007902A49484612F0C2FA079A28B9BBF13A
:1052F000010BF1D109F1020ACDE70BF1010BEBE74C
:105300002B78002B34D0049B1D60059B022B36D1DB
:1053100040F2FF33C4F389249C4206F118091BD1E3
:105320000DF1240B1A4B4A460293069B3146CDE9F8
:10533000007340464FF0F043CDF80CB0CDE909853D
:105340000B97FFF74FFD041E12DBA4D1F37D002B5A
:10535000E8D16FF001040BE00E4B314643EA8423A1
:1053600040460D4ACDF800900EF0BFFC041ED7DA7F
:1053700020460DB0BDE8F08F6FF01504F8E76FF030
:105380001304F5E700FC2F007DDA020023D80200A9
:10539000F93D02000800002000FC0F7080B500AF4E
:1053A0008AB06A460B4B4FF4125105930A4B0B48D7
:1053B000069341F2781307934FF40073ADF8203051
:1053C000074B42F8103F0EF034FD6FF05300BD461E
:1053D00080BD00BF68F3020042F30200788C020037
:1053E000040000012DE9F04F9046CE6A4A6B074653
:1053F000B2420C4685B05BD2B61A9E4228BF1E460A
:10540000B146DFF8B0B001F1400AB9F1000F01D1A7
:10541000304618E0216B480304D5BB6EE26BDB69B4
:105420009A421BD1CA02636B10D404F13C0202926F
:1054300004F13802CDE900325146D4E90A23384656
:105440000EF048FD30B105B0BDE8F08F6FF00102FD
:10545000C4E90E23216B41F480212163BB6EE26B12
:10546000DB6901929D1A4D4528BF4D4611F480110C
:10547000CDE9028515D0A28838464BEA82220092F7
:1054800004F108015246FFF751FC0028DBD1636BA1
:10549000A8442B446363E36BA9EB05092B44E36346
:1054A000B3E7A26B3846009252460EF069FBECE778
:1054B0000020C8E7000010202DE9F0470123144622
:1054C00000228CB0C4E90623194B08AD06460F46EE
:1054D0000FCB85E80F00DFF85C80DFF85C9004F10B
:1054E000180A50460EF0E7FA10B16FF0010018E00C
:1054F000294620460EF0EEFEB0B93B6852460693B0
:105500007B682146079305ABCDE90283CDE9009086
:105510000A4B30460596FFF765FC0028DFD0831C58
:10552000DDD00CB0BDE8F0876FF05300F9E700BFA5
:10553000CC8D0200033D020008000020FF03F07F35
:105540002DE9F04F95B004460D46164600211C2269
:105550000CA8059312F07CF9012340F2022A139360
:10556000484B0DF120080FCB88E80F0012A80EF071
:10557000A2FA20B1A76A002F54D1384640E0414634
:105580000CA80EF0A7FE002879D130461299A84742
:10559000002835D130461399A84788BB204612AA67
:1055A0000CA90EF049FC58BB8146DFF8DCB0374F40
:1055B000BDF844201FFA89F39A42D7D906AA0BEA0C
:1055C000892300922046324A3B430CA90EF08DFB02
:1055D000002804DA831C13D109F10109E8E7BAEBCA
:1055E000105F4FEA10530ED1079B22460093002113
:1055F0002046CDE90156069B0EF0B5FC0028EBD005
:1056000015B0BDE8F08F059A002AE5D0B3F5007F0C
:10561000E2D130460699A8470028F1D130460799D3
:10562000A847EBE7BB79012B01D03F68A3E73B6BB1
:1056300003F48813B3F5803F13D03B6B03F490134E
:10564000B3F5003FF1D1CDE901567B6B22460093C3
:105650002046BB6B07F140010EF085FC0028E4D02A
:10566000CEE7CDE90156FB6A224600932046BB6A8D
:1056700007F140010EF077FC0028DED0C0E76FF0A4
:105680005300BDE7CC8D020000FCFF0308000020A2
:1056900000FC0F7038B5C26D436D00251344C26E17
:1056A0000446B3FBF2F102FB1133826E4365C5651C
:1056B000D36A016EDB008B4294BF83658165D26A39
:1056C0002946406E12F0C4F80123224620460449C0
:1056D000FFF736FF18B1E36EC4E91655236638BDEF
:1056E000373B0200B0B504460D4600AFA16DE36D37
:1056F0008B4224D3226E002A4BD1626D1344E26E9A
:105700006C46B3FBF2F18AB002FB11336A462549BD
:10571000254805912549069140F2C221CDE907139C
:105720004FF40073ADF82430214B4FF4315142F85F
:10573000103F0EF07EFB6FF01B00A54621E0606E6F
:10574000DA08825C03F00700C240D2071BD4626D06
:105750001344E26EB3FBF2F102FB11332B60A56D33
:10576000E36D226E0133013AAB42E365226616D245
:10577000616EDA08885C03F00703D84010F001007E
:10578000EED1BD46B0BD0133E365236E013B236618
:10579000ADE72046FFF77EFF0028A7D0F1E7002005
:1057A000EFE700BF8BF30200788C020042F30200A7
:1057B000050000012DE9F04F04460D4687B0204654
:1057C00005A9FFF78FFF064658B9DDF81480A06ED3
:1057D00041460EF007FC0646002853D010F1540F46
:1057E00056D0304607B0BDE8F08F2A6B0DF1130A92
:1057F00012F4801FCDE9017AA3EB0703CDF80C90DA
:105800001CD0AA882449204641EA8222009205F150
:1058100008015A46FFF78AFA70B90123224620464A
:10582000CDE902A9CDE9008704F110010EF090FC4A
:1058300060B110F1540F2BD00646D2E7AA6B59463F
:105840000092204622460EF09BF9E5E70137EB6B0C
:10585000BB42CAD8A36EE1699A6AE86C11F0D2FF24
:10586000236904F110012B6463696B64A369AB6461
:10587000A06E0EF0B9FB2B6BC5F8388043F40033F3
:105880002B63AEE707464FF0010905F1400BDEE759
:105890004FF0FF33236192E700001020002307B58B
:1058A000044901AA0193FFF74BFE00B9019803B028
:1058B0005DF804FB773B02002DE9FF41144601230C
:1058C00000226D46C4E90623124B06460F460FCB55
:1058D0008DE80F0004F1180840460EF0ECF810B106
:1058E0006FF0010010E0294620460EF0F3FC70B97D
:1058F000394640460EF0E9F830B14246214630467E
:105900000EF09AFA0028E7D004B0BDE8F0816FF0FD
:105910005300F9E7CC8D02002DE9F04F0D46816E62
:105920006A688B69C96914325F1E8A4294BFBF18C6
:105930007F184FF0000AB7FBF3F70446D1466FF02B
:10594000030B5F438BB06E68BE4219D34FF0FF323A
:105950002B690892A9EB0302CDE9003208AE02964A
:10596000214620462B6809F104020EF0E5F90028D3
:1059700047D1089B534500F0B2806FF0530040E0E0
:1059800040F2FE32ABEB06033B440436934294BF35
:10599000F618B618BE424FF0FF0335D38DF81F300E
:1059A000A26ED2E90632D21AB24236D30122039253
:1059B0000DF11F02CDE901622A6800210092204604
:1059C00022460EF0DDF810B110F1540F19D1A36E7C
:1059D00021469A694FF0FF33099309ABCDE90123C2
:1059E000009620462B6808920EF0A6F910B110F12F
:1059F000540F06D129462046404A08AB0EF00FFC52
:105A000058B10BB0BDE8F08FA7F11402964228BF41
:105A10001646BE428DF81F30C2D29DF81F206B681B
:105A2000D243ABEB0308C2F3C01202F5A062B0444C
:105A300048EA0258AB6848F47F2848F4406888EA8E
:105A400003031BBA089308AB19460422E86801F067
:105A5000EFFB082208ABE860039202936B680990A1
:105A600001932B6804F11001009322460023204685
:105A700005910EF06DFB0028C3D10599B9F1000F17
:105A800004D16B68D5F80CA003F104099DF81F3010
:105A9000B7426FEA03034FEA036303F0004383EA6C
:105AA0000803AB604FF0FF336E60EB6006D9A36E66
:105AB00062699B6A1344B3423FF645AF4FF0FF3330
:105AC00022462360204600230EF008FB002898D1D0
:105AD000A06E0369984700283FF435AF91E7042290
:105AE000CDE900920296214620462B680EF024F95B
:105AF000002886D1089B002B83D03EE708FCFF5F7F
:105B00002DE9F04F99B008AFC7E90132B7F870300E
:105B10000446FB60836E0D465A6A8B68002A03F1C7
:105B20000103B7F86C908B601BDC4FF00008002677
:105B300000234FF0FF326968C7E90B32C7E90D2334
:105B4000A06EB962C36C002B4ED0083BFB630EF015
:105B500049FA00284AD010F1540F40F0D38046464D
:105B600011E0013242F00102B3FBF2F102FB11330A
:105B7000002BDAD10126284607F12801BB62FE621C
:105B80000DF0A3FF58B34FF0FF334FF000084FF074
:105B9000010A2846236107F12801C7E90A8A0DF0A6
:105BA00094FF002840F0B2806C468AB06B6808AA67
:105BB0005D495E4851615E49916140F63D01C2E92F
:105BC00007134FF4007393845A4B4FF4325142F849
:105BD000103F0EF02EF9A5466FF01B0092E0B04684
:105BE000A5E780465646A3E7C369AEE707F1280A52
:105BF00004235146204605F108020EF0F1FA002870
:105C0000A9D107F11403C7E9054A07934A4B024695
:105C10000693C9F100031BB20593FB682046CDE94A
:105C20000393464B02937B680193BB680093B96E64
:105C30004FF0FF33FEF72CFF00288CD105F118013F
:105C400008460DF038FF68B9EA7D0B463C4902F57D
:105C5000C06241EA0252204651460EF0E0FA0028A6
:105C60007FF479AF0023C7E907337B624EB904F1B3
:105C70003C0107F11C000DF043FF04F130010DF071
:105C80003FFF04F1480B07F11C0059460DF038FFA7
:105C9000FB6902466FF3090329462046FB61FEF7C4
:105CA00083FE78BBD7E9073213437A6A134309D0DE
:105CB00051462046234A07F11C030EF0B0FA002893
:105CC0007FF449AF51462046FFF726FE00287FF4B7
:105CD00042AFD5E90032C5E90023FB68A3EB09090F
:105CE000FB6AA5F81490EB603B6B2B61A064CBE9D9
:105CF000010036B904F13C03303494E8070083E82E
:105D0000070030464437BD46BDE8F08F2046291DC8
:105D1000FFF7E8FC00283FF464AF10F11C0FF1D14D
:105D2000002E3FF459AF03E7AAF30200788C02007B
:105D300042F3020005000001C942020000FC0F40CE
:105D400008FC0F000CFCFF7F2DE9F04F40F2FF4CE8
:105D50000D469B46002140F2014499B008AFFA601D
:105D6000BA6ED7F86C80064603EBC200984240F04A
:105D70009E80002940F0BE80AB7D002B40F0D48097
:105D80004FF0FF333361B5F814904FF00008A9EBE2
:105D9000080ABAF1010F00F26D81B8F1000F2BD0A3
:105DA0001FFA88F8CDE9018900955A462946304600
:105DB000BB6E0EF018FD0446002800F0488110F17B
:105DC0001C0F70D1D5E900136C468CB008AAA1480D
:105DD000536250614FF400739F481385906140F601
:105DE00091009E4BC2E907014FF452519C4842F882
:105DF000103F0EF01EF8A546B36E5A6A002A46DD23
:105E0000AB680132013342F00102B3FBF2F102FB55
:105E10001133002B3BD14FF00108284607F1280130
:105E2000BB62C7F82C800DF050FE824678BB30462E
:105E3000FFF734FD041E6BDBF36E1C1BB4EBD30FBA
:105E400025D9CDE901A900955A4629463046BB6EB1
:105E50000EF0C9FC0446002800F0438110F11C0F2D
:105E600021D16C468AB008AA7E4B4FF4125153617F
:105E7000794B7B48936140F6B103D3614FF40073D3
:105E80001384794B42F8103F0DF0D3FFA546002351
:105E9000CDE90053CDF808905A4629463046BB6EEE
:105EA000FFF72EFE0446002C80F2B58030E01A6821
:105EB0004FEA125EC2F30A52A24204D1AA8A013208
:105EC000AA82083352E7624504D1AA8A0121013A25
:105ED000AA82F6E70EF4E06EBEF5C06FF1D15A6803
:105EE0001268AA615A685268EA611A68C2F30052DD
:105EF000EA75E6E7AB8A002B7FF43EAF42462946BF
:105F00003046FFF7D9FC044638B1831C3FF434AF68
:105F100020464437BD46BDE8F08F98F81730002B77
:105F20003FF42AAF022476E04FF0FF312B68EA6895
:105F3000BB62C7E90D122B69B06EFA623B63C16C9C
:105F400009B30839F96307F1280807F114017E61E4
:105F5000C7F8188007914549304606910021CDE9E0
:105F60000411CDE90211B96ECDE900B12946FEF761
:105F70008FFD044648B114F11C0F3FF401AF14F13A
:105F8000540FC5D1FCE6C169DBE706F1300307F128
:105F90001C091946C7E90700786248460DF0B0FDB4
:105FA00006F13C03194606F1480ABB600DF0A8FD56
:105FB00051460DF0A5FDD7E90810FA6901436FF3CA
:105FC00009021143FA6110D04A4629463046FEF7CD
:105FD000EBFC044600289BD14B4641463046244A00
:105FE0000EF01DF904460028C5D141463046FFF7A2
:105FF00093FC04460028BED1FB6AEB603B6B2B612F
:1060000006F1300393E8070006F13C0383E807003C
:10601000B464CAE90144FB68D6F828801B68BB62F7
:10602000FB685B68FB6206F12003BB60B8F1000F00
:106030003FF46EAF08F10809484607F128010DF05A
:1060400044FD824600284ED0D8F80080EEE7C146D5
:106050009BE600BFD7F3020042F3020006000001F6
:10606000788C0200FBF3020004000001C942020028
:106070000CFCFF7F0023BB6207F1280307934F4B03
:106080001FFA88F2069353421BB2CDE904934C4B9E
:1060900003920293BB6E0022CDE900B329464FF074
:1060A000FF333046FEF7F4FC044600287FF4FBAED5
:1060B000B36EDA6C02B9DA69BAF1FE0F0ED89969DB
:1060C0004B1E03EB5203B3FBF1F34B43283A9342CD
:1060D00028BF1346BA6A9342BFF45FAE08EB5A0872
:1060E00055E6C146D3E6CC46AE46BEE80F00ACE866
:1060F0000F009EE80F008CE80F00FB68994506D062
:1061000040F2FF4140F20140BB6E9A451ED108F1BA
:10611000200AB8F80420B8F81C309A4294D398F8B2
:106120001F10002990D05046B9687B600DF0CDFC5F
:1061300018B17B68D21AA8F8042052464946304666
:106140000DF07AFE0028E4D00446E1E65BF83A3030
:10615000C3F30A528A421ED1B8F80420C3F389233C
:106160009A420AD198F80630022B03D04FF0FF3341
:10617000C8E902330AF1010AC6E7FBD998F80630EC
:10618000013A022BA8F80420F4D1D8F82830013BBA
:10619000C8F82830EEE78242ECD1B8F80420C3F307
:1061A00089239A42E6D398F806300132022BA8F8E8
:1061B0000420DFD1D8F828300133E9E7633B02003F
:1061C00000FC0F402DE9F04F05460F4691469A46D8
:1061D000866A9DB0002E5FD13E463B680CAC0493AE
:1061E0007B680DF1300805930FCE0FC496E80F00C1
:1061F00014AE84E80F004B463A4641462846CDE9A6
:1062000000A6FFF7A1FD041E71DB384604A90DF0BE
:106210005CFC48B9BC46C646BEE80F00ACE80F00BF
:106220009EE80F008CE80F00022C29D13946284641
:1062300005F14802FEF7B8FB0446002857D1149B2D
:10624000FA7D0493159B02F5C0620593944B01906F
:1062500043EA025308930123314600932846183736
:1062600008AB04AA0997FFF76FFD041E3FDB474602
:10627000B446BCE80F000FC79CE80F0087E80F008A
:106280004FF0000BDFF81C92874F012C40F0B380D9
:1062900005F1200303938DE006F10800B84201D117
:1062A000366897E739460DF010FC0028F8D1B3792D
:1062B000012BF5D1336BD902F2D5AB6EF26A9B6A32
:1062C0009A42EDD9736B3146F363EB6E28462B6629
:1062D000FFF770FA044650B9336B314623F480134C
:1062E000284633630EF082F904460028D8D02046B1
:1062F0001DB0BDE8F08F0AF1080104A80DF0E5FB20
:1063000008B9CAE902249AF80630022B07D10AF12B
:106310002C0104A80DF0D9FB08B9CAE90B24DAF85E
:1063200000A052E0012128460DF093FD314605F111
:1063300030000DF0F2FB002863D02A6BC5F838A0BE
:10634000C2F389233A40C5E90C2AC4F389229A4250
:1063500001D9A4F58064149ADDF854A00292069243
:1063600040F2FF3293420CBF002349EA8323089393
:106370000023CDE9093401930223314600932846D6
:1063800008AB06AACDF81CA0CDF82C80FFF7DCFCEA
:10639000041EACDB012C37D1C446B646A346029B93
:1063A000CDE9043ABEE80F00ACE80F009EE80F000C
:1063B0008CE80F00039904A80DF087FBDDE90C249D
:1063C00008B9C5E90824D5F828A0BAF1000F92D180
:1063D0003246284604A9FFF76FF8041EA2DAA21C71
:1063E00085D13246284604A9FFF766FA044670B103
:1063F000831C7FF47CAFBBF1000F0CBF002403248F
:1064000075E740F2FF33A6E74FF0010AE9E72B6B8F
:10641000C3F3090323B12846CAF100010DF019FDA9
:10642000314605F130000DF078FB002835D02A6B9D
:10643000C2F389233A402A630022C5E90D22149A47
:1064400017490492159A2846059240F2FF3293426A
:106450000CBF002349EA832308939DF8673000228C
:1064600003F5C06341EA0353CDE90A3802230992D8
:1064700001920093314608AB04AAFFF765FC041EA5
:10648000FFF635AFC446B646BEE80F00ACE80F00D5
:106490009EE80F008CE80F00F7E640F2FF33CEE7EE
:1064A00008FC0F000000F04FFF0300802DE9F041D1
:1064B000036B0446C3F309030F46A0B0002B52D070
:1064C00000261C22002108A811F0C2F90123002592
:1064D0008DF837300F930EA80DF0EDFA28B1002D8E
:1064E000EED1002E39D10126EBE720460EAA10A9E5
:1064F0000DF0A2FC58B99DF837300BBB204618AA06
:106500000EA9FEF7D9FF00282FDA811C5FD020B03A
:10651000BDE8F08191423ED1039A93423AE0236B69
:10652000C3F389226FF39E2323630023C4E90D3351
:1065300040F2FF339A4235D0314B43EA822332E0B6
:106540000DF1200C0DF1400EBEE80F00ACE80F007D
:106550009EE80F008CE80F00BDE7216B2046494202
:1065600049B20DF076FC0020D1E7002EE8D10DF104
:1065700008080346234A2046CDF8008018A90DF0EC
:10658000B4FB0028C3DBDDE90E31029A9A42C1D187
:10659000039B9942D4D008A904F130000DF0BDFA54
:1065A0000028BCD1002300220493174BCDF81C8097
:1065B000CDE905230223204604AA08A9FFF702FE1D
:1065C0000028A4DB032808BF45F0010583E7002E5F
:1065D000B6D0002FB4D0204604F1480210A9FEF72F
:1065E000E3F9002893D19DF85720084B02F5C062CB
:1065F00043EA0253049316AB05930123DBE700BF84
:106600000000F04F00FCFF7F08FC0F6008FC0F004B
:1066100010B5036B04469B0590B022D500F1200213
:1066200008A90DF009FC002844D1234B6A460293C7
:10663000A36E2046DB6908A90393E36E0493236FDE
:106640000593636F0693A36F07931C4B009302ABF4
:10665000019301230EF001F960BB236B23F4007357
:106660002363E36B1B0D13F4E06F06D10121204679
:1066700010B0BDE81040FFF719BF204604F14002FA
:1066800008A90DF0D9FBA8B9E36BA063C3F3892275
:10669000236B08A96FF39E23C4E90C30084B43EA2F
:1066A0008223CDE9023002AA012320460EF0D5F85C
:1066B0000028DBD010B010BD01000200180010202F
:1066C0000000F04F73B514460E4600F14802214613
:1066D0000546FEF769F970B9E27D084B02F5C06224
:1066E00043EA02530093183401236A463146284690
:1066F00001940EF0B2F802B070BD00BF08FC0F00AC
:106700002DE9F04313F0020F8BB006460D46984674
:10671000039237D1129B05F108072B6500233946F8
:106720006B63EB63EB643046C5F830802B1D03AA26
:10673000FEF78AFD041E05DAA31C1AD10398FEF7A2
:106740004DF9B0B10123AB71B36AA01C2B60B562E7
:106750005BD118F4807F0CD0039C7449204611F063
:10676000A3F8225C002A4DD1336F834213D26FF01D
:1067700023042B6B294643F4002330462B630EF091
:10678000D7F804E0FFF744FF04460028C2D02046B3
:106790000BB0BDE8F083AB886549DFF8988140EA2B
:1067A000832041EA832140F4801048EA8323CDE925
:1067B0000412CDE90604CDE90832394603233046F8
:1067C00004AA0EF04AF810F11C0F0446CFD000289E
:1067D000CFD144464FF000084FF00C092B6D9A685A
:1067E000424538D81B68002B65D0EB64B06E05F1CC
:1067F00040010DF0F9FB40F20123B3EB145F64D0CC
:106800000024C4E76FF01304B3E718F4007F40F0EE
:106810008380240D012C40F08280AB8818F4806FB7
:106820004FEA832308D043F000542B6B44F48014C8
:1068300043F480332B63CDE705F1280243F0005386
:106840000092394630463C4A43F008030DF04DFAB9
:10685000041EBFDA8DE72A6BD10705D42B6B9A078C
:106860001DD408F10108B9E709FB08F25868B5F82A
:1068700004C081188B68825C496843EA8C2302F566
:106880004072009143EA0253394630462B4A0DF0DC
:106890002CFA0028E2DA831CE0D0044669E72A6D6E
:1068A000526809FB08229168B26F91423AD843F4CA
:1068B00080332B63D5E7B36E986AF7F7EBFEE86495
:1068C000002893D16FF00B0453E72B6B6FF001029C
:1068D00043F480132B630023C4F30904AA62EC621F
:1068E0002A646B64B36E9A6AAA64002C88D040F262
:1068F000FE33934228BF1346A988EA6C43EA8123FA
:106900000092394630460C4A43F000530DF0EDF941
:10691000041EBFF675AF2CE76FF0100429E76FF087
:10692000140426E76FF01B0423E700BF7DDA0200A2
:10693000000010400000102000FC0F7000FCFF7FE2
:1069400030B597B005460DF05AFB044620B16FF004
:106950000B04204617B030BDAB6E0146DA6A686E94
:1069600010F076FFD5E91A326C65DB6A2846DB0049
:10697000C5E91742934294BFAB65AA650EA90DF015
:10698000CAFC0446002832D11B4B08AA0293AB6E06
:106990000EA9DB690393EB6E04932B6F05936B6F6A
:1069A0000693AB6F0793154BCDE90830144B28467F
:1069B0000A93144B0B93144B0C9302AB0D930323CC
:1069C0000DF04BFF044690B9034602468DF84E0089
:1069D0000EA928460DF041FF044640B9012300905E
:1069E0006A4628460EA901930DF026FA0446284669
:1069F0000DF03CFAADE700BF0100020000001040BE
:106A00000800F00F62E50200180010202DE9F047A1
:106A10009AB004AF04460DF0F2FA0646002840F0A2
:106A2000098101461C2207F1380010F011FF0123F3
:106A30007B65824B07F110080FCB88E80F00DFF869
:106A40000092DFF800A207F150000DF034F8B0B169
:106A5000236B04F1300203EBD373236304F13C0393
:106A600007CA83E80700E26EE36A2266B3FBF2F12D
:106A700002FB113363650023C4E916335CE0414631
:106A800007F138000DF026FC002840F0D0800823E4
:106A9000FB603B1DC7E90149CDE902A36A4B0190A8
:106AA00000932046694B07F1500207F13801FEF7C9
:106AB00099F9051E3CDB00F0AE8045F30905013570
:106AC00000F0A980BB6B20462362FB6B5F4A6362C8
:106AD00007F12003009307F138015D4B0DF005F934
:106AE000051E25DB3B6A190C02299AB201D1012A45
:106AF00027D96D468EB004AA56489BB250615648BD
:106B00005362906141F2BB100123C2E907010221E7
:106B1000C2E90A134FF4007344F2404113864F4B0D
:106B200042F8103F4E480DF084F9AD466FF0150560
:106B300020460DF09BF92E4630465837BD46BDE83D
:106B4000F087236B82F0010223F4007343EA4223AF
:106B50002363FB6AC3B1216F8B4214D96D468CB09D
:106B600004AA404850613C48906141F2D910C2E902
:106B7000070351624FF4007313853B4B4FF451519F
:106B800042F8103FCEE723673B6B6BB1616F8B42DE
:106B900009D96D468CB004AA344850612E489061E2
:106BA00041F2E410E3E763677B6B93B1A16F8B4223
:106BB00009D96D468CB004AA2D48506126489061D1
:106BC00041F2EF10D3E7E26FA3679A4294BFE26706
:106BD000E367A26EBB6A116A59B1994209D06D464A
:106BE0008CB004AA234850611B48906141F2FE100A
:106BF000BDE7E366796AD36999420CD06D468CB0E3
:106C000004AA1D48536250611348906141F2072065
:106C1000C2E90701AEE7204604F1300207F138016E
:106C2000FDF7C2FE054600283FF40DAF80E76FF088
:106C300053057DE76FF00B067EE700BFCC8D0200A9
:106C400062E50200F93D02000800F00F00FCFF7F42
:106C5000180010201EF4020042F302000800000198
:106C6000788C02004AF402000600000170F4020071
:106C700096F40200BCF40200E2F4020070B598B091
:106C800004460391FFF7C4FC00285CD1034603AA25
:106C9000204606A9FEF7D8FA002854DB40F2FF325E
:106CA000C0F38923934250D0A26A000D02280E92AD
:106CB0004FEA832504AE20D145F000532046244AF4
:106CC000009643F0080306A90DF00FF800283ADB00
:106CD0003246204610A90DF0AFF8002833D1159B9D
:106CE00033F47F022DD1012120460DF0B2F80EAB16
:106CF0008DF83E20ADF83C20A362002345F09F456F
:106D0000059332460123204645F4E00506A9049583
:106D10000DF0A3FD0E9BA362A8B9236BC3F3090377
:106D20008BB14FF0FF3120460DF093F806AA10A961
:106D3000FEF7C2FD38B9204610AA06A9FFF7C2FC2B
:106D400001E06FF0260018B070BD6FF01500FAE793
:106D500000FC0F702DE9F04FADB00546CDE90412EF
:106D6000FFF756FC0346002840F015810DF120097D
:106D70004946284604AAFEF767FA061EC0F20D81AE
:106D800040F2FF38C6F38927474505D16FF0150457
:106D900020462DB0BDE8F08F28460DF10E0305AA60
:106DA00010A9FEF751FA041E32DBC4F389234345D0
:106DB000ECD0484610A90CF088FEAB6A80461893C8
:106DC000A31C35D1DDF814A07A49504610F06CFDB3
:106DD0001AF800301BB1330D022B40F0E0802B6F0E
:106DE0008342C0F0DF80B8F1000F19D02B6B023462
:106DF0006FF39E2343EA872343F09F4343F4E0036A
:106E00002B63089B6B63099BAB634FD1BB460DE0C3
:106E1000A21CBDD10598FDF7E1FD0028C9D1B7E757
:106E2000BDF80E30BB42F1D807F1010B002343E05F
:106E3000330DB3EB145F4FEA145206D0022A0CBF95
:106E40006FF014046FF01304A2E7BDF80E300028B1
:106E500040F0AB809F4201D1002499E7022A25D15E
:106E6000554A0DF1880A42EA83232846534ACDF851
:106E700000A010A90CF039FF002854DB5246284628
:106E80001AA90CF0D9FF00284DD11F9B33F47F02C3
:106E900047D1012128460CF0DCFF18AB8DF86620A5
:106EA000ADF86420AB62B8F1000F9FD1BB46BDF8CE
:106EB0000E20434B43EA82230024BDF80E20229388
:106EC000404B3C4943EA8223CDE92434059B4FEAF9
:106ED000822A1846239410F0E7FC059B6FF31306F3
:106EE00027934AEA070346EA0A0643F0805306431B
:106EF00043F48013CDE928392696B8F1000F02D16A
:106F00002F4C44EA8B24002328462B9322AA0523E6
:106F100010A92A940DF0A1FC044630B1189BAB6275
:106F200036E76FF02600044632E7B8F1000F17D0BD
:106F30002B6B1A0D12F4E06F12D06FF39E23C5E98C
:106F40000C301F4BA86343EA8723CDE9063049463E
:106F50000123284606AA0DF080FC04460028DDD156
:106F6000189BAB622B6BC3F30903002B3FF474AF88
:106F70004FF0FF3128460CF06CFF10AA1AA9FEF75B
:106F80009BFC044600287FF403AF28461AAA10A9E8
:106F9000FFF798FBC7E70446FAE63446F8E66FF0D9
:106FA0001304F5E66FF02304F2E6022A7FF41EAF25
:106FB00056E700BF7DDA02000800002000FC0F70D9
:106FC0000000F04F000010402DE9F047A6B0054644
:106FD0000191FFF71DFB044688B9AB6A28461C9354
:106FE00001AA0DF102031EA9FEF72EF9831C044627
:106FF00009D1DDF804804046FDF7F0FC40B9204699
:1070000026B0BDE8F0870028A8BF6FF01004F6E7AF
:1070100040463D4910F048FC2B6F0646834270D332
:10702000EB6E04AF394628462B660DF074F9044622
:107030000028E4D10CAC0DF1780CBCE80F000FC4B3
:107040009CE80F0084E80F000DF1480A9DF84730D6
:10705000002B4DD1DFF8B49001233946284602AA0F
:10706000CDE9029A0DF0F9FB04460028C7D19DF83E
:107070008F30D3B1012128460CF0EBFE1CABAB6284
:1070800014AA01230CA98DF87640ADF87440CDE91F
:1070900014970DF0E2FB1C9B0446AB620028AED1B6
:1070A0004FF0FF3128460CF0D4FEBDF80220184BFB
:1070B00046EA822643EA8223149300231593154B54
:1070C000284643EA8223CDE918379DF88F3046F4ED
:1070D0000016002B0D4B18BF002314AACDE91A3758
:1070E0001EA90423CDE916680DF0B7FB044686E718
:1070F000524628460CA90CF09FFE04460028A5D055
:107100007DE76FF023047AE77DDA020008FC0F6068
:107110000000104008000020F0B501F1080687B01B
:1071200003920C460023314603AA0546FEF78CF86D
:1071300000282ADB030D022B29D140F2FF33C0F3D4
:107140008920984204AF15D12B6A04936B6A05938A
:107150003A46314628460CF06FFEB0B9A368A080CD
:10716000E362E368A06223630223A371AB6A236036
:10717000AC620AE0074B314643EA8023064A2846C0
:1071800000970CF0B2FD0028E2DA07B0F0BD6FF016
:107190001300FAE70800002000FC0F702DE9F04111
:1071A00015460C4606464FF484720021284610F01E
:1071B0004FFBA36A63B9284602231B4900F8083B2A
:1071C000EAF788F90120A36A0133A362BDE8F081E0
:1071D000012B22D004F1200804F10807A288A38B18
:1071E00093420BD1E07F0028F0D04246394630462A
:1071F0000CF022FE0028E9D10246A0802B46394639
:107200003046FDF7FDFB08B1831CDFD1A3880230B7
:1072100003F10103A380E1D0D4E728460223034908
:1072200000F8083BCCE700BF24D8020023D80200B6
:1072300030B50C4D0A44914200D130BD11F8013BEC
:1072400083EA000404F00F0455F8244084EA101087
:1072500080EA131303F00F0355F8233083EA10106C
:10726000E9E700BF109D0200F8B50F4614461D4621
:10727000084E30460DF073FC10B96FF08300F8BD76
:10728000B368394630461B68A2B298470028F4D14B
:107290002C60F4E76C8002002DE9F84304460D46AB
:1072A00000AFEFF31188202383F31288BFF36F8FB1
:1072B00004282A4A98BF2A4BE9468AB09668117C6E
:1072C00098BF53F820306A4688BF264BCDE9073176
:1072D00040F201332448ADF82430244BCDE90504B5
:1072E00042F8103F00234FF431512148F5F78AFF4F
:1072F000CD4645B1EB69C3F3080323B101211D4A13
:107300001B480AF011F92EB130460DF013FE08B1FA
:10731000037803B91848E9468AB06A46174B0790C4
:10732000CDE9053640F20133ADF82030144B42F878
:10733000103F00234FF411510D48F5F763FF294624
:10734000CD462046EEF75EFD88F31188BFF36F8FC0
:107350003046F6F7AFFEBD46BDE8F8838C680020E6
:10736000509D020007F5020015F50200050000011E
:10737000B88C02003DF5020030CD02005EF502003F
:107380000400000138B50A4B53F82040013053F88F
:107390002050A54200D838BD606830B1037EDB07BD
:1073A00001D40DF0C4FB0834F3E723689847FAE7EB
:1073B000649D0200012270B52E4B86B003201A7026
:1073C000FFF7E0FF01F02AFC2B4C2C4DAC4219D109
:1073D0000420FFF7D7FF2A4C2A4D2646AE4204F17F
:1073E000300415D300F026FF254CAC422CD300F01E
:1073F00035FFEEF7F3FE244A938923F001039381CE
:1074000006B070BD54F8043B002BE1D09847DDE78F
:1074100054F80C3C059354F8103C049354F8143C75
:10742000039354F8183C029354F81C3C019354F80D
:10743000203C009354E90A2354E90C0100F002FDBA
:1074400054F8303C5E65C8E7D4E90A23B3F1FF3F46
:1074500008BFB2F1FF3F05D052EA0301206803D113
:107460000DF049FE3034C0E70849183001F00AF940
:10747000F8E700BF62B40020088C0200108C020004
:10748000A48A0200A48A0200C05700201150020002
:10749000882370B5134E012203FB0066002386B0DB
:1074A000CDE904230F220193CDE9023214234FF4D6
:1074B000A0720D4D0D4903FB0055044602FB00115F
:1074C0000B4B3046009500F0BDFC337C2C7423F050
:1074D00004033374074B013403EBC423EE606B6089
:1074E00006B070BD385700208C68002070DC00208A
:1074F000F94C020070D400207FB50020FFF742FF56
:10750000294B03F5006282F3088883F30A8800247C
:10751000E023264D85F82230EC772C766C76AC761D
:1075200085F820406B6A43F4E0236B6285F82340C2
:10753000F6F7B6FCF6F7A8FD4FF0FF33AB62EB624F
:10754000F6F7A4FFF6F726FEF5F7EAFC184800F078
:10755000E3FC0120FFF716FF0220164DFFF712FF94
:1075600000F0A6FE144B4FF400525D61134B14491A
:10757000059301232846CDE90343CDE90144114B8E
:10758000009400F05FFC06462B7C284623F00403A1
:107590002B740DF009FD2046FFF77AFF314628468F
:1075A000084AF6F751FD00BF70D4002000ED00E05E
:1075B00048580020C05700208C680020D5BD02002C
:1075C000B0DD0020B573010038B5064C064DAC4265
:1075D00001D3002038BD2046D4E901120DF00CFB88
:1075E0001834F4E790070020C00700201FB5054CB1
:1075F000CDE9002302940A4600210DF0BBFA04B045
:1076000010BD00BFB909020038B5074C074DAC42A8
:1076100001D3002038BD20460DF014FB08B92034FA
:10762000F5E76FF01500F5E7500700209007002000
:1076300073B50C46EFF31181202585F31288BFF353
:107640006F8F05695DB125602B680361C3690133E4
:10765000C361002081F31188BFF36F8F11E052EAFC
:10766000030603D16FF00B002560F3E7CDE900239B
:107670000246083000F03CFD18B9034B9B685B697B
:10768000236002B070BD00BF8C680020F7B50E46C5
:1076900004469DF82010EFF31187202080F3128814
:1076A000BFF36F8F656A2069854245D22568AC4279
:1076B00019D0C5B128460DF02AFB05F118000DF0D0
:1076C000A8FD3146E268686910F09CF8002328465E
:1076D000C5F884300DF068FC04F1080039460DF05F
:1076E000C5FC002036E0E268D9B13146206A10F0CE
:1076F00089F8236AE2681344A2692362934201D1A4
:1077000063692362636A10210133636204F1280014
:107710000DF0FDFE0028DFD187F31188BFF36F8FD6
:1077200018E0E06963693146984208BFA069801A91
:10773000E06110F067F8E5E752EA03010CD0084970
:1077400004F1080089684E61CDE9002339462246DC
:1077500000F0CEFC03B0F0BD6FF02200DCE700BF0C
:107760008C680020F7B504460846EFF31186202107
:1077700081F31288BFF36F8F616A00293BD0E26802
:10778000E16910F03FF8E369E26825681344A269F3
:10779000E361934204BF6369E361636AAC4203F14E
:1077A000FF33636236D02846002D34D000270DF019
:1077B000AEFA05F118000DF02CFD6969E268206A47
:1077C00010F020F8236AE26828461344A269236275
:1077D000934204BF63692362636A01336362C5F83D
:1077E00084700DF0E1FB04F1080031460DF03EFC21
:1077F000384603B0F0BD52EA030111D00A49896846
:107800004861CDE900233146224604F1080000F02A
:107810006FFCEEE7002086F31188BFF36F8FE8E777
:107820006FF02200F7E700BF8C6800202DE9F341DC
:10783000044617461E46EFF31188202383F312886F
:10784000BFF36F8F304BC2689B6872B180689842FB
:1078500017D057EA060216D188F31188BFF36F8F4D
:107860006FF00F0002B0BDE8F08193F90E10013205
:107870002161C4E9023288F31188BFF36F8F0020C1
:10788000F0E72169F3E793F90E1090F90E30994271
:1078900030DA9942A8BF19460DF04DFA0546224646
:1078A0004146CDE90076194800F022FC0028E6D0D8
:1078B000EFF31186202383F31288BFF36F8FA06844
:1078C000D0B1236821699C420AD04BB193F90E30A4
:1078D0009942A8BF19466FF07F039942B8BF194675
:1078E0000DF029FA40B1314608480DF0BFFB6FF0AA
:1078F0000A00B7E70025D2E7002DF4D186F31188FE
:10790000BFF36F8FF3E700BF8C68002063B40020E3
:10791000F8B583680546002B40D0234A926893420D
:107920003FD1C368012B03D9013BC3600020F8BDE0
:10793000EFF31187202383F31288BFF36F8F016960
:1079400080680DF0F8F92C68A54207D10023C5E93D
:10795000023387F31188BFF36F8FE7E7002CF5D070
:10796000D4E90032002613605A60237CC4E9006623
:1079700023F002032374A66004F118000DF049FC03
:10798000AC6094F90E3020462B61C4F884600DF091
:107990000BFB394605480DF069FBC7E76FF0150092
:1079A000C5E74FF0FF30C2E78C68002063B40020C9
:1079B00070B5EFF31186202383F31288BFF36F8F26
:1079C0000468A0421BD0D4B1D4E900320025136072
:1079D0005A60237CC4E9005523F002032374A56098
:1079E00004F118000DF015FC2046C4F884500DF089
:1079F000DBFA3146BDE8704009480DF037BBD0E9ED
:107A000002329A4218BF01330221836010300DF018
:107A10007EFD0028EDD186F31188BFF36F8F70BD16
:107A200064B4002013B5EFF31181202484F312888D
:107A3000BFF36F8F846844B1013C846081F3118887
:107A4000BFF36F8F002002B010BD52EA030406D1CD
:107A500081F31188BFF36F8F6FF00F00F3E7CDE96B
:107A600000230246014800F043FBECE764B4002029
:107A7000F8B50546EFF31186202383F31288BFF390
:107A80006F8F00272C68A54219D0C4B1D4E9003209
:107A900013605A600023227CC4E9003322F0020202
:107AA0002274A36004F118000DF0B3FB6FF00A0319
:107AB0002046C4F884300DF077FA0127E2E700236E
:107AC0000221AB6005F110000DF021FD28B927B9A6
:107AD00086F31188BFF36F8FF8BD3146BDE8F840DB
:107AE00001480DF0C3BA00BF64B400202DE9FF4186
:107AF00004462027534EEFF3118887F31288BFF313
:107B00006F8FD4F88C50F5B9022104F1A4000DF068
:107B100031F9002870D004F19C050022012128468B
:107B20000DF009FB0028F8D100234FF0FF3202933B
:107B30004FF0FF334146CDE90023434804F194025E
:107B400000F0E0FCD7E7D4F890202B689542C4F809
:107B50008C3008BFC4F89030D4F8A43043F002034E
:107B6000C4F8A430EB6823F0040343F00103EB6096
:107B70006B6888F31188BFF36F8F28469847EFF33F
:107B8000118887F31288BFF36F8FEB68D80623F054
:107B900001023ED4EA60EB689A0717D5306823F0FB
:107BA0000203EB6090B10021036878B1426895420E
:107BB0003DD10368002934D172683360904200D10E
:107BC0007360002340F8083BFFF7F2FED4F8A430BE
:107BD00023F00203C4F8A430DB0530D4D4F88C3091
:107BE000003B18BF012388F31188BFF36F8F002B70
:107BF00081D000F065FB7EE7D4F8A430D90693D598
:107C0000C4F8A40088F31188BFF36F8F04B0BDE8F7
:107C1000F08123F01103EB6005F11000FFF7C8FEBF
:107C2000B9E70B607368984208BF7160C9E7014605
:107C30001BB11A6818461346B7E71A46FAE700233D
:107C4000D1E700BFAC68002065B40020F8B5C36878
:107C500004469A070E46C3F3400542D45F0742D458
:107C60000B680BB983680B60E368D80742BFA36851
:107C700002253360376858BF012557B31B4B9A68FC
:107C8000D7F888309A421ED10DF04BF980F00100F0
:107C9000C0B2D7F8A430D907C3F380021CD5F2B123
:107CA000F8B100232360D7F8903073B9C7E92344B3
:107CB00038460DF079F8E36843F00403E360336875
:107CC000A3602846F8BD0020E3E71C60C7F8904099
:107CD000EEE76FF0150506E06FF0120503E01B07F5
:107CE000DFD56FF00F0500233360EAE78C680020D2
:107CF000014601480DF0E4B8F0580020F0B5044604
:107D0000002089B00E9DC4E9230004F19400C4E969
:107D1000250004F19C00C4E9270055B32879002808
:107D200040F2011008BF0120C4F8A40000204FF069
:107D3000FF364FF0FF37CDE90330CDE90100CDE943
:107D4000066720460C4B009400F0BAF855B129683C
:107D500011B120460DF0EBF86B791BB1A38943F00C
:107D60000103A38120460DF0C6F9C4F8884009B08C
:107D7000F0BD0120D8E700BFED7A010037B50190D2
:107D80000846EFF31184202181F31288BFF36F8F2F
:107D9000C16811F01E0F16D153EA020508D101A9DE
:107DA000FFF754FF84F31188BFF36F8F03B030BD2A
:107DB00041F00801C160019910308161034900F070
:107DC00061FC0120EEE70020ECE700BF1D4E020041
:107DD00001460148FFF7D2BFF0580020F7B50C4626
:107DE00016461D460190EFF31187202383F3128876
:107DF000BFF36F8F08460CF0C8FF55EA060309D1A0
:107E0000204601A9FFF722FF87F31188BFF36F8F88
:107E100003B0F0BDE368324643F00803E360019B22
:107E20000449A36204F110002B4600F02BFC012052
:107E3000EAE700BF1D4E020001460148FFF7CEBF32
:107E4000F05800202DE9F043984685B000F1580322
:107E5000C0E91633109B002683810423073222F0E9
:107E6000070503740F9B01EB05090F468373494611
:107E7000C0E906668660C6730446F5F7D7FD0E9B1B
:107E8000073020F007006067C4E91B7502930D9B63
:107E9000A9EB000901930C9B4A46009339464346DF
:107EA0002046F6F7B5F8054B66659B6803B19B6FF6
:107EB0004846A36705B0BDE8F08300BF8C6800208A
:107EC000F0B5002587B00595109DDDE91276049583
:107ED0000F9D044603950E9D02950D9D01950C9DE9
:107EE0000095FFF7AFFFB6F1FF3F08BFB7F1FF3FC7
:107EF00005D056EA070305D120460DF0FCF82046D0
:107F000007B0F0BD3A46334604F11800014900F0CD
:107F1000B9FBF4E711500200012310B5037483810B
:107F200000230446C0E91B3300F072FE014B9C6045
:107F300010BD00BF8C6800206FF00A01094A9368E9
:107F4000C3F884100849C3F880004B6843F080539D
:107F50004B60002383F31188BFF36F8F9368D3F8CE
:107F6000840070478C68002000ED00E070B590F947
:107F70001020037C002A2FDBD9062DD11A4C63F088
:107F80007F032246037452F8183FE169934207D1F8
:107F9000C0E900210860E0610FE09942F8D01B6859
:107FA000002BF5D093F90E6090F90E50AE42F4DD3F
:107FB0005968C0E9003108605860A569954200D051
:107FC00005B9E568A3681A7CD20606D1DA897F2A4A
:107FD00003D9AA690AB9636170BDAB4202D02846D1
:107FE00000F0D2FA6561F7E78C68002038B590F9A7
:107FF00010200146002A037C04DA03F07F03037497
:108000000CF09AFF0D4D2A4652F8184FAB68944277
:1080100000D004B9EC688B4207D01A7CD20604D198
:10802000DA897F2A01D9A2692AB1A34202D0204667
:1080300000F0AAFA23466B6138BD00BF8C680020AF
:10804000B3F1FF3F08BFB2F1FF3F03D00249183040
:1080500000F018BB704700BF11500200034648B93A
:10806000EFF3058232B9064A51699268914201D014
:10807000FFF762BF83F31188BFF36F8F704700BFB4
:108080008C68002038B5184CA168E0690B68814203
:1080900014BF1A46002249680B605960A368E16961
:1080A0002AB9124AC3E900210B60E3610AE092F9A0
:1080B0000E5093F90E00854212DD5168C3E900218C
:1080C0000B605360A569094B9D4200D005B9E56876
:1080D000A3689D4202D0284600F056FA656138BD7B
:1080E0008A42DED01268DBE78C680020A46800209A
:1080F000F8B5DDE906670D4B0C46986811460C4A49
:108100001060EFF31182202282F31288BFF36F8F89
:108110009D6828460CF022FF284632463B46FFF772
:108120008FFF2046BDE8F840FFF706BF8C680020AF
:10813000B4680020F8B50446EFF31187202383F3D9
:108140001288BFF36F8F037C49B203F01F02002A2D
:108150000CBF0126002635D103F07F032A4D03749E
:108160000CF0EAFE2A46037C817363F07F030374FC
:1081700052F8183FE869934207D1C4E9002004602F
:10818000EC610DE09842F8D01B68002BF5D093F914
:108190000EC08C45F6DD5968C4E900310C605C60A6
:1081A000AC69944200D004B9EC68AB689C4202D040
:1081B000204600F0E9F96C6187F31188BFF36F8FF7
:1081C0003046F8BD9B071CD585680CF0B5FE817361
:1081D0002B689D4209D16B68C4E900531C606C6038
:1081E000EAE76A689A42F6D01B68002BF3D093F94D
:1081F0000E208A42F5DD5A68C4E9003214605C60E2
:10820000DAE78173D8E700BF8C680020034648B9DD
:10821000EFF3058232B9064A51699268914201D062
:10822000FFF78ABE83F31188BFF36F8F704700BFDB
:108230008C680020EFF31181202383F31288BFF3B1
:108240006F8F054B9A68D37B013BD37381F3118801
:10825000BFF36F8F704700BF8C68002070B5EFF3DD
:108260001186202383F31288BFF36F8F0F4DAB6805
:10827000DA7B0132DA732A4652F8184F944200D062
:1082800004B9EC681A7CD20604D1DA897F2A01D9B4
:10829000A2692AB19C4202D0204600F075F923461B
:1082A0006B613046BDE87040FFF7D8BE8C68002097
:1082B000024B03F11802C3E9062270478C680020C4
:1082C00070B5EFF31186202383F31288BFF36F8F0D
:1082D0001A4CA168E0690B68814214BF1A4600225B
:1082E00049680B605960A368E1692AB9144AC3E977
:1082F00000210B60E3610AE092F90E5093F90E0041
:10830000854216DD5168C3E900210B605360A56901
:108310000B4B9D4200D005B9E568A3689D4202D091
:10832000284600F031F965613046BDE87040FFF73E
:1083300003BE8A42DAD01268D7E700BF8C680020FB
:10834000A4680020F8B550EA010306460C4603D1A4
:10835000FFF7B6FF0020F8BDEFF31187202383F36A
:108360001288BFF36F8F124D124BA8681860FFF789
:108370003DFEA868234632460F49183000F082F9C6
:10838000AA680446137C384643F004031374FFF7CD
:10839000D3FDAB68D3E90A23B3F1004F08BF002A2D
:1083A000D8D10CF06BFF201A20EAE070D3E700BFB1
:1083B0008C680020B468002011500200014B9868BE
:1083C000704700BF8C6800202DE9F8430446878978
:1083D000EFF31186202383F31288BFF36F8F037CA2
:1083E000190705D586F31188BFF36F8FBDE8F883B1
:1083F000D90943F008026FD10274A36813B1204673
:108400000CF0A2FD04F118000CF003FFA56D04F1BF
:108410005808A84511D04FF0000975B128460CF056
:1084200093FD05F118000CF0F4FE2846C5F8849081
:10843000FFF79CFDA56DA845EFD1DFF8BC80D8F80B
:1084400008309C4250D1EFF30589B9F1000918BFFB
:108450004FF00109D8F81850284A954200D00DB9BC
:10846000D8F80C50AB4202D0284600F08DF82046D8
:10847000C8F8145009F0B9F9B9F1000F02D020483A
:10848000FFF74AFDD8F808309C4230D1EFF305835E
:108490006BBBA289D20711D586F31188BFF36F8F0A
:1084A00083F31188BFF36F8F0423184602DFEFF3C5
:1084B0001186202383F31288BFF36F8F3046FFF7B6
:1084C0003BFDFB0792D5002383F31188BFF36F8F29
:1084D0000423184602DF89E703F07F0343F0080313
:1084E00003740CF029FD88E74FF00009B2E786F32A
:1084F0001188BFF36F8FE4E78C680020A468002028
:1085000048580020D3B5DDE90667089CCDE900672F
:10851000FFF7EEFD1CB1034B9B685B69236002B063
:10852000D0BD00BF8C680020027C034612F01F0201
:1085300010D10A4988420DD00949086868B1D98923
:108540007F2909D893F90E20064B1B689A42B8BFC1
:1085500000207047002070471046704738570020B1
:108560004C060020B86800200122044BC01A044BBE
:10857000C0105843034B1A54704700BFD058002016
:10858000ABAAAAAA66B4002070B50C4B0C4D1E7C99
:10859000FFF7CAFF182303FB0655044628460CF0D4
:1085A00038FE0022074B9A553CB1621E2846BDE8B2
:1085B00070400549D31700F065B870BD8C68002085
:1085C000D058002066B400206985010038B5EFF36B
:1085D0001185202383F31288BFF36F8F0F4B104A4E
:1085E0009C681068A04206D1FFF7CEFF85F3118882
:1085F000BFF36F8F38BD00211B7C1160094AD35C2B
:10860000002BF3D02046FFF78FFF0028EED0237C0D
:10861000DB0601D1FFF736FD2046E5E78C68002038
:10862000B468002066B40020024B1868984208BF66
:108630000020704750060020034B1B680BB9FAF767
:108640009BBB0020704700BFBC68002030B570B1F4
:108650000B4B5B6898420AD0036843B1D3E904210D
:10866000D0E90445121941EB0501C3E90421D0E921
:10867000003213605A600023C0E9003330BD00BFF0
:1086800050060020B3F1FF3F08BFB2F1FF3F2DE9D4
:10869000F84F0446994615461F467AD08160EFF39D
:1086A0001188202383F31288BFF36F8FB9F1000F75
:1086B000DFF8E4A020DBFFF7BFFFDAE90027013590
:1086C00049F100092D1849EBE07306464FF0010906
:1086D000C4E90453AD1843EB0707FFF7A5FF0346B2
:1086E000DFF8B8E0DEF804A0EBB9C4E900EACAF8A4
:1086F0000040CEF8044028E06FF00103DAE90012F0
:108700005B1A4FF0FF3161EB02025B1B62EB090267
:10871000012B72F10001BCBF012300224FF00009C0
:10872000C0E90432D9E7D3E9041CD4E904208A4221
:1087300070EB0C0B24DA891A5A686CEB0000C3E961
:108740000410C4E9003214605C60FFF76DFF8442DE
:108750000ED1134B1B685BB9B9F1000F02D1FFF7C3
:108760006BFF064630460CF03DFD0021FAF734FB66
:1087700088F31188BFF36F8F28463946BDE8F88F1C
:10878000521A60EB0C005345C4E90420ADD01B68BD
:10879000AAE700252F46EFE7E85800205006002002
:1087A000BC6800202DE9F047DFF8A8900246C9F820
:1087B00000000D46FFF738FF00260027DFF89880FD
:1087C0004FEAE27ED8E9001350B1D0E9044CA2424E
:1087D0007EEB0C0A1ADAA41A6CEB0E06C0E904460A
:1087E0000024521843EB0E032046C8E90023C9F8C1
:1087F00000400CF0F7FC2146FAF7EEFA85F31188F9
:10880000BFF36F8FBDE8F047FFF7E0BE611843EBA1
:10881000E473C0E90467C8E90013FFF717FF0122FA
:108820004FF00043C0E9042385F31188BFF36F8F35
:1088300083689847EFF31185202383F31288BFF3F1
:108840006F8FD9F80020121BC9F80020FFF7ECFE4B
:10885000B6E700BFBC680020E858002010B5EFF371
:108860001184202383F31288BFF36F8FFFF7E4FE98
:108870000346054AD2E90001181841EBE37184F37D
:108880001188BFF36F8F10BDE8580020F8B504467B
:10889000EFF31187202383F31288BFF36F8FD0E9A2
:1088A0000423B3F1004F08BF012A04D087F31188D5
:1088B000BFF36F8FF8BDD0E90A566A1C46F100037A
:1088C000022A73F1000334D3013D46F1FF36002E36
:1088D000BCBF00252E460CF0D5FC013041F1000153
:1088E000401946EB0101012871F1000148DB0CF051
:1088F000C9FC6FF00203013041F10001401946EB61
:10890000010183426FF000438B413EDB0CF0BAFC67
:10891000013041F100016FF00102401946EB010303
:108920004FF0FF31121A61EB030320461949FFF79C
:10893000A9FE236B01332363236A63B187F3118894
:10894000BFF36F8F20469847EFF31187202383F3FF
:108950001288BFF36F8F54F8185FA542A6D0002D80
:10896000A4D028460CF02FFB0023C5F8843087F3F1
:108970001188BFF36F8F2846BDE8F8400CF014BB98
:108980006FF001024FF0FF33CFE700224FF00043BA
:10899000CBE700BF8D8801002DE9F04105461C465C
:1089A00090461F46EFF31186202383F31288BFF30E
:1089B0006F8FB4F1FF3F08BFB2F1FF3F05D186F3DF
:1089C0001188BFF36F8FBDE8F081002C09DB012A0D
:1089D00074F10003BCBF0122002412F1FF3844F1FE
:1089E000FF3728460CF015FCDDE906010023C5E938
:1089F0000A012B6342463B4628460249FFF742FEE6
:108A0000DDE700BF8D88010070B50546EFF31184E6
:108A1000202686F31288BFF36F8F0CF0FAFB20B18B
:108A200084F31188BFF36F8F70BD6B6A63B184F3F9
:108A30001188BFF36F8F28466B6A9847EFF3118454
:108A400086F31288BFF36F8F05F118000CF0F0FA6F
:108A50000028E5D00CF0A8FA2146BDE87040014896
:108A60000CF004BB67B400201423F0B500242027C9
:108A700003FB0100134E01B9F0BD10F8073CA0F153
:108A8000140C03F03F03102B40F80C4C0CD826FAC2
:108A900003F3DB0708D550F8143C2BB150F8105CF9
:108AA0002B605D6040E9054482F31188BFF36F8F4E
:108AB000EFF3118287F31288BFF36F8F604601399D
:108AC000D9E700BF160101002DE9F74F1D46274BDE
:108AD00016469F68012387F8603087F8613052EAB4
:108AE00005030CBF0123002307F1600280460CF050
:108AF00044FC8146EFF3118B4FF0200A8AF3128871
:108B0000BFF36F8F97F860404CB901465A46404614
:108B1000FFF7AAFF8BF31188BFF36F8F0BE00023E1
:108B200087F8603056EA050309D18BF31188BFF34B
:108B30006F8F6FF00A04204603B0BDE8F08F5946EE
:108B4000CDE900650A4A0B48FFF7D2FA0446EFF375
:108B500011858AF31288BFF36F8F2A464946404633
:108B6000FFF782FF85F31188D6E700BF8C680020ED
:108B70005806002068B40020034610B5EFF31184B6
:108B8000202282F31288BFF36F8FC16001218160C0
:108B90000068834205D184F31188BFF36F8F0020F2
:108BA00010BDD0E9003213605A600023C0E90033E1
:108BB0000CF06AFC214602480CF058FAEFE700BFBF
:108BC00068B4002073B50446EFF31186202383F3C5
:108BD0001288BFF36F8F8368594003EA02050A4089
:108BE00053400022009309496B4601920CF0C6FAEB
:108BF000DDE9003223EA020304F10C003146A360F0
:108C00000CF034FA284602B070BD00BFED550200EA
:108C1000014B8367704700BF90070020014807F0B1
:108C2000D0BF00BFC3F5020007B5074B4FF4005299
:108C3000009306494FF0FF330548FFF75FF8002027
:108C400003B05DF804FB00BF7C9D0200F805012025
:108C5000F058002070B500F11C02041F002501200F
:108C6000074E56F8041B54F8043FC9435B1845EB04
:108C700005011B1841F10000A242F2D170BD00BFF6
:108C8000ECA80200F8B5064608460D460024FFF79A
:108C9000E1FF0246C117C0F1000E2046DFF82CC0EC
:108CA0005CF8043B55F824702EEA0303DB1940EB13
:108CB00000079B1846F8243004F1010441EB070239
:108CC000082C4FF00001EBD1F8BD00BFECA802006A
:108CD00038B505460C460A4628310CF038FD2830D8
:108CE0000CF042FD04F1500105F150000CF01CFDA8
:108CF00004F1780105F17800024ABDE838400CF033
:108D000066BF00BF0CA902002DE9F0410C469EB0E1
:108D1000074668460DF00DFA69460AA80DF009FAF3
:108D20000AA908460DF005FA0AAA104621460CF0D9
:108D30004EFF0AAA694668460CF049FF6946684634
:108D40000DF0F7F96A4668460AA90CF040FF69463B
:108D50000AA80DF0EEF904250AA908460DF0E9F974
:108D6000013DF9D16A4668460AA90CF030FF694610
:108D70000AA80DF0DEF909250AA908460DF0D9F96F
:108D8000013DF9D10AA908466A460CF020FF0AA95C
:108D900014A80DF0CEF9132514A908460DF0C9F951
:108DA000013DF9D10AAA104614A90CF010FF0AA936
:108DB00008460DF0BEF909250AA908460DF0B9F9D3
:108DC000013DF9D16A4668460AA90CF000FF6946E0
:108DD0000AA80DF0AEF931250AA908460DF0A9F947
:108DE000013DF9D10AA908466A460CF0F0FE0AA92D
:108DF00014A80DF09EF9632514A908460DF099F901
:108E0000013DF9D10AAA104614A90CF0E0FE0AA906
:108E100008460DF08EF931250AA908460DF089F9AA
:108E2000013DF9D16A4668460AA90CF0D0FE6946B0
:108E300068460DF07EF9694668460DF07AF92246DB
:108E4000694668460CF0C3FE69460AA80DF071F940
:108E50000AA9224608460CF0BAFE14A80CF059FCE8
:108E600014A920460DF0C5FD044614A80CF055FCCD
:108E700014A90AA80DF0BDFD14A9804608460CF0FF
:108E80005CFC0AA80DF0B5FD1449064614A80CF0C8
:108E900054FC01460AA80DF0ACFD0546694638466B
:108EA0000E4A0CF094FE46EA050282F00102694681
:108EB00038460CF07EFC282168460DF017FD0DEBBE
:108EC00001000DF013FD14A80DF010FD44EA080494
:108ED00044EA06001EB0BDE8F08100BF5CA90200B4
:108EE000F0B5C7B006460F466846114601221C463B
:108EF0000CF070FC0AA80CF010FC14A80CF009FC93
:108F000069461EA80CF010FC28A80CF006FC0025F1
:108F1000013C214638460DF0DAFA2A461EA94240A5
:108F200005460AA80CF02DFC28A914A80CF029FC71
:108F300028AA1EA932A80CF017FC0AA914AA3CA85A
:108F40000CF012FC08460CF002FC28AA1EA914A87A
:108F50000CF0FDFB0AAA32A928A80CF038FE14A9CF
:108F60003CAA08460CF033FE3CA932A80DF0E1F80B
:108F70000AA93CA80DF0DDF814AA28A91EA80CF037
:108F8000E6FB10460CF0F0FB32AA3CA90AA80CF054
:108F90001EFE3CA9084632AA0CF0E6FB14A90846BE
:108FA0000DF0C7F8244A3CA928A80CF027FD1EA9FB
:108FB00008460DF0BEF832A9084628AA0CF0C7FBF7
:108FC000694614AA28A80CF002FE32AA3CA914A8EB
:108FD0000CF0FDFD013C9CD22A461EA90AA80CF00B
:108FE000D0FB28A914A80CF0CCFB14A908460DF05E
:108FF0001BFD0AA914AA08460CF0E9FD30460AA98F
:109000000DF07CFC282168460DF070FC0DEB010092
:109010000DF06CFC14A80DF069FC32A80DF066FC94
:109020001EA80DF063FC28A80DF060FC3CA80DF014
:109030005DFC47B0F0BD00BF42DB01002DE9F04F01
:109040009DB00C4601900021642203A80DF10C088C
:109050000EF0FEFB00264146DFF8C8E004F13C0AB2
:10906000251FAC46084600225EF8047B4FF0000B3B
:1090700003685CF8049FE7FB093B9B184BF1000277
:10908000E24540F8043BF1D10136092E0A6401F1B2
:109090000401E5D10021202203A80EF0D9FB002114
:1090A00003AB00209C460646D3F84090DFF878E0FA
:1090B000C1F108074FF0000BDCF800205EF804ABAC
:1090C0000130E9FB0A2B92194BF10006B8424CF82B
:1090D000042BEFD10131082903F10403E1D101216F
:1090E00000201C34D8F8002055F8043FD2439B18C8
:1090F00040EB00025B1842F10001AC4248F8043B2F
:10910000F0D103A90846FFF7BDFD0822019803A985
:109110000CF0C6FA642103A80DF0E8FB1DB0BDE811
:10912000F08F00BF889D0200ECA802002DE9F041FD
:10913000044600F128060122304604F1500804F1EB
:1091400078050F460CF046FB40460CF0E6FA314637
:1091500028460CF0EEFF29462046184A0CF037FD51
:109160004246294628460CF0FFFA204621460CF0DC
:10917000EEFA294622460CF02AFD21462046FFF74A
:10918000C3FDB8B12246294620460CF020FD2046FA
:109190000DF064FCFB7FB0EBD31F03D121462046CA
:1091A0000CF0CBFA2846324621460CF010FD002088
:1091B000BDE8F0814FF0FF30FAE700BF34A90200AC
:1091C0002DE9F0410446E6B004AD2E4B2E4A284668
:1091D0000DF0B9FC20A80CF0A0FA2AA80CF09DFA1A
:1091E00034A80CF096FA20460DF09FF91F23DFF803
:1091F0009C802046CDE901530CAA16AB20A9CDF8DE
:1092000000800DF0FEFA9F23214FCDE90153204647
:10921000009716AB0CAA20A90DF0F3FA1E262146E2
:1092200020463EAA0DF03EFA2046CDE9015616AB87
:109230000CAA20A9CDF800800DF0E3FA06F1800316
:10924000CDE901532046009716AB0CAA20A90DF0DA
:10925000D8FA013EE3D20CA828210DF047FB3EA826
:10926000A0210DF043FB16A828210DF03FFB20A8FC
:1092700078210DF03BFB202128460DF037FB66B02E
:10928000BDE8F0813AF702005AF702006CA1020033
:10929000AC9D02002DE9F0470D46ADF5846D00F15F
:1092A0002009B8AF494604469046384608220CF0DB
:1092B000EAF9294618A8FFF739FF28B14FF0FF3027
:1092C0000DF5846DBDE8F087214640A8FFF72EFF1D
:1092D0000028F3D13846FFF7BDFC0028EED190AA54
:1092E00018A968A80DF0DEF9384618A9FFF7F0FCB8
:1092F0003A4668A990A80DF02AF990A9E0A8FFF7CE
:10930000E7FCFC22114640460DF0E1F808B9013AAD
:10931000F8D14FF6FF71FC240132D2B28DF80B2048
:10932000ADF808108DF80A10214648460DF0CFF828
:1093300008B9013CF8D14FF6FF710134E4B2944210
:1093400018A88DF80F40ADF80C1038BF14468DF8F2
:109350000E100DF0EAF8DFF810A118A9084668AA67
:109360000DF0A0F943462246032102A80DF0EDF9C5
:109370004B460646052103A80DF0E7F9002E0546E9
:1093800037DDA022761002FB067218A908460DF000
:10939000DEF8002D4CDD78226D1002FB05A20EAB2D
:1093A000009304AB18A908460DF029F9013CD4D26A
:1093B00040A990A8FFF78CFC18A9084690AA0DF0C8
:1093C000C6F818A9084640AA0DF06CF918A9084675
:1093D00040AA0DF067F918A9084640AA0DF062F9F5
:1093E00018A968A80DF04BFB204968A80DF075FA84
:1093F00066E7CED06FF09F0106EBD67676104E432F
:109400009AA8B9190CF090F906F12801394490A8EE
:109410000CF08AF906F150013944A4A80CF084F943
:1094200006F178013944AEA80CF087F990AAACE7B0
:10943000BCD06FF0770305EBD5756D1005FB03A568
:109440009AA829460CF070F905F1280190A80CF0B3
:109450006BF905F15001A4A80CF06FF90EAB009365
:1094600090AA04AB9EE700BF2CA502007AF7020089
:1094700010B5044694B00AA801220CF0ABF90AAA70
:1094800068460E490CF063F910460CF06DF9114670
:109490000DF0CAFA0AAA694668460CF098FB6946BC
:1094A00020460DF02BFA282168460DF01FFA0DEB2F
:1094B00001000DF01BFA14B010BD00BF84A902001A
:1094C0002DE9F04F0368A7B00E934368DFF8FC81E5
:1094D0000F93836800F138091093C36811930369EF
:1094E00012934369139383691493C3691593036AB1
:1094F0001693436A1793836A1893C36A1993036B8D
:109500001A93436B1B93836B1C93C36BDDE916BAF1
:109510001D9300F13803229300F1B8030C931C9BB8
:10952000DDF874E00B931A9B08931B9B0993189B1F
:109530000693199B0793149B0593159B0A93129B03
:109540000393139B0493109B0193119B0293DDE9FA
:109550000E6300934FEA9A324FEA9A4444EA8B34FE
:1095600042EA8B4262404FEACA5444EA5B244FEA23
:109570009B314FEA9B4C4CEA8A3C624041EA8A416B
:1095800059F8084F4FEACB5381EA0C0143EA5A23BA
:109590004B40D9F80410D8E900753C1945EB01059A
:1095A0001919089B42EB050223EA0B07099B079D4B
:1095B00023EA0A04069B0AEA05050BEA03037B403B
:1095C000CB180B9984EA050442EB04025B1800995E
:1095D0004FEA86744FEA167545EA011544EA91048C
:1095E0004FEA81774FEA117141EA061147EA96077F
:1095F00087EA0107009984EA05044FEA466545EACF
:10960000D1154FEA416141EAD61184EA050487EA9F
:109610000107039D01994EEB020281EA050E0299B2
:10962000049D0EEA060E81EA050C0099039D0CEAE2
:10963000010C019908F1080829400B91029D049939
:109640000D400B998CEA05058EEA0101611847EB84
:109650000504059DDDF824E013EB050C0A9D42EBA3
:1096600005055B18039942EB0402059104990A91E0
:1096700008990B910C99494540F0898114490C9146
:1096800000210B910B9910310B910C990D9122999E
:1096900005910899209109992191069908910799B6
:1096A000CDE906BA09910399E3461E910499AA46A9
:1096B0001F9101990196039102991E460491009908
:1096C000009202916FF001010A9103E0188E0200EE
:1096D000908E02000A9901F00F04083400EBC401D7
:1096E000496850F834704FEAD1484FEAC10E48EA51
:1096F00047384EEA577EFC0C4FEAC70988EA0E0E3F
:10970000BF0949EA517944EA413447EA81678EEA60
:10971000911E059984EA0904674051F8084F0591A4
:1097200049683F194EEB010E0599C1E9007E0A997F
:10973000A1F10D0404F00F04083400EBC401D1F8CA
:10974000049050F834804FEA590141EAC8712391DE
:109750004FEA182141EA096124914FEA192141EAAF
:10976000086125914FEA5804249944EAC97461407C
:109770002491259C23994FEAD8184C402146249CDB
:1097800048EA496884EA0804E41981EAD911059F86
:109790004EEB0101C7E900410A9F4FEA9C38A7F14F
:1097A000050E0EF00F0E0EF1080E00EBCE0750F86E
:1097B0003EE07F6814EB0E0441EB0701059F4FEA82
:1097C000953EC7E90041AF0C47EA8C374EEA8C4E14
:1097D0008EEA070EEF0547EA5C278EEA070E089F20
:1097E0004FEA9C4949EA853927EA0C0748EA854847
:1097F00088EA090823974FEACC59099F49EA552975
:1098000088EA090827EA0509069F0CEA070C079F62
:109810003D40239F89EA050587EA0C07DDF834C03F
:1098200018EB07074EEB050E5CF8085FDDF81080BB
:10983000CDF834C0DCF804C07F194EEB0C0E3F1994
:10984000209C41EB0E013F19219C4FEA127544EB1D
:1098500001014FEA837E1C0FCDF88CC04FEA827C59
:109860004EEA920E4CEA930C44EA021445EA0315C0
:1098700084EA0E0485EA0C054FEA436E4FEA426C17
:109880004EEAD21E4CEAD31C84EA0E0485EA0C058B
:10989000DDF80CE0DDF804C08CEA0E0CDDF808E021
:1098A0000CEA030C8EEA080E0EEA020E019B039AE4
:1098B0001340029A8CEA0303E31802EA08021E9C92
:1098C0008EEA020245EB020217EB040C1F9CCDF856
:1098D0007C8041EB0405FB1841EB02020A9901313F
:1098E0000A9103991E9108992091099921910A9949
:1098F0000E295ED10C9980310C910B9940297FF48F
:10990000C1AE0E99CB180F9941EB0202C0E90032AB
:10991000109B009A9E19119B029943EB0203C0E928
:109920000263019A129B9B18139A42EB0102414673
:10993000C0E90432039A149B9B18159A42EB01026A
:10994000C0E90632169B179A13EB0C0342EB050590
:10995000C0E90835189B199A13EB0B0342EB0A0276
:10996000C0E90A32069A1A9B07999B181B9A42EB88
:109970000102C0E90C32089A1C9B09999B181D9A98
:1099800042EB0102C0E90E3227B0BDE8F08F069924
:1099900008910799CDE906BA09910199E346039127
:1099A0000299019604910099AA461E4602910092DE
:1099B000D0E5069908910799CDE906BA0991019970
:1099C000E34603910299019604910099AA461E4626
:1099D000029100927EE600BF054B5A78022A04D11C
:1099E0001878C31F5842584170470020704700BF85
:1099F000C06800200E4B0340B3F1607F06D1B1F583
:109A0000885F0CBF00206FF086007047B3F1707F55
:109A10000BD101F4E043B3F5005F06D111F4E06F20
:109A200014BF00206FF0860070476FF0860070470B
:109A30000000C07F8A42F8B506460D4600F0D2808D
:109A40006C4B22F4FF7121F00101994222F0FF07D3
:109A50000FD003F588539F420BD022F47F7121F081
:109A60000301A3F57063994203D003F5A0639F42FD
:109A700027D1604B25F4FF7121F00101994210D0EC
:109A80005D4925F0FF038B420BD025F47F7020F059
:109A90000300A1F57061884203D001F5A0618B42FB
:109AA0000FD115F0FF000BD0544B40F000709842DE
:109AB00040F09A8082EA0500FF288CBF0020012038
:109AC000F8BD05F0FE43B3F1A06F11D102F0FE43E3
:109AD000B3F1A06F71D182EA050333F47E136CD128
:109AE0002C046AD5C5F30540C2F305429042E4E771
:109AF000B3F1407F61D102F0FE43B3F1407F5CD10E
:109B000082EA050030F47E1457D131462846FFF72B
:109B100071FF002868D13A4912F47C1001EA020171
:109B200016D0B1F1607FC2F3054335D1D1B241F017
:109B3000007101F17E410339102901D8314C645C78
:109B400015F47C1F2ED19C4214BF00200120B7E7E2
:109B5000B1F1607F0AD1D3B243F0007303F17E43C9
:109B6000033B102B44D82849CB5CDFE7B1F1707F71
:109B700016D106F4E043B3F5005F37D10123C6F3F5
:109B800002218B4006F4E041B1F5005FD8D10124F9
:109B9000C6F30226B440D3E7B1F1707FD0D1F1E72C
:109BA0000346CDE718B9C5F30541A1421AD02904EF
:109BB00003D5C5F3054098427FE725F47F03B3F151
:109BC000106F0AD102F0FE43B3F1106F0CD10F48B1
:109BD000104040F01060A842B6E70D4B9D4203D103
:109BE000AF42B1E701206BE7002069E70346C9E710
:109BF00003469BE70002000600130006FF00000278
:109C00000000C07F9AF702009AF702000000FFF6FA
:109C10000001000A37B505460C46FFF7DDFE78B1B6
:109C200000230A4601932946074801ABFDF71CFBB8
:109C300020B9019BA34218BF6FF0930003B030BD61
:109C40006FF08800FAE700BFC46800202DE9F843F0
:109C5000884617461C4600F0DFFA0546002844D126
:109C6000D8F80060B6F8009009F4E043B3F5804FEF
:109C7000B36808BF27F0010737EA03032DD1A4B367
:109C8000244B24F4FF7222F001029A4210D0224A9F
:109C900024F0FF0393420BD024F47F7121F00301E1
:109CA000A2F57062914203D002F5A06293421FD1E7
:109CB00014F0FF0304D0194A43F0007393421ED0FE
:109CC00022464846F168FFF7B5FE074668B92246C6
:109CD00048463169FFF7AEFED0B96FF08405002326
:109CE0003046C8F800300DF084FB2846BDE8F88304
:109CF00004F0FE43B3F1407F04D12304E0D56FF0BC
:109D00008605ECE7B3F1A06FF7D0044B9C42D6E791
:109D10003D46EAE70002000600130006FF000002CD
:109D200038B500F0FE43B3F1407F04460D4602D043
:109D30006FF0860038BDFFF75DFE0028F8D114F4FF
:109D40007C1F18D0C4F30543032B137022D9224A79
:109D50002240B2F1607F31D1E4B244F0007404F1EA
:109D60007E44033C102CE3D81C4A125D9342DFD89A
:109D7000202BDFD90EE0184B2340B3F1607F0FD1C9
:109D8000E3B243F0007303F17E43033B102B04D98D
:109D9000002313706FF08500CCE71149CB5CD3E74B
:109DA000B3F1707FF4D101F4E043B3F5005FEFD17C
:109DB0000123C1F302218B40DBB2C5E7B2F1707F12
:109DC000B6D105F4E042B2F5005FB1D10122C5F38E
:109DD0000225AA40CAE700BF0000C07F9AF7020030
:109DE0009AF702002DE9F04F00249B4601F0FE4354
:109DF0008FB0B3F1806F0F46DDE918689246DDF849
:109E00006890099474D10B464FF4807209A9FFF74A
:109E10001DFF054600286FD1099B1B8803F4E04213
:109E2000B2F5005F1CD113F4E06F19D0374927F465
:109E300080728A420AD001F500718F4206D03449FF
:109E40008F4203D0A1F53F418A4209D10124C3F3D7
:109E500002239C40102C0ED900266FF0830530E0C1
:109E600042F20402934202D12A4B9F420DD02A4B68
:109E70009F420CD10D24A04540D321460AA8FFF7EC
:109E8000C9FE054620B100261BE00C24F3E70024A0
:109E90000998026C00F1200146B33519D0F804C0CE
:109EA000A8EB04035FEA1C2C23D1CDE905390AABEA
:109EB000CDE903B50093CDE9014A3B460DF0E9FA3F
:109EC000054609980DF095FA0746DDB9D8B924B1D1
:109ED000224630460AA90DF095FCD9F800301C4402
:109EE0003846C9F800400FB0BDE8F08F3546D5E7D9
:109EF00026466FF08605E4E72646E2E700266FF087
:109F00008905DEE72F460024EAE700BF0010C00401
:109F100000FF4004000180040013C0042DE9F0415B
:109F20001F46002388B0079301F0FE43B3F1806F12
:109F30000C469046109E18D06FF0860507980DF0DD
:109F400058FA002814BF0146294608462C4B1A68C7
:109F50004A4053085B42524213433268DB1722EAFD
:109F60000302326008B0BDE8F0810B464FF4007286
:109F700007A9FFF76BFE05460028DFD10798038885
:109F800003F4E042B2F5005F17D10121C3F30222CE
:109F900013F4E06F01FA02F10FD01A4D24F480722D
:109FA000AA4215D005F50075AC4211D0164DAC4251
:109FB0000ED0A5F53F45AA420AD042F204029342D0
:109FC00002D1124B9C4218D0114B9C4202D10D2160
:109FD000B942B1D84368026C1B0A00F12001ABD131
:109FE0000F9B049603930E9BCDF80080CDE901737F
:109FF00023460DF09CFA0546A0E70C21E8E700BFD8
:10A00000106D00200010C00400FF40040001800417
:10A010000013C00410B5114C2378580744BF03F057
:10A02000FB032370990705D500F096F8237823F0F9
:10A030000203237063781BB10023094A63605360F5
:10A04000002308210648637000F02EFD2378DA070C
:10A0500044BF23F00103237010BD00BFC06800207F
:10A06000C468002038B5FFF7B7FCD8B9124C237884
:10A07000DA075CBF43F0010323709D0707D400F0AB
:10A0800063F82378054643F00203237088B96278A9
:10A0900032B9D90704D5094962604A600222627068
:10A0A000580702D50025284638BD43F00403237025
:10A0B000F8E7FFF7AFFFF6E7C0680020C4680020AC
:10A0C00000F140420F2A30B50CD844241D4B04FB4C
:10A0D00002331A7E022A02D15A69824226D06FF0D8
:10A0E0008B001CE06FF04043421E9A420ED2154A8C
:10A0F00000241346157E022D02D15569854212D0E7
:10A100000134102C02F14402F4D1E8E700F10043DD
:10A1100003F58033B3F5704FE9D36FF0870030BD9E
:10A120006FF09600FBE7442202FB04331A7E022AFA
:10A13000F6D1DA69501CF3D00132DA6100200B60ED
:10A14000EDE700BFCC6800200122024B002083F81D
:10A1500040247047CC6800202DE9F0410A4C0025CE
:10A1600026464FF0010803272046C4F81C802776B6
:10A1700001350DF003F8102D04F14404F4D100234F
:10A1800086F84034BDE8F081CC680020F8B5214D58
:10A19000064695F840340F46002B35D000242B4658
:10A1A0002246197EF9B13CB9022905D1D96919B9FC
:10A1B0001979002918BF1C460132102A03F1440303
:10A1C000EFD114B96FF08C000BE0237E022B04D189
:10A1D000E3695A1C1CBF0133E36120460CF0CEFF3B
:10A1E00010B100240EE01C46237E83B901232376A0
:10A1F0003EB1651BAD1003F1F0335D4305F18045C1
:10A20000356000203C60F8BD6FF08800E9E76FF032
:10A210009600E6E7CC68002038B50025084B0D60B5
:10A2200093F8403443B1FFF74BFF10F18C0F02D18C
:10A230006FF087000D6038BD6FF08800FBE700BF4E
:10A24000CC68002010B500F0FE44B4F1A06F0FD030
:10A25000B4F1806F0FD1094CA04209D10120B1F5B2
:10A26000105F107004D10BB102221A70002010BDD3
:10A270006FF08500FBE7024CEEE700BF00444004AE
:10A280000002C0032DE9F0471C460546894600F14F
:10A290000807384690460E889DF920A00DF088FAF0
:10A2A0002C60B9F80290314600234A4620460DF052
:10A2B000A9F8014600284DD0384600F037FC0028A8
:10A2C0003CD153464A464146384600F04FFCA8BBB5
:10A2D00004F0FF42B2F1906F06F4E04332D0B3F5E0
:10A2E000005F0DD0687142F204039E4202D11B4B05
:10A2F0009C422DD01A4B9C420CBF0D2400241CE024
:10A300000123C6F3022293406B7116F4E06FEAD08A
:10A31000144A24F4807393420AD002F500729442E6
:10A3200006D0114A944203D0A2F53F429342DAD1BB
:10A330000124C6F30226B440E4B22C71BDE8F04714
:10A340000CF07ABE0122B3F5005F6A71CBD1DCE775
:10A350000C24F2E76FF08500BDE8F087000180046F
:10A360000013C0040010C00400FF40042DE9F04FAA
:10A37000144602689B4602F0FF4385B0B3F1906F2C
:10A380000546DDE90E780E4600F08380436A417988
:10A390002344B3FBF1F34B43BB427CD83F4B9A427F
:10A3A00061D182680023002A45D0177907F01F0782
:10A3B0000393C8F80030002C39D0686A05F1080909
:10A3C00030B3A7EB000AA24528BFA24609303146A8
:10A3D000524648440DF016FA6B6AA4EB0A04534443
:10A3E0009F4256446B6213D103AB3A46009305F18A
:10A3F00011015B46484600F00BFC0CF01DFEB8B99D
:10A40000D8F80030039A1344C8F8003093446862C7
:10A410000DF10C0AA74210D94CB1686A22460930E6
:10A42000314648440DF0EEF96B6A23446B6200201C
:10A4300005B0BDE8F08F1F46BAE75B463A463146A5
:10A440004846CDF800A000F0E3FB0CF0F5FD002835
:10A45000EED1039AD8F80030E41B13443E449344F1
:10A46000C8F80030D6E714B9C8F80040DFE75B460B
:10A4700022463146CDF8008005F1080000F0C8FB07
:10A480000CF0DAFDD8F80030BB4288BF6FF09600C0
:10A49000CEE7BC42E7D96FF08900C9E70044400429
:10A4A000F0B504460F46002187B0164602A81022D8
:10A4B0001D4601910DF0CCF9636A2BB12368284A3F
:10A4C00023F48063934248D02A4601AB02A904F1E9
:10A4D000080000F0DDFB0CF0AFFD0446002835D18C
:10A4E000102E344628BF102426B12246384602A931
:10A4F0000DF088F91B492D680B68086863404540DA
:10A500000C6883EA050284EAD2746008404264421F
:10A5100020430C685B1B84EAE0740A6823EA0403A6
:10A5200005EAE070034382EAD37253080968524295
:10A530005B421343019CDA1781EAE37324EA0304C4
:10A5400004F0960402F08A031C43644202A810211E
:10A5500000F0AAFA204607B0F0BD6FF08604F5E7D8
:10A5600000404004106D002010B5036804462BB174
:10A57000054A934205D104300DF08CF8002020608C
:10A5800010BD6FF08800FBE709000002F8B507680E
:10A5900005460C4607BB124B994213D1061D3046A7
:10A5A0000DF074F83046394600F044FA064628B9F2
:10A5B0002C603046BDE8F8400CF03EBD2846FFF761
:10A5C000D3FFF6E701F0FE44B4F1007F14BF6FF053
:10A5D00086006FF08500F8BD6FF08800FBE700BFD4
:10A5E0000900000210B5074B04689C4206D10430F4
:10A5F0000DF055F8BDE810400CF01EBD6FF088005E
:10A6000010BD00BF090000022DE9F0411F4604788B
:10A61000064644F0007404F17E44033C102C98BFBD
:10A62000104B884615468CBF00241C5D3A601AB159
:10A63000212140460DF00CF9AC420DD832680A4B8E
:10A640009A420CD14146301D0DF069F80CF0F4FC33
:10A6500000B93C60BDE8F0816FF08900FAE76FF067
:10A660008800F7E7ABF70200090000022DE9F04788
:10A67000294B1646026880461340B3F1607F0D46B1
:10A680008AB045D10022D0F804A001925FFA8AF383
:10A6900043F0007303F17E43033B102B98BF1F4A26
:10A6A00000F1080794BF12F8039091463846202223
:10A6B00001AB02A90CF054FE044628BB51463846B3
:10A6C0000CF016FE0446D8B94A46384608F178011F
:10A6D0000CF02FFE044698B93846019A02A90CF0F6
:10A6E00028FE044660B92022384601AB02A90CF0CE
:10A6F00037FE044620B93246284602A90DF082F8FA
:10A70000019902A800F0D0F920460AB0BDE8F08710
:10A710006FF08804F8E700BF0000C07FBCF70200BC
:10A7200038B50268044672B10B4B1340B3F1607F39
:10A730000BD14021783000F0B7F904F108000CF09B
:10A74000C8FD00232360002038BDB82200210DF091
:10A750007FF86FF08800F7E70000C07F2DE9F04731
:10A760000768044694B0002F40F0A080514D03606C
:10A770001D40B5F1607F0DD1DBB243F0007606F1EC
:10A780007E43033B102B03920ED94660002A4AD128
:10A79000904651E0B82239460DF05AF86FF0850521
:10A7A000284614B0BDE8F087102B20D8DFE803F06E
:10A7B0002525251F1F2525091D1B191F1F171513CB
:10A7C00011003D4B63606FF085052046FFF7A8FF41
:10A7D000E6E73A4BF6E73A4BF4E73A4BF2E73A4B07
:10A7E000F0E73A4BEEE73A4BECE73A4BEAE73A4808
:10A7F0006660C35C002BC9D0E5E7402A666015D9C6
:10A800004FF0400803AB019340233046009304AB64
:10A810000CF0BDFD054678B1402104A800F044F9D4
:10A82000002DBDD0D1E74FF00008EBE712B104A82E
:10A830000CF0E8FF4FF040080DF110094B46039D66
:10A84000AF4225D1A8EB050A3621524609EB050097
:10A850000CF0FEFF05F1770104F1770321449942E2
:10A860001DD104F1780052465C21284404F1080708
:10A870000CF0EEFF314638460CF03AFD0546002854
:10A88000CAD14246384604A90CF053FD0546C3E739
:10A890001A78013782F0360203F8012BD0E719F855
:10A8A000012B82F06A0203F8012FD8E76FF08805C8
:10A8B00076E700BF0000C07F0A000002130000021C
:10A8C0001200000211000002100000020D00000240
:10A8D0000C0000020B000002CDF7020010B4046867
:10A8E00044B1064B2340B3F1607F03D110BC083064
:10A8F0000CF01FBD6FF0880010BC70470000C07FD7
:10A900002DE9F04F0446CFB0039100F1480346AD66
:10A9100000F168062A4618685968083303C2B34232
:10A920001546F7D14FF0000C04AAD2E944830193F5
:10A930003F4BD2F824B1D2F818510293D2E947978D
:10A94000D2E94216BCF10F0F5AD8039B53F82C30B2
:10A950001BBA4FEAF52E87EA0900DDF808A08EEA57
:10A96000B51E28408EEA756E784070445AF804EBA4
:10A970009360704403444FEA713E46EA0100CDF80B
:10A9800008A08EEAB10E06EA010A00EA080040EAD1
:10A990000A008EEAB15EDDF804A00CF1010C5B4404
:10A9A0008644BCF1400F9A44BB46734402F1040252
:10A9B000CDF804801DD104A8C0E94897C0E946A598
:10A9C000C0E94468C0E94231C0E9003E45A904F14C
:10A9D0004403643453F8042F51F8045F9C422A4422
:10A9E0001A60F7D14FF4947100F05EF84FB0BDE8F3
:10A9F000F08FB0464F460E46A94619465546A1E788
:10AA0000136852F834AC4FEAF34E8EEA734E52F8A4
:10AA1000380C8EEA932E52F8143C03444FEABA40A5
:10AA200080EAFA10734480EADA00034491E700BF39
:10AA3000ACA9020003460846C1B9C3E910110D4A8A
:10AA40000D49DFF838C0C3E912120D4A0D49C3E9B8
:10AA500014C20D4AC3E916120C4A1A6602F1745266
:10AA6000A2F52302A2F692425A6670476FF0860062
:10AA7000704700BF85AE67BB67E6096A72F36E3C3C
:10AA80003AF54FA57F520E518C68059BABD9831FB9
:10AA9000014B1B68184700BF64060020014B1B6870
:10AAA000184700BF6006002010B50A46044619B1D9
:10AAB000024B00211B68984710BD00BFACAA0200E2
:10AAC000F0B504460B4B0C4E586800B9F0BDC57983
:10AAD000C5F3840556F825502D78A54208D145794F
:10AAE00005F00F07B1EB871F02D1B2EB151FEDD0B8
:10AAF0000833E9E7B4AA0200B0AA020010B5044680
:10AB000080B1406B40B12368074ADB79C3F384030B
:10AB100052F823305B6998472046BDE81040382141
:10AB2000FFF7C2BF10BD00BFB0AA020038B505468E
:10AB30000C46A9B1382200210CF08AFEE3790A4ABA
:10AB4000C3F3840352F823301B6913B900202C602F
:10AB500038BD984768630028F8D16FF08C00F7E79C
:10AB60006FF08600F4E700BFB0AA020070B4DCB258
:10AB7000012C25D804681CB3E57905F00305012DE7
:10AB800005D8657905F00F05B2EB851F18D1426035
:10AB90000372E5790C4EC5F38405012B406B56F822
:10ABA000255008D0637903F0F004302C03D003F073
:10ABB000E003402B02D1AB6870BC1847EB68FBE7A1
:10ABC0006FF0860070BC7047B0AA020038B5036809
:10ABD00005461446BBB1102A13D8DA79D20707D438
:10ABE0001B795B09B4EB830F4FEA83020BD3144646
:10ABF0002CB1224605F120000CF004FE2C6300204D
:10AC000038BD0248FCE76FF08600F9E7809FFFFF40
:10AC1000F0B40468049F1CB96FF08600F0BC704764
:10AC200000243C6006683EB3347914F01F0423D03E
:10AC3000767906F0F006102E11D1A2421ED13A60AC
:10AC400002680F4CD279C2F3840254F8222054686F
:10AC50000A46A446F0BC90F90810406B6047994240
:10AC600008D1C369002BD7D1B2FBF4F304FB132244
:10AC7000002AD1D10348D1E70348CFE70348CDE705
:10AC8000B0AA0200809FFFFF809CFFFF809DFFFF16
:10AC900010B50146006808B30020106018600A680B
:10ACA000537903F0B004302C17D003F0E004402CAB
:10ACB00013D003F0F003602B0FD0902B0DD0A02BFE
:10ACC0000BD09279463A012A07D9102B09D1CB69CA
:10ACD0008342A0F5C54008BF002010BD6FF086007C
:10ACE000FBE70148F9E700BF809FFFFF2DE9F04F28
:10ACF000ADF5077D06AC01230022274646A913F0D7
:10AD0000800F0CBF00201B2043F30605CA5480EAC5
:10AD10004500013204F8013BB2F5807F83EA00036D
:10AD2000DBB2ECD101230022624813F0800F40F81F
:10AD3000043B43F306040CBF00231B23013283EAC8
:10AD400044030A2ADBB2F0D163235B4A0E46137038
:10AD5000002315460120594C84F8633016F8013F52
:10AD6000C3F1FF03FB5C4FEAD31C4CEA430C4FFAE0
:10AD70008CFECCF3421848EACE0883EA0803CCF3F1
:10AD8000C0188EEA030348EA4E08CCF3811C83EA1C
:10AD900008034CEA8E0C83EA0C03DBB283F06303F6
:10ADA000E0540130B0F5807F05F8013FD6D1FF2493
:10ADB0008B7BDFF80CE102934B7ADFF808C1039339
:10ADC0004B7B414F0493CB7ADFF800B10593404BA6
:10ADD000DFF800A10193404BDFF80091DFF8DC8041
:10ADE000009306A812F8013B13F0800F0CBF00215E
:10ADF0001B2143F3060581EA4501C9B203EB032594
:10AE000041EA05254B40009985EA036341F8043B7C
:10AE100000914FEA33614BF8041B4FEA33414AF883
:10AE2000041B18F8011B4FEA332349F8043B00299F
:10AE30003ED046AB5B5C03995918B1FBF4F5C5EB0A
:10AE40000525491B465C04995918B1FBF4F5C5EB7F
:10AE50000525491B415C029D09041D4441EA062168
:10AE6000B5FBF4F6C6EB0626AD1B455D6940059DB6
:10AE70002B44B3FBF4F5C5EB05255B1BC35C1B063C
:10AE80004B40019941F8043B01914FEA33614EF880
:10AE9000041B4FEA33414FEA332347F8043B104B7E
:10AEA0004CF8041B93429DD10DF5077DBDE8F08F52
:10AEB0000B46E5E7186D002069B5002069B4002055
:10AEC0004075002040710020406D0020408500202A
:10AED000407900204081002040890020407D0020F2
:10AEE00069B60020C02AF8B506460D4614464CD077
:10AEF000B2F5807F4BD0802A40F0C3800A23624F96
:10AF000033603B681BB9FFF7F1FE01233B6033461A
:10AF100000222946640943F8042F05EB840451F804
:10AF2000042B8C4243F8042FF9D133680C2B30D01A
:10AF30000E2B5FD00A2B26D1544D55493046A036F2
:10AF4000426955F8044B8768C2F30723CB5C7C4009
:10AF50006340140E0C5D103083EA0443D4B20C5DE0
:10AF600083EA0463C2F307440C5D83EA042350F8C8
:10AF7000044C836063400468C36063405A400361CB
:10AF800042618642DCD10020F8BD0C23B7E70E23D6
:10AF9000B5E730463D4C3E4906F1C005C26954F85C
:10AFA000046B8768C2F30723CB5C7E407340160EA8
:10AFB0008E5D183083EA0643D6B28E5D83EA06635F
:10AFC000C2F307468E5D83EA062350F80C6C83605B
:10AFD000734050F8086CC360734050F8046C036110
:10AFE00073400668436173405A408361C261854281
:10AFF000D4D1C8E7254D26493046E036446A55F895
:10B00000042B8768C4F30723CB5C7A405340220E9D
:10B010008A5C876983EA0243E2B28A5C203083EA71
:10B020000263C4F307428A5C83EA022350F8142CBB
:10B030008360534050F8102CC360534050F80C2CE0
:10B04000036153404361DAB28A5C7A401F0ECF5DE0
:10B0500082EA0762C3F30727CF5DC3F30743CB5CE4
:10B0600082EA072282EA034350F8042C83615340AA
:10B070000268C36153405C40036244628642BDD1B2
:10B0800081E76FF01F007FE7146D0020186D00202E
:10B0900069B500202DE9F04FC9B002AD044628463D
:10B0A0000E4617460CF0A3FB002331463A462846CD
:10B0B0006360FFF717FF0646002831D1029F039B0C
:10B0C00004A903EB870301EB830251F8233004F159
:10B0D000180CA3605368103AE360936961462361DA
:10B0E000D369904663617B1E9E462B482760BEF164
:10B0F000000F1EDC002F4FEA0313C8BF1C46C3F12C
:10B100000003DCBF00230024D018D3580CEB04014B
:10B110004CF8043043684B6083688B60C368CB6035
:10B1200002A84FF48C71FFF7BFFC304649B0BDE870
:10B13000F08FA8F10404019401F1100B019DDFF8D8
:10B140005CA055F8044F0195E5B210F80590250E66
:10B150005AF82990455DDFF848A05AF82550DFF8E5
:10B1600044A089EA0509C4F30725455DC4F30744F3
:10B170005AF82550045D89EA0505DFF82C9059F846
:10B180002440654041F8045B5945D7D10EF1FF3E9C
:10B19000A8F11008ABE700BF69B500204079002096
:10B1A000406D002040750020407100202DE9F04FD7
:10B1B000012995B00E46009300F255834768D2F8F6
:10B1C00000C055689468D16850F8082BBB00521035
:10B1D000013A019250F8272003448CEA02020392BC
:10B1E0005A6830336A40049253F8282C6240059222
:10B1F00053F8242C4A400692002E40F0A381DDE94A
:10B200000420069D039CCA4FDFF828C3DFF828E31B
:10B21000DFF8288353F8201C53E9079A029153F86A
:10B22000141C2033079153F8301C089153F82C1C40
:10B23000099153F8281C0A9153F8241C0B91019989
:10B24000002900F3C2801EB9DDE90420069D039C9D
:10B25000DFF8E0C2E3B2160E5CF8266057F8233040
:10B260000299DFF8D4E273405940C5F307235EF832
:10B270002330B24E5940C0F3074356F823304FEA0B
:10B2800010685940D3B25CF8288057F823301091E9
:10B2900083EA0803C4F307285EF8288083EA0903D9
:10B2A00083EA0803C5F3074856F828804FEA156972
:10B2B00083EA08035FFA80F85CF8299057F8288041
:10B2C000EDB288EA0908C2F307295EF8299088EAF6
:10B2D0000A0888EA0908C4F30749240E5CF82440E8
:10B2E00057F82550C0F307206540079C5EF8200002
:10B2F000C2F3074256F82220654045405540904A27
:10B30000180E145CC8B256F82990105C089E88EAA2
:10B310000909704080EA0460C5F30724145D099FA1
:10B3200080EA0420C9F30744145D119380EA0440C5
:10B330004FEA1964165DDCB2145DCDF848907C408C
:10B3400084EA0664C1F30726965D139584EA062411
:10B35000C5F307460C90965D0A9F84EA06442E0EBC
:10B3600012F806C05FFA89F6965DEDB27E40C3F32F
:10B370000727D75D86EA0C6686EA0726C1F30747EA
:10B38000D75D090E86EA0746575C515D0B9DC9F3F0
:10B3900007296940C3F3074312F80950D35C81EAD7
:10B3A0000761009A81EA052181EA03430D940E9614
:10B3B0000F931060546096600CA82021D360FFF7B3
:10B3C00073FB002015B0BDE8F08FE6B24FEA126BB8
:10B3D0005CF82BB057F82660029986EA0B064E40BF
:10B3E000C5F307215EF821104FEA106B4E40C0F301
:10B3F000074158F821105CF82BB04E40D1B257F8F5
:10B40000211081EA0B0181EA0901C4F307295EF8E2
:10B4100029904FEA156B81EA0901C5F3074958F8ED
:10B4200029905CF82BB081EA09015FFA80F957F89E
:10B430002990EDB289EA0B0989EA0A09C2F3072AC1
:10B440005EF82AA057F8255089EA0A09C4F3074A8A
:10B45000240E5CF82440C0F307206540079C5EF88A
:10B460002000C2F3074258F822206540454055406D
:10B47000F0B20A0E57F820405CF8222058F82AA0B3
:10B480005440089A89EA0A0A5440C5F307225EF834
:10B49000222002915440CAF3074258F822204FEA72
:10B4A0001A6054409DF808205CF8200057F82220CC
:10B4B0004FEA1569424009985CF829904240C6F36A
:10B4C00007205EF820004240C5F3074058F82000EE
:10B4D000EDB242405FFA8AF057F820000A9980EAFC
:10B4E00009004840029957F82550C1F307295EF832
:10B4F00029900B9980EA0900C6F30749360E5CF8DB
:10B500002660CAF3072A75404D4002995EF82A600A
:10B51000C1F3074158F8211075404D40019958F882
:10B5200029900139012680EA0900019172E600BFE5
:10B5300040790020406D00204075002040710020BF
:10B5400069B4002000260399C84FDFF824C3DFF850
:10B5500024E3DFF824831446DDE9042053E9079A45
:10B5600053F8205C2033029553F8345C079553F868
:10B57000305C089553F82C5C099553F8285C0A95C3
:10B5800053F8245C0B95019D002D00F3BA801EB981
:10B59000DDE90420069C0399DFF8D4C2CBB2260E65
:10B5A0005CF8266057F82330029DDFF8C8E273404C
:10B5B0005D40C2F307235EF82330AF4E5D40C0F319
:10B5C000074356F823304FEA11685D40D3B25CF868
:10B5D000288057F82330109583EA0803C0F3072822
:10B5E0005EF8288083EA090383EA0803C4F3074866
:10B5F00056F828804FEA126983EA08035FFA80F858
:10B600005CF8299057F82880000E88EA0908C4F3EE
:10B610000729E4B25CF820005EF8299057F824402E
:10B6200088EA0A0888EA09084440C1F307490798EC
:10B63000C1F307215EF82110C2F3074256F8222019
:10B6400044404C4054408D4AE8B256F82990105C72
:10B65000089E210E515C704080EA0160C3F307210F
:10B66000515C88EA090980EA0120C9F30741515C6D
:10B67000DEB2965D099F80EA0140290E515C7E4052
:10B6800086EA0166C9F30721515C119386EA012617
:10B69000C4F30741CDF8489013940C90515C5FFAC5
:10B6A00089F786EA0146190E12F801C0D75D0A999A
:10B6B0004FEA19694F40C4F30721515C87EA0C67D0
:10B6C00087EA0127C5F30741515CE4B287EA0147E5
:10B6D000115D0B9C12F809C0C5F307256140C3F347
:10B6E0000743545DD35C81EA0C61009A81EA04212E
:10B6F00081EA03430D960E970F9310605660976092
:10B700005AE6CEB24FEA146B5CF82BB057F82660BD
:10B71000029D86EA0B066E40C2F307255EF82550AF
:10B720004FEA116B6E40C0F3074558F825505CF89E
:10B730002BB06E40D5B257F8255085EA0B0585EA47
:10B740000905C0F307295EF829904FEA126B85EAD4
:10B750000905C4F3074958F829905CF82BB085EA2D
:10B7600009055FFA80F957F82990000E89EA0B095C
:10B7700089EA0A09C4F3072AE4B25EF82AA05CF851
:10B78000200057F8244089EA0A094440C1F3074AD7
:10B790000798C1F307215EF82110C2F3074258F859
:10B7A000222044404C405440F1B2220E5CF822204A
:10B7B00057F8211058F82AA05140089A89EA0A0A35
:10B7C0005140C5F307225EF8222002955140CAF38A
:10B7D000074258F82220300E51409DF808205CF8AE
:10B7E000200057F822204FEA1569424009985CF87A
:10B7F00029904240CAF307205EF820004240C4F37B
:10B80000074058F8200042405FFA8AF057F82000BD
:10B810000A9D80EA0900C4F307295EF82990684070
:10B8200080EA0900C6F3074958F82990E4B24FEAC4
:10B830001A6A57F8244080EA09005CF82A900B9DA8
:10B8400084EA09046C40029DC6F307265EF8266070
:10B85000C5F3074558F8255074406C40019D0126FA
:10B86000013D01957AE66FF08600ABE54089002046
:10B87000407D0020408500204081002069B50020E7
:10B880000346054900B5F2F77FFC5DF804EB01447F
:10B89000184600F003B800BF10000000F8B54F4A8A
:10B8A0000D460023D0E90001E5F760FD002A0446BB
:10B8B000B7BF02F5A8324A4B4A4B02F5C072E418F2
:10B8C00041F100064FF46161E01CB2FBF1F301FBB2
:10B8D00013224FF03C01AB60B2FBF1F301FB1322EA
:10B8E00046F100016B6000232A600722E5F73EFD68
:10B8F000002A54DA0732AA613B4800233B4A201849
:10B9000066F10001E5F732FD384B48F6AC6140F2D4
:10B91000B45703FB104440F26D164FF0050CB4FB16
:10B92000F1F1B4FBF7F32144C91A314BB4FBF3F343
:10B93000C91A48F69463B1FBF3F3B1FBF6F2B1FB1D
:10B94000F7F123445B1A992106FB123303EB8304BE
:10B950005E1C0234B4FBF1F779430231B1FBFCF118
:10B96000761A40F2F9518C424FF4C8748CBF6FF0D4
:10B970000901022104FB00203944012998BF01304C
:10B98000B3F5997F13D3A3F59973A0F26C70EB61B3
:10B990000023EE60C5E904102B622846F8BD002E96
:10B9A000AA61A9DB114A002320463146AAE797077E
:10B9B00010D14FF0640C92FBFCF70CFB17275FB91A
:10B9C00092FBF4F704FB1722B2FA82F252093B33DE
:10B9D0001344DAE70022FAE70122F8E78051010078
:10B9E0006CFA0A006BFA0A0050C5FDFFB13A02007A
:10B9F000B03A02000CB430B58BB004460D4620229C
:10BA0000002102A80BF024FF0223002D06948DF8DC
:10BA10000A300C4B039312DB01D06B1E1C440FAA9F
:10BA20000E9902A80794019200F0BAFC15B1069B8A
:10BA300000221A700BB0BDE8304002B070470024FD
:10BA4000EDE700BFD37E02000EB470B58BB00446A4
:10BA5000202200210FAD02A855F8046B0BF0F8FE70
:10BA6000022302A82A4631468DF80A30074B069475
:10BA70000393019500F094FC0028A4BF00232354F5
:10BA80000BB0BDE8704003B0704700BFD37E02002A
:10BA90002DE9F84F81468846002319F803005A1C07
:10BAA000202800F08E81A0F10901042940F289814B
:10BAB0002B28144631D02D2834D0042540F0200303
:10BAC000692B31D06E2B5DD000224FF00A0A9646CA
:10BAD00017461346114615F4006C68D040F0200656
:10BAE000A6F1610BBBF1050F61D8573EF6B2564582
:10BAF00062D340F0200005F08006782840F0A38053
:10BB0000002E50D053EA010640F09F8045F4006CAF
:10BB10004FF0100A1FFA8CFC83E0042519F802008C
:10BB20009C1CCBE74425F9E7A74B0026A74F13F849
:10BB3000011B49B119F80420601C42F020028A421E
:10BB400024D0A34A93422ED1304639460CF002F954
:10BB500048B119F80430282B05D1013419F8043004
:10BB60000134292B14D16B0602D507F100431F467F
:10BB7000B8F1000F02D04C44C8F8004030463946B6
:10BB8000BDE8F88F934B0026934FD0E70446CEE7ED
:10BB900023F02002413A192AE0D9A3F13002092A00
:10BBA000DCD95F2BDAD0002600270024E0E7A0F1E3
:10BBB0003006F6B256453BD245F0800C15F4807045
:10BBC0001FFA8CFC25D1BAF10A0F14BF4FF00F0BEE
:10BBD0004FF0100BDE450EDCA80527D4AAFB033579
:10BBE000F3180AFB015545F1000153EA010018D092
:10BBF0000EF1010E15E045F4C07CBAF10A0F1FFAF0
:10BC00008CFC06D1042E04D9052E4FF0020708BF84
:10BC10000646002E18BF47F001071CF4007F00D134
:10BC2000013219F804006546013454E7013AD5E7BA
:10BC3000FE2E7FF45EAFAE053FF55BAF45F4007CB2
:10BC40001FFA8CFCEDE7002EADD0BCF1000F70D0D8
:10BC500092007026864218D119F80400661C2B2821
:10BC600004D02D2867D145F48065ADB219F806C01F
:10BC7000A61C04466046A0F1300CBCF1090F5DD94A
:10BC800001340CBF06F1FF34B41E53EA010004F185
:10BC9000FF3400F09380280576D53632B1F5800F59
:10BCA00064D34E48B1F5000F65D2824263DB3B435B
:10BCB000084603F00306032E03D003F00606062E03
:10BCC00009D1043341F10000B0F5000F22BF013269
:10BCD00001234FF48000B2F5806F6CDAB0F5800F6D
:10BCE0004FEA90014FEA930326BF21F4801102F23C
:10BCF000FF32002243EA807341EA025718461E468B
:10BD0000394601F07BFC0138022804D8344B22224A
:10BD1000F2F73AFA1A503046394601F06FFC013812
:10BD200002283FF620AF2E4B2222F2F72DFA1A50AE
:10BD300019E765268EE74FF0FF349CE7002440F2B8
:10BD4000D34A4FF00A0B5445DCBF30380BFB0404D8
:10BD500019F806000136A0F1300CBCF1090FF2D938
:10BD6000680548BF6442224434468EE7DB1802F17E
:10BD7000FF32494192E75E0803F00103013246EACF
:10BD8000C176490833438DE796441EF5A27F0FDD47
:10BD9000BEF59B7F0FDA03F00100384301308008C5
:10BDA000181841F1000100F09DFF06460F46B2E76A
:10BDB00000260027AFE70026044FACE70026002747
:10BDC000D1E6134669E600BFE1F702000000F07F0C
:10BDD000E4F70200DEF702000000F87F02FCFFFF3C
:10BDE0000C0000002DE9F047002380460F4618F8AC
:10BDF00003C05A1CBCF1200F00F05D81ACF10901B9
:10BE0000042940F25881BCF12B0F144630D0BCF10C
:10BE10002D0F32D000264CF02003692B2FD06E2B33
:10BE200055D000214FF00A098E460B460D4616F4F8
:10BE300000605FD04CF02002A2F1610ABAF1050F58
:10BE400058D8573AD2B24A4559D34CF0200C06F094
:10BE50008002BCF1780F40F08E80002A47D0002D80
:10BE600040F08B8046F400604FF0100980B271E022
:10BE7000002618F802C09C1CCDE74026F9E78F4B3E
:10BE80004FF0FF4513F8011B49B118F80420601C5E
:10BE900042F020028A421DD0894A934227D1284687
:10BEA0000BF065FF48B118F80430282B05D1013498
:10BEB00018F804300134292B0ED1730601D505F191
:10BEC00000450FB144443C602846BDE8F0877D4BF7
:10BED0007D4DD7E70446D5E723F02002413A192AE1
:10BEE000E6D9A3F13002092AE2D95F2BE0D0002580
:10BEF0000024E6E7ACF13002D2B24A4531D246F036
:10BF0000800016F4807C80B21DD1B9F10A0F14BFF5
:10BF10004FF0070A4FF0080AD64507DCB6051ED4D5
:10BF200005FB0925B5B10EF1010E13E046F4C07012
:10BF3000B9F10A0F80B206D1042A04D9052A4FF0BC
:10BF4000020308BF6246002A18BF43F001038605BA
:10BF500000D4013118F804C00646013467E70139FE
:10BF6000DEE7FE2A7FF471AFB2053FF56EAF46F40F
:10BF7000007080B2EEE7002AB9D000285FD08900B7
:10BF80007022624518D118F80420601C2B2A04D0B6
:10BF90002D2A56D146F48066B6B218F800C0A01C0F
:10BFA00014466246A2F1300CBCF1090F4CD90134A1
:10BFB0000CBF00F1FF34841E013C002D79D0320506
:10BFC00061D51931B5F1007F54D3B5F1806F54D2EA
:10BFD00011F17E0F51DB2B4303F00302032A03D040
:10BFE00003F00602062A05D10433B3F1806F24BFA3
:10BFF0005B0801317F2959DCB3F1007F4FEA9305DB
:10C0000026BF7F3125F40005002145EAC1552846A9
:10C0100001F014FB0138022804D82C4B2222F2F73D
:10C02000B3F81A50284601F009FB013802283FF600
:10C0300044AF264B2222F2F7A7F81A503DE76522BB
:10C040009FE74FF0FF34ADE700244FF00A09DF2CE3
:10C05000DCBF303A09FB042418F800200130A2F1BB
:10C06000300CBCF1090FF2D9720548BF644221447B
:10C070000446A1E76D000139A4E705F00102013192
:10C0800042EA5505A1E78E441EF12D0F0CDBBEF1EF
:10C09000270F0BDC05F001001843013005EB900081
:10C0A0000BF0AAFC0546BDE70025BBE74FF0FF45B6
:10C0B000B8E7002501E7134699E600BFECF7020058
:10C0C000EFF70200E9F702000000C07F0C0000005B
:10C0D000242A2DE9F041054601D8012A0AD1354B21
:10C0E0001622F2F751F81A5001B10D600020BDE898
:10C0F000F0813046064616F8014B202CF9D0A4F109
:10C1000009072346042FF4D92B2C32D02D2C33D100
:10C110004FF0010C3378861C302B34D1307840F04E
:10C12000200078282BD132F0100028D173783546C2
:10C13000102202360CF100470020013FB7FBF2FE4F
:10C1400002FB1E78392B82BF03F1FF3343F020033B
:10C15000263B303B9A421DD9704502D817D19845ED
:10C1600015D24CF0020C3446354614F8013B2646F5
:10C17000E8E74FF0000CCDE74FF0000CCCE7002AC9
:10C1800008BF0822D6E7002A08BF0A22D2E700FB30
:10C190000230E8E701B10D601CF0010F18BF40420A
:10C1A0001CF0020FA3D0034B2222F1F7EDFF1A502F
:10C1B00038469CE70C000000242AF0B5044601D85C
:10C1C000012A40D12E4B1622F1F7DEFF1A5001B1A1
:10C1D0000C600020F0BD2F463D4615F8010B2028CD
:10C1E000F9D0A0F109060346042EF4D92B282CD04F
:10C1F0002D282CD101262B78BD1C302B2DD1287851
:10C2000040F02000782824D132F0100021D16B7842
:10C210002C46102202350020392B82BF03F1FF3358
:10C2200043F02003263B303B9A421AD9A0FB02047C
:10C230000CB9C01801D346F002062F462C4617F859
:10C24000013B3D46E8E70746C6E70026D3E7002660
:10C25000D3E7002A08BF0822DDE7002A08BF0A2228
:10C26000D9E701B10C60F20748BF4042B307B1D52E
:10C27000034B2222F1F788FF1A504FF0FF30A9E755
:10C280000C0000002DE9F0410126B24201DCBDE8BE
:10C29000F08107463B461F4613F8014B002CF6D0B1
:10C2A000252CF8D11D780237252DF3D00023DFF897
:10C2B000EC809C461C461F2C27D8A5F1200EBEF111
:10C2C000100F06D828FA0EFE1EF0010F53D12E2DA6
:10C2D0003CD02E2D27D8242D33D02A2D36D0BCF19A
:10C2E000000FD4D0B445D5D145F020070B68A7F195
:10C2F000650CBCF1020F01D9612F42D1073323F045
:10C300000703083301360B60BFE77F2CDFD96C2DA4
:10C3100023D01DD8682D27D06A2D01D04C2DDED119
:10C3200044F4207408E0A5F1300EBEF1090FEED8F8
:10C330000A2404FB03E3202417F8015B002DBAD183
:10C34000CDE7BCF1000F18D0B34218D00023F3E7BB
:10C35000742DF1D07A2DEFD0C1E7250648BF44F403
:10C36000007444F08004E7E7E50548BF44F4007436
:10C3700044F48074E0E70024DEE79C46E6E76325AA
:10C38000B2E7692D02D007D8632D03D0250601D569
:10C39000A405B3D40433B5E7732DF6E7892801006B
:10C3A0002DE9F04F837893B08046D0F804909C0735
:10C3B000CDE9081214D50B4600250B92187888B1E8
:10C3C000252813D00133069341460135C84700287C
:10C3D00080F2F28398F8023043F0040388F80230C8
:10C3E0004FF0FF35284613B0BDE8F08F93F801A059
:10C3F0009A1CBAF1250F0692E6D04FF0000B5E466C
:10C400005F465C461F2C23D8AAF12003102B22D8AC
:10C41000DFE803F01521211B2121210B212121130C
:10C4200021182121090044F00104069B13F801ABF7
:10C430000693BAF1000FE5D11BE044F0020444F08A
:10C440000404F2E744F00804EFE744F01004ECE7DA
:10C450007F2C00F2F680BAF12E0F00F0D38000F2AC
:10C46000AC80BAF1240F00F0D380BAF12A0F00F0AB
:10C47000B480BBF1000F06D0099B5A460BA908985F
:10C480000B93FFF7FFFE002E4AF02003B8BF24F005
:10C4900040040493A3F16503BCBF0026A4B2022BA1
:10C4A00004D94AF02003612B40F086826FEA0A0A21
:10C4B0000AF0200307930B9B073323F0070303F1D4
:10C4C00008020B92049A612AD3E9000104F04003A8
:10C4D00040F0E480002B079B0CAA44F4C05408BF32
:10C4E0004FF0FF36009333460BF06CFC01304FF0F9
:10C4F000010CDDF830A0C3B2B3420393A8BF03F12F
:10C50000FF367023CDE9043C0AF10903122B0DD943
:10C510000AF16303C62B40F2F3800AF2E73340F2DC
:10C52000CE7293428CBF0423032305939DF83430CD
:10C53000D80700F1E780A20700F1E780C4F3800B81
:10C540004FEA4B1B5FFA8BFB13F00C0F00F0E980F6
:10C55000BBF1000F0CBF03230423BB420EDA2007FC
:10C56000A7EB03070BD42F4441462020C8470028DF
:10C5700005F10105FFF62EAFBD42F5D10027BBF155
:10C58000000F07D041465846C847002805F101056D
:10C59000FFF620AF9DF83430AD4C13F0080FAD4BD3
:10C5A00008BF1C462646324616F8010B002840F00C
:10C5B000AF802C1B02EB040B7AE1AAF13003092BAC
:10C5C0003FD814F0400F4FF00A020ABF44F0200495
:10C5D00002FB063602FB073727E7BBF1000F7FF4AB
:10C5E00024AF0B9A600652F8043B0B9201D51E460D
:10C5F0001BE7002BA7BF44F020041F465F4244F016
:10C60000280412E763063FF5EDAE44F040040CE762
:10C61000BBF1000F3DD014F0400A099B0BA908980C
:10C620000CBF3A4632460B93FFF72CFE0B9B53F898
:10C63000042B0B93BAF1000F01D01646F5E617460E
:10C64000F3E6BAF16C0F16D00CD8BAF1680F19D016
:10C65000BAF16A0F03D0BAF14C0F7FF40AAF44F479
:10C660002074E2E6BAF1740F3FF4DFAEBAF17A0F4C
:10C670003FF4DBAEFDE6200648BF44F4007444F00E
:10C680008004D2E6E30548BF44F4007444F48074A7
:10C69000CBE65E46BB4634463746C6E6002B049BD7
:10C6A00008BF0626652B0FD1721C44F48054D2B209
:10C6B0001346112A4FF0650E4FF0000228BF1123D8
:10C6C0009446CDF810E007E0049B662B10D144F4AB
:10C6D0000054B44601221123CDE9002C0CAA00F02D
:10C6E000F5FBDDF830A0C3B20393022305930BE7FB
:10C6F00016F0FF02DCD16523944604930123EBE797
:10C70000022312E74FF02D0B1EE74FF02B0B1BE718
:10C71000079B4146C01AC0B2C8470028BFF643AFC6
:10C7200058E614F4405F40F09780039B002E03F11D
:10C73000480308BF01266B44133B039A1AB113F850
:10C74000012D302A75D014F0100F039B18BF33460B
:10C750001AF1040F72DBB24570DA534544F4005409
:10C760007DDD0AF101069E1B2AEAEA730133BBF163
:10C77000000F00D00133002E73D0721C13449F426F
:10C78000CCBFFF1A002714F0090F03D12F44BD427C
:10C790006BD10027BBF1000F07D041465846C84770
:10C7A000002805F10105FFF615AE230510D5414619
:10C7B0003020C8470028FFF60DAE079B41460235E2
:10C7C000C3F1780000F0F800C8470028FFF602AE79
:10C7D000200704D4AB467D195D454ED10027A10446
:10C7E00069D52AEAEA737642AAEB030A039A013B67
:10C7F00005F1010B524589BF0CAA302052445079F3
:10C800009E4242DC41460493C84700280AF1010ACF
:10C81000049BFFF6DFAD5A1C09D141462E2004933C
:10C82000C8470028FFF6D6AD05F1020B049B5D4614
:10C83000DCE7039A013AD2B203927EE75E1E14F45B
:10C84000006F059A14BF0523032313448FE700BF2D
:10C850001EF60200ABDA0200A10485D4EFE7002641
:10C8600082E7E20648BF013389E741462020C847F6
:10C87000002805F101058ADAACE541463020C847B9
:10C8800000280BF1010BA7DAA4E541460393C84742
:10C890000028FFF69FADE6060AD5039B013307D1BA
:10C8A00005F1020B41462E20C8470028FFF692AD45
:10C8B0005D465F4412E241469DF83500C8470028B6
:10C8C000FFF688AD002E5DDD41462E20C8470028CA
:10C8D000FFF680AD01240CAB039A4146A346A24269
:10C8E000CABFE21830205079C8470028FFF672AD61
:10C8F00001340CABA642EFDAAC1C5C44049B41460D
:10C90000079A981AC0B2C8470028FFF663ADBAF17B
:10C91000000F4146B6BF2D202B20CAF1000AC847A0
:10C920000028FFF657AD059B042B37D14FF47A76DC
:10C9300041460334BAFBF6F505F13000C0B2C847F2
:10C940000028FFF647AD06FB15AA642641460134D0
:10C95000BAFBF6F505F13000C0B2C8470028FFF673
:10C9600039AD06FB15AA0A2641460134BAFBF6F595
:10C9700005F13000C0B2C8470028FFF62BAD06FB1A
:10C9800015AA12E0E40601D46C1CB7E741462E203C
:10C99000C847002805F10204B0DA1BE5059B023404
:10C9A000032BD2D0059B012BDDD10AF1300004F11D
:10C9B000010B4146C0B277E7AAF16303122B00F2E4
:10C9C000E580DFE813F013005400E300E300E30028
:10C9D000E3005400E300E300E300E300E300FC00B5
:10C9E000DD00E300E3002900E300AB000B9B012620
:10C9F0000DF1300A1A1D1B680B928DF8303020079C
:10CA00002CD50AEB060B54465C4529D1A5EB0A0A46
:10CA1000BF1B04EB0A0B4BE70B9B1A1D0B92D3F8C1
:10CA200000A0A94BBAF1000F08BF9A4614F0400FBE
:10CA3000504614BF31464FF0FF310AF06BFF0646F7
:10CA4000DDE741462020C8470028FFF6C3AC013C83
:10CA5000A642F6D32F443D1B2746D2E73C46F7E7D4
:10CA6000414614F8010BC8470028CDDAB2E421068C
:10CA70000B9B32D5A2052BD5073323F0070303F117
:10CA80000802D3E900010B9224F0100B00291FFAD1
:10CA90008BFB32DA40424BF4806B61EB41010CAC12
:10CAA0000A2322460AF052FF1BF0400FA0EB0402BB
:10CAB00000F09C802BF0010396429BB240F39F80D4
:10CAC000BAF1000F40F09D802BF011039BB21FE0E4
:10CAD0001A1D18680B92C117D6E71A1DE0051968D0
:10CAE0000B9201D40846F6E7A20547BF48B241F3CE
:10CAF000C01108B241F3C031C6E750EA0103CED1FC
:10CB00006306CCD5002ECAD124F011043246A3B25C
:10CB1000344640F206410B426FD126E024F0100467
:10CB20000A23A4B214F0800C0B9A4CD014F40071B8
:10CB300015BF0732101D22F007020B900FBF1068BF
:10CB400002F108010B91D2E9000150EA010247D13C
:10CB500024F0160B62061FFA8BFB45D5002E43D13D
:10CB600024F017043246A3B2344619075FD4D9071C
:10CB700004D5A74272DD3C1BA6183C46A34650E0F4
:10CB800044F0100410234FF0780ACBE74AF020035A
:10CB9000782B04D1CAF1780343F01003C2E7414671
:10CBA0002520C8470028FFF615AC41465046C84727
:10CBB0000028FFF60FAC0235069BFFF7FFBB0823EA
:10CBC0004FF0000AAEE7111D10680B9114F480714C
:10CBD000BBD014F400711ABFC0B2614680B2B4E792
:10CBE00024F006041FFA84FB0CAC5AE714465B469B
:10CBF000D9068ED5BAF1000F05D10134B5E7144638
:10CC0000F6E73446F4E70234AFE741462020CDE9A9
:10CC10000332C8470028FFF6DDAB0BF1010BDDE95D
:10CC200003325F45F1DC2C1B04EB0B055C46D90697
:10CC300016D5414630200392C8470028FFF6CAABFC
:10CC4000039ABAF1000F32D0023541465046C84728
:10CC50000028039AFFF6BEAB2E441DE016468DE772
:10CC600040F206410B42F7D013F0020F05F1010527
:10CC70004146039214BF2B20202013F4806F18BF6D
:10CC80002D20E4E7414630200392C847002805F1F3
:10CC90000105039AFFF69EAB731B9A42F2DB164620
:10CCA0000DF1300A2EB902EB050B3F1B00E60135F2
:10CCB000D2E7013E414603921AF80600C847002811
:10CCC000039AEFDAFFF786BB22F6020041462020E6
:10CCD000C847002805F10105FFF67CAB7B1B002B44
:10CCE000F4DC69E72DE9FF47804616460F46002928
:10CCF00000F0A280B1FA81F4341B002E04F10A0482
:10CD0000C0F2A280304600F02DFB0444304600F013
:10CD10002FFBA4EB060905466946304600F050FBA0
:10CD2000A9EB05036A4640467D3339460AF034FED6
:10CD3000A64282460D4600F38380B9F13F0F00F30F
:10CD400081804FF0FF33A9F12000C9F1200103FADF
:10CD500000F003FA09F223FA01F103FA09F302439E
:10CD600028EA03030A4327EA020213430CBF012007
:10CD70000020002D00F08A80B5FA85F3E31A40F216
:10CD8000FE7203F23E43934200F38680002B23EAB7
:10CD9000E371D4BF01220A46121BA2F23344A2F26D
:10CDA000344EA2F25343C4F120072AFA04F625FABE
:10CDB00003F3CEF1200C05FA07F725FA04F405FA7F
:10CDC0000CFCCEF120083E43A2F25447A2F254429A
:10CDD0001E432AFA0EF325FA07F743EA0C033B43F6
:10CDE00013F0010318D04FF0FF3707FA02F307FAE8
:10CDF0000EFC4CEA030C27FA08F307FA0EF74CEA8C
:10CE0000030C2AEA070A25EA0C055AEA050A41D169
:10CE100000283FD006F001039A1944F10004C4F33E
:10CE2000130452EA0400104608BFC91844EA015727
:10CE3000394604B0BDE8F087B0FA80F420345BE7EF
:10CE4000012096E7002094E7C6F10009484600F06B
:10CE50008FFA241A484600F08BFAA61B054669464D
:10CE600048462E4400F01EFB6A46404606F17C030D
:10CE700039460AF091FD82460D464046394600F09B
:10CE800087FA81458CBF0020012072E7BAFA8AF345
:10CE9000203373E70123BFE700200149C9E700BF42
:10CEA0000000F07F1FB502AB074A00934FF0CC3370
:10CEB0000AF01AFFDDE90201C00840EA4170C90822
:10CEC00005B05DF804FB00BFCDCCCCCC2DE9F04F14
:10CED0009BB00F0D04460A939DF890300592C1F364
:10CEE0000A520C93C1F31303C90F07917AB950EAA0
:10CEF00003017ED10599302301274B71079B0A60FE
:10CF000043F002030B7138461BB0BDE8F08F40F2CE
:10CF1000FF718A420BD10343079B059A4FF000072C
:10CF200014BF43F0080343F004031371EBE7A2F2CC
:10CF3000354A43F48015234304F001024FEA850883
:10CF40000CBF27F00107012748EA9478089208BF30
:10CF50007F054FEA840602BF7F0DB7FA87F77F0986
:10CF6000BAF1000FC0F2B680504600F0EFF9BAF106
:10CF7000030FC8BF0138049000F002FA049B7C3014
:10CF800016A9A3EB0A0A8244184600F08BFA12ABEA
:10CF900020462946019310AB16AA029700935346E8
:10CFA0000AF0B1FD049B04460D46152B00F28E805D
:10CFB00014ABA94A3046414600934FF0CC33DDE92B
:10CFC000109A0AF091FE149B159A9B0843EA82730B
:10CFD00003EB8303B34210D14146304600F0D8F949
:10CFE000049B83428CBF4FF000084FF001080027DC
:10CFF00015E01D46DFF864A29DE7089B002B55D184
:10D00000013E48F1FF31F01B61F1000100F0C0F971
:10D01000049BDDF8208083428CBF002701270C9BF6
:10D02000002B40F0C880DDF8289000264FF00A0B56
:10D0300006960996DDE91001FFF734FFDDE912A33A
:10D04000CDE90D01194650460F93FFF72BFF0A4615
:10D0500003460D990B908B420E9B72EB03010F9BC5
:10D0600080F0C480204629460F92FFF71BFF0B9BE0
:10D07000002E14BF4FF0000808F001080F9A0BFBB8
:10D0800010460BFB03F50D9BF6B204461093554575
:10D0900014BF002707F001070E9B0D461392119352
:10D0A0000B9B1293069B01330693C3E7B01C48F118
:10D0B000000100F06DF9049B83428CBF0020012029
:10D0C000B9EB00006AF10002CDE910024FF0000850
:10D0D0004746A4E7CAF1000B584600F03DF9BAF103
:10D0E000FF3F0CBF8146A0F10109ABEB090B0AEB36
:10D0F00009035846049300F043F916A9A0F17D0AEC
:10D10000584600F05DF912ABA9EB0A0A20460193DC
:10D1100010AB294616AA0093534602970AF0F3FC77
:10D12000B9F1010F04460D460ED8089B13B94FF014
:10D13000010874E7109B4FF00108119A013B42F17E
:10D14000FF32CDE9103252E7B9F13E0FBED84FF0B1
:10D15000FF33A9F12000C9F1200103FA09F203FA13
:10D1600000F023FA01F103FA09F3024326EA030669
:10D170000A4328EA020856EA08060CBF4FF00108E5
:10D180004FF0000833E700FB02F60133A1FB001269
:10D1900032448C4275EB0206F5D2049ADDF82890F1
:10D1A0001344259A1344D20F9342B8BF13469945AE
:10D1B000A8BF994639E70A21002201230846E8E77B
:10D1C0000BFB01FE0CF1010CA0FB0B01714484422E
:10D1D00075EB010EF4D2CC450DDDB9F1000F02D193
:10D1E00054EA050107D0012309933BE70A200021F7
:10D1F0004FF0010CEBE7002F32D04FF00A0B5046F6
:10D200001946FFF74FFE0BFB00F20B9152450E90B3
:10D2100026D1002E14BF4FF0000808F00108DDE908
:10D220001001FFF73FFE8A460D9029462046FFF782
:10D2300039FE0D9A0E9B0BFB10460D4604461293C9
:10D24000F6B2CDE9102A0B9A9A460B9B1392069AD6
:10D2500001320692D3E700BFCDCCCCCCCCFBFFFF94
:10D26000B8F1000F05D0052E03D104F001060436F5
:10D27000F6B2069BDDF810809844099B53B9DDE9AE
:10D2800012239D4208BF944204D1089B002B4AD12F
:10D29000002F48D0042E94BF0026012630194FF0ED
:10D2A0000A024FF000034FF0010745F10001144658
:10D2B000904271EB030538D2F6B1B9451CDA0C9BEC
:10D2C0006BB108EB0703259ADDF828901344012B76
:10D2D000B8BF01239945A8BF99464F450CDD0530DD
:10D2E00008F1010807F1FF374FF00A024FF0000381
:10D2F00041F10001E4F78AF84F450FFA88F8059BE1
:10D30000A8BF4F464FF000093FB2B84408F1FF36BE
:10D3100007F105089844B9450EDB059B1A461E60C7
:10D32000079B1371EFE50126B8E704FB03F501370E
:10D33000A2FB04232B44BBE70A220023E4F766F890
:10D34000303209F1010908F8012DE4E7014B584397
:10D35000800C704741340100014B5843000D704769
:10D36000FB2E0B00014B5843C00C70474F9312002B
:10D37000024B5843C00C0130704700BF4F9312005E
:10D38000024B5843C00C0130704700BF4F9312004E
:10D3900070B50346094A00204FF0CC364FF03335C4
:10D3A00006FB03F402FB0144A3FB023121449D422E
:10D3B00075EB010401D30130F2E770BDCDCCCCCCCC
:10D3C0001A232DE9F04FB0FBF3FA334E03FB1A0397
:10D3D00089B004460D4606EB0A1653B9D6E9002378
:10D3E000C1E90023D6E90201C5E9020109B0BDE89F
:10D3F000F08F2A4A02EBC303D3E9008904AB40460D
:10D4000049460093D6E902230AF06EFC06AB834638
:10D410000F46404649460093D6E900230AF064FCD3
:10D4200000238146DDE9066216EB0B0652EB070886
:10D4300028BF012333B1049B059A013342F1000256
:10D44000CDE9043220460391FFF79AFF07461A20E0
:10D4500000FB0AF0FFF794FF3F1A32464346484666
:10D46000039900970AF057FC0D4A4FEA141C640018
:10D4700004F01E0352F82C40DC4004F0030424188E
:10D48000304641F10001DDE90423C5E90041414690
:10D4900000970AF040FCA7E768910200989002000C
:10D4A00004AB02002DE9F04F1A2700F11905DFF84F
:10D4B000E0A089B004460E46B5FBF7F56F434FEA8E
:10D4C000051B0AEB05153A1A0AD1D5E90023C1E973
:10D4D0000023D5E90201C6E9020109B0BDE8F08FD9
:10D4E0002C4B03EBC203D3E9008904AB4046494609
:10D4F0000093D5E902230AF0F7FB5AF80B206B687A
:10D50000013ACDE9020106A963F10003404600910A
:10D5100049460AF0E9FB8A46029900238146DDE983
:10D5200006526D18039952EB010828BF012333B14D
:10D53000049B059A013342F10002CDE904323846DA
:10D54000FFF71EFF07462046FFF71AFF3F1A2A463D
:10D5500043464846514600970AF0DDFB0E4A4FEA23
:10D56000141C640004F01E0352F82C40DC4004F04C
:10D57000030401342418284641F10001DDE90423A5
:10D58000C6E90041414600970AF0C5FBA3E700BF8A
:10D59000389202009890020058AB020038B5C0F3F0
:10D5A000C753014620F000457F3B162B19DC002BAA
:10D5B000024608DA00281BDB002D14BF4FF07E5115
:10D5C0000021084638BD0C4818410842F9D000290E
:10D5D000C2BF4FF4000141FA03F3D21822EA00015E
:10D5E000EFE7B5F1FF4FECD3E3F796FB0146E8E731
:10D5F0004FF00041E5E700BFFFFF7F000B4631F031
:10D60000004104D100280CBF022003207047094AC2
:10D61000134208D0084B994207D9914207D1B0FA7A
:10D6200080F04009704703207047042070470020B5
:10D63000704700BF0000F07FFFFFEF7F30F0004039
:10D640000DD0A0F50003B3F1FE4F0AD3421E074BE5
:10D650009A4208D9A0F1FF4358425841704702202E
:10D660007047042070470320704700BFFEFF7F0013
:10D670007047034600201A7B12B11A688A4206D00E
:10D680000130182803F11003F5D14FF0FF30704737
:10D6900030B50D0100EB01110B7BABB1D0F8883137
:10D6A0000A7AD0F88441032B4FEA0221C4EB02220C
:10D6B0000BDC0BB104EB62010133C0F888310023AD
:10D6C000C0F884112844037330BD04EBE201F3E792
:10D6D0002DE9F041D0F88041C0F88C2100EB041313
:10D6E0001B7B05460F4616464FEA041813B1214628
:10D6F000FFF7CEFF002205EB080345F808701A7209
:10D700005A8101225E601A731823144494FBF3F2C9
:10D7100003FB1244C5F88041BDE8F08138B50546E9
:10D720001446FFF7A6FF431C01460AD005EB001282
:10D730005368E41A42F210739C4204D92846FFF75A
:10D74000A7FF002038BD137AFF2B01D10120F9E794
:10D7500001331372FAE770B505461446FFF789FFE7
:10D76000431C06461FD02046E3F786FBD5F89011F0
:10D77000E3F7DAFBE3F7DAFDA0B10C2303FB04F2D5
:10D78000B2F5FA6F28BF4FF4FA6205EB06156B8904
:10D79000934208D2D21A824228BF0246B2F5803F95
:10D7A00003D290B270BD0020FCE74FF6FF70F9E79E
:10D7B00038B504461546FFF75CFF431C0CD0010149
:10D7C00004EB001043890C445A19B2F5803F2CBF7A
:10D7D0004FF6FF7292B2628138BD08B5D0F884016D
:10D7E000E3F74AFB4FF06E51E3F79EFB08BD70472D
:10D7F000704770477047002070470020704770479F
:10D800000B68022A036004BF4B68436070470A201C
:10D8100070474FF47A60704707B504210DEB0100A3
:10D8200004F0FBF965230198B0FBF3F203FB12004F
:10D83000643003B05DF804FBC0F3400080F00100E9
:10D8400000F00100704710B5036804469B699847D3
:10D85000034628B1E06A18B158436423B0FBF3F0E3
:10D8600010BD38B500230446C0E90F33C0E91133B9
:10D87000A0F86030806D03681B68984723682063B8
:10D880000546DB6A20469847E0622046FFF7DBFF4B
:10D89000C4E90905606DE56103681B689847606D20
:10D8A00003689B6A984784F8380038BD70B50368F0
:10D8B00005469B6998470446C8B1EB6ABBB1A86DA1
:10D8C00003681B689847AB6A0646C31A0FD05C43CF
:10D8D000632C0CD92846FFF7B6FF6423B4FBF3F49E
:10D8E0006B6AAE621C44844294BF6C62686270BD15
:10D8F000037813F0380F1FBF4FF40860C3F383039E
:10D90000D84000F0010008BF0120704710B5044660
:10D91000C06D03681B68984730B9B4F8603043F0B5
:10D920000103A4F8603010BD00230371438080F828
:10D930000231F8E7C06D03685B68184710B5806D69
:10D940000C4603681B689847001B0028D4BF0020C2
:10D95000012010BD10B5806D0C4603681B68984708
:10D96000204410BD70B5456D04462B681E6A0368DF
:10D970005B6A984701462846B047606D03689B6A1A
:10D98000984730B9606D03685B69984780F0010083
:10D99000C0B294F83830834217D084F83800B0B958
:10D9A000A06D03681B6898472063A06D03681B681F
:10D9B0009847236BC01AB0F5FA5F82BFB4F86030A5
:10D9C00043F00403A4F8603001E00028EDD02368A0
:10D9D00020469B6A9847002811DD2046616BFFF7BF
:10D9E000ADFF60B1606D03685B6A984723682046AD
:10D9F0009B6A984701462046FFF7ACFF6063606D65
:10DA000003685B6C9847606D03689B6C984794F85B
:10DA10003A3001462BB9012384F8390084F83A30B2
:10DA200070BD94F939308342FAD0236884F8390004
:10DA30001B6B2046BDE8704018472DE9F04703688E
:10DA400005461B680E469847044630B93146E86DD6
:10DA500003685B68BDE8F0471847012818D0D5F87F
:10DA60005C8020F07F47D8F8003039462846D3F84C
:10DA70000890FFF76FFF220E013A034631464046F9
:10DA8000D2B2C847EB6C1BB117B13846296DE1E73C
:10DA9000BDE8F087F8B543680446002B42D0406DDE
:10DAA00003685B699847002857D0A06D03681B681E
:10DAB000984725696369471B3B44064663612046D6
:10DAC000FFF7F4FE636A606DBB4292BF0025ED185C
:10DAD000AD1B656203689B69984761680A7948884D
:10DAE000930902F03F0203FB02222368023250FA3C
:10DAF00082F2DB682046984761680878FFF79CFE51
:10DB000038B3E36B0133E3632046FFF713FF0023D1
:10DB10006360236820469B6A984701462046FFF7CA
:10DB200019FF6063E56DA06D2B685E6B03681B6871
:10DB3000984701462846B047014610B12046FFF7F6
:10DB40007CFF2046E4F7DAFE2046BDE8F840E5F722
:10DB500017B8236C01332364D6E72046E168FFF74A
:10DB6000EDFEA0B1606D03689B69984761680A7912
:10DB70004888930902F03F0203FB02222368023225
:10DB800050FA82F21B69204698476168BCE7F8BDED
:10DB90002DE9F041E6B0044630A81E460D46174672
:10DBA000DDF8B081E4F73CFD202230A8A91809F087
:10DBB000E2F84246314630A809F0DDF810A930A855
:10DBC00009F0DDF8684610A908F0ACFF6946204668
:10DBD00008F0E9FF30A8E4F723FD214630A8202211
:10DBE00009F0C9F8394630A8202209F0C4F84246A5
:10DBF000314630A809F0BFF820A930A809F0BFF8D5
:10DC000020A908A808F08EFF6B462A4608A904F14F
:10DC1000200008F098FF40210DEB010008F066FE9F
:10DC20002021684608F062FE66B0BDE8F08110B5BC
:10DC300004462022002109F00BFE204610BD10B53D
:10DC400004460846214609F03AF9B0FA80F0400946
:10DC500010BD10B50446FFF7EAFF4022002104F191
:10DC6000200009F0F5FD204610BD38B5044600F14E
:10DC700020052846202209F00FF994F82030294683
:10DC800023F0070384F8203094F83F30204603F057
:10DC90003F0343F0400384F83F30BDE8384008F0CC
:10DCA00082BF602A38B50B4613D10A4603F14004FF
:10DCB00000F1200152F8045BA24241F8045BF9D163
:10DCC000603352F8041B9A4240F8041BF9D101203A
:10DCD00038BD402A0DD100F120010A4603F140046D
:10DCE00053F8045BA34242F8045BF9D108F05BFFF0
:10DCF000EDE70020ECE73F2A70B51ED95F2A00F15E
:10DD0000200300F1600407D853F8042BA34241F824
:10DD1000042BF9D1402070BD1A460D4652F8046B11
:10DD2000A24245F8046BF9D1403150F8042B9842D7
:10DD300041F8042BF9D16020EDE70020EBE713B5A3
:10DD4000044600930846134604F120012246FFF7DB
:10DD50001FFF02B010BD30B505460C4689B0114614
:10DD60006846FBF785FB6A46204605F1200108F06E
:10DD7000C6FE09B030BD002070470020704700206B
:10DD800070470020704700207047002070477047A0
:10DD90007047704700207047704770477047704762
:10DDA000704700207047704770470020704770B57B
:10DDB000446D0546236808469E6800F06FFB0146E7
:10DDC0002046B047052204460021686E01F02BF87A
:10DDD00034235C436423B4FBF3F4604370BD08B5A3
:10DDE00004220121406E01F01EF87823584308BD3B
:10DDF000C0F3400080F0010000F001007047F8B56A
:10DE00000B78054618460C46FFF7F2FF08B90020CC
:10DE1000F8BDFF2BFBD00B7903F03F079B090133C3
:10DE200007FB0333402B07F10106F0DC2B68284683
:10DE3000DB6B98470028EAD0227905F50171920939
:10DE4000013207FB02400A3009F0DCFC237920464E
:10DE500023F03F031E432671E4F74CFC0646A86DF1
:10DE600003681B6898473146024605F17000FFF7CA
:10DE70002FFC2B6821461B6C28469847237903F01A
:10DE80003F03013340EA0360C2E701607047FFF7D8
:10DE9000E8BCFFF7FFBD10B50446FFF763FDA06DBA
:10DEA00003681B689847014604F17000BDE8104004
:10DEB000E4F742BC2DE9F0470446806D0F46036845
:10DEC00000261B6898478146E06D03685B699847A8
:10DED0008046464524DAE06D31460368DB699847A1
:10DEE0000546F8B10078FFF783FFD8B12846E4F77C
:10DEF00001FCB84216D1D4F854802846D8F8003036
:10DF0000D3F808A000F0CAFA01464046D04704F111
:10DF10007008024639464046FFF71DFC054618B911
:10DF2000BDE8F0870136D4E7E06D3146036805EBC4
:10DF300009029B6A98472A4639464046FFF738FC53
:10DF4000E36C002BECD02846216DBDE8F047184764
:10DF500070B50C4605467030E4F718FC2379064688
:10DF60009A0903F03F0302FB0333686D628852FA9B
:10DF700083F1036802319B689847044600EB8000F8
:10DF8000E2F77AFF3146E2F7CFFFE3F7CFF9062356
:10DF90005C43B4F5FA6F28BF4FF4FA64A04228BF7F
:10DFA00020460021421C686E00F03DFF143070BD19
:10DFB00038B50B7905469A0903F03F0302FB03339A
:10DFC000406D4A8852FA83F1036802319B68984792
:10DFD00040F291120446FA21686E00F024FF4FF4DB
:10DFE0007A7300FB04F2B2FBF3F20021686E013297
:10DFF00000F019FF143038BDF8B50D4600270B7935
:10E0000001F10A0603F03F04013C23F03F031C43E7
:10E01000E4B20C71A40901342B7903F03F0313FB24
:10E0200004F3BB4200DCF8BD3046264422463146AC
:10E03000274409F0E7FBEFE72DE9F047202B814665
:10E040000E4617461C4692B004D90025284612B049
:10E05000BDE8F087FFF75AFC05460028F5D01022EE
:10E06000034603F84A2B324606F1200852F8041BF7
:10E07000424543F8041BF9D1D9F8680005F16E094F
:10E0800003681B6898478246C5F86A002FB324B31B
:10E090002246394605F1AE0009F0B4FB04F16403F1
:10E0A0006B8033460DF1040C6246186859680833DA
:10E0B00003C243459446F7D1CDF824A07FB174B193
:10E0C000224639460AA809F09DFB04F1240349467B
:10E0D000304601AAFFF733FEB8E76423E0E72423C4
:10E0E000F5E770B50E461546FFF710FC044638B14B
:10E0F0000C232A46314600F84A3B09F083FB658031
:10E10000204670BD2DE9F04102F10108B8F1B80FC9
:10E110000F4616461D4614D8FFF7F8FB044668B1B3
:10E1200028232D0145F00305037080F84A5032463C
:10E1300039464B3009F066FBA4F802802046BDE862
:10E14000F0810024FAE72DE9F0470B780546FF2B14
:10E150000C4690464CD0036804F14A091B6D984761
:10E16000064604F10A0AEEB949462846A278FFF7A6
:10E17000B8FF074600283BD0237904F10A0140226A
:10E180000A3000F082F93B78387123F0030343F042
:10E1900002033B703246434639462846BDE8F04705
:10E1A000E4F7EABE2B6821465B6C2846984708F5E1
:10E1B000967833464946A27880442846FFF7A2FF66
:10E1C000074690B14022514623790A3000F05DF9AC
:10E1D0003B78387123F0030343F002033B700022C5
:10E1E000434639462846E4F7C7FE013EF6B2BAE791
:10E1F000BDE8F087F0B591F84A70064607F00F03C6
:10E20000032B0C46C3B036D14B88042B33D901AD58
:10E21000284600F014F9237840228DF8043004F1E8
:10E220000A0123790DF10E0000F02FF962888DF8B4
:10E230000800013A92B204F14B010DF14E00ADF825
:10E24000062009F0DFFAF06E294603681B6898473C
:10E2500088B9F06E294603683F095B6898472946EC
:10E260003046FFF7C9FE4FF496722946304607FB49
:10E270000222FFF768FF002043B0F0BDB82A70B556
:10E280000E4615460DD8FFF741FB044638B12C2346
:10E290002A46314600F84A3B09F0B4FA6580204628
:10E2A00070BD0024FBE72DE9F04194460A7806464C
:10E2B00022F0030E02F03C024EF0020E242A0C461D
:10E2C0001D46069F81F800E021D14B885A19B82AD3
:10E2D00003DDBDE8F041FFF72DBB03F14A002A46FC
:10E2E0006146204409F08EFA63881D44002365804E
:10E2F00005252371F06E214603685B6898473B460D
:10E300002A4621463046BDE8F041E4F735BE4022BA
:10E31000614604F10A0000F0B8F82578207105F094
:10E320003C05A5F120035D425D41E3E72DE9F041A5
:10E330000D78174625F0030545F002050D70002500
:10E3400006460C460D71C06E03685B6898473B46F5
:10E350002A4621463046BDE8F041E4F70DBE2DE9DE
:10E36000F04FAFB09DF8E0809A4608F03F044FEAC6
:10E37000981303FB0444DDF8EC90064609F105030D
:10E380002344A62B8B46174604D9002528462FB0D8
:10E39000BDE8F08FFFF7BAFA05460028F5D0202334
:10E3A00003709BF80030514680F84A3096F80432EA
:10E3B000224680F84B300DF101008DF8008004F109
:10E3C000020A09F01FFA04F1B903E8460DEB0A004E
:10E3D0006B44B9F1000F12D09DF8E4203A9903F88C
:10E3E000B82C4A4609F00EFA09EB0A0342463846B1
:10E3F00005F14C0100F04BF902306880C6E7FF22BE
:10E4000003F8B82C736E01461A6818461668042281
:10E41000B047A31DEAE77FB509788DF814100B9972
:10E4200003910A9902919DF8241001919DF8201002
:10E43000009105A9FFF793FF07B05DF804FB0022E8
:10E44000027002714280704700F03F038009032888
:10E4500000F1010206D013FB02F04028CCBF0020DF
:10E46000012070470020704738B59D0903F03F0434
:10E4700005FB0444402C06DC944204D8224609F0F3
:10E48000C1F9204638BD0024FBE710B51C46FFF754
:10E49000EBFF002814BF2046002010BD03799A0925
:10E4A00003F03F0302FB033342880078023310F08D
:10E4B000030052FA83F305D0C21E5042504180003F
:10E4C000184470470420FBE770B50478B0B0C4F37B
:10E4D0008304092C0D46468800F14A018DF804405A
:10E4E0000FD1037932460DF106008DF8053009F0A1
:10E4F00089F9B31C0821284601AAE5F7BBFC30B016
:10E5000070BD32460DF1050009F07CF9731CF1E78E
:10E510000B6803607047002110B504468022C0F8E4
:10E52000201109F095F9204610BD70B5D0F82041B2
:10E5300003468C4219DD50F8210003EB81021D1FB8
:10E540008031194405EB8405AA4203D1013CC3F88C
:10E55000204170BD566842F8046B4E7801F8016B9B
:10E56000D2F8A060C2F89C60EEE70020F1E7F8B5B1
:10E57000FF220C4600234FF0FF31D0F8207100F14C
:10E580009C0600F1800C9F4204DC4B1C0FD0FFF76F
:10E59000CCFFF8BD56F8045F2D1B002D05DC1CF8E0
:10E5A000035095423CBF19462A460133EBE7002051
:10E5B000EFE730B5D0F820411F2C0DDC40F82410D7
:10E5C00000EB84050119013481F88020C5F8A030E2
:10E5D000C0F82041012030BD0020FCE7A0F141033C
:10E5E000052B02D83738C0B27047A0F16103052B64
:10E5F00001D85738F7E73038C0B20A2828BF0020C2
:10E6000070470B68036070472DE9F047B4B002AC67
:10E61000804689461E46A2461A440F2EA2EB0605E6
:10E620001ADC002E0ADD10220021204609F010F924
:10E6300020463246294609F0E5F8103401235146B8
:10E64000009340464B46A4EB0A02E5F78BFB20EA19
:10E65000E07034B0BDE8F087234605F1100C1F468A
:10E6600028686968083503C765453B46F7D110340B
:10E67000103ED2E713B50C4611461A46002300930C
:10E680002346E5F76FFB20EAE07002B010BDF8B555
:10E690008F1C0D4639460646FFF7B6FF044608B9FB
:10E6A0000020F8BD02462B4639463046E5F70CFB04
:10E6B0000028F5D1A01CF4E7002373B58DF80730CE
:10E6C000934206D19DF80700B0FA80F0400902B0ED
:10E6D00070BDC55CCE5C9DF8074075402C438DF83D
:10E6E00007400133ECE7022B2DE9F34106460F46C4
:10E6F000154617DD02F102089C1E2246414601AB79
:10E70000E5F7E2FA70B90222294601A8FFF7D4FF23
:10E7100040B1234642463946304602B0BDE8F0419A
:10E72000FFF7A8BF002002B0BDE8F081002301443C
:10E73000884200D1704700F8013BF9E7F8B506467A
:10E7400010460D461446E2F7CDFEB0EB450F17D14B
:10E75000224631468B1BAB4202F1020201D301205B
:10E76000F8BD12F8020CFFF739FF12F8017C0446DD
:10E770003846FFF733FF40EA041001F8010BE9E7E0
:10E780000020EDE7F0B504460020074625780DB1DE
:10E79000904208DB214614F8012B1AB19A42F9D1B4
:10E7A00000230B70F0BD254641F820402E782C4602
:10E7B00001351EB19E42F9D127702C460130E5E7A4
:10E7C0007047704700207047704700207047002056
:10E7D00070470020704700207047002070470020DD
:10E7E0007047704700207047002070470020704736
:10E7F00008B540F21B60002106F061FC0120EEF735
:10E8000061F900207047704790F91F0A7047002097
:10E8100070476FF05700704770470020704740F214
:10E82000DC5070477047C0697047006A704708B590
:10E830000368D3F88830984780F00100C0B208BD63
:10E84000D0F86C09704710B5A8220446002100F6E4
:10E85000761008F0FDFF002384F8383A10BDD0E8A8
:10E86000AF0F704708B51830FFF7F9FFB0FA80F026
:10E87000400908BD08B51430FFF7F1FF003818BF94
:10E88000012008BD2DE9FF410446C0F8701914307D
:10E89000FFF7E5FF00284ED004F11800FFF7DFFF77
:10E8A0000646002847D1236820461B6B984700285E
:10E8B00041D023682046DB6A9847054600283AD1B4
:10E8C0006F46E846236820469B6F984728F8020B5E
:10E8D000803030D00136082EF4D1002237F9020FF3
:10E8E0001346394631F9026C864203DD013B21F8BB
:10E8F0000269F7D204A9013201EB4303072A23F886
:10E900000E0CEBD1BDF90830BDF90610D4F86C2916
:10E91000194401EBD1735B1082B9F231D8BF6FF0AB
:10E9200077036FF0310184F874298B42D4BFC4F8A7
:10E930006C39C4F86C1904B0BDE8F08194F874190E
:10E94000072984BF01F00F05B5FA85F501F1010033
:10E9500088BF6D09072984F8740904D91DB902F12B
:10E960000D018B42E7DC9B1A002BCCBF04216FF01A
:10E9700003015B1848BF073302EBE3026FF0770334
:10E980009A42B8BF1A466FF031039A42D4BFC4F816
:10E990006C29C4F86C39CEE700F62430FFF75FBF6E
:10E9A00000F53260FFF75BBF00F61C30FFF757BF82
:10E9B0000B680360704707B5019101A9FFF7F8FFE5
:10E9C00003B05DF804FB07B5019101A9FFF7F0FF63
:10E9D00003B05DF804FB07B5019101A9FFF7E8FF5B
:10E9E00003B05DF804FB142914D803681B6803EB1B
:10E9F000C103B3F87639772B0CD94FF47A72436898
:10EA000003EBC103B3F87809B3F876395043B0FB90
:10EA1000F3F070474FF0FF307047D0E8EF3FC0E8A9
:10EA2000E21F002AF9D170472DE9F84300F6580794
:10EA300006463846FFF713FF044606F65400FFF774
:10EA40000EFFE4B2A042884623D04FF483736343A1
:10EA500006EB0309B9F8245192B2954228BF154636
:10EA60002433F1182A46404608F0CCFEB9F92601B5
:10EA7000E2F706FAF06199F92801E2F701FA611C60
:10EA8000306201F007013846FFF7C7FF2846BDE8AE
:10EA9000F8830020FBE7D0E8EF3F0133C0E8E23F16
:10EAA000002AF8D17047142914D803681B6803EBB7
:10EAB000C103B3F87639772B0CD94FF47A724368D7
:10EAC00003EBC103B3F87A09B3F876395043B0FBCE
:10EAD000F3F070474FF0FF30704790F8593A13B198
:10EAE00090F8640A7047C36813B193F874007047D4
:10EAF0000820704790F8593A13B190F8650A7047AA
:10EB0000C36813B193F8750070470820704708B5C3
:10EB1000FFF7E3FF08288CBF1020202008BD12203B
:10EB20007047C36853B193F94C00162808DC6FF0A6
:10EB300008039842B8BF184640B270471620F6E75F
:10EB40001620F9E770B5044686B00A4601A9E5F734
:10EB50005BFD94F8582AAAB1D4F8443A0199994235
:10EB600010D1D4F8483A029999420BD1D4F84C3AD2
:10EB70000399994206D1D4F8501A049B4B4033F4C0
:10EB80007F0327D023793BBB32B3D4F8443A019AB0
:10EB90009A4221D1D4F8483A029A9A421CD1D4F828
:10EBA0004C2A039B534033F07F4315D1D4F8502AAD
:10EBB000049B534033F47F030ED19DF80F2094F84B
:10EBC0004F3A9A4208D004F6442401AD0FCD0FC449
:10EBD0002B68236006B070BD23682046DB6E01A958
:10EBE000984750B104F6442601AD0FCD0FC62B68EF
:10EBF0003360012384F8583AECE784F8580AE9E7CF
:10EC00000021FFF79FBF0121FFF79CBF30B480F8C0
:10EC1000643A01239DF80850C0F85C1A80F8655AE0
:10EC2000C0F8602A80F8593A30BCE5F7F3BF90F895
:10EC3000592A22B1002280F8592AE5F7EBBF704724
:10EC400010B504461830FFF70AFE08BB23682046BB
:10EC5000DB6A9847E0B994F8393A93B923682046BB
:10EC6000D3F88430984704F11400FFF7F8FD10B191
:10EC70002046E5F771FD0023C4F86C3984F8743937
:10EC800006E023682046D3F8883098470028E5D06E
:10EC900010BD38B5054655F8143B04461B6F984720
:10ECA00000212846FFF7B9FE84F8581A2046BDE82F
:10ECB0003840E5F751BD38B505460C4611B9D0F8D6
:10ECC00070495CB12B6828469B6F9847D5F86C3922
:10ECD0001C44A042D4BF0020012038BD2046FCE7E0
:10ECE00010B504461430FFF7BAFD08B9002010BD76
:10ECF00004F11800FFF7B3FD0028F7D12368204680
:10ED0000DB6F98470028F2D101462046BDE810404D
:10ED1000FFF7D1BF00F1A802B0F8763908305B08E0
:10ED2000A0F86E39B0F870395B08A0F87039B0F807
:10ED300072395B08A0F87239B0F874395B08A0F832
:10ED400074399042E8D1704790F8383A90F81E1A1A
:10ED50000133DBB2024680F8383A41B90922B3FBED
:10ED6000F2F202EBC2029B1A043B58B2704703F066
:10ED70000303012B90F91F0A92F81F2A09D0032BD5
:10ED80000AD0034603F10802D2B2142A98BF1846EB
:10ED90007047531E5BB2F5E7531CFBE7B0F8203A0F
:10EDA0000BB1E6F7CDB8704738B506F06BFA4FF403
:10EDB0007A74A0FB040547F61222002304FB0151DC
:10EDC000E2F724FB38BD704770B5044606F05AFAE6
:10EDD0004FF47A75A0FB050647F61222002305FBC7
:10EDE0000161E2F713FB4FF47A720023E2F7BEFAF7
:10EDF000A368184470BDF8B505460C4606F042FA03
:10EE00004FF47A76A0FB060747F61222002306FB92
:10EE10000171E2F7FBFA4FF47A720023E2F7A6FAE7
:10EE2000241AAC60F8BD37B5154604220C460368B9
:10EE30000DEB02011B689847A54206D9019B2D1BCB
:10EE4000B3FBF5F205FB12331C44204603B030BD82
:10EE500070B5C0B0044600214FF48072684608F0D7
:10EE6000F7FC6D4600200121631E3F3413F8012F8B
:10EE7000AE5C0EB9A9540130A342F7D140B070BDC9
:10EE8000704770477047002070470020704700208F
:10EE90007047704770474FF4967070477047002076
:10EEA000704708B52022002108F0D2FC002008BDE0
:10EEB0007047002303604360836070477047836836
:10EEC0004C21DB68184783681B691847002070478E
:10EED00008B54422002108F0BBFC6FF0120008BD09
:10EEE00003780B70427862B343F010030B708368B1
:10EEF000C1F80130C368C1F805300923028A32B174
:10EF00000A7842F020020A70028ACA520233428A08
:10EF100032B10A7842F040020A70428ACA52023381
:10EF2000426862B1127852B10A7862F07F020A70C8
:10EF30004268013A12F8010F08B1202B03D1D8B270
:10EF400070470123DAE7C8540133F3E7002370B5B3
:10EF50000446C0E909330360C3624AB30878C306B4
:10EF6000207027D5082A23D9D1F801306362D1F85F
:10EF70000530A3620923860608D5012B0CBF0325A3
:10EF80000B25AA4214D3CD5A0233A585450606D5D2
:10EF90009D1CEEB2B2420BD3CB5AE3852B46000642
:10EFA00004D5D51A1F2D07DC002D06DC0123637064
:10EFB000204670BD0123DEE71F252A461944A01C08
:10EFC00008F020FC00232544AB70EFE70B680360DA
:10EFD000704770B50E46154600214FF44072044646
:10EFE00008F036FC00230022C4E9C233C4E9CC3364
:10EFF000C4E9CA3384F81033C4F8143384F81833DE
:10F00000C4F81C3384F82033C4F824330023C4E943
:10F01000CE23C4F8006384F8045370BDF8B50D46E0
:10F02000044600F54077E37D26462BB108222946A9
:10F03000204608F01CFC18B11834BC42F3D100265D
:10F040003046F8BD0B69D21AB2F5616F05D3888AD4
:10F05000012894BF002001207047002070472DE94F
:10F06000F04F0D460024ADF5157D9B469DF8783296
:10F0700000210292182203938246264608F0E8FBFC
:10F08000294605F54073019314AF5A462846039B61
:10F09000E6F798FAB0B3CB688A68ABEB03039B182A
:10F0A0004FF000024FF00F004FF0960E42EB020CB3
:10F0B000029A01369B1A8A7D6CF1000C12FB00E269
:10F0C0000020B3EB0209C84607EBC40E6CEB000945
:10F0D00047F83480CEF804904FF0010ED2184FF06C
:10F0E000FF330DF1100808F804E004F1010E07EBFE
:10F0F000CE0940EB0C0047F83E2008F80E30C9F866
:10F1000004000234019B18319942BED1F3B203933B
:10F110008AF80130002E3BD014AA0126104604AB19
:10F12000CDE90133B44238DC0022134616461146BD
:10F13000944264D150F8335000EBC302013350F8CD
:10F140003310546800EBC30201238AF80030039B9C
:10F15000F6B252689B1B8AF802606E1844EB0200FC
:10F160008AF80330C30F9B1940F100005B08491B6C
:10F1700043EAC07362EB04024010CAE90230D30FC5
:10F180005B1842F100025B0843EAC273CAF8103010
:10F1900050460DF5157DBDE8F08F029952F8088FA5
:10F1A00011F9013FD2F804E00F46029111469C4646
:10F1B000731E51E9029BC8457EEB0B0507DBF34547
:10F1C00008BFC1450DD117F9015C654509DAC1E9F0
:10F1D000009B17F8019C013BA1F1080107F8019978
:10F1E000E7D2013314AD14A945F8338001EBC30114
:10F1F00004ADC1F804E005F803C0013692E7019DB3
:10F2000015F9017B002F0195394403DD8E42BCBF07
:10F2100013460E4601328BE70123C0F80C1380F829
:10F220001033C0F8141380F8183370470123C0F866
:10F230000C1380F81033C0F8141380F8183370479B
:10F2400010B502999DF80C40C0F81C13012180F8FC
:10F250002013D0F82C130131C0F82C1324B1D0F8AE
:10F2600030130131C0F83013C0E9CE2310BDF8B51A
:10F27000D1F8087306460C46AFB19F4217D803F584
:10F280006175C1F80853D1F824530135C1F82453EE
:10F29000E6F750FA3378012B02BFD4F82833013354
:10F2A000C4F8283308E003F56175C1F8085330222B
:10F2B0000021304608F0CCFA3046F8BD10B50A46B9
:10F2C0000446E6F727FA30B1D4F80C03C2F513214F
:10F2D00001F52861084410BD704700207047704751
:10F2E0000346F0B5A1B142791D68B1FBF2F12A885D
:10F2F00088B28A422DD91B7903F10042013A35F8D0
:10F300001220824204D20124AF1EE2B2934201D8FD
:10F3100000201BE0621C37F81260864217D85A1E84
:10F320006423881BB3FBF2F1484304F1004114FB52
:10F3300003F3013935F81110B3FBF2F3891B89B2DD
:10F34000B0FBF1F0C3F164031844C0B2F0BD144641
:10F35000DBE76420FAE710B480688468E468A446B8
:10F3600010BC6047806803F000B8806803F023B8E1
:10F37000806803F04FB8806803F073B8806803F0CA
:10F38000ABB8806803F0A4B88068F2F7F7BD00223C
:10F390008068114683685B6918470B68022A03601E
:10F3A00004BF4B684360704783685B68184707B5C4
:10F3B0000122019101A9FFF7F0FF03B05DF804FB02
:10F3C00007B50122019101A9FFF7E7FF03B05DF83E
:10F3D00004FB02F0A9B813B5044608466946FFF7D6
:10F3E00073F86B46D4F8042503CB04EBC20291609A
:10F3F0005060A022D4F80435013393FBF2F102FBF4
:10F400001133C4F8043502B010BD37B504460846C0
:10F410006946FFF759F8251D04F2045408222946CD
:10F42000684608F024FA18B92860686003B030BD57
:10F430000835A542F2D1F9E72020E6F781BD80200A
:10F44000E6F77EBD0820E6F77BBD4FF48070E6F757
:10F4500077BD0220E6F774BD0120E6F771BD1020EC
:10F46000E6F76EBDF7B50E46044669463046FFF72F
:10F470002BF8251D04F2045708222946684608F097
:10F48000F6F998B9337803F00303023B012B07D94F
:10F49000D4F80C350133C4F80C35012003B0F0BDAD
:10F4A000D4F808350133C4F80835F6E70835BD420D
:10F4B000E2D10020F2E7012303FA01F103691B689E
:10F4C000194218BF82F0010212B18368DB68184745
:10F4D00083681B69FBE7002070470020704700200D
:10F4E0007047002070470020704790F80F03704766
:10F4F00090F89D3333B94FF47A6390F8100310FB02
:10F5000003F070470020704790F807037047406D84
:10F5100003681B6D1847A0F51970F8E7024613B58C
:10F52000406D92F8A11392F8A44303680039009447
:10F530001C6C18BF012192F8A33392F9A223A047B3
:10F5400002B010BDA0F51970E8E7406D0368DB6CF0
:10F550001847A0F51970F8E7036880F8A213D3F8EC
:10F56000B830184780F88812704780F82410704728
:10F5700000F5017070476038704700F53750303043
:10F58000704700F52E500C307047C0F800127047DD
:10F5900040F8641C70470B68022A036004BF4B6884
:10F5A000436070477047F0B500F58053D3F8FC57BF
:10F5B00000230246A027184602F57F76AB4200DB07
:10F5C000F0BD07FB03F491F800C0345DA44502BF11
:10F5D00000F65C3442F8243001300133EEE7406D30
:10F5E00003681B6E1847A0F51970FFF7F8BF406D50
:10F5F00003685B6E1847A0F51970FFF7F8BF406D00
:10F6000003689B6E1847A0F51970FFF7F8BF07B5A0
:10F610000122019101A9FFF7BEFF03B05DF804FBD1
:10F6200007B50122019101A9FFF7B5FF03B05DF80D
:10F6300004FB02F65C3250F82230002B12DB00F59E
:10F640008052D2F8FC2793420CDAA02202FB03007E
:10F6500000F25E4300F27E4053F8042B834241F8EF
:10F66000042BF9D170472DE9F041054688464FF447
:10F67000FA6117461E46FEF76DF99DF8183005F53C
:10F68000005484F86D3D4EF660230799C4F85C0D74
:10F6900059432846C4F8648DC4F8687D84F86C6DBD
:10F6A00001F5FA61FEF756F9C4F8600DBDE8F08186
:10F6B000A0F51970FFF7D7BFA0F51970E7F77EB86E
:10F6C000A0F51970E7F78AB801F02EBFA0F5197000
:10F6D000E7F794B8A0F51970E7F79AB838B502F6CD
:10F6E0005C3250F822400546002C19DB00F58052B0
:10F6F000D2F8FC27A24213DDA022544304F21E409C
:10F7000040229DF8143004992844FEF7BEFE2C4494
:10F7100084F81D04A86E03681B689847C4F8840425
:10F72000002038BDA0F51970E7F77CB8A0F5197076
:10F73000E7F7A0B8A0F51970E7F7D0B8A0F51970F1
:10F74000E2F7FAB8A0F51970E2F712B9FFF79FBB1C
:10F75000A0F51970FFF7FABFFEF7FABBFEF728BC59
:10F7600038B505F08FFD4FF47A74A0FB040547F619
:10F770001222002304FB0151E1F748FE38BD38B5E1
:10F780000D46FFF782FB044610B12846FFF782FBC7
:10F79000204638BDA0F51970FFF7F1BF0146D0F83B
:10F7A0006C0218B101F52471E8F7F0BD7047A0F5BF
:10F7B0001970FFF7F3BF30B4406D9DF8084090F822
:10F7C000595A1DB9029430BCFFF720BA30BC7047BB
:10F7D000A0F51970FFF7EFBFD0F86C0208B1E9F798
:10F7E0007FBB7047A0F51970FFF7F6BFD0F86C0229
:10F7F00008B1E8F707BD7047A0F51970FFF7F6BF2D
:10F800007030E2F7C3BFA0F51970F9E77030FDF76B
:10F81000E4BFA0F51970F9E7A0F51970E2F7C4B8D4
:10F82000A0F51970E7F7ECB870B584684568261D37
:10F83000AE4213D80568661C866029558168046845
:10F840004D1C8560625482680168541C84601C0AE7
:10F850008C5482680168541C84608B5470BD0923E9
:10F860000178024601F00301CB4013F0010007D0FC
:10F87000D38823B91089B0FA80F04009704700207E
:10F88000704700F00300023801288CBF00200120DF
:10F890007047C0F3400080F0010000F001007047A5
:10F8A000A0F51970E7F744B938B500240546406D56
:10F8B00000F61C33D3E8EF2FC3E8E14F0029F9D15C
:10F8C00000F53263D3E8EF2FC3E8E14F0029F9D107
:10F8D00000F62433D3E8EF2FC3E8E14F0029F9D134
:10F8E00003689B6E9847C5E90F44C5E91144EB6E68
:10F8F000A5F86040C3F80C45C3F8084538BDA0F52D
:10F900001970FFF7D1BF0B4690F8881219B15988CA
:10F910001878E7F717B9704710B5036804461B68F5
:10F9200098476368834228BF581C606010BD2DE96A
:10F93000F04300230446074600F5A05589B004357E
:10F9400044F8043B2046A034FEF771F9AC42F9D1EB
:10F950004FF0000807F5805307F5A159C3F8048458
:10F9600007F1260409F106096E46A4F1220568464E
:10F97000FEF75DF90FCE0FC596E80F0085E80F0082
:10F9800004F8028C04F8018C40220021204607F084
:10F990005FFF2022002104F1400007F059FFC4F866
:10F9A0006280C4F8668004F16A0014220021A03449
:10F9B00007F04EFF4C45D7D1384609B0BDE8F0837B
:10F9C000D0E9012313448B4209D9838901339BB2C7
:10F9D00083810088984234BF0020012070470123B2
:10F9E000816083811846704770B5064688B03546F9
:10F9F0006C466846FEF71BF90FCC0FC594E80F0064
:10FA000085E80F000023C6E9083386F8283008B0DF
:10FA100070BDF8B50E46174600F5135500F5355480
:10FA200004351C343A463146284607F020FF10B909
:10FA30002846FFF7D9FF2C35A542F3D1F8BDA0F534
:10FA40001970FFF7E6BF2DE9F84F00F5135504359F
:10FA500007460C46914698462E464FF0FF3B00F570
:10FA6000355A0AF11C0A20223146204607F0FFFED3
:10FA700030B3736A9B4588BF354606F12C0688BFB4
:10FA80009B465645EFD12B4604F120021E462068C6
:10FA90006168083403C694423346F7D1C5F8209014
:10FAA000B86E03681B6898474FF081416862404612
:10FAB000E1F73AFAE1F714FC85F82800BDE8F88F81
:10FAC0003546E0E72DE9F04305468FB008460C4681
:10FAD00016461F46FFF7C3FEA8B994F80490FFF737
:10FAE0003FFE4FF47A720023E1F740FC05F53758EA
:10FAF00009F03F0908F1300800904B463A4631467C
:10FB00004046E5F771FD23799B0620D12046FFF79B
:10FB1000A6FEE0B99DF85C20169902A8FFF716FA38
:10FB20009DF809309BB19DF8083003F00F03022BBC
:10FB30000DD194F90201E1F7A3F94FF07A51E1F701
:10FB4000F3F93A46034631462846FFF77CFF0FB0EB
:10FB5000BDE8F083F0B591F84A30044603F0F002B6
:10FB6000802A0D468BB04DD14B88052B48D990F893
:10FB7000DD62002E44D1806E03681B689847014601
:10FB800004F512500430FFF71BFF002838D06A88B4
:10FB900095F84B30092A78D85B0731D5D4F81C3357
:10FBA000B3422DD39221EA6C95F84A308DF80010BB
:10FBB00095F80211CDF802208DF8011003F0010331
:10FBC00004F501720DF1060104F5097052F8045BA9
:10FBD000824241F8045BF9D1002B0CBF26220E2291
:10FBE00069462046FEF74AFB054648B123680146B0
:10FBF0001B6C20469847294682002046FEF796FB5C
:10FC00000BB0F0BD902AFBD14A88052AF8D903F041
:10FC10000F03022BF4D1252AF2D900F50056D6F8AD
:10FC2000B434A3B3D6F8B814FDF788FE78BBEB6CF8
:10FC3000D6F8B4249A42E3D16A4605F1500305F19F
:10FC40007007164618685968083303C6BB42324627
:10FC5000F7D12022684604F5017107F008FE00285C
:10FC6000CED0A06E03681B689847064695F902013E
:10FC7000E1F706F94FF07A51E1F756F932460346BB
:10FC800069462046FFF7DFFEBAE72E6D84E70023C2
:10FC9000C6F8B434B4E72DE9F3410546806E1F463B
:10FCA000036890461B68089C9847014605F512506A
:10FCB0001430FFF785FE38B34CB33B7805F580561A
:10FCC00086F8C83953B105F5CC50621E791C08304E
:10FCD000FEF7DBFB10B9FF2386F8C839C6F8D088D9
:10FCE000A86E03681B6898470023C6F8D40805F57A
:10FCF000C65105F5D7500093AC22012318311030BE
:10FD000000F05CFC0830C0B202B0BDE8F0812046D3
:10FD1000FAE72DE9F0410446806E1F4603689046DD
:10FD20001B68069D9847014604F512501430FFF7F2
:10FD300047FE18B325B33B7804F5805686F8C839DA
:10FD400053B104F5CC506A1E791C0830FEF79DFBB8
:10FD500010B9FF2386F8C839C6F8D088A06E0368AA
:10FD60001B6898470023C6F8D40886F8D83894F85A
:10FD7000DD3213B1802386F8D8380920BDE8F08140
:10FD80002846FBE710B588B004466A46022100F514
:10FD9000C050E2F7C5FA6A46034604F501712046F1
:10FDA000FEF74AF908B010BD2DE9F8439046002649
:10FDB0000C7901F10A054FEA941909F1010904F0DF
:10FDC0003F0400F501773CB918F80900B0428CBF38
:10FDD00000200120BDE8F8834A463946284607F04E
:10FDE00046FD08B90136F6B2013CE4B24D44EAE7FB
:10FDF0002DE9F043054685B00846884614461E4660
:10FE00009DF8309000F031FC074640B14B46324639
:10FE10002146284605B0BDE8F043E3F75FB9214627
:10FE20004046E9F721FD3346ADF80C00214628464F
:10FE3000CDF8009003AAADF80E70E3F791F905B084
:10FE4000BDE8F08373B50D4604461646FFF79AFFEA
:10FE50000146B0B176B194F8B3030A460130C0B29E
:10FE600004F5115100902B4620463431FFF7C0FFB6
:10FE700002B070BD2A46204602B0BDE87040FEF7D1
:10FE800055BA02B0BDE87040E6F7B0BDA0F51970F4
:10FE9000FFF7D8BFF0B51F4600F500530D46D3F865
:10FEA00070140446164687B089B10B887BB100F503
:10FEB000D750012302AA103000F05CFA00280FDCB2
:10FEC0003B46324629462046E3F708F90FE03B4619
:10FED00032462946204607B0BDE8F040E3F7FEB8B9
:10FEE00033462A462046009702A9FFF781FF07B054
:10FEF000F0BD2DE9F0430E46097885B001F03C01D4
:10FF00001C291F46DDE90C340546904663D10020CC
:10FF100019681855FF2005F5805989F8C80918791E
:10FF200000F1FF3CBCF11E0F2FD93078FFF7B1FC78
:10FF300004330190009328460B463946E6F72CFF20
:10FF40000446002847D03078FFF7A3FC05F5C653D8
:10FF50001033002853D0CDE90234012301933379C3
:10FF6000424600933946284606F10A03FEF753FA43
:10FF7000014680B34FF49672284633799B090133CA
:10FF800005B0BDE8F043FFF785BF01280FD13078F9
:10FF9000FFF777FCF8B1052C38BF0524053C0A466D
:10FFA0002846394600940533FFF775FEC8E7022856
:10FFB0000FD13078FFF765FC68B1052C38BF0524F8
:10FFC000053C0A462846394600940533E6F7FEFF0D
:10FFD000B6E7032802D005B0BDE8F0833078FFF71C
:10FFE00050FC0028F7D0052C38BF0524053C0A46F4
:10FFF0002846394600940533FFF78BFEA0E799F8B1
:020000022000DC
:10000000C8290121FF2ACDE900343A464346284653
:1000100002D1E3F775FCABE7E3F772FC0146002879
:10002000D9D04FF4967328460C9305F5CC5299F825
:10003000C839083205B0BDE8F043FEF734B94FF4D3
:10004000906330B5044685B0406EADF80430036867
:1000500004221B680DF106019847DDF8063004F50F
:100060000055C5F8B43447F230512046FDF772FC14
:10007000C5F8B804002501A90A222046CDF80A5087
:10008000FEF7FCF8014618B12A462046FEF74EF965
:1000900005B030BD10B50446FFF762FB04F56D53A3
:1000A00043E90201D4F86C0230B104F54451303117
:1000B000BDE81040E8F780BE10BD70B400F50056F2
:1000C00096F8BC64144626B1214670BC1A46E7F780
:1000D000A3BC70BCE7F75CBAF8B590F8A03304464F
:1000E000B3B3816E00F537503030E5F7D1FB78B30C
:1000F000002140F2262C04F5005204F5135502F5B8
:100100005F632835D3E9CE0655F821304BB11B1873
:1001100046F10007012B77F10007B8BF012345F82E
:1001200021300B316145EFD1002104F58053D3F824
:10013000FC77B9420DDB0023C2F88C34A2F890346E
:10014000C2F89C34A2F8A034C2F8AC34A2F8B0349F
:10015000F8BDD4F884344BB11B1846F10005012BCF
:1001600075F10005B8BF0123C4F884340131A0340F
:10017000DFE738B50B78044613F003030D4623D1AF
:1001800000F5D7500122103000F022F904F5005399
:10019000C3F8700429462046E3F728F8012812D94D
:1001A00004F54053D3F8302B002A0CDB1C2101FB53
:1001B000024443F26411625801326250D3F848217C
:1001C0000132C3F8482138BD012B09D100F5805315
:1001D00093F8803FDB0703D400F5FB501C30D5E7D4
:1001E0000020D3E710B50446E1F77CF9002123187D
:1001F000A34203D913F8012C202A00D010BD03F824
:10020000011DF5E70B68022A036004BF4B684360D9
:10021000704707B50122019101A9FFF7F3FF03B071
:100220005DF804FB07B50122019101A9FFF7EAFF80
:1002300003B05DF804FB0023ECF7E4BF002202707A
:1002400070470B680360704770B5064688B0354646
:100250006C466846FDF7EBFC0FCC0FC594E80F0029
:10026000002485E80F0021464022348406F1220054
:1002700007F0EEFA2146202206F1620007F0E8FAC4
:100280001422214606F18C00C6E9214408B0BDE8DD
:10029000704007F0DDBA2DE9F8430E4617460025F9
:1002A00000F58053D3F80494041DA94504DC4FF0F5
:1002B00000084046BDE8F88321463A46304607F03C
:1002C000D6FAA046A0340028F3D00135EDE72DE999
:1002D000F74F064690464FF000094FF0FF3A00F501
:1002E000805300F59B54D3F804740D460434011D6B
:1002F0004F4521DC202F06D07A1CC3F80424A0230C
:1003000003FB0766341D2046FFF79EFF2B4625465C
:1003100084F8208003F120062A46186859680833BB
:1003200003C2B3421546F7D1FF23A34684F8213018
:10033000584603B0BDE8F08F202228468B46019333
:10034000009107F094FA0028F2D09BF8202059463B
:1003500002F00302032A019B05D0DBF888205245F6
:100360003CBF5C46924609F10109A031C0E70B6829
:100370000360704770B54D791446242D88B006D1BE
:100380000988006808B0BDE8704000F092B9232DDC
:1003900001F1050207D1234609880068E9F7AEFAA2
:1003A000012008B070BD232301F121058DF8003034
:1003B0000DF1010352F8046BAA4243F8046BF9D122
:1003C00012881A8000236A468DF81F302346E3E71F
:1003D0002DE9F04F05460F4690464FF0000993B0C7
:1003E00000F10C060DF1080B6B894B4505DC4FF055
:1003F000000A504613B0BDE8F08F3479B24618EACF
:10040000040408D104235A4631462846FFF7B2FFB8
:1004100003469C4203DB09F101092436E4E739462F
:100420000BEB04100193E9F71FFAFA888242E0D03F
:10043000019B0134EDE72DE9F84304460F461646CB
:10044000984601F1FF3919F8015F4DB93946204648
:10045000E9F732F958B10388B34237D0468004E057
:100460002846E8F79FFF0028EDD1BDE8F8836289B0
:10047000B8F1000F01D11F2AF7D8531C6381242340
:100480004FF0010C03FB02F505F10C00611920444B
:1004900081F810C0B8F1000F04D1B4F8048008EB63
:1004A0000C01A18003FB0243A3F80C80002311354B
:1004B0002544F95C19B1E95401331E2BF9D100210F
:1004C000E954242303FB0244E681CEE72846CCE727
:1004D000F0B541B100232425448900F10C06A34264
:1004E00004DB002001E000F28C40F0BD05FB03F2CC
:1004F000B75A8F4202D10C321044F6E70133EEE7CF
:10050000C188FFF7E5BF01B10988C1807047018943
:1005100009B1FFF7DDBF0846704701B109880181C5
:100520007047F0B50346088838B3002124255A895E
:1005300003F10E048A4208DC4FF0000C242503F17D
:100540000C04624508DC002017E005FB01F6A65B01
:100550008642F8D00131EDE705FB0CF1665A864280
:1005600002D00CF1010CECE7013A97B25F815E1802
:10057000674506F1240601DC0120F0BDA6F1180450
:1005800006F10C050FCD0FC40FCD0FC42B680CF175
:10059000010C2360ECE71FB50B4669B14AB100219D
:1005A000019203AA009200F28C420391E9F7F0F85D
:1005B000039A104604B010BD0A46FAE72DE9F74F3A
:1005C00098469DF830A090F8903407460D4600926A
:1005D00008EA0303BAF1000F02D01BB92C4607E06A
:1005E000002BFBD12A232C4604F8023B2C236B70F2
:1005F0004FF000094FF02C0B07F112067A894A459B
:1006000009DC0023AC4288BF04F1FF34601B237077
:1006100003B0BDE8F08F16F8022C314608EA02025A
:10062000BAF1000F04D02AB909F101092436E5E72F
:10063000002AF9D116F8012C232A18BF06F1FF3140
:1006400008460191E0F74EFF0246601B009B1044F4
:10065000023098420199E7DA2046019207F0D2F879
:10066000019A144404F801BBDEE7431E0F3013F86F
:10067000012F1AB98342FAD1012070470020704738
:10068000F0B5D0F8205104460F2D11DCAB1C20F83A
:10069000151000EB031302F110071E461068516895
:1006A000083203C6BA423346F7D10135C4F82051A7
:1006B000F0BD2DE9F047002506468E46284606F196
:1006C0002008D6F82011A94201DD984201DBBDE8DF
:1006D000F08736F81510714511D108EB051C00F1B3
:1006E000010902EB00140CF1100A674603CF5745CD
:1006F00020606160BC4604F10804F6D1484601352B
:10070000DFE710B5421E0A24002012F8013F303BFB
:10071000D9B2092900D910BD04FB0030F5E7002348
:10072000CA5C1AB1C25401330F2BF9D10021C3F1B5
:100730001002184407F08CB8C26892F84E305B0083
:100740003B2BDCBF002382F84E30006903681B6836
:10075000184700B590F830200346022A50F8980C4C
:1007600095B007D0032A026809D0136A15B05DF866
:1007700004EB184715B05DF804EBFEF739B853F8F1
:100780008C1CD36B04316A46984715B05DF804FBA6
:1007900080F8C8104FF2244200239830F7F718BBB6
:1007A00038B504F06FFD4FF47A74A0FB040547F6EA
:1007B0001222002304FB0151E0F728FE38BD7047E8
:1007C000704770477047704770474379012B01D1DC
:1007D000EBF7A8BB7047FEE7EDF75CBF00EBC1008D
:1007E000408840087047F8B50346FFF7F7FFB0FAB6
:1007F00080F0C0F11F0003EB800CDCF81060CA0031
:10080000171D0C4606328DB256B9012101FA00F0CF
:10081000D9680143D960CCF81040DD539D52F8BD32
:10082000F1000431585AD85303EBC0009E52C580E2
:100830005D52F4E710B500EBC104E3888B4202F18E
:1008400004010AD1012303FA02F2C36823EA020376
:10085000C360002340F8213010BDA28840F8213049
:1008600000EBC20100EBC300CB808280F4E708B547
:100870000346FFF7B3FFB0FA80F21846BDE8084020
:10088000C2F11F02FFF7D6BF2DE9F843B1FA81F399
:10089000C3F11F0200EB8209D9F8107006460D461D
:1008A00087B94FF0FF34C3F120039C40F3681C402C
:1008B00014D094FAA4F2B2FA82F2131D56F823402F
:1008C000214608E03C464FF0030821463046FFF73A
:1008D00085FF854205D83046FFF7ACFF2046BDE8CE
:1008E000F88306EBC404E488B8F10108C9F81040A5
:1008F000D7D0BC42E9D1D4E738B50446FFF76EFF44
:100900000D46034611462046FFF768FF03449BB29D
:1009100004EBC5055A0020466A80FFF75FFF0144DB
:1009200024F8313038BD70B50B460446FFF756FF4A
:1009300004EBC305511A9B1A89B203444E009BB2C3
:100940006E8004EBC2005D00458024F83210204622
:100950001146FFF743FF014424F8313070BD70B5F4
:1009600009B9002070BD056801F007030B33CC08FE
:1009700004EBD304AB6828469C4228BF1C462146A2
:10098000FFF782FF06460028EBD001462846FFF716
:1009900025FFA04207D928463219FFF7C4FF1146A8
:1009A0002846FFF720FF05EBC602104653880430A7
:1009B00043F001035380D5E71146FFF7D0BF2DE97F
:1009C000F84314464A4202EA010931EA02020346A8
:1009D0000BD04A46042A28BF04224F46A1EB09093E
:1009E0006CB900252846BDE8F883042904D82146BF
:1009F000BDE8F843FFF7B3BF00270422F0E71E6805
:100A0000A9EB020204F0070302F007010B330B44C9
:100A1000E10801EBD20101EBD301B3683046994202
:100A200028BF1946FFF730FF80460028D9D03D1D6A
:100A300005EBC00509F1FF3335441D44B5FBF9F55D
:100A400009FB05F5ED1B2C442B1F07349B1B24F0E1
:100A50000704A41BB0EBD30F4FEAD3074FEAE4041B
:100A600008D201463A463046FFF75DFF4146304620
:100A7000FFF7B9FE39463046FFF7B0FE38448442EE
:100A800007D230462246FFF74EFF21463046FFF799
:100A9000AAFE06EBC706738843F001037380A1E743
:100AA000043A2DE9F843CC1D114424F0070421F049
:100AB0000706A6EB04084FEAD807B7FA87F24FF00B
:100AC0000009C2F12405AD000735C2F12002ED088E
:100AD00004604946A760C4F80C90920004F110002D
:100AE00006F0B6FEAAB2530043F0010363807B1BFD
:100AF0009BB204EBC5015800A4F80090488024F88C
:100B00003520A6F8029024F8083004EBC7035A8871
:100B1000294642F001025A802046BDE8F843FFF71B
:100B200062BE2DE9F04706460D46174698462BB3A0
:100B30004FF0000A98F8004093F80190DB78A40089
:100B400004EB430498F802301C444444CA4509D3DA
:100B500039463046AC46D8F8042008F10803BDE811
:100B6000F047604714F8013B0AF1010A204648F8B3
:100B70002340E0F7B7FC01300444E7E76FF01500CD
:100B8000BDE8F08730B502460024002012F8013B92
:100B900043B178B18C4207D1702B04D0A3F140054A
:100BA0003A2D07D8002030BDA3F140053A2D01D8D9
:100BB0000134EAE7252B08BF80F00100E6E70020BA
:100BC00070470FB407B504A951F8040B019100F068
:100BD00028FC03B05DF804EB04B0704710B503695E
:100BE000024613F0080009D11368D4689C429BBFE9
:100BF0000120526AE31AD31A0B6010BD0023184675
:100C0000FAE713B501A90446FFF7E8FF20B1019BFD
:100C1000E268013B13440193606A019BC01A0138EA
:100C200002B010BD10B5044650182269636AD2079D
:100C300002D5013B184010BD984228BFC01AFAE700
:100C400010B504460A46C168FFF7ECFF2369E0606F
:100C500023F00803236110BD38B50D46026A8B00EE
:100C6000016843F00203044642F8213001682A4635
:100C7000FFF7D8FFE3686168984208BF23692060E6
:100C800008BF43F008032A46204608BF2361FFF748
:100C9000C9FF606038BD2DE9F74F0F460021D0F83D
:100CA0000CB0066A009216F82B209A4602F0030256
:100CB000022A14BF894656F82B2006EB8B030193BA
:100CC000009B08BFC2F39D0919600446CAF80010D2
:100CD000B9F1000F07D04946FFF7B2FFE368A36000
:100CE0004FF0010804E001698A0705D44FF00008BD
:100CF000404603B0BDE8F08FC16906EB8B00884722
:100D000016F82B10054611F00108EFD08B071DD502
:100D10001FB139462046FFF79FFF61682A462046EB
:100D2000FFF780FFD4E902138B42606007D12A46A7
:100D30002046FFF777FF4FF000080146A0602369C7
:100D4000216043F00803E1602361D1E701462046BA
:100D5000FFF776FFE168A1601FB12068216A41F8C2
:100D60002090EA19CAF8002021682046FFF75AFFB0
:100D70002269206042F00802226116F82B2022F03E
:100D8000010206F82B20DDE900321A60A8E770B5F1
:100D900004461546FFF746FF2368834205D12369C1
:100DA000216023F00803236170BD226AAB0043F089
:100DB000020342F8213061682A462046FFF732FFDD
:100DC0006060F1E738B5036904465B0706D5856ABC
:100DD000FFF717FF85422CBFA562A06238BD38B56A
:100DE0000D4604462022002106F032FD0022EB6869
:100DF000E361AB68A3612B6823626B68A2626362E4
:100E00002A6923B1591E194208BF42F0010222612A
:100E1000012204F12C000021BDE8384003F09ABF04
:100E20002DE9F04F00259846436A87B08B4204466F
:100E30000E469346AA460395059538D3EFF31189DC
:100E4000202383F31288BFF36F8F059A2AB12946B6
:100E50002046FFF79CFF0023059304A92046FFF7D7
:100E6000BDFE04990746B1422AD32268236A204670
:100E700013F8221003EB820A21F0030103F8221079
:100E800021683246FFF7CEFEE3682060984212D018
:100E9000002789F31188BFF36F8F039929B1A269E5
:100EA0000AB12046904700230393002FC6D1504635
:100EB00007B0BDE8F08F236943F008032361E7E73B
:100EC00018B12046FFF7C8FEE3E75BEA08031CD031
:100ED000019104F026F80199B8B9B9F1000F14D1C5
:100EE00089F31188BFF36F8F5A46434604F12C00F3
:100EF000F6F798FDEFF31189202383F31288BFF3EF
:100F00006F8FB0FA80F77F09C3E7204605AB03AACD
:100F10002568FFF7C0FE0746BBE770B50446C36906
:100F200008460D4698470246EFF31186202383F3C7
:100F30001288BFF36F8F2B78204643F001032B708C
:100F40006168FFF76FFE60602046FFF73BFF86F3A6
:100F50001188BFF36F8F70BD2DE9F8430446002759
:100F60002026EFF3118586F31288BFF36F8F236974
:100F7000A268190702D46368934200D2636A9B1A7D
:100F8000002B42D0206A10F8221000EB820911F0E9
:100F900003033AD0022B04D150F822305FEA9308C1
:100FA00005D1CB0720D44846E36998478046A1681D
:100FB00042462046FFF736FE0127A0604146204604
:100FC000FFF73EFE3B4685F31188BFF36F8F002B82
:100FD000C7D137B1B9F1000F03D104F12C00F6F7F6
:100FE000E7FC4846BDE8F88341F0020100F8221012
:100FF000E3694846D4F808809847414602462046AF
:10100000FFF710FE0023A060DDE79946DBE7F8B5A7
:101010000446C36908460D4698470646EFF3118714
:10102000202383F31288BFF36F8F2B7823F0010303
:101030002B7023699B0705D5E268236A03EB8203C3
:101040009D421AD12B7823F002032B70D4E9023190
:10105000994204D132462046FFF7E4FDA0603146B4
:101060002046FFF7EDFD87F31188BFF36F8F04F182
:101070002C00BDE8F840F6F79BBC2B6860F39F039B
:101080002B60F0E7EFF31181202383F31288BFF385
:101090006F8F02698368120702D442689A4200D2B5
:1010A000426AD31A81F31188BFF36F8F181E18BFDD
:1010B0000120704708B5EFF31183202383F31288D2
:1010C000BFF36F8FEDF7A0FB838B13F0070306D1FF
:1010D0000368002B18BF032008BF00207047022BB5
:1010E00005D1C08BB0FA80F0400980007047012B19
:1010F00004D10368002B18BF0520EDE700207047DE
:1011000010B50C4600B111B96FF0150010BD081DE7
:1011100000F0ABF80028F9D1A368032BF6D9F3E768
:101120002DE9F0410D4607461946281D90461E46FA
:1011300000F0AFF8044638B13346424629463846F7
:10114000A446BDE8F0416047BDE8F08110B4EFF37C
:101150001182202484F31288BFF36F8F816110BC49
:101160000121EBF7C5BC38B50C46054658B151B165
:101170000B6843B14B6833B12022002106F068FBB5
:1011800000202C6138BD6FF01500FBE7F8B5044670
:101190000E46FFF7B5FF051E3BDBEFF31182202360
:1011A00083F31288BFF36F8F4FF6FF71E38BA78B2A
:1011B0008B4207F007072ED0062F2FD8DFE807F065
:1011C000182E082E180418006FF08505002303E080
:1011D0000133E3830225012382F31188BFF36F8F6C
:1011E000BBB100233A4631462046FFF799FF10E095
:1011F00000233360636823B9C4E9006627B13D4624
:10120000E4E71E606660F9E702212046EBF770FC18
:101210003D462846F8BD6FF00A05D7E76FF0040594
:10122000D4E710B5EFF31182202383F31288BFF3C4
:101230006F8F848B04F00704022C0AD0012C0CBFA2
:101240006FF004006FF0850082F31188BFF36F8F99
:1012500008E0C38B013B9BB2C38323B92146EBF764
:1012600047FC204610BD2046EEE7034640B14268E9
:1012700002F00302022A06D0032A04D0012A05D074
:101280006FF0150070471A68002AF9D000209860A6
:10129000704710B54268034602F00302022A8160DB
:1012A0000AD0032A0BD10468002000225A6008B13A
:1012B000F7F762FC204610BD00240068F5E7002423
:1012C0002046F2E770B506460C888888241A3069F3
:1012D000A4B2844285B224BF641BA4B22D1BA8B261
:1012E000984228BF18463368234413600B88034490
:1012F0000B8070BD70B4838985880669ED1AADB224
:10130000731B934228BF134670BC0A46011DFFF7AA
:10131000D9BF70B40E460146C58831F80A3FEC1AB1
:10132000A3B2934228BF1346324670BCFFF7CABF30
:1013300010B54B880C88E41AA4B294420ED31A4418
:1013400092B28B884A800A800069D21A92B2824295
:1013500001D2002010BD03448B80FAE76FF0150026
:10136000F8E72DE9F34106460F4615464FF0000811
:101370002A46304601A9FFF7BDFF044640B10246A8
:101380003946019806F03EFA2D1BA0442744EFD1C0
:1013900042463046311DFFF7CBFF404602B0BDE864
:1013A000F0812DE9F34107460E4615464FF000083F
:1013B0002A46384601A9FFF7ACFF044648B12EB1D2
:1013C00002460199304606F01DFA26442D1BA04422
:1013D000EED14246384607F10A01FFF7A9FF404621
:1013E00002B0BDE8F081704703785B075FBF036818
:1013F0004288C3F34A2303EB12105DBF173020F07D
:1014000007008008002070470020704701F045BEAB
:101410000346D3E8EF0F421CC3E8E12F0029F8D1BF
:1014200070471FB50023CDE902011A461946184638
:10143000CDE90033EBF766FF05B05DF804FB012052
:10144000EBF71CBD002070474368DA710122436846
:10145000196043685A71EBF703BD70B515460C4629
:1014600069B1D2E901369B1B99420AD813680A4632
:101470000146981906F0C6F9AB682344AB602046D4
:1014800070BD6FF01B00FBE770B50E4615461946A0
:10149000044618B9BDE87040EBF7F0BC33B1C2F3B5
:1014A0004A231030120D184406F0ACF9C4E9005676
:1014B0002046BDE87040EBF785BE2DE9F3415F1C87
:1014C0004FEA8708064608F1170020F00700800859
:1014D0000C461546EBF74EFD00238DF80470ADF871
:1014E00005308DF8073068B10346019AA8F1040170
:1014F00043F8102F2A46294452F8045B8A4243F8E5
:10150000045FF9D100233146A20102F4E07242EAFD
:10151000482222F07F4222F4700222F03F0202B001
:10152000BDE8F041FFF7B0BF07B50123019201AA62
:10153000FFF7C3FF03B05DF804FB07B5CDE9002357
:1015400002236A46FFF7B9FF03B05DF804FB1FB53D
:10155000CDE90123069B01AA03930323FFF7ADFF07
:1015600005B05DF804FBF8B506460D4614461F4667
:1015700004B9F8BD214628463A46B047241A054426
:10158000F6E710B542680446D2E900238168006896
:10159000FFF7E9FF002263681A6010BD38B54B6899
:1015A00005461A68CB680C469A4202D10846FFF7F6
:1015B000E8FF6368D3E8EF2F511CC3E8E01F002861
:1015C000F8D1A36800209D5438BD0A2838B50446D8
:1015D0000D4602D10D20FFF7E1FF29462046FFF717
:1015E000DDFF002038BD2DE9F043054689B00846EF
:1015F0000E8891F800900C46D1F808801746EBF75A
:10160000D3FE011EC6F38216C9F3C2091FDB48468A
:10161000EBF7EAFD0346214651F8102B6088C2F330
:101620004A22002A01EB020408BF00210022C0F375
:101630000B10CDE90507CDE9031428464146CDE955
:1016400000220296EBF7DCFE09B0BDE8F083002330
:10165000E1E7436800201B685B6899617047436855
:101660001B681A6852685360704743681B681868A3
:10167000EBF7FCBF70B543680C461D686B68986952
:10168000EBF7D8FB214603460F222868BDE87040DF
:101690001847C3691BB11B7900200B7070476FF0AE
:1016A00057007047C3693BB1DB682BB1DB69187920
:1016B000B0FA80F0400970470120704770B5C569E5
:1016C00004460E460DB103232B712046FFF7EAFFB7
:1016D000A8B103212046B047002802DA10F1860F96
:1016E0000ED1012125B920463346BDE87040184788
:1016F00020462971B047002802DB00232B7100200F
:1017000070BD002908DB8068884205D9401A9042E4
:1017100034BF00200120704700207047704770B52B
:1017200016461A4605460C46FFF7EBFF48B16968B6
:10173000E8682144826814683246A446BDE87040D7
:1017400060476FF0150070BD70B516461A46054625
:101750000C46FFF7D6FF48B16968E8682144826803
:1017600054683246A446BDE8704060476FF01500EB
:1017700070BD10B50B460446FFF7C3FF30B161687A
:10178000E0681944BDE8104000F005B86FF015009E
:1017900010BDC068704770B583680D46DB680446AD
:1017A00016469847417933462A462046BDE87040A0
:1017B000ECF74CB806F04CB806F024B801460068C7
:1017C000ECF7D4B808B5ECF72DF9BDE80840ECF714
:1017D00061BC0A460121FFF7A7BE00210120ECF7FA
:1017E000C5B8C36E83F30B8870476FF085007047F0
:1017F00061B662B680F31188BFF36F8F704772B61F
:10180000002383F31188BFF36F8FBFF34F8F30BF77
:1018100062B6BFF36F8F704772B6002383F31188EF
:10182000BFF36F8FBFF34F8F20BF80F31188BFF3DB
:101830006F8F62B6704740E800F313F4803FD8B270
:1018400008BF6FF01500704730B50C684B6885B065
:101850000A894D890094013B24F01F04234402F0BF
:101860001F0242EA451223F01F0369468DF8082043
:101870000393ECF7C5FC05B030BD08B5D1E90431E0
:101880009847002008BD08B5ECF7CEFE002008BD43
:1018900013460A460121FFF750BE0A460121FFF711
:1018A00043BE0020704708B5C26900685143FFF786
:1018B00060FFBDE80840EDF749BC38B51446C5697E
:1018C0001A4605FB0141049B0068FFF73DFFBDE898
:1018D0003840EDF73BBC38B51446C5691A4605FBE0
:1018E0000141049B0068FFF71AFFBDE83840EDF79F
:1018F0002DBC4FF0FF324FF0FF3300F58070F5F74D
:1019000095BFF6F705B8F8B50E4617460446436886
:101910001D692846FFF7EDFF3B463246216805F179
:101920007C0003F04CF8044605F58070FFF7E9FFF2
:101930002046BDE8F840EDF7FBBBF8B50E4617466C
:10194000044643681D692846FFF7D3FF3B463246ED
:10195000216805F17C0003F049F8044605F5807024
:10196000FFF7CFFF2046BDE8F840EDF7E1BBF8B543
:101970000E461746044643681D692846FFF7B9FF1F
:101980003B463246216805F17C0003F031F80446FD
:1019900005F58070FFF7B5FF04EAE470BDE8F84094
:1019A000EDF7C6BB38B5044643681D692846FFF706
:1019B000A0FF216805F17C0003F09BF8044605F5C3
:1019C0008070FFF79EFF204638BD70B50E46044676
:1019D00043681D692846FFF78CFF3246216805F1F0
:1019E0007C0003F007F8044605F58070FFF789FFD7
:1019F0002046BDE87040EDF79BBB38B50446436810
:101A00001D692846FFF775FF216805F17C0002F08B
:101A1000D4FF044605F58070FFF773FF2046BDE84C
:101A20003840EDF785BB70B5044643681E69304603
:101A3000FFF75FFF216806F17C0002F0BCFF05465E
:101A400006F58070FFF75DFF2046EDF75DFB284649
:101A5000BDE87040EDF76CBBF0B504464368C3B019
:101A60001F690D463846FFF744FF21686A4607F1B3
:101A70007C00F5F793FB044607F58070FFF741FF04
:101A8000002C16DD00249DF8003002A99A1E534256
:101A900053412B70019BFF22C5F80431681C05F0EF
:101AA00026FF85F80041204643B0BDE8F040EDF741
:101AB0003FBB08BF6C70F6E738B5034608461946C9
:101AC0001D69EDF715FB04462846FFF712FF214676
:101AD00005F17C00F5F7D2F8044605F58070FFF7B4
:101AE00010FF2046BDE83840EDF722BBF8B50446AC
:101AF0000846214617462569EDF7FAFA21460646BB
:101B00003846EDF7F5FA04462846FFF7F2FE22467E
:101B1000314605F17C00F5F71DF9044605F58070A6
:101B2000FFF7EFFE2046BDE8F840EDF701BB38B502
:101B30000346084619461D69EDF7DAFA04462846B9
:101B4000FFF7D7FE214605F17C00F5F73DFA044684
:101B500005F58070FFF7D5FE2046BDE83840EDF76B
:101B6000E7BA034670B514461E690846D6F8E42065
:101B7000194692692260D6F8E420D2696260D6F8EC
:101B8000E420126AA260EDF7B3FA3046FFF7B1FE27
:101B900006F17C0002F0BDFF054606F58070FFF7F8
:101BA000B0FE002DA1BFA3685B1B0025E3602846A3
:101BB000BDE87040EDF7BCBA0346F0B50846C3B0C7
:101BC00019461F691546EDF793FA04463846FFF7A4
:101BD00090FE21466A4607F17C0002F0C8FE0446EA
:101BE00007F58070FFF78DFE002C10DB00249DF8B8
:101BF000003002A99A1E534253412B70019BFF22D1
:101C0000C5F80431681C05F072FE85F800412046D5
:101C100043B0BDE8F040EDF78BBA0022EDF776BD9A
:101C2000012208B5EDF772FD002818BF6FF004001F
:101C300008BD0C220369C9B202FB0133986C00F0A5
:101C40000700704770B50346C9B20069EFF311860B
:101C5000202484F31288BFF36F8F0C2505FB010449
:101C6000A46C14F0C00401D0A24211D1012205FBE2
:101C700001008264002086F31188BFF36F8F30B9B2
:101C80000C225B6802FB01335B689847002070BD43
:101C90004FF0FF30EFE78022FFF7D4BFF8B5069F83
:101CA00005460469C9B2EFF3118C202080F3128835
:101CB000BFF36F8F0C2606FB0146B06C00F0070ED9
:101CC000BEF1010F10D1B76400268CF31188BFF369
:101CD0006F8F3EB90C2041430C44C4E910236B685C
:101CE0005B5898473046F8BD00F0C00087420CBFF3
:101CF0006FF077064FF0FF36E7E713B580240094C6
:101D0000FFF7CCFF02B010BD0069CBB200EB43106F
:101D1000002110471046F5F74BBE01F02DBAF1F740
:101D2000FBB938B508461446EFF31185202383F339
:101D30001288BFF36F8F1146F1F746FC85F31188C7
:101D4000BFF36F8F002808BF204638BD08B50023B9
:101D5000FFF7E7FF00EAE07008BDF1F71BBC41EABE
:101D600002030846C3F30B0109B9EDF7FDBE6FF09E
:101D700015007047084611461A4621B103431B0758
:101D800001D1EDF7F1BE6FF01500704743680020F8
:101D90005B68DB680B607047436802EA01005B68C0
:101DA00021EA0201586000209960704743680020D2
:101DB0005B6859607047436800205B6899607047B2
:101DC00043685B681A6821EA0200114058600020ED
:101DD0009960704730B50369586800B300248842A1
:101DE00019D108688CB99C685860A14200D19860EC
:101DF000002008602AB15A680A609A68596002B9DE
:101E0000996000200FE02846E9E720609868814249
:101E100008BF9C60ECE705680446002DF3D1002A5A
:101E2000E9D16FF0150030BD00207047F1F758BDC3
:101E300002780B69012A07D0022A08D052B9DA6564
:101E400003F14400F5F7B4BD6FF00D02F7E76FF052
:101E50000A02F4E76FF00402F1E738B504460569B9
:101E6000012205F12C00114602F074FF012205F158
:101E70004400002102F06EFF2046BDE83840EEF736
:101E800007BA00692C30F5F7CDBD00692C30F5F7A5
:101E90008FBD13B501AA044600F045FB002805DB01
:101EA000019B226819791868F0F786F802B010BD16
:101EB00073B544680DF10701A36A1B68D3F8005697
:101EC000D3F80466FFF7E5FB9DF8073013B9A06A65
:101ED000F2F704FA31462846F2F732FC9DF8071073
:101EE000054629B9E069FFF7D4FFA06A01F0CFFDEC
:101EF000284602B070BD10B544680021E069FFF7C4
:101F0000C8FFA06ABDE8104001F0C1BD10B544682B
:101F1000A06AF2F7E3F9E0690121BDE81040FFF79C
:101F2000B8BF08B529B1012906D1FFF7E4FF0020A9
:101F300008BDFFF7EBFFFAE76FF08500F8E703460F
:101F400070B40C46DA8800681979224301240569C7
:101F50008C402B6812F0010F866814BF2343A34303
:101F60002B60336870BC1847034637B500681C798E
:101F70000569836801A95B68984740B92B68019897
:101F800058400123A3401840003818BF012003B077
:101F900030BD70B547F6122C0C4651F8043C40F2A7
:101FA000E73000215B684FF47A721D680023E5FB7F
:101FB0000C01DFF72BFA02460B4604F11400BDE8D2
:101FC0007040F5F739BF034637B500681C790569DD
:101FD000836801A95B68984740B92B68019858400D
:101FE0000123A3401840003818BF012003B030BDC2
:101FF00003460A4619790123006803FA01F10369CF
:102000001B68194218BF82F0010212B18368DB68B5
:10201000184783681B69FBE730B40C46014613463A
:1020200051F8040B826815682246AC4630BC604704
:102030006FF085007047F5F7F9BBFFF775BA38B553
:1020400003F020F94FF47A74A0FB040547F612223E
:10205000002304FB0151DFF7D9F938BDFFF76DBA52
:102060000846BC39A83802F02BBF0023EBF7CAB8EA
:10207000F5F74EBC10B547F6122C0446002140F28D
:10208000E7304FF47A720023E4FB0C01DFF7BEF96E
:10209000BDE8104003F013B838B54FF47A7500F17D
:1020A00028042046FFF78FFF40B10120FFF7E2FF31
:1020B000013DF6D1EEF7DAFB6FF0730038BD1FB5C6
:1020C00000230C46062102AACDE900211A4640F25F
:1020D00017110293ADF80C30EEF7D6FB20B91CB106
:1020E000DDF80A301BBA236004B010BD1FB5002311
:1020F0004FF49471CDE900338DF80C3003AA01231D
:10210000EEF7C2FB05B05DF804FB1FB54FF41F727C
:102110000023ADF80A208022CDE900338DF80810A5
:102120008DF809308DF80C20052340F2151102AA14
:10213000EEF7AAFB05B05DF804FB1FB54FF0FF33C7
:10214000039300234FF48B71CDE9003303AA0423DA
:10215000EEF79AFB05B05DF804FB1FB500238DF880
:102160000D10CDE900338DF80C3040F2012102232F
:1021700003AAEEF789FB05B05DF804FB1FB54FF627
:10218000FF73ADF80C308DF80E3000234FF403715F
:10219000CDE9003303AA0323EEF776FB05B05DF823
:1021A00004FB1FB58DF80E209DF8182049BA42EAAD
:1021B00043020023ADF80C10CDE900338DF80F2059
:1021C000042340F2212103AAEEF75EFB05B05DF87F
:1021D00004FB2DE9F041064617460C46056931B966
:1021E000C5E98D1185F83C122046BDE8F08195F8CF
:1021F0002C30DBB105F104084FF0FF334FF0FF3214
:102200004046FFF718FF95F806312BB1002385F8FB
:1022100006317068FFF76AFFC5E98D472846EEF77B
:1022200085FB04464046FFF723FFDDE76FF015040A
:10223000DAE71FB504220023019203AA0C4600929C
:1022400040F212211A460393EEF71EFB20B91CB18F
:10225000BDF80E305BBA238004B010BD1FB50B0C67
:102260008DF808300B0A8DF80930130C8DF80B30FF
:10227000002352BACDE900338DF80A10ADF80C20D6
:102280008DF80E304FF40471072302AAEEF7FCFA22
:1022900005B05DF804FB37B50446036890F80812F2
:1022A0005D682846FFF759FF94F80832284684F8FD
:1022B000093295F84110FFF728FF94F8242094F88C
:1022C0002630009283F00103FF222846218CFFF77D
:1022D00068FF2846FFF731FF94F814329BB14FF4A2
:1022E0007A71D4F81022D4F80C32D203DB03B2FB9B
:1022F000F1F22846B3FBF1F1FFF7B0FF012384F8B8
:10230000063103B030BD2846FFF738FFF6E7F8B5D1
:1023100016460D46046981B9261D4FF0FF324FF075
:10232000FF333046FFF787FE3046C4E90C5584F88A
:102330000651FFF79DFE0020F8BD94F82C308BB1BC
:10234000271D4FF0FF324FF0FF333846FFF773FE83
:1023500000232046C4E90C5684F81432EFF714F831
:102360003846E6E76FF01500E6E730B5056985B059
:10237000043504464FF0FF324FF0FF332846FFF795
:102380005AFE04220023019203AA009240F20B217C
:102390001A4660680393EEF777FA48B99DF80E4045
:1023A000644224B22846FFF763FE204605B030BDE4
:1023B0006FF07F04F6E77FB50669054696F80631AB
:1023C00053B196F805313BB904360022002330465C
:1023D000FFF731FE044610B1002004B070BD0622A4
:1023E00002ABCDE90032029003460246ADF80C0084
:1023F0004FF480716868EEF747FA10B9DDF80A40CB
:1024000024BA304604F06004FFF732FE201E18BFE5
:102410000120E2E7F8B50469064694F808320D4653
:102420008B421DD094F8063184F80812ABB194F8B1
:102430002C3093B1271D4FF0FF334FF0FF32384659
:10244000FFF7F9FD70682946FFF787FE84F8095207
:102450003846BDE8F840FFF70BBE002384F8093288
:10246000F8BD7FB5056944682E1D4FF0FF324FF06F
:10247000FF333046FFF7DFFD2046FFF737FE6F23BF
:102480008DF80C3000234FF4917103AACDE900338D
:1024900020460123EEF7F8F90520FFF7EBFD204673
:1024A000FFF7FAFD95F82C3013B12046EEF732FB1A
:1024B00095F8083233B101212046FFF74EFE012383
:1024C00085F80932304604B0BDE87040FFF7D0BD52
:1024D000036983F83D127047F8B504460669EFF7C3
:1024E0004DFD01445A29A8BF5A213029B8BF3021D7
:1024F000304686F83E12EEF705F9002747F6122C13
:102500000546394640F2E7304FF47A72E5FB0C019C
:102510000023DEF77BFF02460B462046EEF75CFA0F
:1025200086F83E72F8BD30B543681360057A44689A
:1025300004EBC504A34202D36FF0010030BD5C7907
:1025400008338C42F1D10020F8E748B11F302CBF8E
:1025500001210021400940EAC160490902F0AFBDF4
:10256000704710B50469204602F0EDFB002363615B
:1025700010BDF8B5876806467C689CB1436893F83F
:102580002630DB071DD405694FF0FF334FF0FF32D3
:102590002846F5F74BF96B69002B05DC002428462B
:1025A000F5F7B6F92046F8BD013B6B61002BF5D17C
:1025B0007B6830469847041EBEBF6B6901336B6170
:1025C000EDE70024EEE7F0B4D0E901631B693BB10D
:1025D00077688F4208DB3568954205DCF0BC184708
:1025E0006FF05700F0BC70476FF01500FAE7F0B4D9
:1025F000D0E901631B6A3BB137698F4208DBF5689C
:10260000954205DCF0BC18476FF05700F0BC7047EE
:102610006FF01500FAE770B4D0E90162956A0346DD
:102620000C46A5B196F8242012B92B4670BC184769
:10263000306A024410F8011BA14202D1214618461B
:10264000F3E79042F6D16FF0850070BC70476FF0F1
:102650005700FAE72DE9F3410E46D0E9014794F817
:1026600025108046FF2905690FD194F8261001F046
:102670000C01082914D0D8F8083000391B6B18BF9A
:1026800001214BB96FF0570003E0FFF7C4FF0028AA
:10269000EBDA02B0BDE8F081404698470028F8DB4D
:1026A000A268B2F1004F05D011464046FFF78BFFFC
:1026B0000028EEDB6269B2F1004F05D011464046BA
:1026C000FFF795FF0028E4DB2368B3F1004F14D037
:1026D000D8F808305B69002BD4D0404601A9984750
:1026E0000028D6DB2268019B9A421CDD1146404639
:1026F000FFF769FF002805DACBE76FF00043626857
:102700009A42E5D19EB994F826309B0716D04046F0
:102710003B6898470028BCDBA069FFF716FF6B6990
:1027200001336B610AE062689342EBDDDEE76B69BF
:1027300001336B6194F82630DA0601D40020A8E753
:102740004046FFF716FFA4E7012303FA01F10369EE
:102750001B68194218BF82F0010212B18368DB685E
:10276000184783681B69FBE708B54368986A38B166
:10277000012293F82C10FFF7E7FF00EAE07008BD94
:102780006FF08500FBE743681B68B3F1004F14BF8F
:1027900000206FF00100B0FA80F040097047034656
:1027A000084631B95B681B68B3F1004F01D0136074
:1027B00070476FF01500704743681B68B3F1004F16
:1027C0001ABF00200B606FF0010070474368986AE1
:1027D00020B1002293F82C10FFF7B6BF6FF08500F0
:1027E000704710B502698B00126A1021D46803F09B
:1027F000FC030C22A0470028B4BF6FF004000020A7
:1028000010BD10B5036904291B6ADC6809D10223D5
:102810000E221121A0470028B4BF6FF00400002051
:1028200010BD890001F0FC03F2E737B504696A4680
:10283000236A28211D680623A8470028A9BF002075
:102840006FF00400BDF900302360A1BFBDF9023074
:102850006360BDF90430A36003B030BD37B50469CF
:102860006A46236A22211D680623A8470028A9BFBB
:1028700000206FF00400BDF900302361A1BFBDF955
:1028800002306361BDF90430A36103B030BD072994
:1028900010B504460BD04C2905D003290BD1BDE857
:1028A0001040FFF7C2BFFFF7C0FF38B92046BDE8B0
:1028B0001040FFF7D3BF6FF0850010BD6FF004002C
:1028C000FBE770B503291446056905D90B1F032BD7
:1028D00022D96FF085000DE0EE68022932460AD059
:1028E00003290AD0012914BF296869682046DFF747
:1028F00073FD002070BDA968F8E720462968DFF75E
:102900006BFD3246696804F10800DFF765FD324669
:10291000A96804F11000EAE7EE690629324609D0F9
:10292000072909D0052914BF296969692046DFF7FD
:102930007FFDDEE7A969F9E720462969DFF778FD21
:102940003246696904F10800DFF772FD3246A96971
:1029500004F11000EBE7F0B40C2707FB021414F8A5
:10296000045C866845F0020504F8045CB468A4467B
:10297000F0BC604730B589B08DF807100DF1070144
:10298000029101211D46446860680391002123895A
:10299000CDE9052502228DF8101002A98DF81C2022
:1029A000FFF7D9FF09B030BD30B589B08DF80710F9
:1029B0000DF107011D4602910121446860682389D9
:1029C0000391CDE90525002107228DF810108DF81F
:1029D0001C2002A90222FFF7BEFF09B030BD10B5CE
:1029E00088B08DF807100DF10701029101214368AD
:1029F000002458681B89CDE90521072203918DF831
:102A00001C2002A902228DF81040FFF7A4FF08B095
:102A100010BD2DE9F0471F4643680126D3F8048016
:102A200093F808A0002388B08DF810300DF103034F
:102A3000CDE9053607230D4614468DF804100DF137
:102A400004098DF81C3002225346404602A9CDF8F5
:102A500008900396FFF77FFFB8B99DF8032022EA9C
:102A600004033C401C43A2420FD00223324603938E
:102A70008DF810304046534602A98DF804508DF869
:102A80000540CDF80890FFF766FF08B0BDE8F08775
:102A900010B40269436811681B68D3F8304171B102
:102AA0007CB100244C611168C97B19B94FF4805185
:102AB000C3F8081311688C7B1CB100238B7310BC06
:102AC0007047D3F8141121B10021C3F81411D3F8C1
:102AD000143112681368002BF1D0516810BC1847EC
:102AE00043681B68D3F88004C3F8800470474268C9
:102AF0001368D3F84C0150B10020926A12780A7022
:102B0000C3F84C01D3F84C2101229A6270474FF070
:102B1000FF307047002A0FDD42681368D3F84C017C
:102B200058B10020C3F84C01D3F84C010120926A3F
:102B300012780A70986270470020704710B5436899
:102B40001C680369EFF31180202282F31288BFF31F
:102B50006F8F1A68D17B39B9917301221B68DA73C0
:102B60004FF48053C4F8043380F31188BFF36F8FA0
:102B700010BD03691A68D17B21B101219173002234
:102B80001B68DA737047026903461168C87B40B15D
:102B90005B681B68D3F8300118B100234B611368E0
:102BA0009889704743681B68D3F84C01003818BFF8
:102BB0000120704743681B68D3F8042312035CBFED
:102BC0004FF40022C3F80423704743681B68D3F80E
:102BD0000423120344BF4FF40022C3F808237047B4
:102BE000202243681B68C3F80423704720224368EF
:102BF0001B68C3F80823704738B5436804461D684E
:102C0000D5F80433DB0405D4D5F8040310F4002010
:102C100006D138BDFFF7B7FF0028F5D00120F8E74F
:102C20002046BDE83840FFF7BDBF0120704703696B
:102C3000186801601B685A60704773B543680E4698
:102C40000DF107011C681546FEF723FD9DF80730BE
:102C50004BB9C4F83C67C4F84057C4F83031D4F8D5
:102C600030310123236502B070BD13B501AA0446BB
:102C7000FFF759FC002805DB019B226819791868C9
:102C8000EFF79AF902B010BD0129F8B505460E46D6
:102C90001FD1476805690021F8683C68FFF7E5FF28
:102CA0000823C4F800353B7A8BB9BA6AC4F8042704
:102CB000C4F80867C4F84C31D4F84C31A6622B68CC
:102CC0002BB11B7C1BB14FF40023C4F8043300204C
:102CD000F8BD002945D147683C68D4F850315BB352
:102CE0000269116859B1D4F80433C3F3C0430B74BB
:102CF00013681B7C1BB14FF40023C4F80833012375
:102D00004FF4FA66E362D4F8243123B9022000F0CC
:102D1000CBF9013EF7D10023C4F85031D4F850214B
:102D2000C4F82431D4F82421C4F84C31D4F84C210F
:102D3000C4F81431D4F814316B684FF47A751E68F6
:102D4000D6F8303123B9012000F0AEF9013DF7D1BA
:102D50000023C4F80035F8680121BDE8F840FFF70A
:102D600084BF6FF08500B3E710B50446002201214F
:102D7000C720EBF70DF9C720EBF7DAF82046BDE8DE
:102D80001040EFF7F7BB10B5044600220121C62022
:102D9000EBF7FEF8C620EBF7CBF82046BDE8104075
:102DA000EFF7E8BBF8B50669054633689C8914332C
:102DB0009442A8BF14460122D3E8EF0F002803D1A4
:102DC000C3E8E72F002FF7D10CBF134600231FD114
:102DD00033682246986804F015FDEFF3118720232D
:102DE00083F31288BFF36F8F6B6831681B68D3F869
:102DF00030313BB91C464B6187F31188BFF36F8FAD
:102E00002046F8BD224628468968FFF716FFF3E7FB
:102E10001C46F5E7FEF788BB002201214A20EBF7AC
:102E2000B7B810B50B6813B91846136005E003680E
:102E30005C681CB114600368186810BD0833036037
:102E40000B68013B0B60EDE713B501AA0446FFF7E1
:102E50006AFB002805DB019B226819791868EFF7E7
:102E6000ABF802B010BD03460A4619790123006889
:102E700003FA01F103691B68194218BF82F00102CD
:102E800012B18368DB68184783681B69FBE7012977
:102E900070B50C4606D100214368586BFFF7D4FF8C
:102EA000002070BD61B90569466895F8953023B179
:102EB0002846F1F7A9F985F895400121706BEDE7F7
:102EC0006FF08500EDE710B504460068D0B1037DD2
:102ED000C3B149B101210830FFF7C5FF2368186964
:102EE000BDE8104001F01FBE12B98388DB0409D48D
:102EF000006901F018FE20680021BDE8104008308C
:102F0000FFF7B1BF10BD10B5012200210446FFF745
:102F1000DAFFA36933B9636004F11000BDE8104023
:102F2000F4F746BD10BD10B50069C36A8B420AD1E3
:102F3000826A93420AD190F8944054B92830FFF73E
:102F4000E2FF204610BD6FF07700FBE76FF0150041
:102F5000F8E76FF00F00F5E738B505690446A96694
:102F600005F15000F4F724FD002285F89420206933
:102F70001146BDE838402830FFF7A5BFF0B5046919
:102F80000646D4F88020D4F8883085B03AB95BB9C9
:102F90001946304605B0BDE8F040FFF7DDBF002B15
:102FA00049D0934228BF13467068E16F058ED4F86C
:102FB00084709D4228BF1D4679B172B101F0604313
:102FC000B3F1005F09D0082D28BF0825D4F8980078
:102FD0002A4604F017FCD4F89810D4F8842062B183
:102FE000D4F888304BB107F06043B3F1005F04D0F0
:102FF000082D28BF0825D4F89C70E36FC4F89050C2
:103000002BB1D4F88030002B14BF2B460023019342
:103010009AB1D4F88830002B08BF00250091002217
:10302000694620460395029700F097FB0146002869
:10303000AFD105B0F0BD1346B6E71546EEE7012364
:10304000F0B587B08DF80230022300278DF80430E8
:103050006B4403930E4601AB0DF10301054602914B
:1030600004930597F0F72CFC041E0BDB3146284631
:1030700003AA00F09EF9041E07DA28469DF8031003
:10308000F0F714FC204607B0F0BD3C46FAE708B55F
:103090000220ECF79FFC002008BD08B5F0F73EFDCC
:1030A00008BD03460020184701F03DBD024610B59B
:1030B000116891B1B1FA81F3C3F11F00012383407C
:1030C00021EA0303D2E8EF4F8C4204D1C2E8EC3F7F
:1030D000BCF1000FF6D1EBD110BD6FF00B00FBE798
:1030E00010B50368CB40DB0710D401238B40026886
:1030F00043EA0201D0E8EF4F944204D1C0E8EC1F4C
:10310000BCF1000FF6D1F2D1002010BD6FF0150018
:10311000FBE72DE9F04116461F464FF0010800F18C
:1031200060404C1E0444C50BE40BA54201D9BDE828
:10313000F08105F00701C5F3C700324608FA01F136
:10314000B8470135F1E7EFF77FBF10B1012802D092
:103150007047EFF7E1BFF0F78FB818B1012803D13E
:1031600000F00CB800F008B8704708B5F0F7B8F8F0
:10317000BDE80840F0F710B8EFF7A2BFF0F744B889
:10318000F7B51646DDE90847019001A81D46F0F79E
:103190005DFA019BB6F1000C18BF4FF0010C00EB7B
:1031A00083000B1E18BF0123002D43EA4C030CBF04
:1031B0004FF0000C4FF00C0C002C43EA0C030CBF3A
:1031C0004FF0000C4FF4706C002F43EA0C030CBF5F
:1031D0004FF0000C4FF4403CD0F8802043EA0C0341
:1031E00022EA030301B109780EB13678760019435B
:1031F0000DB12D78AD0031430CB124782402294360
:103200000FB13F783F040C433C43C0F8804003B00B
:10321000F0BD1FB50DF10F03019300238DF80F10C2
:103220001A4619460093FFF7ABFF05B05DF804FBA3
:1032300010B504460846F0F719FA04EB4004207D67
:10324000C0F3401010BD10B504460846F0F70EFA62
:1032500004EB4004207DC0F3400010BD10B50446CF
:103260000846F0F703FA04EB4004A08A400B10BDB7
:1032700070B5044608461646F0F7F8F9083034F8F9
:1032800010300D46DA0509D5C3F3432304EBC3021E
:103290003146284654F8333052689847A3682BB11A
:1032A00031462846E268BDE87040184770BD10B549
:1032B00004460846F0F7DAF904EB4000838ADA05A1
:1032C0001DD5C3F3432123F4F853838204F1120282
:1032D00004F1580032F8023F13F4807F03D0C3F3A7
:1032E000432399420BD08242F4D1002204EBC10364
:1032F0005A6004F16000BDE81040FFF7F1BE10BD58
:1033000010B50446FFF794FF38B12046FFF7A6FF3B
:10331000800000F5807080B210BD4FF4A270FBE712
:10332000F0B50446002001270546844695420AD19F
:10333000D4F8443133B10023C4F84431D4F84431D3
:1033400040F40030F0BDEBB29B0003F580769B08A3
:1033500007FA03F3194208D054F806E0BEF1000F53
:1033600003D044F806C0A65918430135DEE738B546
:1033700004460D46FFF75CFFA8B12046FFF763FF48
:1033800088B92046FFF76AFF012322688340C2F80C
:103390001833236803EB8000D0F8103523F00303C3
:1033A000C0F8103538BD2846BDE838400021FFF789
:1033B00030BF2DE9F0431746044685B00846F0F7C4
:1033C00055F9D7F800800E460546B8F1000F1ED01B
:1033D0002046FFF738FF18B12046FFF729FF20BB32
:1033E00000230DF10F02CDE900338DF80E308DF87A
:1033F0000F30304643460DF10E01FFF7C1FE04EBDE
:103400004502938A23F0020343F0010393827B6811
:103410009BB33146204693F80080D3F80490FFF721
:1034200012FF28B1B9F1000F1FD06FF0150027E08F
:1034300004EB4500838A23F4604323F02003838256
:10344000B9F1000F11D0B8F1030FEED87B682168F5
:103450005B6893F800C04FEA8C031944B8F1000F81
:1034600011D1C1F81085C1F8108504EB4502938A8B
:1034700023F01C0343EA88039382BB684BBB002004
:1034800005B0BDE8F083D1F8102522F00302C1F8A1
:10349000102522681344D3F8102522F4473222F471
:1034A0007C72C3F8102541F6F072D3F8101502EAC9
:1034B000061242EA08420A43C3F8102504EB4C0303
:1034C000A3F86460838A43EA4C3343F02003838289
:1034D000CBE73146D3E900782046FFF7E8FE002F1E
:1034E000CDD063689F4206D004F16000FFF7DEFD97
:1034F000002804DAC4E7A3689845F5D1002004EB5E
:10350000C003C3E9017804EB4505AB8AC0B243EAC6
:10351000402343F48073AB82B1E7C0E903127047E4
:1035200070B504461546FFF783FE48B10846F0F72C
:103530009DF804EB40040020A38A5B0B2B7070BD48
:103540006FF01500FBE790F87400003818BF0120F9
:103550007047F0F7C1B82DE9F34104461746FFF76D
:1035600067FE0D462668F0B12046FFF76CFE8046E8
:10357000C8B92046FFF772FE820002F5807346F854
:103580000380F35823681344D3F8102542F0010256
:10359000C3F8102527B1012322688340C2F81433F1
:1035A00002B0BDE8F081D6F8143328469B035CBF17
:1035B0004FF40033C6F81433F0F758F804EB400426
:1035C000A38AC3F38203042B11D0052B11D001A8C9
:1035D0000195F0F73BF8019BC168D94001F001016A
:1035E0000231284602B0BDE8F041FFF712BE0321C8
:1035F000F7E70221F5E7FFF7BABEFFF781BE08B58E
:10360000F0F792FCBDE80840FFF7AFBD30B50124EC
:10361000054690084038844014EA010009D0A858B3
:1036200038B10021A950AA5813B11A6822431A6070
:10363000012030BD00232DE9F34104460D460193DE
:10364000904601AB4FF48072FFF7E0FF4FF48272B7
:1036500029462046FFF7DAFF4FF4847207462946D1
:103660002046FFF7D3FF064630B1B8F1000F1DD05A
:1036700017B13E46D4F80C374FF4A67229462046BF
:1036800001ABFFF7C3FF30B1B8F1000F03D016B99B
:103690000FB1D4F80C374FF4B4722946204601AB71
:1036A000FFF7B4FF019802B0BDE8F0814646E3E7BA
:1036B00007B5019001A8F0F76FFC0123019A934030
:1036C000436003B05DF804FB07B5019001A8F0F773
:1036D00063FC0123019A9340836003B05DF804FB0F
:1036E00070B54B7F04460D467BB1012364264360D1
:1036F000002202212046FFF79DFF20B90120FFF79D
:10370000D3FC013EF4D100236B77AB7F5B0744BF52
:103710000023C4F8003570BDF8B51E4690F820307F
:1037200004460D46174693B919B14969F0F744FCB0
:1037300080B1C4E901761DB129462046F0F780FC2E
:103740000020012384F8210084F82030F8BD6FF0B8
:103750007700FBE76FF01500F8E7F0B590F821303F
:1037600005460E46174685B0002B40F0AB804368F7
:103770002BB112F0140F04BF012380F8213005F1A2
:10378000100496E80F0084E80F00686A421C05D018
:1037900095F822309B0717D5FFF78AFF33682C680E
:1037A00023B103F06043B3F1005F06D1B36873B196
:1037B00003F06043B3F1005F09D000236FF00C0009
:1037C00085F8213005B0F0BDFFF77EFFE6E717F082
:1037D000010318BF0123C4F84C3717F0020318BFC8
:1037E0000123C4F814370023D6E900C0D6E9021239
:1037F00017F01C0FC4F83CC7C4F84007C4F80417FE
:10380000C4F80827C4F80831D4F808314CD1D4F8EA
:103810000035073B18BF012395F8226063F3820649
:10382000072385F82260C4F8003595F822301E077A
:103830000CD58223C4F8843C6B683BB10023C4F8E8
:103840000031D4F800310123C4F8043317F008061E
:1038500012D14FF0010E6B68C4F800E063B9D4F8E0
:103860000831002BFBD0CDE90212CDE900C06A4639
:1038700004212046FFF7DEFE6B68D3B995F82220BD
:10388000110748BFC4F8843C686A421C05D095F80B
:1038900022309B070AD5FFF717FF1EB92046291DC6
:1038A000FFF71EFF00208DE70123B5E7FFF700FFBC
:1038B000F3E7042317F0040F14BFC4F80833C4F867
:1038C0000433EFE76FF00F007CE770B590F822301B
:1038D00004460568180710D5D5F80433D9070CD568
:1038E000D5F800314BB10023C5F80031D5F80021DF
:1038F000C5F8843C0123C5F808330421284604F1A7
:103900001002FFF797FED8B1606A421C05D094F808
:1039100022309B0711D5FFF7D7FE94F821301BB159
:103920002846211DFFF7DCFE2046002300F80C3F4F
:10393000D4E90131BDE870401847FFF7B9FEECE764
:1039400070BD91F820200346032A29D8DFE802F051
:10395000212519028A68500504D5D3F8442708693F
:10396000904207D18A6852051AD4D3F8442789694E
:10397000914215D000200622C3F80005C3F80025A7
:103980007047D3F8442708699042F3D1D3F80C2745
:10399000EDE7D3F844270969EAE7D3F80C27FAE7FB
:1039A0000120704730B501249508403DAC400C42E1
:1039B00008D0815831B100218150825813B11A6862
:1039C00022431A6030BD002313B50C4601934FF417
:1039D000947201ABFFF7E6FF21464FF48272FFF7C6
:1039E000E1FF21464FF48A72FFF7DCFF21464FF4D6
:1039F000B672FFF7D7FF21464FF4A872FFF7D2FF48
:103A000021464FF49C72FFF7CDFF4FF49A72214686
:103A1000FFF7C8FF019802B010BD10B4CC7B8A68D4
:103A200003682CB9D1E90041C3F80046C3F8041675
:103A3000C3F8242543682BB1006810BCC0F30830DC
:103A4000EAF776BA10BC704738B50D4690F82610E4
:103A50000446C9B9C160C0E9012380F8291080F883
:103A6000281065B1AB7B80F82B302846F0F704FCBA
:103A70006B7B2946204684F82A30FFF7CEFF0123CE
:103A8000002084F8263038BD6FF07700FBE706226F
:103A90000368C3F80025022380F82630704707B575
:103AA000019001A8F0F73CFE0123019A9340436086
:103AB00003B05DF804FB0368013304D04068431C85
:103AC0005842584170470120704710B504680B6890
:103AD0009C4209D040684968884205D08C4203D096
:103AE000181A18BF012010BD0020FCE740F309039D
:103AF000B3F1FF3F08BF0130C0F309000430704745
:103B00000A680368534003604A684368534043604F
:103B10008A68836853408360704708B503681B0D4B
:103B200013F4E06304D00430FFF7CFFF80F001030B
:103B300003F0010008BDC36E426D1944891AB1FB40
:103B4000F3F203FB1211836D8B4208D90123406EFF
:103B5000CA0801F007018B40815C0B4383540020AD
:103B60007047024608B50846FFF7C0FF13680344D4
:103B70001360002008BD0368013303600020704714
:103B80002DE9F04F87B00393836E139EDB691746D0
:103B9000DDE91148A2199A4281468A4607D8C36EC8
:103BA000002B00F09E80109A934200F29A806FF0F2
:103BB000530093E0BAF1000F3FD0DAF80030109ACA
:103BC00093423AD1DAE9015305EB030BA34534D90B
:103BD000A54214D8ABEB040BB34528BFB346DAF8C3
:103BE0000C10651B40465A46294403F00BFED8448E
:103BF0005C44A6EB0B06002EDCD130466EE02D1B9C
:103C0000B54228BF35463B68109A93421BD1D7E98D
:103C100001130B44A34216D9A14210D81B1B9D428D
:103C200028BF1D46FB68611A40462A46194403F026
:103C3000E9FDA8442C44761BDDE73546E3E7091B84
:103C40008D4228BF0D46039B9E421FD3D9F86800C2
:103C50004369B4FBF3F203FB1242BAB9B34215D87D
:103C6000B5FBF3F203FB02FBA5EB0B03CDF800B0B1
:103C70000493436822469C4610994346E04768BB3C
:103C8000049BD8445B1B5C441E44B4E7109B3B6020
:103C9000D9F868305B69B4FBF3F25A437A60D9F81B
:103CA0006810059B486903442344B3FBF0F3434386
:103CB000C869834294BFC2EB0305C2EB00058B6A5F
:103CC00010999D4228BF1D46BD60D9F86800009537
:103CD0004568FB68A84700283FF46CAF07B0BDE813
:103CE000F08F039B013B059385E71FB5C3F30904E0
:103CF0000294069C019400240094F0F7C3FD04B0E4
:103D000010BD30B5134604460268082087B004ADE4
:103D1000916E03900295586801901B6810460093BD
:103D2000CB6902F11001FFF72BFF18B92846211DBE
:103D3000FFF7CBFE07B030BD2DE9F04F06468846B1
:103D400091469A46002487B0119F0DF1100BA742AF
:103D500003D8002007B0BDE8F08F3D1B082D28BF19
:103D60000825109B4246E318CDE900A30021304608
:103D7000CDE902B5A9EB0403FFF702FF0028E9D162
:103D8000129B2A4618685946F3F752FA129B2C44A4
:103D90001860DCE72DE9F04F0746884691469A46C1
:103DA000002487B0129E0DF1100BA64201D800200E
:103DB0001BE0351B082D28BF0825109B4246E31841
:103DC000CDE900A300213846CDE902B5A9EB0403F3
:103DD000FFF7D6FE48B9119B2A465846191903F039
:103DE00046FD002804D005DA012007B0BDE8F08FB9
:103DF0002C44DAE70220F8E730B513468268C1F3B5
:103E00000905AA4228BF2A4685B0029241680446A5
:103E100001915968009101681B680846FFF7BAFFD5
:103E200028B9A368AB4202D034BF0120022005B0FC
:103E300030BD0023E9F7E6B91FB50023CDE9023311
:103E400001934FF0FF330093F0F7CCFF05B05DF81E
:103E500004FB036B1944C1F30903003B18BF0123A2
:103E600021F0004141EAC3710163704710B5836ED0
:103E700004465B6B13B9C068EAF726FCA36E9B6B24
:103E800013B9E069EAF720FCA36EDB6B23B9606E1F
:103E9000BDE81040EAF718BC10BDF8B5C6690D685A
:103EA000083EB5420F4613D3B5FBF6F00138DDF7F7
:103EB00021FB841CA5EB8404B4FBF6F42046DDF75B
:103EC00019FBA5EB8005204604FB16553D60F8BDA7
:103ED0000020FCE72DE9F04F89B006460F46DDF8DB
:103EE0004C8005924BB94FF0FF32C8F800200020FB
:103EF000149A136009B0BDE8F08F846E013B07A9E6
:103F000020460793FFF7C9FF12A905462046FFF791
:103F1000C4FF4FF0040A81460DF1140BA945059A20
:103F200003D3129BC8F80020E1E795FAA5F3A5EBAF
:103F30000904B4FA84F4B3FA83F3C4F11F049C4275
:103F400028BF1C46A300CDE90023002104233A46E4
:103F50003046CDE902BAFFF713FE0028CAD101238B
:103F6000A340ED1ADAE72DE9F04F89B00646DDE906
:103F7000120A0F4690461D4688B30138059005A9E0
:103F8000B06EFFF78AFF04460DF1180B294614980E
:103F9000D04720BB1CB304F00109C9F102039B0008
:103FA000CDE90050424639463046CDE902B3FFF72D
:103FB000E7FDA0B9E54305F00105A84207DB08AB22
:103FC00003EB8505023C55F8085C4C44DEE7069996
:103FD0001498D04703460120002BEED0184609B0B4
:103FE000BDE8F08FC368184710B50C46826AFF2100
:103FF000E06803F02DFC4FF0FF33236010BD38B5AF
:1040000081660B6A0446C3664B6B0D46002B3BD0A2
:10401000C360AB6B002B43D0E36128462146FFF71A
:10402000E3FFA06E04F11001FFF7DEFFA56EEB6B5E
:10403000002B3CD063662B6C002B08BFFF2323674B
:104040006B6C002B08BF6FF00043636740F2FE33D8
:10405000AA6C002A08BF1A46A2672B6D591CE36799
:104060002CD10023E36700204FF0FF33C4E90A009E
:10407000C4E90833C4E90F00C4E90C00C4E9120024
:104080006064A063206538BD886AEAF703FBE060DE
:104090000028BED12046FFF7E9FE6FF00B00F2E7E3
:1040A000A86AEAF7F7FAE0610028B6D1F2E7E86A11
:1040B000EAF7F0FA60660028BDD1EBE7002BD2D119
:1040C000EB6CA96A43B18A4228BF0A46DB089A42D0
:1040D00094BFE267E367C6E7EB69F4E72DE9F043D5
:1040E0000D4609689846CB1C0646174685B003D98D
:1040F000002005B0BDE8F083806EAC6883691C4485
:10410000013CB4FBF3F45C430094D0F80890EB68F6
:104110006A68C8470028ECD1B8F1000F04D12946DD
:10412000B06EFFF761FFE3E74FF0FF333B600294AF
:10413000EB68224601936B683946009330462B6842
:10414000FFF728FE0028D4DBE9D06FF05300D0E75A
:104150002DE9F84F0646DDE90B5A0C469046994684
:104160000D9F002F3AD0002108E00A9B2360B36E18
:104170009A69B5FBF2F35343C4E9013123680A9A03
:104180009342F2D16068A842EFD8B36E9A6A0244B3
:10419000AA42EAD9521BBA4228BF3A469346E3687C
:1041A000281A5146184403F02DFB6368A2685D4449
:1041B000EB1A934238BF1346A360B26EDA44926A98
:1041C000A7EB0B079A42CCD14B46424621463046DC
:1041D000FFF784FF0028C4D0BDE8F88F3846FBE71E
:1041E000F0B585B0CDE902231D464B680C4601931E
:1041F0000B68174600930246002300F11001FFF7F9
:10420000A7FF064640B92A463946E068F3F710F89A
:104210006368E0602B446360304605B0F0BD2DE973
:10422000F04F064687B010469946FFF75FFC4B6893
:1042300093464A69034493420C46804641D88B68B2
:104240002BF0004A8AEA03031BBA05933046042385
:1042500005AAFFF7C5FF054678BBBBF1000FA8F123
:10426000040720DA0DF1130B2FB30123CDE902B3BC
:10427000D9F804303246043B4344DB1B0193D9F8A0
:1042800000300021009330463B46FFF779FC40B9EF
:1042900001235A4621463046FFF7A2FF013F00287E
:1042A000E2D0054609E03B464A4621463046FFF744
:1042B00097FF0028F5D1C4F808A0284607B0BDE84C
:1042C000F08F6FF01B05F8E713460A46D0E90001AE
:1042D000FFF7A5BF10B5D1E9003482699A4207D132
:1042E000C3699C4209D1F1F759F86FF0530010BD32
:1042F000944202D1C469A342F4E7D1E90234A34253
:1043000005D15B000A60C269CB6000234A600133BB
:1043100000208B60EBE77FB50C4604310646F1F7D1
:10432000E1F9054670BB21463046F1F7DBF9054659
:1043300040BB2246042342F8080FCDE90223019036
:1043400022680146009230463246FFF719FC10B150
:1043500010F1540F19D1B36E5A6A002A09DDA3680F
:10436000013242F00102013B1344B3FBF2F3534329
:10437000A3604FF0FF330422C4E903230022C4E901
:104380000523E361284604B070BD0546FAE72DE930
:10439000F04F93B0CDE907230B6B0646DA020D46CA
:1043A0001BD54C6B089BCA6AE318934238BF13466F
:1043B000C26F9A4211D2CC63C36E0366F1F7FAF969
:1043C0002B6B044630B143F400232B63204613B01B
:1043D000BDE8F08F23F480132B63089B069305F14F
:1043E00040030C93069B0BB9089CEFE72B6B13F46F
:1043F000003204D0B16EEF6BC9698F4247D1DB0246
:1044000000F1E08005F140030A93CAB96B6BBBB1C0
:10441000119211AA0292013B05F138020192009318
:104420003046D5E90A2305F14001FFF753FD044664
:1044300008B12B6BC7E7B06E05F14001FFF7D4FD63
:10444000F36E3366AB6B09936B6B0593013B0B9378
:1044500030460FA9F1F746F904460028E9D1DDF806
:104460003C80B06E4146FFF7BDFD044630B114F10B
:10447000540FDED14FF0FF332B64E9E7059B4BBBB4
:104480001F46C5E90E832B6B43F400332B63B36ED9
:10449000DB69DF1B069B9F4228BF1F46079B0397D4
:1044A0000293EB6B32460193AB6B304600930C9951
:1044B0000123FFF74DFE0446002800F0888010F12C
:1044C000540FB6D129463046F1F774F90446002856
:1044D000E4D0AEE7D6F868900B9B484610A910933D
:1044E000FFF7DBFC109FD9F81C3001379F42109773
:1044F00050D1471C97FAA7F7B7FA87F7A146099B4F
:1045000007F1010A11930DF1440B4FEA89030D9352
:104510000423CDE902B34FEA8903CDE90083324693
:10452000012330460A99FFF713FE044600289ED166
:104530004F4535D109F10109CA45E6D8C5F838809B
:104540004FEA8A0724E0099B324600930021304657
:10455000CDE902BACDF80490A7EB0903FFF710FBF1
:10456000044600287FF465AF012332463046CDE98A
:1045700002BACDE900890A99FFF7EAFD044600284E
:104580007FF475AF09F101094F45DCD8C5F83880D3
:10459000EF6378E7A1464FF0010A0DF1440BF3E712
:1045A0000423CDE902B34FEA89030193119B01462D
:1045B0000093324604233046FFF7E2FA044600280F
:1045C000B8D036E76FF001036F6BAB63E0E76B6B5E
:1045D0003B446B63EB6B3B44EB63079B3B440793B0
:1045E000069BDB1B0693F36E3366FBE6F0B50C46C9
:1045F000096B0546480397B008D5CA0258BF4FF06B
:10460000FF3321F4802158BF236421638B0302D43C
:10461000002017B0F0BD11F48011666BE76A3FD13E
:10462000542201A803F014F9A36ACDE90B37012342
:1046300011AFCDE90D3695E80F0087E80F004FF078
:10464000FF372F60626BE36A9A4212D304F140078E
:1046500001232A4639462846FFF740FD20B310F1D2
:10466000540FD6D121462846F1F7A4F80028EFD000
:10467000CFE7012328460DF1030201A9F0F7B2FEAE
:104680000028C6DB0123214628460DF10302FFF76F
:104690007EFE0028BDDB2B680133D3D01197D0E715
:1046A000BE422CBF66636763A36BA362636BE36266
:1046B000236B23F4003343F48033C4E90C36A7E7BB
:1046C0002DE9F7431E460B6B17465A0305460C4669
:1046D00019D4216B0B051DD4D4F834806B6F08EB13
:1046E00006029A422FD811F4003919D033463A46BF
:1046F00021462846FFF74BFE002808DB236B23F4F6
:104700000023236303E0FFF771FF0028E1D003B02B
:10471000BDE8F083E36A626B934288BF6363DBE7C3
:10472000E36A9845E2D96363636B9845DED9012358
:10473000214628460DF107028DF80790FFF727FE66
:104740000028F1DAE3E76FF01A00E0E72DE9F34122
:1047500007460E4614464D6B13B1012B09D12C446C
:104760007B6FA3423CD3AC4210D1204602B0BDE8DF
:10477000F081022B08D1D1E90B32920302D5AB4272
:1047800038BF2B461C44EBE72C46E9E7336B5B0351
:104790001ED5D7F86880F26BD8F81C309A4217D033
:1047A000694640460095FFF778FB01A9054640465B
:1047B0000194FFF772FB85420AD1736C019A934210
:1047C00006D8B16C0B449A4202D27463F263CCE710
:1047D00031463846FFF70AFF0028C7D17463C4E7A3
:1047E0006FF01500C2E72DE9F0438DB00C4604A927
:1047F000054617469846BDF85490FFF78CFD0646CF
:1048000028BBE37D3A468DF82730A36928460A93F2
:10481000E36904A90B93BDF85830CDE90193149BCB
:1048200000934346F1F76CF9002814DB0123049F41
:10483000059A2046A761E261E37505F12001FFF7C3
:1048400044F920B9B9F1000F01D1C5E90872304629
:104850000DB0BDE8F0830646F9E710B50446F1F760
:10486000B1FC002806DB05D02046BDE81040002141
:10487000F1F71CBE10BD70B50B6B05461E030C4650
:1048800086B053D4FFF7B2FE216B20B141F4002172
:10489000216306B070BDCA0348D504F1080630464E
:1048A000FFF709F9002841D111F480131FD040F21D
:1048B0000120E36CE26AA18842EA812242EA0052C6
:1048C000CDE90223226D2846936843EA812343F011
:1048D0008153049353683146059302AA0223FFF7DC
:1048E000BCFF236BF8B143F400232363D1E74FF0FF
:1048F000FF322946284641F8102B2A46FFF7EEFBE7
:104900000028C6D1A86E036998470028C1D1236B3F
:10491000DB02CCD4D4E90A016B46CDE900010822C0
:1049200040F20220C7E723F4803323630020B0E77E
:1049300070B505460C46FFF79EFF0646AA6A05F1CC
:10494000280322B11A68944209D122681A60236DA3
:104950001B6813B9E06CE9F7B7FE304670BD13462B
:104960001268EEE708B5FFF781FA002008BD70B5C0
:104970008AB001911646002301AA02A90546F0F764
:1049800063FC041E0FDB2F21019802F080FF10B1A1
:10499000230D022B0AD1C4F389223346284602A9EB
:1049A000F0F72EF8044620460AB070BD6FF01304ED
:1049B000F9E7F1F7A5BEFFF7BBBFFFF75CBF2DE935
:1049C000F0411F460B6B05469B030C46164607D469
:1049D0003B46324621462846BDE8F041F0F702BD8D
:1049E000FFF704FE0028F3D0BDE8F081FFF768BEB2
:1049F000FFF7ACBE2DE9F041161E05460C4686B009
:104A000074DBD1E90B3292034F6B02D5BB4238BF46
:104A10003B469E424FD2EB6F9E422ED8002321464A
:104A20001A462846FFF792FE00285CDB4FF0FF3362
:104A300021462B6028463346EA68F0F7D3FC00286D
:104A400051DB236B6FF0010243F4A81323630023AF
:104A5000C4E90A2622646364AB6E32469B6AE06C4A
:104A6000A364E96802F0CEFE00233A4621462846B8
:104A7000FFF76CFE00EAE07035E021462846FFF7BC
:104A8000B5FD80BB05AB029304F138030193731E9F
:104A90000093059004F140012846D4E90A23FFF76A
:104AA00019FA00BBA36B6663C4E90A36236B43F4AF
:104AB000A0232363D8E7D7D9022300222146284622
:104AC000FFF744FE00280EDB4FF00008636B9E42A8
:104AD000CAD901232146284605AA8DF81480FFF77C
:104AE000EFFD0028F2DA06B0BDE8F0816FF01500A6
:104AF000F9E7486B7047826A00F1280322B11A680F
:104B0000914203D10A681A60002070471346126868
:104B1000F4E7F0F7C3BE08B5F5F7A4FA002818BF0C
:104B20006FF0040008BD08B1E9F74ABE704710B540
:104B3000436904463BB90020E2684042537843F0A1
:104B40000103537010BD98470028F4D00028B8BF67
:104B50004042FF28A8BFFF20E3681870ECE740B18F
:104B6000C368587810F001001EBF1878B0FA80F0C2
:104B7000400970472DE9F04F89B0DDE912680592D0
:104B800043460546324606A80F4600F07DFBDDE9A8
:104B90000634CDE90234EFF311844FF0200989F394
:104BA0001288BFF36F8F05F10C0A05F1140B39461B
:104BB0002846059A149B984730B184F31188BFF3B7
:104BC0006F8F09B0BDE8F08F56EA0806F5D0DDE931
:104BD000022306A800F07DFBDDE906685246214667
:104BE0005846CDE90068F3F783FAEFF3118489F3AF
:104BF0001288BFF36F8FDAE710B400F10C04C0E93C
:104C000003440024047510BCFBF74ABF38B50446C2
:104C1000EFF31185202383F31288BFF36F8FE7F73B
:104C200015FB04F10C0000F03BFA30B1294604F109
:104C30001400BDE8384000F019BA85F31188BFF3BD
:104C40006F8F38BD10B582696AB1C36842EA03014B
:104C5000890708D14169A2FB011424B95B182CBF54
:104C60000121002102D36FF0150005E001619B1ABC
:104C700042698A4201D8002010BD026901311A60E0
:104C8000826903619B1AF3E72DE9F04105460F465F
:104C9000EFF31188202383F31288BFF36F8F066927
:104CA000FEB90468A0421CD0DCB1D4E90032136024
:104CB0005A60237CC4E9006623F002032374A660D3
:104CC00004F1180000F0A5FA2046C4F8846067617A
:104CD00000F06AF9414605F10800BDE8F04100F036
:104CE000C5B93E60EB692F61013BEB6188F3118828
:104CF000BFF36F8FBDE8F081202408B5EFF3118377
:104D000084F31288BFF36F8FFCF779FDF6E7D0E9E3
:104D1000003213605A600023027CC0E9003322F0A5
:104D2000020202748360704713B501240094F2F705
:104D3000ADFC02B010BD90F90E308B4201D0F3F7FC
:104D4000F9B90020704703460020C3E90033C3E9E6
:104D5000020070475AB18A4209D300F11003C0E93A
:104D60000212C0E90000C0E90433002070476FF070
:104D700015007047012302688B4022EA0303036099
:104D800022FA01F000F00100704710B5032104463B
:104D90000C30FFF7EFFF30B104F1100000F039FAEA
:104DA000B0FA80F0400910BD20B1002294301146C5
:104DB00000F0C1B9704770B5C3680446C3F340063C
:104DC0009B0716D4856802210C30FFF7D3FF80B112
:104DD000D5F88C206AB194421DD122689EB9D5F8CD
:104DE0009030C5F88C209C4201D1C5F8902000235A
:104DF0002360E36813F01F001EBF43F00203E3606B
:104E000040F0020070BD3260D5F89020944208BF97
:104E1000C5F89060EBE716461268DBE773B5044609
:104E2000EFF31185202383F31288BFF36F8F0023E4
:104E30000193D0E90423B3F1004F08BF012A05D044
:104E400085F31188BFF36F8F02B070BDA0F110061B
:104E500003210438FFF78EFF0028F1D0A369304604
:104E600001A90193F2F7F2FEEAE738B504460D46D0
:104E70001022002102F0ECFC656038BDEFF31183D5
:104E8000202282F31288BFF36F8FC06800F01F00EA
:104E900083F31188BFF36F8F704713B501900846F5
:104EA000EFF31184202383F31288BFF36F8F01A9DE
:104EB000F2F7CCFE84F31188BFF36F8F02B010BD00
:104EC00010B5FFF7EAFF041E08DDEFF31180202381
:104ED00083F31288BFF36F8FF3F798F9204610BD64
:104EE00038B530220D460021044602F0B1FC4FF4E3
:104EF00080736560E36038BDFFF7C0BF38B5044616
:104F0000EFF31185202383F31288BFF36F8FFFF730
:104F10003CFF2046FFF74FFF85F31188BFF36F8FEB
:104F200038BDEFF30580003818BF012070476FF0DF
:104F30005700704700207047D0E9003213605A6074
:104F40000023C0E90033704708B5FFF7F5FF037C85
:104F500023F0020303740023836008BD38B50446C0
:104F60000D46F3F743F8237C43F002032374D5B1D5
:104F7000A5602B689D4209D16B68C4E900531C6091
:104F80006C6010E06A689A42F6D01B68002BF3D080
:104F900093F90E1094F90E209142F3DD5A68C4E99A
:104FA000003214605C6038BD10B5EFF3118420232B
:104FB00083F31288BFF36F8FF2F7D8FF84F3118861
:104FC000BFF36F8F10BD08B5EFF31181202282F37C
:104FD0001288BFF36F8F83680BB1FFF7B5FF81F3C2
:104FE0001188BFF36F8F08BD08B5037C014613F02D
:104FF000280F0CD183680BB1FFF7A6FF0B7C084686
:1050000023F004030B74BDE80840F2F7AFBF08BDFE
:1050100010B5EFF31184202383F31288BFF36F8F51
:105020001838FFF7E1FF84F31188BFF36F8F10BDCD
:1050300008B50346EFF31181202282F31288BFF3F3
:105040006F8F0068834207D008B1FFF77DFF81F3BF
:105050001188BFF36F8F08BD0020F8E710B5FFF788
:10506000B2FFBDE81040183000F0D3B80846F2F7A0
:10507000F5BF38B5054604680020AC4200D138BD04
:10508000002CFCD02046FFF75FFF04F1180000F071
:10509000C0F82046F2F76AFF2C680120A542EDE730
:1050A00010B5EFF31184202383F31288BFF36F8FC1
:1050B000FFF7DFFF84F31188BFF36F8F10BD70B56A
:1050C00006460D46F3F73EF9B5F1FF3F08BFB6F1CE
:1050D000FF3F04460CD047F6112000214FF47A75AB
:1050E00047F612220023E4FB0501DCF78FF970BDBF
:1050F0004FF0FF30FBE738B50446EFF3118520236E
:1051000083F31288BFF36F8F037C5B070ED51830D3
:1051100000F07FF8237C204623F004032374F2F789
:1051200025FF2846BDE83840F2F798BF85F311887F
:10513000BFF36F8F38BD38B5EFF31185202383F3AC
:105140001288BFF36F8F0468A04213D0A4B1C4F8D3
:10515000841062612046FFF7F7FE04F1180000F0AA
:1051600058F82046F2F702FF012085F31188BFF3BB
:105170006F8F38BD0020F8E72046F6E72DE9F047AD
:1051800006460F4691469A46EFF31188202383F393
:105190001288BFF36F8F0068864206D028B173680B
:1051A00098420CBF0025056868B90024B9F1000FCA
:1051B00002D051462046C84788F31188BFF36F8F4D
:1051C0002046BDE8F0875146B84704460028EDD197
:1051D00035B17368AB4200D02C6828462546E3E71A
:1051E0002C46FAE708B50246F3F71EFA70B1D0E98B
:1051F00004319B1A61EBE272B3F1004F72F10001CE
:1052000004DA002AACBF1846002008BD6FF0004049
:10521000FBE7024638B5EFF31185202383F31288AC
:10522000BFF36F8F0368D3B1F3F7FEF9044610465E
:10523000F3F70CFA00224FF000438442C0E9042344
:1052400005D0002085F31188BFF36F8F38BDF3F7C9
:10525000F3F9FFF7C7FF0021EDF7BEFDF1E7D0E955
:105260000413B3F1004F08BF012904D100204FF00F
:105270000041C2E904016FF01500E3E708B5F3F758
:10528000EDFA08BDF3F7EABAB3F1FF3F08BFB2F198
:10529000FF3F70B506461D46144614D01A4316D07B
:1052A000002B08DBF3F7DAFA041941EB0501C6E934
:1052B0000041304670BD6FF001031C1B4FF0FF33FF
:1052C00063EB0501F3E74FF0FF342146EFE70024DD
:1052D000FBE7B3F1FF3F08BFB2F1FF3FF8B5074668
:1052E00016461C4610D054EA020311D0F3F7B6FA62
:1052F000B0420A46A14103460AD2F31A64EB020403
:10530000C7E900343846F8BD4FF0FF331C46F7E7D5
:105310000023FBE70023C0E9081200F11802C0E9EE
:105320000622C0E9003303634363704730B5D0E918
:105330000034984208D03CB1A568DDB112F9522C76
:1053400015F9525CAA4207DDC1E900042160416001
:105350000FE0A342F8D01B68002BF5D09D684DB13B
:1053600015F9525C9542F4DD5A68C1E900321160CA
:10537000596030BD00239B7BFFDE2DE9F84F0025EF
:105380000F461446984601462E464FF0200AA9467D
:10539000BD4202DB3046BDE8F88FEFF3118B8AF394
:1053A0001288BFF36F8F4B7B03F03F03082B09D8A4
:1053B00053B1013B072B07D8DFE803F0281C062276
:1053C0000606062E102B2DD0B8F1000F3BD1237806
:1053D000002B38D04B7B03F03F03082B3AD8002B2F
:1053E0003AD0013B072B37D8DFE803F04339363F8B
:1053F000363636460B699B68002BE5D0022317E052
:105400000B691B68002BDFD0042311E00B699B683C
:10541000002BD9D001230BE00B695B6A002BD3D0A2
:10542000102305E00B69DA895B899A42CCD02023EE
:10543000CA68C1F80890C2F38630034363F394321C
:10544000CA6084F800908BF31188BFF36F8F013529
:1054500014319DE7102B13D08C600136F3E7224600
:1054600008691030FFF762FFF6E70869224614303A
:10547000F8E722460869F5E7086922462830F1E78F
:10548000086922463030EDE72DE9F0418468054691
:105490000E46D4B16378012B22D114F8503C9A0700
:1054A00011D5A4F160073846FFF7D8FD082E14BFC8
:1054B00000236FF00303636214F8503CDB0602D153
:1054C0003846FFF771FD002323700023AB60EB68C3
:1054D000C3F38632164366F39433EB60BDE8F08184
:1054E000022BF0D12378002BEDD054F8048CB8F1C6
:1054F000000FE8D004F11400FFF78BFE0023A4F1A5
:10550000140739464046E362FFF7C7FCDBE738B5CE
:10551000EFF31185202383F31288BFF36F8F0468A4
:10552000A04211D0D4E9003213605A600023204613
:10553000C4E90033FFF7A8FF85F31188BFF36F8F2D
:10554000201E18BF012038BD0024F5E70023C0E964
:1055500000008360704700238360704783680B609E
:10556000C368136070472DE9F3470446DDE90A98E4
:1055700015460E4659B302F0010AF2F71FFF07461F
:10558000EFF31181202383F31288BFF36F8FA807F5
:1055900044BF0023A360A36803EA0600BAF1000F2A
:1055A0000CD086420CD16A0744BF8343A36081F3C9
:1055B0001188BFF36F8F02B0BDE8F0870028F2D1E9
:1055C00059EA080305D181F31188BFF36F8F0020DA
:1055D000F1E7C7E919652246CDE9009804F10C000E
:1055E000F2F786FD0028F2D1786EE4E710B50B687B
:1055F0000446D0E9190212F0010F03EA000301D0BA
:10560000984211D183B16366520748BF4A6804F1DA
:10561000180044BF1A434A60FFF7FBFD00232046F1
:10562000C4F88430FFF7E0FC002010BD0023C0E97F
:1056300000008360037370470A46F3F7C3BA0A4653
:105640000021F3F7BFBA5200FFF78DBF837842788D
:105650001B04007843EA0223184370470068704730
:1056600008B50246FFF7FAFF0346101DFFF7F6FFE5
:105670000146184608BD0B0A017043700B0C090E59
:105680008370C170704708B501EB8202031F0846A2
:10569000FFF7E4FF0431914243F8040FF7D108BD4E
:1056A00010B500EB82020C1F54F8041FFFF7E3FF54
:1056B00004309042F8D110BD2DE9F04188460546EE
:1056C000FFF7CEFF064640460C46FFF7C9FF4640AF
:1056D00005F108004C40FFF7C3FF074608F108003A
:1056E0000D46FFF7BDFF7840694030432143BDE8D8
:1056F000F081F8B506460F46FFF7DEFF05460C467B
:1057000006F1100007F11001FFF7D6FF28432143EF
:10571000F8BD2822002102F09BB801232422002199
:1057200040F8043B02F094B8002351F8232040F8DD
:10573000232001330A2BF8D17047002351F823208E
:10574000524240F8232001330A2BF7D1704700233F
:1057500030B551F8234052F823502C4440F82340F0
:1057600001330A2BF5D130BD002330B551F8234069
:1057700052F82350641B40F8234001330A2BF5D123
:1057800030BDF0B50439041F02F00107243054F88D
:10579000043F51F8045F002F14BF2E461E466B4095
:1057A000534326600D68844285EA03050D60EED1FF
:1057B000F0BD30B5031F0439243002F0010253F864
:1057C000045F51F8044F002A08BF2C4683421C6036
:1057D000F5D130BD2DE9F04F044687B00846FFF7FC
:1057E0003DFF8246081D1746FFF730FF8301C81DA5
:1057F0000493FFF72BFF430101F10A000193FFF728
:1058000025FF4FEAC00801F10D00FFF71FFF8600DA
:1058100001F11000FFF722FF009001F11400FFF7E3
:1058200015FF4FEAC01901F11700FFF70FFF430101
:1058300001F11A000293FFF709FF030101F11D00B6
:105840006FF07F410393FFF701FF002541FA07F254
:1058500002401AF100714FEA820E4FEA916145F160
:10586000000241EA8211049B8806BAEB000A4FEA63
:10587000911C6CEB4C0B92165F1842F1000216F172
:10588000007045F10005800E40EA85108306F31A8A
:10589000009E4FEA901161EB4101AD16361845F1BB
:1058A000000517F1807C42F100024FEA5C6C4CEA83
:1058B000C21C5016A7EB4C620492019A12EB0C0228
:1058C000009240F1000016F1807245F1000C520E7A
:1058D00042EACC1219EB0209A6EB4265009A4FEAA4
:1058E0006C6C4CF1000C12F1007240F10000920E51
:1058F00042EA80120595801618EB0205019540F1E9
:10590000000019F100754CF1000C4FEA9568029DFA
:1059100048EA8C1815EB08050295019D4FEAAC6C1E
:105920004CF1000C15F1807740F100007F0E47EA42
:10593000C0170298DB1941F1000110F180754CF19C
:10594000000C03986D0E45EACC1540194FEA6C6CBB
:105950004CF1000C13F10076039041F1000110F1BD
:1059600000704CF1000C800E40EA8C101EEB000E13
:105970004FEA96664FEAAC6C46EA81164CF1000C91
:105980001EF180714CF1000C490E41EACC114FF030
:10599000130CC1FB0CAB1AF1007C4BF1000B4FEA6E
:1059A0009C6C4CEA8B1CAAEB8C6AC4F800A0DDF856
:1059B00010A0A3EB86631AEB0C0CC4F804C0DDF84E
:1059C00000C0AEEB4161ACEB826C019AC4F808C038
:1059D000A2EB4762E2602361059B61629E19A9EB1D
:1059E0008863A361029B6661A3EB4565039BE56148
:1059F000A3EB8060206207B0BDE8F08F2DE9F04F87
:105A00000D680C6982FB055815F1007782FB04468E
:105A100048F1000CBF0E47EA8C174FEAAC6EBB068C
:105A20000CF07C4C8BB0EB1A4CEA971C4D6806933B
:105A300068EB0C0314F1007C07934FEA9C6C46F171
:105A40000003C2FB057E4CEA831C4FEA8C65641B95
:105A50004FEAA36A4D6903F07C4343EA9C1366EB6B
:105A60000306C2FB05CA17F180754EF1000E6D0EDC
:105A700045EACE15A7EB456708978F684FEA6E6336
:105A8000C2FB07531CF1807E4AF1000A15F1007930
:105A900043F100034FEA5E6E4FEA996949EA8319C0
:105AA0004EEACA1EACEB4E67CC4609978F694FEAA7
:105AB0006A6AC2FB07EACF689B16C2FB07C3CDF830
:105AC00008C01EF1007C4AF1000A4FEA9C6C4CEAC7
:105AD0008A1CCDF804E0E646CF694FEAAA6AC2FB09
:105AE00007EA029FCDF80CE017F1807843F100033C
:105AF0004FEA586848EAC31814EB080446EB63669B
:105B00001EF180774AF1000A7F0E47EACA17BE46A7
:105B10000B6A4FEA6A6AC2FB03EACDF810E014F19F
:105B2000007E46F100034FEA9E6E4EEA831E049B00
:105B30004FF0130B13F100764AF10003B60E46EA5C
:105B40008316B246496A9B16C2FB01A31AF1807103
:105B500043F10003490E41EAC311CDF814A0A1FBA3
:105B60000B2A5B160BFB03AA069BA5EB8965D218D3
:105B7000079BA4EB8E644AEB030A12F100734AF10F
:105B8000000A9B0E43EA8A13A2EB83620260089A22
:105B90008560D3184360029BA3EB4863C360046134
:105BA000099B13EB0E034361019BA3EB8C638361A1
:105BB000039BA3EB4767049BC761A3EB8666059B2A
:105BC0000662A3EB416141620BB0BDE8F08F2DE9A5
:105BD000F04FA3B00290D1E9000307938B684FF018
:105BE000130BD2E900CE0093CB6808930B690193A5
:105BF0004B690993D1E906930A93D1E908530B93B2
:105C000093680393D36804931369059353690C93C2
:105C100093690E93D369DDF800A01593136A179367
:105C2000536A1893079B5B000F93089B0F995B00C7
:105C30001093099B5B0011930A9B5B0012930B9BD3
:105C40005B001393039B0BFB03F7049B0BFB03F617
:105C5000059B0BFB03F316930C9B0BFB03F31493B5
:105C60000E9B0BFB03F30D93159B0BFB03F30693AA
:105C7000179BDDF818800BFB03F2189B0BFB03F35B
:105C800081FB0314C0FB0C14CAFB0214DDF840A016
:105C9000CAFB0814DDF80480DDF834A0C8FB0A1440
:105CA000DDF84480DDF850A0C8FB0A14DDF8588008
:105CB0000BFB0EFAC9FB0814DDF84880C8FB06147C
:105CC000C5FB0714DDF84C80C8FB0A14CDE9191494
:105CD0000799DDF800A08CFB0118C0FB0E18C3FB70
:105CE0000A18DDF820A0019CC2FB0A18DDF818A0F4
:105CF000CAFB04180D9CDDF824A0C4FB0A18149CF0
:105D0000DDF828A0C4FB0918169CC4FB0A18C6FBC2
:105D100005180B9CC7FB0418CDE91B180F99039CB1
:105D200081FB0E17C0FB0417009CDDF84480CCFB00
:105D30000417109CC3FB0417019CC2FB0417069CAC
:105D4000C4FB08170D9CDDF84880C4FB0917149CA0
:105D5000C4FB0817169CC4FB0517139CC6FB04174D
:105D6000039CCDE91D1707990B9F81FB0416049C2A
:105D7000C0FB0416009CC4FB0E16089CCCFB04164A
:105D8000019CC3FB0416099CC2FB0416069CC4FBC1
:105D900009160D9CC4FB0A16149CC4FB0516169C20
:105DA000C4FB0716049C16910F991F9681FB046192
:105DB000059C039FC0FB0461009CC4FB0761109C11
:105DC000C4FB0E61019CCCFB0461119CC3FB04610C
:105DD000C2FB0961069CC4FB08610D9CC4FB056104
:105DE000DDE91374C4FB0761079CB046059E84FB84
:105DF00006670C9CDDF810A0C0FB0467009CC4FB88
:105E00000A67089CDDF80CA0C4FB0A67019CDDF85A
:105E10002CA0C4FB0E67099CCCFB0467C3FB09677D
:105E20000A9CC2FB0467069CC4FB05670D9CC4FB6F
:105E30000A670F9C0D960C9E149784FB06670E9CB8
:105E4000DDF814A0C0FB0467009CC4FB0A67109C2B
:105E5000DDF810A0C4FB0A67019CDDF80CA0C4FBB0
:105E60000A67119CDDF84CA0C4FB0E67CCFB0967E8
:105E7000129CC3FB0467C2FB0567069CC4FB0A6750
:105E8000079C06960E9E209784FB0667159CC0FB18
:105E90000467009CDDF830A0C4FB0A67089CDDF8AD
:105EA00014A0C4FB0A67019CDDF810A0C4FB0A67BC
:105EB000099CDDF80CA0C4FB0A67C9FB0E670A9CAD
:105EC000CCFB0467C3FB05670B9CC2FB04670F9AFE
:105ED000159CB24682FB0426179C2197C0FB042622
:105EE0000E9F009CC4FB0726109C0C9FC4FB07263A
:105EF000019C059FC4FB0726049F119CC4FB072639
:105F0000039CC9FB0426129CC4FB0E26CCFB052671
:105F1000139CC3FB0426079B0F92179A189C83FBC4
:105F20000232C0FB04320098159CC0FB04321046BC
:105F30000E9C089AC2FB0430019A0C9CC2FB0430F0
:105F4000099A059CC2FB0430C9FB07300A9A039CDE
:105F5000C2FB0430C5FB0E300B9A199CCCFB0230FF
:105F60009C46199B059013F1007E1A9B4FEA9E6E8A
:105F700043F100004EEA801E4FEA8E62A21A079299
:105F800000F07C431A9A43EA9E1362EB03030893E2
:105F90001B9B13EB0E0E1C9B43EBA06018F10075CE
:105FA00041F10003AD0E45EA831503F07C44AA06D7
:105FB000B8EB020244EA951461EB04010D9C6519EB
:105FC000149C44EBA3631EF1807440F10000640E46
:105FD00044EAC014AEEB446709971D9F3C19009436
:105FE0001E9C44EB606015F1807443F10003640E65
:105FF00044EAC314A5EB44650A95069D2C19019447
:10600000209C44EB6363009C14F1007440F1000099
:106010004FEA946E169C4EEA801E14EB0E04039415
:106020001F9C44EBA060019C14F1007543F1000338
:10603000AD0E219C45EA83151AEB050944EBA363D9
:10604000039C14F1807740F100007F0E47EAC017EF
:10605000D21941EB606119F180740F9843F100038C
:10606000640E44EAC31410EB040846EB636312F1B8
:10607000007641F10001B60E46EA8116614618F13C
:10608000007043F10003800E40EA83100918049168
:106090000599A2EB866241EBA3630499A9EB4464E2
:1060A00011F1807143F10003490E41EAC311A1FBD4
:1060B0000BCA5B160BFB03AB079BDDF808A01CEBC0
:1060C0000303DDF820C0A8EB80604BEB0C0B13F151
:1060D000007C4BF1000B4FEA9C6C4CEA8B1CA3EB51
:1060E0008C63CAF80030099BCAF8102013EB0C032C
:1060F000CAF80430009BCAF81C40A3EB8E63CAF8B0
:106100000830039BCAF82000A3EB47670A9BCAF834
:106110000C709E19019BCAF81460A3EB8565049B63
:10612000CAF81850A3EB4161CAF8241023B0BDE8A7
:10613000F08F2DE9F04F95B08246D1E90023D1E9E7
:1061400002400690D1E904900290D1E906B0039094
:10615000086A496A04900891610005910699262011
:10616000490000910299039D49000191039900FBA8
:1061700005F8490009911321049D5F0001FB05F614
:10618000089D079300FB05FC01FB0BF302994FEA06
:10619000420E484387FB0C15C2FB02152A466500D8
:1061A000C5FB0612009D0A93C5FB08124FEA49057C
:1061B000C5FB03120D460299079BC1FB00528CFBE5
:1061C0000410CEFB03100B95009D0A9BC6FB051027
:1061D000C8FB09100D460199C3FB0150079BCDE98F
:1061E0000C5087FB0331CEFB0431009D0698CCFB9D
:1061F00005314FEA4905C6FB0531019DC8FB053154
:106200000D460A99C1FB0B350A9387FB04310E95A5
:10621000069DCEFB0531CCFB0931019DC6FB053146
:106220000D46C8FB0B35CDE90F35009B4FEA4B05FA
:1062300087FB0331CEFB0931C4FB0431019CCCFB4D
:106240000431C6FB0531039CC8FB0431079387FB6F
:106250000935029CC4FB0E35DDE90548C4FB083551
:10626000CCFB0B35099CDDF81480C6FB043511937B
:10627000019B87FB0334CEFB0B34C8FB0934DDF8EC
:106280000080C8FB00340998CCFB00340498DDF88A
:106290000880C6FB0034069387FB0B630398CEFB94
:1062A00000630598C0FB08630098C0FB096304986D
:1062B000CCFB0063CDE91263099B87FB0368CEFB2F
:1062C0000068059BC3FB0B68DDE90030C3FB006879
:1062D000C9FB0968089B0398CCFB0368049BCDF8B5
:1062E000248087FB037C089BCEFB037C059BC3FBC0
:1062F000007C009BC3FB0B7CE346019BC9FB037B3B
:106300000B9B049713F1007742F1000CBF0E47EA94
:106310008C174FEA87680CF07C4EB3EB08034EEA0B
:10632000971E059362EB0E030C9A08930D9BD719E9
:1063300043EBAC60079B13F1007C41F1000E4FEA88
:106340009C6C4CEA8E1C4FEA8C629A1A0EF07C48C8
:10635000119B48EA9C1861EB080113EB0C0C45EB10
:10636000AE6517F1807E40F100004FEA5E6E4EEAA6
:10637000C01EA7EB4E6307930A9B13EB0E0300931B
:106380000E9B43EB60601CF1807745F100057F0EAA
:1063900047EAC517ACEB47630A93069B4FF0130C13
:1063A000DF19009B44EB656413F1007540F10000B8
:1063B0000F9B4FEA956E4EEA801E13EB0E0302937D
:1063C000109B019743EBA06017F10075129B44F1FD
:1063D0000004AD0E45EA841513EB0509139B43EB4E
:1063E000A463029C14F1807740F100007F0E47EA1D
:1063F000C017D21941EB606119F1807443F10003B9
:10640000640E099844EAC31416EB040840EB636376
:1064100012F1007641F10001B60E18F1007046EA63
:10642000811643F100030499800E40EA8310091895
:1064300004914BEBA36311F1807143F10003490E0A
:1064400041EAC3110392A1FB0C2B5B160CFB03BBAF
:10645000059BDDF820C0D3184BEB0C0B13F1007C2F
:106460004BF1000B4FEA9C6C4CEA8B1CA3EB8C634A
:10647000CAF80030079BA9EB446413EB0C03CAF87D
:106480000430009BA8EB8060A3EB8E63CAF8083051
:10649000029BCAF81C40A3EB4767039BCAF80C7029
:1064A000A3EB86620A9BCAF810209E19019BCAF8CA
:1064B0001460A3EB8565CAF81850CAF82000049B45
:1064C000A3EB4161CAF8241015B0BDE8F08F002994
:1064D000A1BFCB10C05C01F007010841ACBF00F0C8
:1064E0000100002070472DE9F04300241C3002F128
:1064F0001C080025A0F11C0C161F4FF0000956F8CF
:10650000047FDCF8003051F824E0EEFB07395B191A
:1065100049F10005B0454CF8043BEED10134082C9C
:1065200040F8045FE5D1BDE8F08310B50446FFF7FD
:10653000F0F804F12800FFF7F0F804F15000FFF73D
:10654000ECF804F17800BDE81040FFF7E2B82DE95F
:10655000F043164604460D4695B00A466846283173
:10656000FFF7F5F80AA8FFF7FFF8324669466846D4
:10657000FFF72DFB0AA904F12808084606F12802B6
:10658000FFF725FB69460AAA4046FFF7E0F82046D8
:10659000FFF7EAF804F1500705F1500238461146BA
:1065A000FFF7D5F804F17809394606F15002FFF7F4
:1065B0000EFB484606F1780205F17801FFF707FB6C
:1065C0004A4639466846FFF7C2F80AA8FFF7CCF8F2
:1065D000424621464846FFF7FAFA214620460AAAD3
:1065E000FFF7F5FA6A4641464046FFF7F0FA69467A
:1065F00038460AAAFFF7EBFA15B0BDE8F0832DE99B
:10660000F84F1C46904605460F460A9E18460A4615
:106610002831FFF79CF83046FFF7A6F8424621469E
:106620002046FFF7D4FA05F1280A3146304608F132
:106630002802FFF7CCFA324621465046FFF787F88A
:106640002846FFF791F805F1500907F1500205F1CE
:10665000780B11464846FFF77AF8584608F1500281
:1066600007F17801FFF7B3FA5A4649462046FFF78B
:106670006EF83046FFF778F8524629465846FFF73D
:10668000A6FA324629462846FFF7A1FA2246514685
:106690005046FFF79CFA324621464846BDE8F84F7F
:1066A000FFF795BA2DE9F04714468946074604F1ED
:1066B0002808104609F1280A04F15005FFF739FDB2
:1066C00051464046FFF735FD284609F1500104F1D7
:1066D0007806FFF72EFD294628460222FFF78EF99D
:1066E00052464946304607F17809FFF730F83146FF
:1066F0004846FFF71EFD224641463046FFF727F881
:106700004046FFF731F8324649462046FFF72CF85D
:10671000424629462846FFF727F82A4621463846AA
:10672000FFF755FA4246314607F12800FFF74FFAC6
:106730002A46414607F15000FFF749FA3246214602
:106740004846BDE8F047FFF742BA2DE9F84F9846B2
:10675000C378054693420E460CD111464046FFF7DA
:10676000B6FE571E044639464046FFF7B0FE844247
:1067700009D1EF70B5F90030934214BF002095F9AC
:106780000200BDE8F88F571CB742A8BF3746A2EBFE
:10679000070B4FF000095E4607F1FF3A04FA0AF4CE
:1067A0006442CA450BF1010B21DCD11B4046FFF7C7
:1067B0008EFE04446142214001F0F000003801F0F7
:1067C000CC0318BF0120003B18BF01235B0001F080
:1067D000AA0143EA8003002918BF43F00103511CBA
:1067E000C91B19441C412980AC70EE70C2E75946A0
:1067F0004046FFF76CFE00FA09F0044409F1010974
:10680000CFE72DE9F04F85B0DDE90F570C46029038
:10681000394628460393FFF75AFE07F120018146C7
:106820002846FFF754FE07F1400182462846FFF74D
:106830004EFE1646820002EB4A0202EB0900C2B28B
:1068400007F160012846FFF742FE4FF0000802EB17
:10685000C000C0F3C40B0BF1FF33584000F0070336
:106860000E9F019304F1280A04F15009019B394657
:1068700083EA0805013DC5F300252A462046FEF7B8
:1068800098FF07F128012A465046FEF792FF08F1CB
:10689000010807F150012A464846FEF78AFFB8F181
:1068A000080F07F17807E1D149463046FEF745FF6A
:1068B0008BF0010231464846FEF763FF5146204601
:1068C000FEF75FFF039B02990E932246334608466C
:1068D00005B0BDE8F04FFFF792BE08B5FEF709FF1F
:1068E0000843B0FA80F04009013808BD00231A4679
:1068F0008B4200D17047C2540133F9E770B58AB0BA
:106900006E460D4604460FCD0FC60FCD0FC695E857
:10691000030013220B4686E80300534369466A4688
:10692000002003F180735B160D6801302B444D6825
:10693000052805EBA3654FEA656301F10801F3D172
:10694000132100204B43116801300B4423F07C419C
:1069500011605168052801EBA3614FEA616321F0E2
:106960007E41516002F10802EDD1DDE900122046BE
:1069700041EA8261FEF77FFE029D201DE90441EAA3
:106980009211FEF778FE039A04F10800510341EAE0
:106990005531FEF770FE0499D20C04F10C0042EA66
:1069A0008111FEF768FEDDE9051204F1100041EAED
:1069B0004261FEF760FE079D04F11400E90441EA1C
:1069C000D211FEF758FE089A04F11800110341EAAB
:1069D0005531FEF750FE0999120D42EA811104F17A
:1069E0001C00FEF748FE28216846FFF77FFF0AB02B
:1069F00070BD10B50C4690B001466846FFF77EFFAB
:106A0000214608A8FFF77AFF08A96846FFF765FF47
:106A1000202104466846FFF769FF0DEB0100FFF7F0
:106A200065FF601C10B010BD30B50D4604468BB03C
:106A30006846FFF77EFB69466846F2F765F96946E6
:106A40006846FFF776FB2A4669462046FFF7BFF8FF
:106A500028216846FFF74AFF0BB030BD10B588B05B
:106A600001466846FFF74AFF9DF80040684620212E
:106A700004F00104FFF73AFF204608B010BD30B51E
:106A80000D4604469FB068465031FFF7CDFF6A4679
:106A900029460AA8FFF79BF86A4605F1280114A8C1
:106AA000FFF795F814A92046FFF728FF0AA8FFF77B
:106AB000D5FF2821E37F83EAC013E3776846FFF719
:106AC00015FF0DEB0100FFF711FF14A8FFF70EFFF4
:106AD0001FB030BD10B54B1E421E1F3113F8014FC1
:106AE0008B4202F8014FF9D1037823F007030370BA
:106AF000C37F03F07F0343F04003C37710BD30B57D
:106B00000446154689B06846FFF7E4FFFF232A468E
:106B100069462046F2F7E4F920216846FFF7E6FED1
:106B200009B030BD10B5044690B010226846FEF79B
:106B3000AAFD69462046F2F781FA40216846FFF730
:106B4000D5FE10B010BD70B516461D460446A0B067
:106B500068460822FEF797FD314608A80822FEF78E
:106B600092FD294610A80822FEF78DFD2022002163
:106B700018A800F06DFE08AA694610A8FFF7B3FC3C
:106B8000204610A9F2F75AFA40210DEB0100FFF759
:106B9000ADFE20216846FFF7A9FE0DEB0100FFF7CF
:106BA000A5FE20B070BD10B50446A8B06846F2F747
:106BB00007FB69462046FFF762FFA0216846FFF702
:106BC00095FE28B010BD10B5083801EBC202914205
:106BD00000D110BD4C680B6824BA1BBA40F8084FAE
:106BE00043600831F3E710B5D0F8D03023F0070246
:106BF000DB4303F00703DB001044C3F12004A3F1DF
:106C0000200221FA04F401FA02F222439940D0E969
:106C100010430C431343C0E9104310BD2DE9F84362
:106C2000D0F8D0700E467907044615460AD07F4248
:106C300007F00707974228BF1746B0463E4446452F
:106C40003FD1ED1BD4F8D0305A0619D05F4207F07F
:106C50007F07AF4294BFFF08EF0823F0070304F15A
:106C60004000314618443A46FFF7ADFFD4F8D03023
:106C700006EBC70603EBC703C4F8D030A5EBC70586
:106C8000802B29D025F07F07B1463744002604F138
:106C900040084F4540D115F07F0610D03946F20824
:106CA00004F14000FFF78FFFD4F8D03005F07805ED
:106CB0002B443D443744AF42C4F8D03052D1BDE8F4
:106CC000F883204618F8011BFFF78DFFD4F8D03069
:106CD0000133C4F8D030B2E7D4E9323213F580631F
:106CE00042F10002B3F5806FC4E9323272F1000262
:106CF00006D2D4E93032013342F10002C4E9303225
:106D00002046F2F7DDFB00218022C4F8D01004F108
:106D1000400000F09DFDB5E7102249464046FFF7D0
:106D200052FFD4E9323213F5806342F10002B3F529
:106D3000806FC4E9323272F1000206D2D4E93032F7
:106D4000013342F10002C4E930322046F2F7B8FBC9
:106D5000802200214046C4F8D06000F079FD09F19E
:106D6000800996E7204615F8011BFFF73CFFD4F891
:106D7000D03001339FE70AB1FFF750BF704770B5BD
:106D8000D0F8D06004460D4626B980223146403006
:106D900000F05EFD80212046FFF725FFD4E9320296
:106DA000F3001B1852F100024FF0000128BF01212F
:106DB000C4E9323231B1D4E93032013342F1000258
:106DC000C4E930326F2E08D92046F2F779FB7022E1
:106DD000002104F1400000F03BFDD4E930232046BF
:106DE000C4E92C23D4E93223C4E92E23F2F768FB4B
:106DF0002946A4F1080304F1380553F8082F083197
:106E000058689D424FEA106601F8086C4FEA104638
:106E100001F8076C01F8050C4FEA10264FEA1260E2
:106E200001F8040C4FEA124001F8030C4FEA12205B
:106E300001F8066C01F8020C01F8012CDDD12046A6
:106E4000BDE87040D821FFF751BDF0B50E4617469A
:106E50001D460446C7B010A8DBF7E2FB3A463146B0
:106E600010A8FFF788FF294610A82022FFF7D6FEBA
:106E7000DDE94C1210A8FFF77EFFDDE94E1210A8E5
:106E8000FFF779FF694610A8FFF779FF69462046AA
:106E9000FFF748FE47B0F0BD70B50D4616460446F4
:106EA000B6B06846DBF7BCFB324629466846FFF7BA
:106EB00062FF21466846FFF762FF36B070BD30B50D
:106EC0000D46002104468DB0CDE90023CDE9021125
:106ED0002B460146202204A8FFF7B7FF294620468B
:106EE00004AAF2F7D7F90DB030BD00F4E040B0F5D8
:106EF000805F04D0A0F500535842584170470120EC
:106F000070473AB1002918BF00232121D21A184432
:106F100000F09EBC70472DE9F04F9B46002389B0DE
:106F20008DF81B30159B9146DDE912A7002B0E460C
:106F30000B460CBF4FF400624FF4806207A9DDF8E6
:106F40005080F2F783FE0446F0B9079D3046298849
:106F50000DF11B02F2F7E4FE0446A8B99DF81B30C0
:106F6000BB4223D868682A6C000A05F1200120D1B1
:106F7000CDE9033828463346CDE901BACDF8009073
:106F800000F051FB044608B1C8F800703A462146AB
:106F90005046D8F80030FFF7B4FF079800F029FA00
:106FA000002C18BF204609B0BDE8F08F6FF08904AF
:106FB000EAE76FF08604E7E72DE9F341D0F80480B3
:106FC0004769044640460E4600F015FA054660BB88
:106FD0005FFA88F31BB93FB16FF0860525E06FF0CB
:106FE0004043013F9F42F7D2A06820F47F4020F049
:106FF00003000028F0D14FF6F87362889A4218D83F
:10700000277907B901A83146F3F7C0F8054660B9FA
:107010000FCCD6F800C066460FC694E8030086E899
:10702000030017B9019BCCF81430284602B0BDE824
:10703000F0816FF08505F8E740F67E7300F6FF7289
:107040009A4243D9434213F07F0306D0202BC3F169
:10705000000015D16FF08500704710F1920F0FDA24
:1070600010F5994F2AD02CDC10F5C54F26D010F51D
:10707000C14FEFD010F5C74F23D16FF09600704786
:1070800010F11F0F15DA10F13D0F1DD010F13C0F5C
:1070900007DA10F1400F14BF6FF083006FF0930018
:1070A000704710F1220F14BF6FF083006FF085005E
:1070B0007047002818BF6FF0830070476FF086009C
:1070C00070476FF0830070476FF09300704741F294
:1070D000052398421AD8B0F5905F09D241F2010316
:1070E00098420CD0B0F5885F09D06FF085007047EA
:1070F0002923A0F5905080B2C340DB07F5D511F0ED
:10710000070F14BF6FF0860000207047B0F5105FC6
:10711000EBD121F04003802B06D0B1F5807F14BF66
:107120006FF086000020704700207047F8B50446D5
:107130000F461E461546008892B1FFF7D6FE78B17D
:10714000089BD10019602088FFF7C1FF044628B9C9
:107150003946304600F056FB079B1D602046F8BDBF
:107160006FF08504FAE710B5036C04461BB12021CB
:107170000844F3F799FC0020206410BD38B504469C
:10718000FFF7F1FF237E012B0FD0023B012B0FD81D
:10719000E369012B14BF6FF09605002544220021FE
:1071A000204600F055FB284638BDE369002BF1E787
:1071B0006FF09605F2E708B1FFF7E0BF704713B52F
:1071C000A0B101A9F3F728F880B90198037E022B3A
:1071D0000ED1032303760379FF2B0CBF6FF08404D9
:1071E000002400F0F1F8002808BF204602B010BDCE
:1071F0006FF09604F5E72DE9F0479846002386B036
:1072000006468A4615460493C8F80030002A5AD02C
:10721000B2F1005F5AD204A9FFF7CEFE044638B996
:10722000049F3A6C7AB973681B0A05D06FF0860424
:107230000498FFF7C0FF42E0202D02D96FF08504CB
:10724000F6E72A463D647168B7F80290090ACDF85E
:10725000149007F1200307F14000E7D105A9CDE91B
:107260000101009251462A463046FFF75FFF04466F
:107270000028DDD1059BB9F1000F1BD17B804FF6B3
:10728000F8729342DAD83388049A13B1118899427C
:10729000CCD1738813B151889942C7D15369C8F8CA
:1072A0000030137E012B08D000236FF09604C8F83D
:1072B0000030BDE79945B9D1E1E7022313762046B6
:1072C00006B0BDE8F0876FF08604F8E76FF085043C
:1072D000F5E710B50446006830B1012805D1201D3E
:1072E000F3F742F90023236010BD6FF08800F9E73F
:1072F00038B50C460168054691B904F0FE43B3F178
:10730000007F13D1031D6C22184600F0A1FA21461C
:10731000F3F73CF9044628B901232B60204638BD19
:107320006FF088042846FFF7D4FFF7E76FF0860474
:10733000F8E738B50546006878B112B90024204650
:1073400038BD012809D1281DF3F74CF9044600285F
:10735000F4D02846FFF7BDFFF1E76FF08804F8E7A7
:1073600038B500241C600546006868B1012808D1C2
:10737000281DF3F749F904462846FFF7AAFF2046DF
:1073800038BD6FF08804F7E76FF08804F7E730B492
:107390000025039C256000F0FE44B4F1007F02D17B
:1073A00030BC00F013B96FF0860030BC70471FB5D9
:1073B00001240394089C0294079C0194069C009469
:1073C000FFF7A9FD04B010BD034668B1017E8A1E17
:1073D000012A0BD80329C26903D1012A01D1FFF781
:1073E000CDBE1AB1013ADA61002070476FF0960005
:1073F0007047FFF7E9BFC0B2002814BF6FF08500E7
:107400000020704773B5002615461C460DF1060294
:107410000DF107038DF80760F2F714FF58B99DF8D6
:10742000070004B1207029469DF8062002B0BDE88F
:107430007040F3F745BB304602B070BD10B4012474
:10744000019B019410BCF2F71DBF10B40024019BF6
:10745000019410BCF2F716BF08B50379934206D128
:107460000830F3F7B3FBBDE80840FFF7E5BD6FF068
:10747000860008BD08B5036803F0FE43B3F1806FD2
:1074800004D10830F3F73AFB002008BD6FF0880004
:10749000FBE72DE9F04704469A460E46904694B025
:1074A0004022DDE92057002104A8DDF8749000F0A7
:1074B000CFF9214643463246CDF800A004A8FFF795
:1074C000BDFF044668B9B9F1000F0ED1DDE91E1207
:1074D00002ABCDE9007304A82B46F2F747FF044640
:1074E00060B104A8FFF7C6FF1DE04A461C9904A836
:1074F000FFF7B2FF04460028E8D0F2E7029A05B190
:107500001544294603ABBA1A04A8F2F7C9FF04468A
:107510000028E6D1DDE902321344229A04A8136060
:10752000FFF7A8FF0446204614B0BDE8F0872DE918
:10753000F04704469A468846914694B04022DDE9D9
:107540001E57002104A81C9E00F082F921464B46DC
:107550004246CDF800A004A8FFF777FF044640BBE1
:107560009DF81420F2B99DF814206EBB1D990DF101
:107570000C088A1A2B463146CDE9007804A8F2F7A8
:10758000F5FE0446A8B9039E05B135444346BA1B2F
:10759000294604A8F2F784FF039B209A334404464B
:1075A000136006E0314604A8FFF756FF04460028A2
:1075B000D9D004A8FFF75EFF00280CBF20466FF06B
:1075C000880014B0BDE8F0871644CFE72DE9F043FA
:1075D00004469DB00E46DDE924890021174601A826
:1075E0006C221D4600F034F92146C9F8008001A83C
:1075F000F2F7CCFF044668B93A46314601A8F2F7E3
:10760000F1FF044630B94B464246294601A8F2F73D
:10761000FBFF044601A8F2F7A7FF002C18BF204685
:107620001DB0BDE8F0832DE9F0410C4615461E461D
:10763000AEB0B82200216846DDF8D480379F00F054
:1076400007F9214633462A466846F3F787F8044689
:1076500048B9B8F1000F0DD13A4668463699F3F7AC
:1076600005F8044678B16846F3F75AF820462EB07C
:10767000BDE8F081424668463499F3F72FF9044695
:107680000028E9D0EFE7389B1F60ECE76822002173
:1076900000F0DEB810B16821F3F706BA70472DE9A3
:1076A000F04105460E46144612B3036C03F03F0743
:1076B0009B18036422BF436C013343647FB1C7F15D
:1076C000400842450FD34246384400F09BF8294613
:1076D0002846F3F715F927444644A7F140043F2C08
:1076E00009D82CB1002722463146E81900F08AF863
:1076F0000020BDE8F081374606EB040839462846ED
:107700004037F3F7FDF8A8EB07033F2BF6D8A4F1B9
:10771000400323F03F0340331E44E41ADFE738B54B
:107720000D468021036C044603F03F035A1C382A9F
:10773000C15410442FD80021C2F1380200F088F85B
:10774000D4E910315A0F42EAC102DB0012BA1BBA67
:1077500021462046A263E363F3F7D2F8A36C2046E8
:107760001BBA2B60E36C1BBA6B60236D1BBAAB605A
:10777000636D1BBAEB60A36D1BBA2B61E36D1BBA83
:107780006B61236E1BBAAB61636E1BBAEB61FFF7D3
:1077900081FF002038BDC2F14002002100F058F8FE
:1077A00021462046F3F7ACF8382200212046C5E7F1
:1077B0003822002100F04CB810B5044600F01CF847
:1077C0002046BDE81040F3F769B910B54FF48C714D
:1077D0000120F3F75DF9044608B100F008F82046EF
:1077E00010BDF3F757BCF3F77DBBF3F7DFBC4FF4E5
:1077F0008C72002100F02CB818B14FF48C71F3F7A3
:1078000053B970470A44431E914200D1704710B5E6
:1078100011F8014B914203F8014FF9D110BD884294
:1078200010B501EB020402D98442234607D8431E57
:10783000A14207D011F8012B03F8012FF8E7024409
:10784000824200D110BD13F8011D02F8011DF7E7B7
:1078500002440346934200D1704703F8011BF9E745
:107860000021F4F715B90A220021F4F731BC0139DF
:10787000024410B5904201D1002005E0037811F8D0
:10788000014FA34201D0181B10BD0130F2E7C9B26D
:107890000346184613F8012B12B18A42F9D17047FA
:1078A000002918BF00207047034670B51E4613F824
:1078B000014B44B14A1E01E0A54204D012F8015F19
:1078C000002DF9D1F2E7301A70BD10B56AB1013957
:1078D000841810F8012B11F8013F9A4203D1A042FD
:1078E00001D0002AF5D1D01A10BD1046FCE70139AD
:1078F000034610B532B111F8014F013A03F8014BBC
:10790000002CF7D11A440021934200D110BD03F896
:10791000011BF9E70246014410B58A42134603D021
:107920001C780132002CF8D1181A10BD034670B52E
:107930001E4613F8014B3CB14A1E01E0A542F7D0A8
:1079400012F8015F002DF9D1301A70BD2DE9F8430E
:10795000C3F137090746884603F01F055FFA89F926
:107960001646384641462A460023D9F74FFD43467E
:10797000D4B23A4688460746092C84BF4C44E4B248
:10798000AA424FF0000204F13004934106F8014B83
:10799000E7D23046BDE8F8832DE9F04387B01C46B6
:1079A0001746814602AB88460093D2E9022300F0D5
:1079B0009BF904AB06460D46009348464146D7E97D
:1079C000002300F091F90027DDE90423901953EB1F
:1079D000050128BF012737B1029B039A013342F109
:1079E0000002CDE90232403CDDE90223009400F0C0
:1079F00092F907B0BDE8F0832DE9F041B0FA80F6C6
:107A0000002907460C46A1EB060606F1070645DBF2
:107A10000846F5F7A7FC06442046351BF5F7A8FCF9
:107A200021462A1A38463D3200F04EF9B44233DC82
:107A30001F2D61DC4FF0FF33AB4027EA0303B3FA9D
:107A400083F35B091D46B0FA80F3F31A9E33FE2BD5
:107A500056DC002B23EAE371D4BF01230B469B1BAA
:107A6000A3F19704963B20FA04F220FA03F312F0F4
:107A7000010208D04FF0FF32A24030EA02023DD1AD
:107A8000E5B303F00102D018C0F3160000B91144A9
:107A900040EAC150BDE8F0810123D3E74D422846BA
:107AA000F5F766FC361A2846A6EB0408F5F760FCE5
:107AB000294608EB000238463C3200F0F2F8B442A6
:107AC00013DCB8F11F0F17DC4FF0FF3303FA08F394
:107AD00037EA030310D10521B7FBF1F202EB820470
:107AE000A74204D101331746F6E70023F3E79D428E
:107AF0008CBF00230123A5E70023A3E70122C2E7EF
:107B00004FF0FF40C6E72DE9F04F051889B09046C9
:107B100041EB0104029304AB284621460093D2E9CD
:107B2000002300F0E1F806AB0746894628462146C7
:107B300000930025D8E9022300F0D6F8DDE90423FC
:107B4000841851EB0306069B28BF0125D8E90012D3
:107B5000ED18079B43F10003791849EB0202B94283
:107B600072EB0902D8E9022134BF01200020A218DB
:107B700046EB01018018029A41F10001A042A2F1F6
:107B8000410A71EB0602CDF800A034BF01220022A9
:107B90005219CDE9065343F1000300F0BCF8129BE3
:107BA000C3E90001D8E90221DDE9065303911499E4
:107BB0000129D8E900E027D1A21A0399CDF800A045
:107BC00066EB0101774579EB000034BF012000200E
:107BD000101A61F10001844276EB010234BF0122E8
:107BE0000022AA1A63F1000300F095F8139BC3E981
:107BF0000001DDE9062320463146CDF800A000F063
:107C00008AF809B0BDE8F08F17EB070B49EB090CB8
:107C100014EB040846EB0601BB457CEB090934BFB5
:107C20000127002718EB070741F10008F3457CEB1B
:107C3000000C34BF01200020381A68F10001801ABE
:107C4000039A61EB02016D195B41A74278EB0602D2
:107C500034BF01220022AD1843F10003874278EBC4
:107C6000010834BF01220022AA1A029DA5F1400595
:107C70000095B7E710B5A3FB00430299A2FB0020D3
:107C8000001943F100033F29DBBFA1F12002C1F13C
:107C9000400140398B40D6BFD04023FA01F0184351
:107CA00010BD30B587B004460846154602A9F5F761
:107CB000F9FB049B204600955A1C059B43F10003E9
:107CC000FFF7D8FF07B030BD30B587B01546044682
:107CD000084602A9F5F774FB20460095DDE9042368
:107CE000FFF7C8FF07B030BDF0B500240D460646CB
:107CF0009446A0FB02012246059FE5FB0C12A44618
:107D0000E5FB0324E3FB061C12EB0C0244F1000428
:107D1000C7E90024F0BDF0B5059CC4F14007C4F1EB
:107D20002006A4F12005E04002FA06F6BB4022FA44
:107D300005F5BA403343C4F120062B4301FA06F699
:107D4000A4F12005304321FA05F5E1402843194309
:107D50001043F0BD024621F000405342134340EA75
:107D6000D370C0F1FF4000F5E000C00F704720F075
:107D70000040B0F1FF4F94BF00200120704738B59C
:107D800005460C4600F0ADF830B120462946D8F73C
:107D9000C3FF0446204638BD204600F0A2F8002864
:107DA000F3D12846FFF7E3FF0028F3D12046FFF781
:107DB000DEFF28B921462846D9F772FA0028E9D013
:107DC0002C46E7E72DE9F0410446CE0FC1F30A55F2
:107DD000C1F3130140F2FF70167154EA01076BD131
:107DE000002D71D12C462946002B156060DB0C2B31
:107DF00060DCC3F10D050120AD0005F1FF3CA5F1EC
:107E00002107C5F1210600FA07F720FA06F600FA65
:107E10000CF03743061847EB0708D6F1000E68EB65
:107E2000480C013E48F1FF38264008EA0108B042FC
:107E300077EB080810DBC5F12008B5F1200624FA1D
:107E400005F501FA08F858BF41FA06F645EA0805B3
:107E500058BF3543ED0703D52018044641EB070111
:107E600004EA0E0401EA0C019DF8186018460D257D
:107E70000532C6F1270604F00F03240944EA017411
:107E8000091163B9A8420DDA013DF4D21AE01DB917
:107E90000125A5F2FF35A7E741F48011F9E7092B89
:107EA000C8BF9B193033A8425355B8BF2846EBE7EB
:107EB0000023D9E70D23D7E78542E8D146F008062D
:107EC00000201671BDE8F0818542E5D146F0040638
:107ED000F6E7D1E9043293421EBF5A1C0A611870BA
:107EE000704780F48000400010F5000F94BF002020
:047EF00001207047B6
:087EF4004C96FD7F0100000027
:107EFC0019E7000000000000F12C01000000000058
:107F0C0000000000EC7F0200C975010000000000B9
:107F1C000976010000000000000000000C80020047
:107F2C00000000004C800200000000002C800200C9
:107F3C00000000006C80020000000000AC80020019
:107F4C00000000008C800200CDFA00000000000050
:107F5C008F3002000000000039CD0000000000004E
:107F6C0051E6000000000000174B0200000000006A
:107F7C00298C01000000000039FF00000000000007
:107F8C00000000002C810200000000000C810200A7
:107F9C0000000000EC80020000000000CC80020019
:107FAC00000000004C810200000000006C81020007
:107FBC00000000008C81020000000000AC81020077
:107FCC0000000000EC810200000000000C820200A6
:107FDC0000000000CC8102006DF1000000000000E8
:107FEC007CE5020098990200408B02007406002088
:107FFC00AC6600201DF8000000000000000000002E
:10800C00CFE50200CC990200C48A02007A06002057
:10801C002067002011FC0000000000008C040020F0
:10802C00DBE50200E0990200C48A02007C06002015
:10803C002C67002011FC0000000000009C040020B4
:10804C00E6E50200F4990200C48A02007E060020D4
:10805C003867002011FC000000000000AC04002078
:10806C00A3E5020000000000A48A020076060020AE
:10807C00000000005B1D020000000000000000007A
:10808C0020F10200849B0200C48B020092060020A7
:10809C002C050020692D0200000000001C050020AA
:1080AC002BF10200DC9B0200C48B02009406002022
:1080BC0060050020872D0200000000005005002004
:1080CC00EDEF0200A89A0200848B020086060020C5
:1080DC00AC67002029210100000000000000000016
:1080EC00F6EF0200D89A0200848B0200880600206A
:1080FC00C4670020292101000000000000000000DE
:10810C00FFEF0200089B0200848B02008A0600200D
:10811C00DC670020292101000000000000000000A5
:10812C0008F00200389B0200848B02008C060020B1
:10813C00F46700202921010000000000000000006D
:10814C00A7E5020000000000AC8A020078060020BF
:10815C000000000045FB00000000000000000000D3
:10816C001AE70200CC040020E88A020080060020F6
:10817C00446700205B1E020000000000BC040020CD
:10818C0000F30200409C0200388B0200960600208F
:10819C0094050020952601000000000084050020B5
:1081AC003EE80200349A0200000000008206002023
:1081BC00A8670020C904010000000000FC04002096
:1081CC00C2EF0200589A02005C8B02008406002069
:1081DC00905400201D110100000000000000000060
:1081EC0024F00200000000001C8B02008E06002010
:1081FC000C680020BD2201000000000000000000FF
:10820C0009F10200689B0200008B0200900600201E
:10821C0040680020CD230100000000000C05002068
:10822C0000000000DB17020000000000DB1702005A
:10823C0000000000DB17020000000000DB1702004A
:10824C0000000000DB17020000000000DB1702003A
:10825C0000000000DB17020000000000DB1702002A
:10826C0000000000DB17020000000000DB1702001A
:10827C0000000000DB17020000000000DB1702000A
:10828C0000000000DB17020000000000DB170200FA
:10829C0000000000DB17020000000000DB170200EA
:1082AC0000000000DB17020000000000DB170200DA
:1082BC0000000000DB17020000000000DB170200CA
:1082CC0000000000DB17020000000000DB170200BA
:1082DC0000000000DB17020000000000DB170200AA
:1082EC0000000000DB17020000000000DB1702009A
:1082FC0000000000DB17020000000000DB1702008A
:10830C0000000000DB17020000000000DB17020079
:10831C0000000000DB17020000000000DB17020069
:10832C0000000000DB17020000000000DB17020059
:10833C0000000000DB17020000000000DB17020049
:10834C0000000000DB17020000000000DB17020039
:10835C0000000000DB17020000000000DB17020029
:10836C0000000000DB17020000000000DB17020019
:10837C0000000000DB17020000000000DB17020009
:10838C0000000000DB17020000000000DB170200F9
:10839C0000000000DB17020000000000DB170200E9
:1083AC0000000000DB17020000000000DB170200D9
:1083BC0000000000DB17020000000000DB170200C9
:1083CC0000000000DB17020000000000DB170200B9
:1083DC0000000000DB17020000000000DB170200A9
:1083EC0000000000DB17020000000000DB17020099
:1083FC0000000000DB17020000000000DB17020089
:10840C0000000000DB17020000000000DB17020078
:10841C0000000000DB17020000000000DB17020068
:10842C0000000000DB17020000000000DB17020058
:10843C0000000000DB17020000000000DB17020048
:10844C0000000000DB17020000000000DB17020038
:10845C0000000000DB17020000000000DB17020028
:10846C0000000000DB17020000000000DB17020018
:10847C0094050020CB38020000000000DB1702003E
:10848C0000000000DB17020000000000DB170200F8
:10849C0000000000DB17020000000000DB170200E8
:1084AC0000000000DB17020000000000DB170200D8
:1084BC0000000000DB17020000000000DB170200C8
:1084CC0000000000DB17020000000000DB170200B8
:1084DC0000000000DB17020000000000DB170200A8
:1084EC0000000000DB17020000000000DB17020098
:1084FC0000000000DB17020000000000DB17020088
:10850C0000000000DB17020000000000DB17020077
:10851C0000000000DB17020000000000DB17020067
:10852C0000000000DB17020000000000DB17020057
:10853C0000000000DB17020000000000DB17020047
:10854C0000000000DB17020000000000DB17020037
:10855C0000000000DB17020000000000DB17020027
:10856C0000000000DB17020000000000DB17020017
:10857C0000000000DB17020000000000DB17020007
:10858C0000000000DB17020000000000DB170200F7
:10859C0000000000DB17020000000000DB170200E7
:1085AC0000000000DB17020000000000DB170200D7
:1085BC0000000000DB17020000000000DB170200C7
:1085CC0000000000DB17020000000000DB170200B7
:1085DC0000000000DB17020000000000DB170200A7
:1085EC0000000000DB17020000000000DB17020097
:1085FC0000000000DB17020000000000DB17020087
:10860C0000000000DB17020000000000DB17020076
:10861C0000000000DB17020000000000DB17020066
:10862C0000000000DB17020000000000DB17020056
:10863C0000000000DB17020000000000DB17020046
:10864C0000000000DB17020000000000DB17020036
:10865C0000000000DB17020000000000DB17020026
:10866C0000000000DB17020000000000DB17020016
:10867C0000000000DB17020000000000DB17020006
:10868C0000000000DB17020000000000DB170200F6
:10869C0000000000DB17020000000000DB170200E6
:1086AC0000000000DB17020000000000DB170200D6
:1086BC0000000000DB17020000000000DB170200C6
:1086CC0000000000DB17020000000000DB170200B6
:1086DC0000000000DB17020000000000DB170200A6
:1086EC0000000000DB17020000000000DB17020096
:1086FC0000000000DB17020000000000DB17020086
:10870C0000000000DB17020000000000DB17020075
:10871C0000000000DB17020000000000DB17020065
:10872C0000000000DB17020000000000DB17020055
:10873C0000000000DB17020000000000DB17020045
:10874C0000000000DB17020000000000DB17020035
:10875C0000000000DB17020000000000DB17020025
:10876C0000000000DB17020000000000DB17020015
:10877C0000000000DB17020000000000DB17020005
:10878C0000000000DB17020000000000DB170200F5
:10879C0000000000DB17020000000000DB170200E5
:1087AC0000000000DB17020000000000DB170200D5
:1087BC0000000000DB17020000000000DB170200C5
:1087CC0000000000DB17020000000000DB170200B5
:1087DC0000000000DB17020000000000DB170200A5
:1087EC0000000000DB17020000000000DB17020095
:1087FC0000000000DB17020000000000DB17020085
:10880C0000000000DB17020000000000DB17020074
:10881C0000000000DB17020000000000DB17020064
:10882C0000000000DB17020000000000DB17020054
:10883C0000000000DB17020000000000DB17020044
:10884C0000000000DB17020000000000DB17020034
:10885C00AC800200912A02008C800200912A020056
:10886C0000000000DB17020000000000DB17020014
:10887C0000000000DB17020000000000DB17020004
:10888C0000000000DB17020000000000DB170200F4
:10889C0000000000DB17020000000000DB170200E4
:1088AC0000000000DB17020000000000DB170200D4
:1088BC0000000000DB17020000000000DB170200C4
:1088CC0000000000DB17020000000000DB170200B4
:1088DC0000000000DB170200EC8102002D220100D9
:1088EC0000000000DB17020000000000DB17020094
:1088FC0000000000DB170200C00100202D1E02004A
:10890C0000000000DB17020000000000DB17020073
:10891C0000000000DB17020000000000DB17020063
:10892C0000000000DB17020000000000DB17020053
:10893C0000000000DB17020000000000DB17020043
:10894C00793E0100A330020000000000DB1702009A
:10895C0000000000DB17020000000000DB17020023
:10896C0000000000DB17020000000000DB17020013
:10897C0000000000DB17020000000000DB17020003
:10898C0000000000DB17020000000000DB170200F3
:10899C0000000000DB17020000000000DB170200E3
:1089AC0000000000DB17020000000000DB170200D3
:1089BC0000000000DB17020000000000DB170200C3
:1089CC0000000000DB17020000000000DB170200B3
:1089DC0000000000DB17020000000000DB170200A3
:1089EC0000000000DB17020000000000DB17020093
:1089FC0000000000DB17020000000000DB17020083
:108A0C0000000000DB17020000000000DB17020072
:108A1C0000000000DB17020000000000DB17020062
:108A2C0000000000DB17020000000000DB17020052
:108A3C0000000000DB17020000000000DB17020042
:108A4C0044670020C1450100FF350200A33002003D
:108A5C0000000000DB17020000000000DB17020022
:108A6C0000000000DB17020000000000DB17020012
:108A7C0000000000DB17020000000000DB17020002
:108A8C0000000000DB170200480100202D1E020030
:088A9C0000000000DB170200DE
:088AA4004D1D0200231D02001C
:108AAC00E1FB0000751D02005F1D02002DFB0000A4
:088ABC001DFB000035FB00006A
:108AC40069FC00008D1D0200991D0200AD1D02000D
:108AD400B71D0200C11D02003DFE0000D51D0200AD
:048AE400000000008E
:108AE800D901010000000000390001000000000069
:088AF80000000000B11E0200A5
:108B0000A124000000000000000000008F280200E7
:108B1000C328020000000000000000000000000068
:108B200000000000000000004522010001220100B9
:088B300000000000000000003D
:088B3800A9280100272F02000B
:108B400075F80000971C0200FB1C020000000000EA
:0C8B5000331C02000000000000000000C8
:108B5C00351A010059070100791701006D14010045
:108B6C00312002000F230200D9090100D321020099
:088B7C00210D010000000000C2
:108B840069270200CD270200872702009F270200E1
:108B940000000000B92702000000000000000000EF
:108BA40000000000000000000000000000000000C1
:108BB40000000000000000000000000000000000B1
:108BC400EF2A0200F1250100E12A0200A52D02008E
:108BD400152B02003D2B0200732B0200872B020091
:108BE400B52B0200CB2B0200872B0200A52B020021
:108BF400E12B0200ED2B0200F92B02002B2C0200CA
:048C04002F2C02000F
:088C08008D3C000099600000A2
:108C100018F102000300000071E5020003000000EB
:108C20007AD902000300000095E50200030000006D
:108C30008DDB020003000000C0E50200030000001D
:108C400068E502000300000041E6020003000000A6
:108C500046E80200030000004BE6020003000000AB
:108C600025E70200030000006BE50200030000009E
:108C70003FD702000300000062E50200030000008D
:108C8000C9D6020003000000C7D90200030000009B
:108C9000C4DA02000300000078B6020003000000FE
:108CA0008EBB020003000000C9EF020003000000B9
:108CB000A9DF020003000000C0F50200030000006D
:108CC000CFD8020003000000DEDA0200030000003B
:108CD00014F0020003000000E8DA020003000000C4
:108CE0002BE00200030000000AF302000300000072
:108CF000B4D90200030000002FF0020003000000BE
:108D000036F102000300000065D7020003000000F6
:108D100055D8020003000000DAC80200030000007A
:108D2000A6B202000300000032D7020003000000D8
:108D30006CAE0200030000005BBB020003000000F9
:108D4000CCB802000300000069B00200030000007C
:108D50001CBB0200030000002BB102000300000056
:108D600028C902000300000007C30200030000003E
:108D7000C3BD0200030000005BC802000300000046
:108D80006ABB0200030000000EB9020003000000ED
:108D90000ABB0200030000004DB202000300000005
:108DA000BC98020018010020B3DA020001000000A4
:0C8DB00000000000CB07020000000000E3
:108DC00000A0105000820D5000040550FFFFFFFF6F
:108DD000FFFFFFFF0100000001000000007600E03F
:108DE000826300000000000000000000000000009E
:108DF0000338FDD8704700000000000000000000AC
:108E00000338FDD87047000000000000000000009B
:108E10000338FDD87047000022AE28D7982F8A4229
:108E2000CD65EF23914437712F3B4DECCFFBC0B59F
:108E3000BCDB8981A5DBB5E938B548F35BC256399F
:108E400019D005B6F111F1599B4F19AFA4823F9289
:108E500018816DDAD55E1CAB420203A398AA07D82D
:108E6000BE6F7045015B83128CB2E44EBE85312427
:108E7000E2B4FFD5C37D0C556F897BF2745DBE7281
:108E8000B196163BFEB1DE803512C725A706DC9BE6
:108E9000942669CF74F19BC1D24AF19EC1699BE4CB
:108EA000E3254F388647BEEFB5D58C8BC69DC10FE5
:108EB000659CAC77CCA10C2475022B596F2CE92D45
:108EC00083E4A66EAA84744AD4FB41BDDCA9B05CDD
:108ED000B5531183DA88F976ABDF66EE52513E98CE
:108EE0001032B42D6DC631A83F21FB98C82703B0BE
:108EF000E40EEFBEC77F59BFC28FA83DF30BE0C69B
:108F000025A70A934791A7D56F8203E05163CA064C
:108F1000706E0E0A67292914FC2FD246850AB727DE
:108F200026C9265C38211B2EED2AC45AFC6D2C4D17
:108F3000DFB3959D130D3853DE63AF8B54730A6511
:108F4000A8B2773CBB0A6A76E6AEED472EC9C2816D
:108F50003B358214852C72926403F14CA1E8BFA2C8
:108F6000013042BC4B661AA89197F8D0708B4BC267
:108F700030BE5406A3516CC71852EFD619E892D1EF
:108F800010A96555240699D62A20715785350EF407
:108F9000B8D1BB3270A06A10C8D0D2B816C1A4191B
:108FA00053AB4151086C371E99EB8EDF4C77482745
:108FB000A8489BE1B5BCB034635AC9C5B30C1C3991
:108FC000CB8A41E34AAAD84E73E363774FCA9C5BCE
:108FD000A3B8B2D6F36F2E68FCB2EF5DEE828F7449
:108FE000602F17436F63A57872ABF0A11478C88423
:108FF000EC39641A0802C78C281E6323FAFFBE905E
:10900000E9BD82DEEB6C50A41579C6B2F7A3F9BEB8
:109010002B5372E3F27871C69C6126EACE3E27CAD2
:1090200007C2C021C7B886D11EEBE0CDD67DDAEAF3
:1090300078D16EEE7F4F7DF5BA6F1772AA67F00692
:10904000A698C8A2C57D630AAE0DF9BE04983F116B
:109050001B471C13350B711B847D0423F577DB281C
:109060009324C7407BABCA32BCBEC9150ABE9E3C26
:109070004C0D109CC4671D43B6423ECBBED4C54CBC
:109080002A7E65FC9C297F59ECFAD63AAB6FCB5F00
:109090001758474A8C19446C01000000000000007A
:1090A00005000000000000001900000000000000A2
:1090B0007D000000000000007102000000000000C0
:1090C000350C000000000000093D00000000000019
:1090D0002D31010000000000E1F505000000000056
:1090E00065CD1D0000000000F902950000000000A1
:1090F000DD0EE90200000000514A8D0E0000000064
:109100009573C24800000000E941CC6B01000000EB
:109110008D49FD1A07000000C16FF2862300000090
:10912000C52EBCA2B1000000D9E9AC2D7803000027
:109130003D9160E45811000031D6E275BC56000044
:10914000F52E6E4DAEB10100C9EA2683677808009E
:10915000ED95C28F055A2A00A1EDCCCE1BC2D300DB
:1091600025A4000A8BCA22040000000000000000B1
:1091700000000000000000100000000000000000DF
:10918000B9340332B7F4AD1410DB1AB30892540E9D
:109190000D307D951447BA1A66088F4D26ADC66D01
:1091A000F598BF85E2B74511CA96853D92BD1DEB86
:1091B000FCA11860DCEF52163C92AE220BB8C1B491
:1091C000839D2D5B0562DA1C304C7E8F4E8BB25B2B
:1091D00016F4529F8B56A512FBD4827643ED8AF08B
:1091E0008FE7F9311565191850F19BD94A13EEB480
:1091F000284CF0A686C1251F035FC270CB9E49167E
:10920000E642889C44EB2014B0650836AD6EA58517
:1092100085F0CA14E2FD031A0B899979D5B13D098D
:10922000D8DA973A35EBCF10AC363F5E73BB38CF08
:109230003E6752FA44AFBA1501000000000000007A
:109240000000000000000020345065C05FC9A65235
:10925000BB13CBAEC440C21806C8DF7100D5A87CD2
:10926000F56F0FDA58FC27136E4756357D242065BD
:1092700002C7E768E48CA41DE9E60268D7CD39612E
:109280007977FCC2405BEF16798CDE43FFA751F97A
:1092900091F3B278F5BDBE11E857E9D6E8BEE87B98
:1092A000B054AC8F848D751BEA23A499E9F9D38B54
:1092B000B7A3714061DA3E15CEE33ECB73F948089F
:1092C0008C97B427D51B7010A2BFEFB9EB85321570
:1092D0004DB44DB49BBB6F1996B6076CF8E7EEAD75
:1092E00036D9B4F59135AE13222218AF4E6A684DC7
:1092F00091DAAA3D4F40741E9FBD9EE006A1C09822
:1093000057C2A7FDA40E90170E7D497173E3208FFD
:10931000B220D87605143B12853D7434811343B0D6
:10932000AD297A5F27F4351C000000000000000022
:10933000D7070200EFD70100F1D70100F3D70100F2
:10934000F5D70100F92700000FD8010019D8010056
:1093500013D80100F7D70100FBD701000128000056
:10936000FFD701000000000000000000ED31000008
:10937000EFD70100F1D70100F3D70100F5D70100C5
:10938000F92700000FD80100DFDD010013D801002C
:10939000F7D70100FBD7010001280000FFD701002B
:1093A000FFDD010077DD0100ABDD0100AFDD010075
:1093B0007BDD01007FDD010083DD010087DD010031
:1093C0008BDD01008FDD010091DD010093DD0100E7
:1093D00095DD010099DD01009BDD01009DDD0100AF
:1093E0009FDD0100A1DD0100A3DD0100A7DD01007B
:1093F000A9DD01000000000000000000B13A0000FB
:10940000ED3A00003D3C0000813A00008539000043
:10941000AD390000B9390000C5390000A13A00009B
:10942000DD390000F5390000113A0000693C000008
:10943000913A00000000000000000000D7E70100A2
:10944000CD3F0000F93F0000DBE70100DFE701004E
:10945000C53F0000E3E70100E3E70100F1E7010099
:10946000C1E70100C3E70100C5E70100C9E701004A
:10947000E9E70100E5E70100E53F0000EDE7010055
:10948000CBE70100CFE70100B53F0000D3E70100C3
:10949000BD3F00000000000000000000E94B00009C
:1094A00029EA0100D940000051400000D94C0000D9
:1094B00065E8010025E8010041E8010085E80100B8
:1094C00041EC010075E80100E1EC01002FE801002A
:1094D00093EC010027E801002BE80100ED430000B8
:1094E0009DED010009E8010047E801002D42000060
:1094F000A9E90100A1E9010099E90100794400000E
:1095000003E8010007E80100D7070200D7070200BF
:10951000D7070200D7070200D7070200D7070200CB
:10952000D70702000FE8010013E8010019E8010065
:109530001BE801001FE801000000F0C0000020C18E
:10954000000048C1000070C100008CC10000A0C133
:109550000000000000000000A9ED01000000000074
:1095600000000000C9ED0100F7ED0100C7ED0100AA
:109570000000000000000000E1510000E3B902001B
:10958000C6BA0200CEBA0200D8BA0200E4BA02009B
:10959000EFBA0200FCBA0200B0AB020015010000F5
:1095A0000000000000000000655E000029EA0100E4
:1095B000D940000051400000D94C000065E801008E
:1095C00025E8010041E8010085E8010041EC0100C7
:1095D00075E80100E1EC01002FE8010093EC0100C7
:1095E00027E801002BE80100ED4300009DED01009C
:1095F00009E8010047E801002D420000A9E9010047
:10960000A1E9010099E901007944000003E80100A3
:1096100007E80100295E00008FF3010057F3010005
:1096200065F301006BF3010071F3010077F30100B2
:109630000FE801007DF3010083F3010089F30100CD
:109640001FE80100000000000000000065F40100B8
:10965000D7F301000BF4010000000000000000003F
:1096600073010200A5F50100C96B0000DD6C00006C
:1096700007F901008969000051670000DFDD010082
:1096800013D80100EBF40100F1F4010001280000FF
:1096900059F50100FFDD010077DD01005170000088
:1096A00059F701005DF701007FDD010083DD010056
:1096B00009F50100A7F5010033F60100BD770000B0
:1096C00093DD0100DDF60100C5FA0100F3FE0100A3
:1096D0009DDD010055FB0100A1DD0100A3DD0100BE
:1096E000A7DD0100A9DD01000FF501001DF5010056
:1096F0004BF501007D6700008D6700009D6700004D
:1097000039190000711900007FF701004DF70100C1
:10971000A9190000AD6700009DF7010067F6010080
:10972000B7F70100D9F7010045FE0100BD67000051
:10973000DD67000065F50100FD67000011680000AD
:10974000316B0000DFF50100016A000013FA01002F
:109750002568000075680000DD68000071F50100F3
:10976000EDF70100A9F801007BF501000DF80100FB
:1097700001F801008BF50100EFF50100FFF5010094
:109780009CFDFFFF00000000AFF7010085670000AF
:1097900095670000A5670000E5F701008DFE010058
:1097A000B9F60100C1F601006BF50100CDF601002C
:1097B000D5F60100A1F80100E7F5010021F801004C
:1097C0003FFA010025F701002DF7010035F70100F0
:1097D00077F50100F9F70100FFF80100B1F601008B
:1097E000D1F7010013F8010007F8010091F501001D
:1097F000F7F5010007F6010017F5010045F5010036
:1098000053F5010083F501003DF7010045F7010024
:1098100095F7010051F7010019F80100B567000044
:10982000D7F40100DBF40100DFF40100E3F40100F0
:10983000E7F40100DECC0200F5C20200FDC2020026
:109840000C800200000011002C80020006000100C4
:109850004C800200000001000850002000010000C0
:109860003F140200E913020002000000E7150200A5
:1098700000000000000000000000000000000000E8
:1098800093DA02009BDA02000000000000000000F2
:1098900000000000A3DA0200A7DA0200ABDA02003F
:1098A000AFDA0200AC9802007463002045D70000D4
:1098B000946300206DB200200100000075160200C4
:1098C0006B160200F1D600005F16020000000000D7
:1098D0005316020000000000030000000100000019
:1098E0000000000000F800004C81020002000000AF
:1098F0000000010000E013004C81020000000000A5
:1099000000E01400007001004C8102000000002003
:109910000000000006000100020000002099020083
:10992000000000001CE0020002000000E0CF170071
:109930000000002024E0020021000000E0FF0320DE
:10994000D1F10000071902003B1902006F19020053
:10995000A5190200CB190200FB190200271A020008
:109960007DF20000591A0200E5F2000009F600003D
:109970001DF30000B91A0200ED1A02002F1B0200AD
:10998000B91B0200631B020095F50000E1F700001F
:10999000B9F70000000000002DF90000ADF800004C
:1099A00089E502001F1D02001B1D02008FE5020059
:1099B0001000000001FF00007D0100000010000009
:1099C00000A0105000820D50000405507F000000E0
:1099D00000A010504801002000000000000000001E
:1099E000FFFF010000820D50C001002000000000B8
:1099F00001000000FF070000000405500000000007
:109A0000000000000200000000401050149A020004
:109A1000020000002C9A020002000000249A0200BA
:109A2000020100000480000C0380000B0400000C05
:109A30000300000B1E000000010000004C9A020011
:109A40004854002035030100000000000C80020093
:109A5000000011001C0000008C81020000127A003E
:109A6000000100002C80020007000100000000003F
:109A700001000000000000002C8002000600010030
:109A80002C800200050000002C8002000400200051
:109A900008070000050000000108000000A01050A9
:109AA00000820D500004055000000080FFFFFF7F82
:109AB0000000008000000080FFFFFF7F00000080AA
:109AC000000000000000000027F7020000FF0A006D
:109AD0002C8002000F00000000000080FFFFFF7FCD
:109AE0000000008000000080FFFFFF7F000000807A
:109AF000000000000000000027F7020000FF0A003D
:109B00004C8002000300000000000080FFFFFF7F88
:109B10000000008000000080FFFFFF7F0000008049
:109B2000000000000000000027F7020000FF0A000C
:109B30004C8002000500010000000080FFFFFF7F55
:109B40000000008000000080FFFFFF7F0000008019
:109B5000881300000000000027F7020000FF0A0041
:109B60000C80020001000000552501006C810200FC
:109B70006A000000A929020075290200DF290200FD
:109B8000132A020000700C500000000000000000CA
:109B9000B09B020000C201000000D60100000000DE
:109BA00000000040000000000EB400200DB40020B2
:109BB00000700C50BC9B020002000000D49B02000D
:109BC00002000000CC9B020002010000488000005F
:109BD00047800001480000004706000100600C506B
:109BE0000000000000000000089C020000C201000C
:109BF0000000D6010000000000000040000000004E
:109C000030B400202FB4002000600C50149C0200DF
:109C1000020000002C9C020002000000249C0200B4
:109C200002010000298000002880000129000000B6
:109C30002806000100A0105000820D5000040550BD
:109C40000048E801000000000000000000000000E3
:109C5000FFFFFFFF0000FF00000000000000000009
:109C6000FFFFFFFF0100000101000000192E0200AC
:109C7000FFFF0000849C020000000000FFFFFFFFC8
:109C80000000000000A00450909C020002000000B0
:109C9000AC9C020003000000A09C02000301000035
:109CA0004180000442800005448000064100000419
:109CB00042000005440000062C800200070001005D
:109CC00000A0105000820D5000040550000100005B
:109CD00000A0105000820D50000405500800000044
:109CE00002000000040000000100000000A010506D
:109CF00000820D500004055000A0105000820D504D
:109D00000004055000A0105000820D5000040550C2
:109D1000000000006410B71DC8206E3BAC30D9268F
:109D20009041DC76F4516B6B5861B24D3C7105503B
:109D30002083B8ED44930FF0E8A3D6D68CB361CB63
:109D4000B0C2649BD4D2D38678E20AA01CF2BDBD17
:109D500076F5020084F5020098F50200A7F50200EE
:109D6000B3F50200FC7E02000C7F02005C7F020063
:109D7000647F0200EC7F0200EC7F0200F1F502003C
:109D800000010000000000001B132C0AA3E59CED5D
:109D9000A72963085D210621EBFFFFFFFFFFFFFFFF
:109DA000FFFFFFFFFFFFFFFF0F0000008F64F801C0
:109DB0006360BCFFC509F8FFD588650073840E0099
:109DC000A061A0FF144BB1FF9DBE6A003EA4ADFF91
:109DD000F56995FFEE3F3D00374F6A00703B49FF44
:109DE000C26C3C00C5197A003E484E00C41EDFFF1D
:109DF000AE03E3FFC36918FE683409FF8D49F8001C
:109E0000EC6B73FF9A0C6B015E290B004B3276FEF4
:109E1000E4E2C9FF78446A009A40B7FF517DA70089
:109E2000C55C99008FA626004990BEFFC8A68AFE91
:109E3000B3FB42FFBDC432FFC8E5DD000D7AC400AC
:109E40009FFFD30074EAE500682583001D4C3201B2
:109E50003BA34EFFCF4C300086CE37FF003EC900FB
:109E6000F0E74FFF33F25BFF514532FF4A7DC301FC
:109E70002F8721004E75EFFF8D89B400B5095C0076
:109E80008494D6000C0BE100267D83FFA0CFC3FE97
:109E9000542DB30002A6DE01F0D2C8006C491F00A9
:109EA0000B779DFF7FC8E9001077500094DB840199
:109EB000AEE60100E47AEAFE59B493FFDBE499FFD1
:109EC000082621FF14A59700C90021000609A2FF5A
:109ED00070E3E5FF944A41007D59D8FF8018A3FE46
:109EE0000C9E92FFA0DB8CFE053CB30048C0A5FE93
:109EF000FC4826FFAD065B009D2D8F002DF237013B
:109F0000F05359003712AF014DEAEAFF72A35AFF2E
:109F10003A51D100565E7EFF2AF9F90054B49100FF
:109F2000FD23B4FFDD75BBFF3D75C4FF70555E00BA
:109F300021313CFFF14F9601109F9E001802A101B4
:109F400059170EFFB4BB750086048500E26173FFEC
:109F5000F8B520FFEA3BBA01C281A9FF2C8240007C
:109F6000E4B10300395D35FF282186FF90A993FFF6
:109F700034BC8500AACA5FFE8F402F0053DBC401AA
:109F8000CD8374FF959C3B00DAE5AB00CDDBB500DB
:109F9000B85AEF00750BF1FE6CD654FFD9A25BFEE8
:109FA000AD0D4A00C56F61FE3FDF67008DDB6800C5
:109FB000DF95EFFF8E7445FE4362D5007C4E62FE56
:109FC0009E98D6FF5FE2AC01E59235FF76EB5D002F
:109FD000927AE60027FF350044598DFF7632D7008C
:109FE000796AAB002BF005FE6A998D00083DD90116
:109FF000F2254200A01BE4FF670D46008906D5004C
:10A000000020C300CE6A1600279900FF58D3FD0137
:10A0100028C0D4008E7B7B00100E7AFF77A255FFFC
:10A0200092F01500D0A657010662D5FF8167DE01C8
:10A0300048A5B6FF3C897DFE4F763C007E5EBF00A2
:10A040009D9270FF63845DFE92887900936294FE16
:10A05000A78D54004B5C77FE094097FF18E86B0111
:10A06000A3602E00266C74FFA0E65B002B945DFEBF
:10A07000B997A100DB328201DAD1E7FF30CAA1FE35
:10A08000740A4D004926DB019418FDFF51CED5FE20
:10A090007A71F6FF1F2EF5FE4B0C04FF0F5AE0FEFF
:10A0A000CCDC39FF66386CFF9A06E0001034D10131
:10A0B0008BC3750073C05AFF21F392007532CE0135
:10A0C000584D5FFF2ED257FEA73B2DFFFBEC5800EB
:10A0D000539FF500B1238AFE9B8CB800D4207100F9
:10A0E0002FABAE00CF1FAC013DA0E4FFEB8129FFF9
:10A0F00090844200EFA89101BCBE2300CF04B2FEC1
:10A100003239E7FF347FA3FFD226200055B149FE44
:10A11000B0E28900D1A5D4FE2BCB38FF50DB3AFE4C
:10A120005647E20093DDB9FF39FBD800C7E235FEA0
:10A130007D192D00948AB8002C0D2FFF3B57A5FFE9
:10A1400091896B004724CFFFD4EDDB002C0148FF41
:10A15000CB7C05FF792076FFB8C291FFB0448D001B
:10A16000C459150090D4CF016642A9FFA7FC97FF00
:10A170004189DCFF4BC5A7FECCE5010002E51201D9
:10A18000E9C47F007C143101E0351E005BF3E4FE7E
:10A1900083A08A0011439D00302706005570E2001D
:10A1A000AAFF9200CE2381005B8380FF77B625FF54
:10A1B0002FD4DF00B653910100022B00449AA5FE74
:10A1C000E803CFFF84F32CFF8C53D3FF3FE106FF5E
:10A1D00098202AFF6E76C500F1B602008BA1B90067
:10A1E0003B69DBFF6A9644FF0EDA94FF9D5F9700A0
:10A1F000DA3DD1FFF57715FEAEAC2C0074AE5501FB
:10A20000795E1DFFE7802900C546FA009F9291FF05
:10A2100050D4B7FF02FC2800816F9CFFEE158EFE24
:10A220008DC50CFFC7CEA0FF27E3D600B55099001F
:10A230005D96BA009CAC2EFEBF413BFF53B155FF6B
:10A24000CD013600807C50FF3CA4FB00F2A25FFEF3
:10A25000FEA61AFF590691FF09DC0CFFEE540D0112
:10A2600099E2080004DFF2FF9F22FDFF3CC847FF90
:10A2700001FC5CFF8372C9FED064ED0073E025FE33
:10A280004B6AB3FF901EA0FF8684DDFF39ADB8FF97
:10A290003FD3B9FF689AC1FFE8C0BD0021BB22FED1
:10A2A0009B2D10002F765F0056EC9F004E582CFF20
:10A2B0003CEB1E001466B1FE9B2AD6FFF846DBFF7E
:10A2C000546585FF7E3C7000FC12F0006A409BFEE6
:10A2D0006B4672001F086900649B0A00EBF4610181
:10A2E000AA289300AAE301FE8842AD0032C5CCFE45
:10A2F000597A61005FE881FF726C7EFFB2428AFF8B
:10A30000A96530FFE2C62FFF262EE1004183D7FE6C
:10A31000EC9D1BFFEC129E002A3E57FF654BB1FEE1
:10A32000AB5DB8009F4954FFF6B60CFF404D990055
:10A33000E59E5200430A7B01A7657B00AAD899FFDE
:10A34000B395960084BDF100ED6D08FFE71593000D
:10A350008B38B4009EAB91FE8AC971FFE9B43B0013
:10A36000419869FF1D330F009DD27AFF6EE777FF9A
:10A37000A6E428FFE39B6E00D4C5DC005CF58001F9
:10A3800065CC79FF63E8DA0016807D00CB7A610046
:10A39000CD6C92FF7AB2620071EE7AFF1BB6EC00D0
:10A3A000F794EB00F2087000B20265FF2EBD1201B7
:10A3B0004F2291FFFF5B2100A0884A004733A50090
:10A3C00025E26C00B24227FF80D55000528CA6FFD8
:10A3D0003A5FA4FF5BB5AC0145A340004A4627FFA6
:10A3E000ECE21D001565FFFEDB8C3A0002E8ABFFD6
:10A3F00032F036FF09853CFE0949BC003EDAE9002F
:10A40000D6AF0CFF7F8579FF5C01A9000ECED4FE8C
:10A41000E560C6FFA0F4B20054889200833BB9FF08
:10A42000590FAFFFD98E88FF549429005FA0DC013B
:10A43000914200FFF81691FF9CD3E10050E547FEE2
:10A44000BCDC4900B62948FF701F75FFA8F1E9FF81
:10A45000D1D30500BA5327FE83DF03FF2CB11300CD
:10A46000974AC30063C19F01EE8362FFA2B5E1007A
:10A47000607522FF36E75000588B7AFF3A0FCCFF09
:10A480007BAEC0FF231463FE9106A400173486013F
:10A490006052A0FF33BB15FF38B8F400B47D110043
:10A4A000C67D000072626601CD4392004B1D7901AA
:10A4B000E75BEAFFD9CE2E010C4E0400D5B3F3FEC4
:10A4C00073E8A70053A717FE7D8ED6FF12285D0004
:10A4D00061E4E5FF8469BFFE8DC9DA00717D7A0011
:10A4E0007EFC7C0035A3E5FE87C543FFF61D800199
:10A4F000BF9BA5FF81B0EB002431720007842FFEC3
:10A5000014BA9800535228FFB54DC0FFB9599C00AA
:10A51000090A20FF9FFCFF01F92D2AFFEE89640143
:10A52000531CE600386386FF71EF7400853B8C0195
:10A53000BDF124FFF825C30160DC3700B74C3EFFB6
:10A54000C3423D00324CA401E1A44CFF4C3DA3FFAB
:10A55000753E1F00519140FF76410E00A273D6FF59
:10A56000068A2E007CE6F4FF0A8A8F00341AC200A5
:10A57000B8F44C00818F2901BEF413FF7BAA7AFF47
:10A580006281440079D5930056651EFFA1679B0048
:10A590008C5943FFEFE5BE01430BB500C6F089FEC1
:10A5A000EE45BCFF4397EE00132A6CFFE5557101A1
:10A5B000324487FF116A0900326701FF5001A80188
:10A5C00023981EFF10A8B9013859E8FF65D2FC0096
:10A5D00029FA4700CCAA4FFF0E2EEFFF504DEF0097
:10A5E000BDD64BFF118DF90026504CFFBE557500AE
:10A5F00056E4AA009CD8D001C3CFA4FF96424CFFDA
:10A60000AFE110FF8D5062014CDBF200C6A2720078
:10A610002EDA98009B2BF1FE9BA068FF33BBA500B0
:10A620000211AF004254A001F73A1E00234135FE4B
:10A6300045ECBF002D86F501A37BDD00206E14FFE5
:10A640003417A500BAD64700E9B06000F2EF360132
:10A6500039598A00530054FF88A064005C8E78FE4C
:10A66000687CBE00B5B13EFFFA29550098822A01E8
:10A6700060FCF60097973FFEEF853E0020389C0077
:10A680002DA7BDFF8E85B3018356D300BBB396FEC5
:10A69000FAAA0EFFD2A34E0025349700634D1A008C
:10A6A000EE9CD5FFD5C0D101492E5400144129019B
:10A6B00036CE4F00C98392FEAA6F18FFB12132FE39
:10A6C000AB26CBFF4EF77400D1DD99008580B20137
:10A6D0003A2C1900C9273B01BD13FC0031E5D2011A
:10A6E00075BB7500B5B3B8010072DB00305E930036
:10A6F000F52938007D0DCCFEF4AD77002CDD20FE71
:10A7000054EA1400F9A0C601EC7EEAFF2F63A8FE0C
:10A71000AAE299FF66B3D800E28D7AFF7A4299FEE9
:10A72000B6F58600E3E41901D639EBFFD8AD38FF62
:10A73000B5E7D20077809DFF815F88FF6E7E330092
:10A7400002A9B7FF078262FE45B05EFF7404E30111
:10A75000D9F291FFCAAD1F01690127FF2EAF450055
:10A76000E42F3AFFD7E045FECF3845FF10FE8BFFC0
:10A7700017CFD4FFCA147EFF5FD560FF09B0210058
:10A78000C805CFFFF12A80FE2321C0FFF8E5C401F0
:10A7900081117800FB6797FF073470FF8C3842FF08
:10A7A00028E2F5FFD94625FEACD609FF48438601CD
:10A7B00092C0D6FF2C26700044B84BFFCE5AFB0047
:10A7C00095EB8D00B5AA3A0074F4EF005C9D020091
:10A7D00066AD6200E98960017F31CB00059B940082
:10A7E000179409FFD37A0C0022861AFFDBCC88006D
:10A7F000860829FFE0532BFE5519F7006D7F00FEF8
:10A80000A9883000EE77DBFFE7ADD500CE12FEFE63
:10A8100008BA07FF7E0907016F2A48006F34ECFE73
:10A82000603F8D0093BF7FFECD4EC0FF0E6AED01ED
:10A83000BBDB4C00AFF3BBFE6959AD0055195901A4
:10A84000A2F394000276D1FE219E09008BA32EFF75
:10A850005D4628006C2A8EFE6FFC8EFF9BDF900009
:10A8600033E5A7FF49FC9BFF5E740CFF98A0DAFF5D
:10A870009CEE25FFB3EACFFFC500B3FF9AA48D007D
:10A88000E1C468000A2319FED1D4F2FF61FDDEFEA7
:10A89000B865E500DE127F01A48887FF1ECF8CFE1D
:10A8A0009261F30081C01AFEC95421FF6F0A4EFF66
:10A8B0009351B2FF04041800A1EED7FF068D2100CA
:10A8C00035D70EFF29B5D0FFE78B9D00B3CBDDFF59
:10A8D000FFB97100BDE2ACFF7142D6FFCA3E2DFF49
:10A8E000664008FF4EAE10FE857544FFEDD3F55C63
:10A8F0001A631258D69CF7A2DEF9DE14000000009D
:10A9000000000000000000000000001059F1B2FE3D
:10A910000AE5A6FF7BDD2AFE1E14D4005280030048
:10A9200030D1F300777940FF32E39CFF006EC50120
:10A93000671B9000B67859FF8572D300BD6E15FF76
:10A940000F0A6A0029C0010098E879FFBC3CA0FF0B
:10A950009971CEFF00B7E2FEB40D48FFB0A00EFE25
:10A96000D3C986FF9E188F007F693500600CBD003B
:10A97000A7D7FBFF9F4C80FE6A65E1FF1EFC040029
:10A98000920CAE000100000000000000000000007A
:10A9900000000000000000000000000000000000B7
:10A9A000000000000000000000000000982F8A4214
:10A9B00091443771CFFBC0B5A5DBB5E95BC2563911
:10A9C000F111F159A4823F92D55E1CAB98AA07D829
:10A9D000015B8312BE853124C37D0C55745DBE724C
:10A9E000FEB1DE80A706DC9B74F19BC1C1699BE4CC
:10A9F0008647BEEFC69DC10FCCA10C246F2CE92D5C
:10AA0000AA84744ADCA9B05CDA88F97652513E987F
:10AA10006DC631A8C82703B0C77F59BFF30BE0C686
:10AA20004791A7D55163CA0667292914850AB72714
:10AA300038211B2EFC6D2C4D130D385354730A65B1
:10AA4000BB0A6A762EC9C281852C7292A1E8BFA288
:10AA50004B661AA8708B4BC2A3516CC719E892D1F0
:10AA6000240699D685350EF470A06A1016C1A41973
:10AA7000086C371E4C774827B5BCB034B30C1C3972
:10AA80004AAAD84E4FCA9C5BF36F2E68EE828F7431
:10AA90006F63A5781478C8840802C78CFAFFBE904B
:10AAA000EB6C50A4F7A3F9BEF27871C6517802009E
:10AAB000ECAA020002000000E4AA02000300000069
:10AAC000DCAA020004000000D4AA0200000000007A
:10AAD00000000000FAF502001014040006F602005F
:10AAE0001013030012F60200101202000200000010
:10AAF000EB770200E7770200E3770200CB770200F2
:10AB0000B977020000000000000000000000000013
:10AB100000000000000000409559695955555455F2
:10AB20001555555604051541105455404551554489
:10AB3000404550445055554500400040400444961F
:10AB4000655556554540455451411540559155550B
:10AB500055554051050100005445545445550504D0
:10AB60000010041014044000000001405555154128
:10AB70005404000044000100000000404100004473
:10AB800050444550540055555455655100400040BF
:10AB900001000001000501001154515154555505A3
:10ABA00000154150000004401001040500000000A1
:10ABB0005E101810D20FB40F960F640F320F050FEE
:10ABC000D80EB00E880E5B0E2E0EFC0DCA0D930D26
:10ABD0005C0D200DE40C800C1C0C0200040008002D
:10ABE00010000100010008000200040000000C0039
:10ABF0001A0034006800D000A00141038206040D51
:10AC0000081A010074727950617273655061636B48
:10AC100065743A20756E737570706F727465642018
:10AC20007061636B65742076657273696F6E007412
:10AC3000727950617273655061636B65743A207507
:10AC40006E737570706F72746564207061746820C3
:10AC50006D6F64653A203300747279506172736568
:10AC60005061636B65743A207061727469616C2025
:10AC70006F7220636F7272757074207061636B65A0
:10AC8000742C206C656E3D2564007472795061727D
:10AC900073655061636B65743A207061796C6F61A4
:10ACA0006420746F6F206269672C207061796C6F0B
:10ACB00061645F6C656E3D256400636865636B521B
:10ACC0006563763A207061636B657420616C6C6FAC
:10ACD00063206661696C656400636865636B5265D7
:10ACE00063763A207265636F76657265642062757B
:10ACF0006E646C6564207061636B657420617420A0
:10AD00006F666673657420383A20747970653D25E6
:10AD100064206C656E3D256400636865636B5265F5
:10AD200063763A2073706C69742062756E646C652A
:10AD300064207061636B657420323A2074797065A9
:10AD40003D2564206C656E3D256400636865636B1A
:10AD500053656E643A204341442074696D656F7594
:10AD6000742065786365656465642028697352653D
:10AD700063656976696E673D25642C20697352614D
:10AD800064696F52656164793D25642C20696E5257
:10AD90006563764D6F64653D25642C20727373691D
:10ADA0003D252E31662C20736E723D252E31662C8A
:10ADB000206E6F6973653D25642C2072785F6F6B20
:10ADC0003D25752C2072785F6572723D25752900CE
:10ADD000636865636B53656E643A207061636B658D
:10ADE0007420746F6F206C61726765206C656E3DB6
:10ADF00025642B2564203E20256400636865636B11
:10AE000053656E643A20737461727453656E645254
:10AE10006177206661696C6564212072652D7175AA
:10AE20006575696E672064656C61793D2575007391
:10AE3000656E645061636B65743A2072656A656320
:10AE4000746564202D20706174685F6C656E3D25AB
:10AE500064206F72207061796C6F61645F6C656EE5
:10AE60003D256420696E76616C6964007A6570685E
:10AE7000636F72655F6469737061746368657200A3
:10AE80007065E18FD9FABB70C1ED90DCA19907DE46
:10AE9000698C88B709EA146EAFD93D9B830C7B603F
:10AEA000C4681193C79BBC39945BA8064104BB617D
:10AEB0008F8FD7A84A0AF6F57033D6E8DDCD6471D6
:10AEC000001EC77175B0918ED206F9AE04EC136DF9
:10AED0006D5D4315BB26305427F645B492E9350C19
:10AEE000100073656E64466C6F6F643A20696E760D
:10AEF000616C696420706174685F686173685F7316
:10AF0000697A65006F6E526563765061636B657434
:10AF10003A20696E636F6D706C6574652041434BB8
:10AF200020287061796C6F61645F6C656E3D25648B
:10AF300029006F6E526563765061636B65743A20C9
:10AF4000696E636F6D706C657465207061636B65AD
:10AF5000742028693D25642C207061796C6F6164D0
:10AF60005F6C656E3D256429006F6E526563765097
:10AF700061636B65743A20696E76616C69642069FF
:10AF80006E6E657220706174685F6C656E203078DB
:10AF900025303278006F6E526563765061636B6561
:10AFA000743A2050415448207061796C6F6164207C
:10AFB0007472756E636174656420286B3D2564202E
:10AFC000706174685F62797465733D2564206C6597
:10AFD0006E3D256429006F6E526563765061636B28
:10AFE00065743A206E6F207065657220636F756CB2
:10AFF000642064656372797074206D657373616732
:10B000006500637265617465446174616772616D46
:10B010003A206461746120746F6F206C617267659F
:10B0200000637265617465446174616772616D3A51
:10B0300020756E737570706F7274656420747970AA
:10B04000652025640063726561746544617461679D
:10B0500072616D3A207061636B657420616C6C6F16
:10B0600063206661696C6564007A657068636F72FD
:10B07000655F6D657368007175657565496E626FB2
:10B08000756E643A2046554C4C2028256420656E28
:10B0900074726965732920E280942064726F707005
:10B0A000696E6720747970653D25640071756575FA
:10B0B000654F7574626F756E643A2046554C4C202E
:10B0C000E2809420657669637465642074797065A4
:10B0D0003D2564207072693D256420666F7220747E
:10B0E0007970653D2564207072693D256400717535
:10B0F0006575654F7574626F756E643A2046554C80
:10B100004C2028256420656E74726965732920E2DD
:10B1100080942064726F7070696E672074797065B6
:10B120003D2564207072693D2564007A657068630E
:10B130006F72655F706B74706F6F6C00636F6D70B2
:10B140007574655F686D61633A20696D706F7274C4
:10B150005F6B6579206661696C65643A20256400DF
:10B16000636F6D707574655F686D61633A207073AD
:10B17000615F6D61635F636F6D707574652066619B
:10B18000696C65643A20256400656E637279707439
:10B190000064656372797074007372635F6C656ECE
:10B1A0003D2564206E6F74206D756C7469706C65DC
:10B1B000206F66203136007073615F696D706F7249
:10B1C000745F6B6579206661696C65643A202564FB
:10B1D000007073615F6369706865725F25732066D4
:10B1E00061696C65643A202564007073615F686111
:10B1F00073685F636F6D70757465206661696C65F7
:10B20000643A202564007368613235362028322D77
:10B210006672616729206661696C65643A202564FD
:10B2200000286E6F2064657461696C29006372790F
:10B2300070746F2070616E69633A20257320E2801C
:10B2400094207265626F6F74696E670A007A657028
:10B2500068636F72655F7574696C73004E6F7420FC
:10B26000617661696C61626C65005849414F206E7E
:10B27000524635344C3135004572726F723A204275
:10B280004C45204F5441206E6F7420737570706F61
:10B2900072746564206F6E207468697320706C61CD
:10B2A00074666F726D007A657068636F72655F6255
:10B2B0006F61726400636164206E2F6100613A25E2
:10B2C00073206F3A256420706B3A256428622575D7
:10B2D0002F3473292069763A2575732062633A25E5
:10B2E000752525000A2563252B642825642920253A
:10B2F00075702025756220257566202575742025BA
:10B300007525250052582072696E672066756C6C31
:10B310002C2064726F7070696E67206E6577207084
:10B3200061636B6574006361643A206175746F3D9D
:10B330002564206F66667365743D25642070726FA6
:10B3400062655F696E74657276616C3D2575732008
:10B35000627573796361703D2575252500656E61A1
:10B36000626C65640064697361626C656400525864
:10B3700020626F6F737420257320282B3364422062
:10B3800073656E73697469766974792C202B326DDC
:10B390004129006C6F72615F74785F776169740036
:10B3A0007278647574793A2072783D25756D7320D2
:10B3B000736C6565703D25756D73207472616E7375
:10B3C0003D25756D732028503D257520443D25751C
:10B3D0002C206F66663D2575252529006C6F7261EE
:10B3E0005F726563765F647574795F6379636C65BA
:10B3F000206661696C65643A202564007278647522
:10B4000074793A2077616B65207472616E73697428
:10B41000696F6E2025757573206578636565647343
:10B4200020646561662062756467657420257575A2
:10B430007320E2809420636F6E74696E756F75730C
:10B44000205258007278647574793A207072656180
:10B450006D626C6520257520746F6F2073686F7244
:10B460007420666F722067756172616E74656564C1
:10B4700020636174636820286E656564203E2575CD
:10B480002073796D732920E2809420636F6E746954
:10B490006E756F7573205258006C6F72615F7265C4
:10B4A00063765F6173796E63206661696C65643A87
:10B4B000202564005458207761697420746872658F
:10B4C00061642073746172746564005458207761FC
:10B4D00069743A2054494D454F5554210054582021
:10B4E000636F6D706C6574652C20525820726573A3
:10B4F00074617274656400545820776169743A20ED
:10B500006B5F706F6C6C2072657475726E65642011
:10B5100025642C2073746174653D256420E2809459
:10B52000207265636F766572696E67007261646927
:10B530006F20737461727465643A20667265713D40
:10B5400025752062773D25752073663D257520633E
:10B55000723D2575207077723D2564004C6F5261F5
:10B5600020646576696365206E6F7420726561641E
:10B570007900726164696F207265636F6E666967D6
:10B58000757265643A20667265713D257520627733
:10B590003D25752073663D25752063723D25752018
:10B5A0007077723D256400687753656E64417379E6
:10B5B0006E63206661696C65643A2025640063618E
:10B5C000643A2073746570207570202D3E206F667C
:10B5D00066736574202564202861697274696D65DD
:10B5E0002C206275737920256420636170202564A6
:10B5F00029006361643A2073746570207570202D92
:10B600003E206F666673657420256420286F702065
:10B61000256420646E2D3E757020256429006361C9
:10B62000643A207374657020646F776E202D3E201D
:10B630006F666673657420256420286F702025640A
:10B6400020646E20256420627573792025642900AA
:10B650006361643A2070726F6265206661696C652F
:10B660006420282564290052582064757479206369
:10B6700079636C65202573006C6F72615F72616421
:10B68000696F5F6261736500435350524E47207586
:10B690006E617661696C61626C6520616674657269
:10B6A0002072657472696573005B524E475D203D80
:10B6B0003D3D206964656E746974792073656564C5
:10B6C000206865616C7468203D3D3D0A005B524E08
:10B6D000475D20706C6174666F726D2054524E47E6
:10B6E00020697320726164696F2D696E646570658D
:10B6F0006E64656E7420286E6F207072652D5246E0
:10B7000020776F726B61726F756E64206E65656411
:10B710006564290A005B524E475D2073746167655A
:10B720003120637372616E64202020203A2072639E
:10B730003D25642064697374696E63743D25642FCC
:10B7400036340A005B524E475D2073746167653280
:10B75000206877696E666F20696420203A2025642E
:10B7600020627974657320287075626C696320E2C9
:10B77000809420756E697175656E657373206F6E48
:10B780006C79290A005B524E475D207374616765CE
:10B7900033206578747261202020203A20256420AF
:10B7A00062797465730A005B524E475D2073746161
:10B7B0006765342F3620736B697070656420E28092
:10B7C00094206E6F20696E646570656E64656E743A
:10B7D00020736C6F7720636C6F636B202854524E1C
:10B7E000472076696120637372616E64206F6E6CAE
:10B7F00079290A005B524E475D2073746167653595
:10B8000020637372616E64202020203A2072633DB1
:10B8100025642064697374696E63743D25642F36F2
:10B82000340A005B524E475D203D3D3D20656E640D
:10B83000202865787472616374696E6720257520AD
:10B84000627974657320766961204145532D3235E4
:10B85000362D43545229203D3D3D0A004145532D8C
:10B860004354522073656564206578747261637413
:10B87000696F6E206661696C656400646567656EFA
:10B8800065726174652073656564206F7574707589
:10B89000742028616C6C2D7A65726F202F20616C8A
:10B8A0006C2D464629006964656E74697479206759
:10B8B000656E20737475636B206F6E20726573659F
:10B8C0007276656420707265666978007A65706862
:10B8D000636F72655F677073004E6F20656E766987
:10B8E000726F6E6D656E742073656E736F72732008
:10B8F000666F756E64004E6F20706F776572206D95
:10B900006F6E69746F727320666F756E64007A650E
:10B910007068636F72655F73656E736F72730062D8
:10B920006F6F74737472617000636F6E73656E73A2
:10B930007573006261636B77617264207374657004
:10B9400020252B6C6420732077616E746564202D34
:10B9500020736B69707065642028666F72776172FE
:10B96000642D6F6E6C7920726F6C652900696D7043
:10B970006C61757369626C65207374657020252B2A
:10B980006C642073207265667573656400737465FA
:10B990007070656420636C6F636B20252B6C642072
:10B9A00073202825732C20766F7465732025752FDE
:10B9B000257529202D3E202575002028736B697080
:10B9C0007065643A20666F72776172642D6F6E6C79
:10B9D0007929002028626F6F747374726170290076
:10B9E0006F6B00696E2D62616E640020286472794D
:10B9F0002D72756E290020450073746570252B6CBF
:10BA0000642573257300686F6C64202825732900F2
:10BA10006162737461696E2028257329002573257E
:10BA20007320656C696769626C653D257520766F6A
:10BA30007465733D25752F257520736B65773D25DE
:10BA40002B6C647320723D256C6473202D3E202581
:10BA500073003B2073746570733D256C7520626FB5
:10BA60006F743D256C75206C6173743D252B6C647F
:10BA70007300206261636B736B69703D256C7500A8
:10BA8000207375703D256C756800206576616C7358
:10BA90003D256C7520616273743D256C75000D0A3F
:10BAA00020253032782530327820682575206E25A3
:10BAB0007520252B6C64732573000D0A202B2564DB
:10BAC000206D6F7265006E6F2D64617461006E6F22
:10BAD0002D71756F72756D006E6F2D6D616A6F726D
:10BAE0006974790073757070726573736564007240
:10BAF0006174652D6C696D69746564007065646955
:10BB0000677265652D7665746F007A657068636F1E
:10BB100072655F74696D6573796E63007A657068CC
:10BB2000636F72655F6F6C65645F706F77657200DD
:10BB3000466174616C206572726F72202872656153
:10BB4000736F6E2025752920E2809420636F6C64EA
:10BB5000207265626F6F74696E67007A65706863E2
:10BB60006F72655F666174616C007A657068636F9F
:10BB700072655F727463006C6F72615F636F6E6693
:10BB80006967206661696C65643A202564006C729F
:10BB9000323032315F726164696F00434C49206317
:10BBA0006D64206C656E3D25643A20252E3430731B
:10BBB0002573000D0A20202D3E20627573790D0A31
:10BBC00000475053206669783A20525443207379D5
:10BBD0006E632074696D653D256C6C64004750533D
:10BBE000206669783A206C61743D25642E253036D4
:10BBF00064206C6F6E3D25642E25303664202874D9
:10BC0000656C656D65747279206F6E6C7929003D85
:10BC10003D3D205A657068436F72652052657065BE
:10BC200061746572207374617274696E67203D3D42
:10BC30003D0052657065617465724461746153744E
:10BC40006F726520696E6974206661696C65640055
:10BC5000456E7669726F6E6D656E742073656E7376
:10BC60006F727320617661696C61626C65004E6F02
:10BC7000206964656E7469747920666F756E642CD2
:10BC80002067656E65726174696E67206E657720E6
:10BC90006B6579706169722E2E2E004E6577206972
:10BCA00064656E74697479207361766564005265A9
:10BCB0007065617465722049443A202530327825D8
:10BCC0003032782530327825303278253032782578
:10BCD00030327825303278253032782E2E2E0052B0
:10BCE0006570656174657200526570656174657236
:10BCF0002D253032582530325825303258253032F3
:10BD00005800496E697469616C206164766572746B
:10BD10006973656D656E74207363686564756C65C1
:10BD20006420696E203130730055534220434443F0
:10BD3000206465766963652072656164793A2025BF
:10BD4000730055534220434443206465766963651C
:10BD5000206E6F742072656164790073746172740F
:10BD6000696E67206576656E742D64726976656E9E
:10BD7000206C6F6F70000D0A3D3D3D205A65706864
:10BD8000436F7265205265706561746572203D3D38
:10BD90003D0D0A000D0A20202D3E200053656E64E3
:10BDA000696E6720646566657272656420696E6994
:10BDB0007469616C206164766572746973656D6520
:10BDC0006E74007A657068636F72655F7265706526
:10BDD000617465725F6D61696E00312E31362E3788
:10BDE0002D7A657068636F7265003230323620419B
:10BDF0007567203032004C6F67206572617365642F
:10BE0000004C6F672064756D70206E6F7420696DD3
:10BE1000706C656D656E746564007B22626174741C
:10BE20006572795F6D76223A25752C22757074697A
:10BE30006D655F73656373223A25752C2265727296
:10BE40006F7273223A25752C2271756575655F6C6A
:10BE5000656E223A25757D007B226E6F6973655F82
:10BE6000666C6F6F72223A25642C226C6173745F6A
:10BE700072737369223A25642C226C6173745F7348
:10BE80006E72223A252E32662C2274785F616972B6
:10BE90005F73656373223A25752C2272785F61693E
:10BEA000725F73656373223A25757D007B2272652C
:10BEB0006376223A25752C2273656E74223A2575B5
:10BEC0002C22666C6F6F645F7478223A25752C2281
:10BED0006469726563745F7478223A25752C2266F2
:10BEE0006C6F6F645F7278223A25752C22646972D8
:10BEF0006563745F7278223A25752C2272656376C9
:10BF00005F6572726F7273223A25757D0025303439
:10BF1000642D253032642D2530326400646179252A
:10BF20007500253032643A253032643A2530326467
:10BF3000202D2025642F25642F25642055006F6E49
:10BF40002073746174653D257320736174733D259E
:10BF500075206669783D2575732061676F206C6177
:10BF6000743D252E3666206C6F6E3D252E3666009C
:10BF70006F6E2073746174653D25732073617473F3
:10BF80003D2575206E6F20666978206E6578743D5A
:10BF9000257573006F6E2073746174653D25732081
:10BFA000736174733D2575206E6F20666978005546
:10BFB0006E61626C6520746F2063726561746520C8
:10BFC0006164766572746973656D656E7420706105
:10BFD000636B65740025733A25753A2564002D6EF0
:10BFE0006F6E652D00545820706F77657220256440
:10BFF0002064426D207265717565737465642028D4
:10C00000636F6E6669677572656420766961206228
:10C010006F61726420646566636F6E66696729008C
:10C020005458204641494C206C656E3D256420746F
:10C030007970653D256420726F7574653D257320A8
:10C040007061796C6F61645F6C656E3D2564005250
:10C0500058206C656E3D256420747970653D2564BB
:10C0600020726F7574653D2573207061796C6F6106
:10C07000645F6C656E3D256420534E523D256420FF
:10C08000525353493D2564005458206C656E3D253C
:10C090006420747970653D256420726F7574653D08
:10C0A0002573207061796C6F61645F6C656E3D25EE
:10C0B00064004C6F67696E20726174652D6C696DE8
:10C0C0006974656420286661696C656420617474B4
:10C0D000656D7074732065786365656465642900B7
:10C0E000496E76616C69642070617373776F7264F6
:10C0F00000506F737369626C65206C6F67696E20A6
:10C100007265706C61792061747461636B21004C9D
:10C110006F67696E20737563636573730025730AB7
:10C1200025730A2573004461696C79207374617406
:10C13000733A2025752F25752064617973206B650E
:10C1400070742C2063757272656E742025730052B2
:10C15000657065617465724D657368207374617292
:10C160007465643A2025732028667265713D252E1A
:10C1700032662062773D252E30662073663D256449
:10C180002063723D25642900207C20006E6F2064AE
:10C1900061746100257325732072783D25752066D2
:10C1A0003D2575206677643D25752074783D25759D
:10C1B0002061646D3D2575206773743D25750020F1
:10C1C0007C20414C4C2072783D257520663D2575BC
:10C1D000206677643D25752074783D25752061645F
:10C1E0006D3D2575206773743D257500736574700A
:10C1F00065726D2000457272202D2062616420708E
:10C200006172616D73004F4B00457272202D206981
:10C210006E76616C696420706172616D7300457245
:10C2200072202D20626164207075626B65790067F1
:10C2300065742061636C0041434C3A002020253036
:10C24000325820257300646973636F7665722E6EB1
:10C2500065696768626F727300457272202D206491
:10C260006973636F7665722E6E65696768626F7257
:10C270007320686173206E6F206F7074696F6E73C6
:10C28000004F4B202D20446973636F7665722073D5
:10C29000656E740073746174732E6461696C7900E7
:10C2A0006F6E5065657244617461526563763A20C1
:10C2B000696E76616C696420706565722069647866
:10C2C0003A2025640054656D7020726164696F20A6
:10C2D000706172616D73206170706C696564005289
:10C2E0006164696F20706172616D7320726573742F
:10C2F0006F726564007374616E646279006163716A
:10C30000756972696E67007A657068636F72655FE0
:10C310007265706561746572004F4B202D206C6FE3
:10C320006164656420256420726567696F6E7300BF
:10C33000457272202D2073617665206661696C6597
:10C340006400726567696F6E20646566004572728D
:10C35000202D20656D7074792064656600457272C9
:10C36000202D20656D707479206E616D65004572B9
:10C3700072202D20656D707479206A756D7000458E
:10C380007272202D20707574206661696C65643A44
:10C3900020257300457272202D20756E6B6E6F77AD
:10C3A0006E206A756D703A202573006C6F616400B1
:10C3B0007361766500616C6C6F7766004572722000
:10C3C0002D20756E6B6E6F776E20726567696F6E6C
:10C3D0000064656E79660020257320282573292066
:10C3E00025730020257320257300686F6D6500207C
:10C3F000686F6D65206973206E6F7720257300204C
:10C40000686F6D65206973202573006465666175CA
:10C410006C74002064656661756C742073636F7062
:10C4200065206973206E6F77203C6E756C6C3E00E2
:10C430002064656661756C742073636F7065206934
:10C4400073206E6F7720257300457272202D207245
:10C450006567696F6E207461626C652066756C6CCF
:10C46000002064656661756C742073636F7065206D
:10C47000697320257300457272202D20756E6B6ED6
:10C480006F776E20706172656E7400457272202D38
:10C4900020756E61626C6520746F20707574004F3A
:10C4A0004B202D2028666C6F6F6420616C6C6F7759
:10C4B0006564290072656D6F766500457272202D86
:10C4C000206E6F7420656D70747900457272202D36
:10C4D000206E6F7420666F756E6400616C6C6F7790
:10C4E00065640064656E69656400457272202D2084
:10C4F0007573652027616C6C6F77656427206F7298
:10C50000202764656E6965642700457272202D20BE
:10C510003F3F002F6C66732F7265706561746572A2
:10C52000004661696C656420746F20637265617494
:10C53000652025733A202564004372656174656443
:10C54000202573206469726563746F727900526587
:10C550007065617465724461746153746F726520B3
:10C56000696E697469616C697A65642061742025FB
:10C57000730025732F61636C0025732F72656769E3
:10C580006F6E73320025732F5F6D61696E2E696463
:10C59000004C6F61646564206964656E74697479C8
:10C5A0002066726F6D202573006C6F61644964654D
:10C5B0006E746974793A207265616446726F6D2099
:10C5C0006661696C6564004964656E74697479209C
:10C5D00066696C6520636F72727570740025732EC6
:10C5E000746D70004661696C656420746F206F70B3
:10C5F000656E20257320666F722077726974653AC4
:10C60000202564004661696C656420746F20777230
:10C61000697465206964656E746974793A2077720B
:10C620006F7465202564206F662025642073796E01
:10C63000633D256400736176654964656E74697451
:10C64000793A2072656E616D65206661696C65641A
:10C65000005361766564206964656E74697479203D
:10C66000746F2025730025732F70726566730073D5
:10C6700061766550726566733A2073796E632066E1
:10C6800061696C65643A2025640073617665507257
:10C690006566733A2072656E616D65206661696CCE
:10C6A00065640053617665642070726566732074FA
:10C6B0006F202573004C6F6164656420707265663D
:10C6C000732066726F6D20257300496E76616C6908
:10C6D0006420726164696F20706172616D7320699A
:10C6E0006E2070726566732C207573696E672064A6
:10C6F000656661756C74733A20667265713D252EAE
:10C7000033662073663D25752062773D252E3166A0
:10C71000006C6F616450726566733A207570677261
:10C720006164656420707265667320666F726D6106
:10C730007420282564202D3E2032393720627974F8
:10C740006573290025732F73746174735F64616965
:10C750006C792E62696E004461696C792073746132
:10C7600074732066696C6520636F727275707420D3
:10C77000282564206279746573292C207374617292
:10C7800074696E67206672657368007361766544CC
:10C7900061696C7953746174733A20777269746556
:10C7A000206661696C65643A202564007361766572
:10C7B0004461696C7953746174733A2073796E6360
:10C7C000206661696C65643A202564007361766552
:10C7D0004461696C7953746174733A2072656E6157
:10C7E0006D65206661696C656400466163746F7293
:10C7F000792072657365743A2065726173696E673A
:10C800002072657065617465722064617461206175
:10C8100074202573004E6F207265706561746572B7
:10C82000206469726563746F727920746F20657219
:10C83000617365005265706561746572206461742E
:10C8400061206572617365640025732F2573004450
:10C85000656C6574696E67202573007A657068631E
:10C860006F72655F72657065617465725F73746F16
:10C870007265004C6F6164656420256420636C6997
:10C88000656E74732066726F6D2025730046616952
:10C890006C656420746F206F70656E202573206650
:10C8A0006F722077726974650057726974652066CB
:10C8B00061696C656420617420636C69656E7420C5
:10C8C000256400536176656420256420636C696586
:10C8D0006E747320746F202573007A657068636FBF
:10C8E00072655F61636C004C6F61646564202564F0
:10C8F00020726567696F6E732066726F6D20257395
:10C9000000536176656420256420726567696F6EE7
:10C910007320746F202573005E00257325730A0051
:10C920002573257320460A007A657068636F726507
:10C930005F726567696F6E73006E756C6C007374FF
:10C9400061727420646675004F4B202D2072656201
:10C950006F6F74696E6720746F20554632204446AD
:10C9600055007374617274206F7461004F4B202DF9
:10C97000207265626F6F74696E6720746F20424C1D
:10C9800045204F5441204446550073746F70206F0A
:10C990007461004E6F7420737570706F727465648B
:10C9A00000636C6B7265626F6F74006164766572B0
:10C9B000742E7A65726F686F70004F4B202D207A4D
:10C9C00065726F686F70206164766572742073653C
:10C9D0006E74004F4B202D20416476657274207375
:10C9E000656E7400636C6F636B2073796E63004FC8
:10C9F0004B202D20636C6F636B207365743A202588
:10CA00003032643A25303264202D2025642F25648D
:10CA10002F256420555443004552523A20636C6FD1
:10CA2000636B2063616E6E6F7420676F2062616359
:10CA30006B776172647300636C6F636B00436C6F40
:10CA4000636B3A20253032643A25303264202D2041
:10CA500025642F25642F2564205554430074696D87
:10CA6000652000284552523A20636C6F636B206347
:10CA7000616E6E6F7420676F206261636B776172A5
:10CA8000647329006E65696768626F722E72656DE6
:10CA90006F766520004552523A20626164207075BD
:10CAA000626B65790074656D70726164696F2000F6
:10CAB000252E2A73004F4B202D2074656D70207039
:10CAC0006172616D7320666F72202564206D696EDE
:10CAD00073004572726F723A20667265712031354B
:10CAE000302D323530302C20627720372D353030E4
:10CAF0002C20736620352D31322C20637220352D89
:10CB0000382C2074696D656F75743E3000706173E8
:10CB100073776F7264206E6F773A20257300636CB1
:10CB200065617220737461747300284F4B202D204F
:10CB3000737461747320726573657429006475740D
:10CB4000796379636C65003E2025642E2564252574
:10CB5000006166003E20252E326600696E742E74D8
:10CB60006872657368006167632E72657365742E01
:10CB7000696E74657276616C006D756C74692E6196
:10CB8000636B7300616C6C6F772E726561642E6FDE
:10CB90006E6C7900666C6F6F642E6164766572747A
:10CBA0002E696E74657276616C0067756573742E9C
:10CBB00070617373776F7264007072762E6B657933
:10CBC00000726570656174006C6174003E20252EF2
:10CBD0003666006C6F6E00726164696F2E727867E2
:10CBE00061696E003E20252E33662C252E31662C81
:10CBF00025752C257500727864656C6179003E207E
:10CC000061646170746976652028727864656C610E
:10CC100079206465707265636174656429003E20E3
:10CC2000616461707469766520286573743D252E92
:10CC3000316620666C6F6F643D252E326629006672
:10CC40006C6F6F642E6D61782E616476657274000E
:10CC5000666C6F6F642E6D61782E756E73636F7086
:10CC6000656400666C6F6F642E6D61780064697234
:10CC70006563742E747864656C6179003E2061642C
:10CC800061707469766520286469726563742E74B6
:10CC90007864656C61792064657072656361746540
:10CCA0006429006261636B6F66662E6D756C7469D2
:10CCB000706C696572006F776E65722E696E666F53
:10CCC00000706174682E686173682E6D6F64650012
:10CCD0006C6F6F702E646574656374003E206F66C0
:10CCE00066003E206D696E696D616C003E206D6F5F
:10CCF000646572617465003E2073747269637400C8
:10CD000074780066726571003E20252E33660070CF
:10CD100075626C69632E6B657900726F6C65006279
:10CD20006F6F746C6F616465722E766572003E2061
:10CD3000756E6B6E6F776E006164632E6D756C74CB
:10CD400069706C696572004572726F723A20756E17
:10CD5000737570706F72746564206279207468698D
:10CD60007320626F617264003E20252E336620209E
:10CD7000282575206D562C20746172676574203EDD
:10CD80003D202575206D5620666F7220313030258C
:10CD90002529003E20252E33662020286E6F204155
:10CDA00044432072656164696E6729007278647516
:10CDB0007479006770732064757479003E20616C2B
:10CDC00077617973206F6E202830290064632E729A
:10CDD0006573746172747300636164006E6F7420B4
:10CDE000617661696C61626C65006D657368746918
:10CDF0006D6573796E63003F3F3A2025730064755B
:10CE000074796379636C6520004552524F523A2021
:10CE1000647574796379636C65206D7573742062D1
:10CE20006520312D313030004F4B202D2025642ED0
:10CE3000256425250061662000696E742E74687271
:10CE400065736820004572726F723A206E6F7420AD
:10CE5000737570706F72746564206F6E20636F6D90
:10CE600070616E696F6E006167632E7265736574C1
:10CE70002E696E74657276616C20004F4B202D20F8
:10CE8000696E74657276616C20726F756E6465642C
:10CE900020746F202575006361642E6175746F20A6
:10CEA000004572726F723A206D757374206265204E
:10CEB0006F6E206F72206F6666006361642E6F660E
:10CEC0006673657420004572726F723A206F6666F1
:10CED0007365742072616E67652069732025642E06
:10CEE0002E2564006361642E70726F62652E696E18
:10CEF00074657276616C20004572726F723A2069B7
:10CF00006E74657276616C206973203020286F66BC
:10CF10006629206F722031302D32353520736563DC
:10CF20006F6E6473006361642E6275737963617000
:10CF300020004572726F723A206275737963617076
:10CF4000206973203020286F666629206F72203197
:10CF5000302D39302070657263656E7400636164D2
:10CF60002E7265736574004F4B202D204341442081
:10CF700070726F626520737461747320636C656195
:10CF8000726564006D756C74692E61636B7320004B
:10CF90004572726F723A206D75737420626520302D
:10CFA000206F72203100616C6C6F772E7265616446
:10CFB0002E6F6E6C792000666C6F6F642E616476E4
:10CFC0006572742E696E74657276616C20004572AC
:10CFD000726F723A20696E74657276616C2072614C
:10CFE0006E676520697320332D31363820686F7580
:10CFF0007273004572726F723A20696E7465727650
:10D00000616C2072616E67652069732025642D3222
:10D010003430206D696E757465730067756573745F
:10D020002E70617373776F726420007072762E6B4E
:10D03000657920004572726F722C20626164206BEA
:10D040006579004F4B2C207265626F6F7420746F8E
:10D05000206170706C7921204E6577207075626B4D
:10D0600065793A20006E616D6520007265706561BA
:10D070007420004F4B202D2072657065617420690B
:10D0800073206E6F77204F4E004F4B202D2072651E
:10D0900070656174206973206E6F77204F4646007B
:10D0A0004F4B202D207265626F6F7420746F20616A
:10D0B00070706C79004572726F723A206672657199
:10D0C000203135302D323530302C20627720372D0D
:10D0D0003530302C20736620352D31322C20637290
:10D0E00020352D38006C617420006C6F6E2000724A
:10D0F0007864656C617920004F4B202869676E6FFA
:10D100007265643A20727864656C61792069732075
:10D110006E6F7720616461707469766529004F4B8A
:10D12000202869676E6F7265643A20747864656C54
:10D130006179206973206E6F772061646170746912
:10D1400076652900666C6F6F642E6D61782E616460
:10D150007665727420004572726F723A2072616E49
:10D16000676520302D363400666C6F6F642E6D61FC
:10D17000782E756E73636F7065642000666C6F6FD8
:10D18000642E6D617820006469726563742E747812
:10D1900064656C617920004F4B202869676E6F725F
:10D1A00065643A206469726563742E747864656C92
:10D1B0006179206973206E6F772061646170746992
:10D1C000766529006261636B6F66662E6D756C749F
:10D1D00069706C69657220004572726F722C2072E2
:10D1E000616E676520302E302D322E30006F776EE5
:10D1F00065722E696E666F2000706174682E6861BA
:10D2000073682E6D6F646520004572726F722C20FA
:10D210006D75737420626520302C312C206F722064
:10D2200032006C6F6F702E64657465637420004506
:10D2300072726F722C206D7573742062653A206F64
:10D2400066662C206D696E696D616C2C206D6F6453
:10D2500065726174652C206F7220737472696374D7
:10D2600000747820004572726F723A2072616E67A6
:10D2700065202D3920746F2025642064426D004F95
:10D280004B202D20747820706F7765723D256420C7
:10D2900064426D006672657120004572726F723A69
:10D2A0002072616E6765203135302D323530302087
:10D2B0004D487A006164632E6D756C7469706C6999
:10D2C000657220746172676574004572726F723A9C
:10D2D000206E656564206D562074617267657420E8
:10D2E0002028652E672E20736574206164632E6D7F
:10D2F000756C7469706C69657220746172676574AD
:10D30000203431373329006164632E6D756C746984
:10D31000706C696572207461726765742000457273
:10D32000726F723A206E6F204144432072656164CF
:10D33000696E67206F6E207468697320626F617216
:10D3400064004572726F723A20746172676574206E
:10D350006F7574206F662072616E676520283330A8
:10D3600030302D34343030206D5629004F4B202D75
:10D37000206D756C7469706C69657220252E33663A
:10D38000202D3E20252E33662020282575202D3E79
:10D39000202575206D5629006164632E6D756C74AF
:10D3A00069706C6965722066756C6C006164632ECF
:10D3B0006D756C7469706C69657220004572726F6E
:10D3C000723A20696E76616C6964206D756C74695F
:10D3D000706C69657220283020746F2072657365E7
:10D3E000742C206F72203130302D333030303029A2
:10D3F000004F4B202D207573696E67206465666150
:10D40000756C7420626F617264206D756C746970E4
:10D410006C696572004F4B202D206D756C746970BE
:10D420006C6965722073657420746F20252E3366D5
:10D4300000726164696F2E72786761696E20004FB7
:10D440004B202D20726164696F2E72786761696E5E
:10D450003D2564004572726F723A20756E73757067
:10D46000706F72746564004572726F723A206D75E8
:10D47000737420626520302C20312C206F6E2C209C
:10D480006F72206F66660072786475747920004F41
:10D490004B202D207278647574793D2564202872A4
:10D4A00065626F6F7420746F206170706C792900F1
:10D4B00075736167653A20736574206770732064C3
:10D4C000757479203C7365636F6E64733E207C20B5
:10D4D00064656661756C7420202830203D20616C85
:10D4E00077617973206F6E29004F4B202D20677074
:10D4F0007320647574793D302028616C776179738D
:10D50000206F6E29004F4B202D20677073206475AB
:10D5100074793D25752073006D65736874696D6558
:10D5200073796E6320004F4B202D206D65736874F6
:10D53000696D6573796E63206F6E004F4B202D20EF
:10D540006D65736874696D6573796E63206F666667
:10D5500000756E6B6E6F776E20636F6E6669673AEB
:10D5600020252E323330730046696C652073797341
:10D5700074656D2065726173653A204F4B202D20D4
:10D580007265626F6F74696E670046696C652073BF
:10D59000797374656D2065726173653A20457272A6
:10D5A00000257320284275696C643A202573290090
:10D5B00073656E736F7220676574200073656E7398
:10D5C0006F7220736574200063616E277420666932
:10D5D0006E6420637573746F6D207661720073657D
:10D5E0006E736F72206C697374006E6F2063757355
:10D5F000746F6D2076617200256420766172730A03
:10D600000025733D25730A002E2E2E206E6578743A
:10D610003A256400677073206F6E00677073207422
:10D620006F67676C65206E6F7420666F756E64003F
:10D63000677073206F666600677073207365746C23
:10D640006F630067707320616476657274003E20BA
:10D650006E6F6E65003E207072656673003E2073CB
:10D660006861726500706F776572736176696E6765
:10D67000004E6F7420696D706C656D656E746564C5
:10D68000006C6F67207374617274002020206C6FCF
:10D690006767696E67206F6E006C6F672073746FC9
:10D6A00070002020206C6F6767696E67206F666668
:10D6B000006C6F67206572617365002020206C6FBD
:10D6C0006720657261736564006C6F6700202020BD
:10D6D000454F460073746174732D7061636B65749C
:10D6E000730073746174732D726164696F00737475
:10D6F0006174732D636F726500556E6B6E6F776E1C
:10D7000020636F6D6D616E64004572726F723A20B6
:10D710006E616D652063616E6E6F7420636F6E74F1
:10D7200061696E205B205D205C203A202C203F2028
:10D730002A007A657068636F72655F636C6900695F
:10D740006E7075745F6D756C74695F746170004C98
:10D750004544206865617274626561742073746108
:10D76000727465640075695F6C6564007A65726FD8
:10D770002D686F70206164766572742072657175B2
:10D7800065737465642028646566657272656429D2
:10D79000004750532073776974636820E2869220B3
:10D7A0002573004C454473202573202875736572DA
:10D7B00020746F67676C65290047505320746F674A
:10D7C000676C652069676E6F72656420E2809420E3
:10D7D0006E6F2047505320686172647761726500F4
:10D7E00047505320746F67676C6520E2869220254E
:10D7F0007300666C6F6F642061647665727420726A
:10D800006571756573746564006465657020736C1B
:10D810006565703A207368757474696E6720646F0B
:10D82000776E2E2E2E006465657020736C656570B2
:10D830003A20656E746572696E67205379737465FA
:10D840006D204F464600554920696E697469616CC8
:10D85000697A65640075695F7461736B00686561FE
:10D860007020636F7272757074696F6E20286E6FAE
:10D870007420696E207573653F29206174202570BE
:10D88000006865617020636F7272757074696F6E85
:10D890002028627566666572206F766572666C6FA9
:10D8A000773F2920617420257000686561702063CE
:10D8B0006F7272757074696F6E2028646F75626C18
:10D8C0006520667265653F29206174202570006FB0
:10D8D000735F686561700028756E7369676E656453
:10D8E000292063686172202A207573656420666F41
:10D8F000722025257020617267756D656E742E200B
:10D9000049742773207265636F6D6D656E6465641D
:10D9100020746F206361737420697420746F2076A3
:10D920006F6964202A20626563617573652069747C
:10D93000206D6179206361757365206D697362651F
:10D94000686176696F7220696E20636572746169BF
:10D950006E20636F6E66696775726174696F6E734E
:10D960002E20537472696E673A22257322206172E9
:10D9700067756D656E743A25640063627072696ED6
:10D9800074665F7061636B616765004661696C65B1
:10D990006420746F207265626F6F743A20737069CF
:10D9A0006E6E696E6720656E646C6573736C792E3C
:10D9B0002E2E0A007379735F6765746F7074006C44
:10D9C0006F6767696E67006C6F675F6D676D740086
:10D9D0004D657373616765202822257322292064B1
:10D9E000726F70706564206265636175736520692C
:10D9F0007420657863656564732073697A65206C4B
:10DA0000696D69746174696F6E2028257529004DF0
:10DA10006573736167652064726F707065642062FE
:10DA200065636175736520697420657863656564F5
:10DA3000732073697A65206C696D69746174696FAC
:10DA40006E2028257529001B5B306D002573200092
:10DA50005B2530386C755D20005B253032753A25CA
:10DA60003032753A253032752E253033752C2530FD
:10DA700033755D20003C25733E200025732F002563
:10DA8000733A2000253032782000202020007C00CE
:10DA90002563001B5B313B33316D001B5B313B3336
:10DAA000336D006572720077726E00696E66006495
:10DAB0006267006C6F675F6261636B656E645F7560
:10DAC000617274006C6F675F75617274006163747A
:10DAD0006976650073757370656E64656400706D5A
:10DAE0005F6465766963650073657474696E6773F6
:10DAF0000053697A65206F6620434F4E4649475F61
:10DB0000464C4153485F46494C4C5F42554646455A
:10DB1000525F53495A45004E6567617469766520C6
:10DB20006F6666736574206E6F7420616C6C6F77BE
:10DB300065640A00496E636F72726563742073696D
:10DB40007A65206F72206F666673657420616C69F8
:10DB5000676E6D656E742C2065787065637465649E
:10DB600020257A780A0046696C6C20746F20646501
:10DB700076202570206661696C6564206174206F71
:10DB80006666736574203078257A780A00666C6161
:10DB900073680072302F61313A2020307825303898
:10DBA00078202072312F61323A20203078253038A9
:10DBB00078202072322F61333A2020307825303897
:10DBC000780072332F61343A20203078253038784D
:10DBD000207231322F69703A202030782530387821
:10DBE000207231342F6C723A20203078253038780A
:10DBF0000020787073723A20203078253038780011
:10DC00004661756C74696E6720696E7374727563B2
:10DC100074696F6E20616464726573732028723159
:10DC2000352F7063293A2030782530387800556ECA
:10DC300068616E646C6564204952516E3A202564B7
:10DC4000002A2A2A2A2A2055534147452046415571
:10DC50004C54202A2A2A2A2A0020204469766973F3
:10DC6000696F6E206279207A65726F002020556E90
:10DC7000616C69676E6564206D656D6F7279206196
:10DC80006363657373002020537461636B206F7648
:10DC90006572666C6F772028636F6E746578742088
:10DCA00061726561206E6F742076616C6964290011
:10DCB00020204E6F20636F70726F636573736F7295
:10DCC00020696E737472756374696F6E73002020BF
:10DCD000496C6C6567616C206C6F6164206F6620B5
:10DCE0004558435F52455455524E20696E746F201B
:10DCF0005043002020496C6C6567616C207573652A
:10DD0000206F6620746865204550535200202041E2
:10DD10007474656D707420746F20657865637574B4
:10DD20006520756E646566696E656420696E7374DE
:10DD300072756374696F6E002A2A2A2A2A204D5050
:10DD400055204641554C54202A2A2A2A2A002020B0
:10DD5000537461636B696E67206572726F722028FD
:10DD6000636F6E746578742061726561206D696798
:10DD70006874206265206E6F742076616C69642916
:10DD8000002020556E737461636B696E6720657245
:10DD9000726F720020204461746120416363657377
:10DDA000732056696F6C6174696F6E0020204D4D51
:10DDB00046415220416464726573733A203078257D
:10DDC00078002020496E737472756374696F6E20D9
:10DDD0004163636573732056696F6C6174696F6E1C
:10DDE000002020466C6F6174696E672D706F696EDC
:10DDF00074206C617A792073746174652070726527
:10DE0000736572766174696F6E206572726F7200ED
:10DE10002A2A2A2A2A20425553204641554C54206A
:10DE20002A2A2A2A2A002020537461636B696E67AC
:10DE3000206572726F72002020507265636973658D
:10DE4000206461746120627573206572726F720064
:10DE500020204246415220416464726573733A2027
:10DE600030782578002020496D707265636973658C
:10DE7000206461746120627573206572726F720034
:10DE80002020496E737472756374696F6E206275B9
:10DE900073206572726F7200526573657276656485
:10DEA00020457863657074696F6E20280053707523
:10DEB00072696F757320696E746572727570742003
:10DEC000284952512000535053454C20696E20740C
:10DED0006872656164206D6F646520646F6573208E
:10DEE0006E6F7420696E646963617465205053506D
:10DEF000002A2A2A2A2A2048415244204641554CC9
:10DF000054202A2A2A2A2A0020204275732066617A
:10DF1000756C74206F6E20766563746F7220746107
:10DF2000626C6520726561640020204465627567DB
:10DF3000206576656E740020204661756C742065DE
:10DF40007363616C6174696F6E202873656520620C
:10DF5000656C6F772900415243485F4558434550EF
:10DF600054207769746820726561736F6E2025781C
:10DF70000A002A2A2A2A2A204465627567206D6FC2
:10DF80006E69746F7220657863657074696F6E2056
:10DF90002A2A2A2A2A002A2A2A2A2A2025732025E0
:10DFA0006429202A2A2A2A2A006D70750046616990
:10DFB0006C656420746F20616C6C6F6361746520A4
:10DFC0006E6577204D505520726567696F6E20250C
:10DFD000750A00506172746974696F6E2025753A14
:10DFE00020636F686572656E636520636865636B47
:10DFF000206661696C65642E00496E76616C6964A7
:10E0000020756E6465726C79696E672072656769E8
:10E010006F6E20696E64657820257500464C41530B
:10E02000485F30005352414D5F3000736F630069A9
:10E030006E76616C69642066696C65206E616D65E1
:10E040002121006D6F756E7420706F696E74206E83
:10E050006F7420666F756E6421210066696C65209F
:10E0600073686F756C64206265206F70656E65649F
:10E0700020666F7220777269746520746F207472E5
:10E08000756E6361746521210066696C6520747228
:10E09000756E636174696F6E206E6F742073757036
:10E0A000706F7274656421210066696C65206F7001
:10E0B000656E206572726F7220282564290066697A
:10E0C0006C65207472756E636174696F6E20666131
:10E0D000696C65642028256429006661696C656443
:10E0E0002066696C6520636C6F736520616674657A
:10E0F00072207472756E63617465206661696C75F7
:10E10000726520282564290066696C6520636C6F40
:10E110007365206572726F72202825642900666914
:10E120006C652072656164206572726F72202825AB
:10E1300064290066696C6520777269746520657270
:10E14000726F7220282564290066696C65207379D6
:10E150006E63206572726F72202825642900696ED3
:10E1600076616C6964206469726563746F7279208A
:10E170006E616D652121006469726563746F7279E7
:10E18000206F70656E206572726F72202825642979
:10E19000006469726563746F7279207265616420CE
:10E1A0006572726F72202825642900646972656344
:10E1B000746F727920636C6F7365206572726F7211
:10E1C0002028256429006661696C656420746F20CD
:10E1D000637265617465206469726563746F7279D6
:10E1E0002028256429006661696C656420746F20AD
:10E1F000756E6C696E6B20706174682028256429C7
:10E20000006D6F756E7420706F696E74206E6F7420
:10E210002073616D652121006661696C65642074FD
:10E220006F2072656E616D652066696C65206F7226
:10E2300020646972202825642900696E76616C6902
:10E24000642066696C65206F7220646972206E615B
:10E250006D652121006661696C65642067657420C5
:10E2600066696C65206F72206469722073746174D2
:10E270002028256429006D6F756E7420706F696E9B
:10E2800074206E6F7420696E697469616C697A6557
:10E290006421210066696C652073797374656D2053
:10E2A000616C7265616479206D6F756E746564214F
:10E2B0002100696E76616C6964206D6F756E7420E3
:10E2C000706F696E742121006D6F756E7420706FB0
:10E2D000696E7420616C7265616479206578697318
:10E2E00074732121007265717565737465642066AD
:10E2F000696C652073797374656D2074797065201D
:10E300006E6F74207265676973746572656421212C
:10E31000006673207479706520256420646F6573CE
:10E32000206E6F7420737570706F7274206D6F75CE
:10E330006E74696E67006D6F756E742070617468BD
:10E34000202573206973206E6F7420756E6D6F7554
:10E350006E7461626C65006673206D6F756E7420FB
:10E360006572726F722028256429004572726F727F
:10E37000206D6F756E74696E672066696C65737960
:10E380007374656D3A2061742025733A202564000A
:10E39000257320756E6D6F756E746564004C6974BD
:10E3A000746C6546532076657273696F6E202575AF
:10E3B0002E25752C206469736B2076657273696FE6
:10E3C0006E2025752E25750043616E277420696EB9
:10E3D0006974206C6974746C656673206261636B28
:10E3E000656E642C2072657669657720636F6E6652
:10E3F00069677320616E6420666C61677320307892
:10E40000253038780063616E2774206F70656E2048
:10E41000666C61736820617265612025642C2065DB
:10E4200072722025640063616E2774206765742012
:10E43000666C617368206465766963653A2025734C
:10E44000004C6974746C65465320626C6F636B5F3B
:10E4500073697A65206F6620256420736D616C6C2A
:10E460006572207468616E20726571756972656489
:10E47000206D696E696D756D2025642C20726F7535
:10E480006E64696E672075702E004653206174209B
:10E4900025733A30782578206973202575203078E7
:10E4A00025782D6279746520626C6F636B732077B9
:10E4B000697468202575206379636C6500706172EA
:10E4C000746974696F6E2073697A65733A20726437
:10E4D000202575203B207072202575203B2063612C
:10E4E000202575203B206C612025750063616E2717
:10E4F00074206D6F756E7420284C46532025642956
:10E500003B20666F726D617474696E670063616E43
:10E51000206E6F7420666F726D6174207265616425
:10E520002D6F6E6C792073797374656D0072656DF3
:10E530006F756E7420616674657220666F726D61AE
:10E5400074206661696C656420284C4653202564FC
:10E5500029002573206D6F756E746564002F6C66DD
:10E5600073006C6974746C65667300696E707574A1
:10E570000063616368655F6E72667800636C6F63E9
:10E580006B40313065303030006866636C6B006C16
:10E5900066636C6B00636C6F636B5F636F6E74724A
:10E5A0006F6C00726E67007272616D2D636F6E74B6
:10E5B000726F6C6C657240353030346230303000D0
:10E5C000666C6173685F6E72665F7272616D006720
:10E5D00070696F40313061303030006770696F4072
:10E5E0006438323030006770696F40353034303015
:10E5F000004750494F20706F7274202573206E6F52
:10E6000074207265616479006661696C6564207468
:10E610006F20636F6E666967757265204750494F5A
:10E6200020686F6720666F7220706F727420257388
:10E630002070696E20257520286572722025642956
:10E64000006770696F5F686F677300693263004EBF
:10E6500065656420746F2075736520746865206932
:10E660006E7465726E616C20647269766572206288
:10E6700075666665722062757420697473207369AB
:10E680007A6520697320696E73756666696369656A
:10E690006E7420282575202B202575203E20257599
:10E6A000292E2041646A75737420746865207A6528
:10E6B000706879722C636F6E6361742D6275662D5C
:10E6C00073697A65206F72207A65706879722C663A
:10E6D0006C6173682D6275662D6D61782D73697A32
:10E6E000652070726F706572747920287468652077
:10E6F0006F6E6520776974682067726561746572F2
:10E700002076616C75652920696E20746865202209
:10E71000257322206E6F64652E00693263403130AC
:10E7200034303030006932635F6E7266785F7477C0
:10E73000696D00756E737570706F727465642073A7
:10E740007065656400547279696E6720746F207417
:10E7500072616E73666572206D6F72652074686198
:10E760006E20746865206D6178696D756D207369C0
:10E770007A6520666F7220746869732064657669B3
:10E7800063653A202564203E202564004661696C5B
:10E79000656420746F20696E697469616C697A655B
:10E7A000206465766963653A202573006B65795F3F
:10E7B000696E6465782025642067657420666169E8
:10E7C0006C65643A2025640050696E2025642063DE
:10E7D0006F6E66696775726174696F6E20666169D4
:10E7E0006C65643A202564002573206973206E6F80
:10E7F0007420726561647900436F756C64206E6F7C
:10E800007420736574206770696F2063616C6C623B
:10E8100061636B0050696E20256420696E746572B7
:10E820007275707420636F6E666967757261746962
:10E830006F6E206661696C65643A202564006275BC
:10E8400074746F6E73006770696F5F6B65797300C6
:10E850004255535920737475636B204849474820CB
:10E860002831303030206D73290043414420706FCF
:10E870006C6C2054494D454F555420286C6173747D
:10E88000206972713D3078253038782900636164E1
:10E8900020726573756C743A202564007265637626
:10E8A0005F647574795F6379636C653A206578702D
:10E8B0006C696369742072782F736C656570207061
:10E8C0006572696F64732072657175697265640041
:10E8D000726563765F647574795F6379636C653ABA
:10E8E0002072783D25756D7320736C6565703D25CC
:10E8F000756D7300525820646961673A20476574EA
:10E900005278506B744C656E6774682072633D2555
:10E9100064207261773D25303278202530327820AE
:10E9200025303278202530327800525820646961D1
:10E93000673A204649464F2072633D25643A2025B8
:10E94000303278202530327820253032782025303A
:10E950003278202530327820253032782025303228
:10E9600078202530327820253032782025303278D2
:10E97000202530327820253032782025303278201A
:10E9800025303278202530327820253032780052F8
:10E990005820646961673A20506B745374617475D0
:10E9A000732072633D25643A20253032782025306B
:10E9B00032782025303278202530327820253032C8
:10E9C0007820253032782025303278202530327872
:10E9D00000525820646961673A2052737369496E26
:10E9E00073742072633D2564207261773D25303257
:10E9F0007820253032782025303278202530327842
:10EA000020287369673D25642064426D29005258AF
:10EA100020646961673A204765744572726F72734A
:10EA20002072633D2564207261773D253032782065
:10EA30002530327820253032782025303278006C2D
:10EA400072323078785F64696F31005350492062C8
:10EA50007573206E6F74207265616479004255533E
:10EA600059204750494F206E6F7420726561647958
:10EA7000005245534554204750494F206E6F742033
:10EA800072656164790044494F31204750494F20F5
:10EA90006E6F74207265616479004C523230787800
:10EAA0002064726976657220726567697374657235
:10EAB00065642028687720696E69742064656665DE
:10EAC0007272656420746F20666972737420636F5C
:10EAD0006E66696729005B25735D207374617475C8
:10EAE000732072656164204641494C4544005B25B2
:10EAF000735D20636D643D2564206D6F64653D2505
:10EB0000642073743D307825303478206972713D0B
:10EB1000307825303878206572723D307825303471
:10EB20007820425553593D25642044494F3D256482
:10EB300000706F73742D5345545F525800737461A5
:10EB400072745F72783A2044494F38207374696C4C
:10EB50006C204849474820E280942072652D6172FC
:10EB60006D696E672052582062792068616E64007A
:10EB70004C42543A20434144206661696C656420EC
:10EB8000282564292C2070726F63656564696E673F
:10EB9000207769746820545800706F73742D534542
:10EBA000545F545800545820646F6E6520706F6C29
:10EBB0006C2054494D454F555420286C6173742086
:10EBC0006972713D307825303878290054582064B6
:10EBD0006F6E652028706F6C6C65642C2069727193
:10EBE0003D3078253038782900545820646F6E65A0
:10EBF000202844494F2068616E646C657229005476
:10EC0000582073796E632074696D656F7574004C5C
:10EC10005232307878206861726477617265206959
:10EC20006E6974207374617274696E6700726573C3
:10EC3000657420617373657274206661696C6564C4
:10EC40000072657365742064656173736572742006
:10EC50006661696C65640042555359207374696C30
:10EC60006C2048494748206166746572207265735C
:10EC7000657420E2809420636F6E74696E75696EAE
:10EC800067004745545F56455253494F4E207261C5
:10EC9000773A2025303278202530327820253032DE
:10ECA00078202530327820286D616A6F723D257595
:10ECB000206D696E6F723D257529004C52323032DD
:10ECC00031204745545F56455253494F4E3A20250F
:10ECD000752E2575007374616E64627920666169B2
:10ECE0006C65643A202564007365745F72785F74A4
:10ECF000785F66616C6C6261636B206661696C65EC
:10ED0000643A202564007365745F64696F5F66759B
:10ED10006E6374696F6E206661696C65643A202564
:10ED2000640063616C69627261746528307836468C
:10ED300029206661696C65643A2025640042555358
:10ED40005920737475636B20484947482061667485
:10ED500065722063616C69627261746500736574C9
:10ED60005F706B745F74797065206661696C65644F
:10ED70003A20256400696E69743A206368697020DE
:10ED800056424154207265616473202575206D568A
:10ED9000202872633D256429004C52323078782057
:10EDA0006472697665722072656164790048617287
:10EDB000647761726520696E6974206661696C654B
:10EDC000643A2025640044494F31206972712072F1
:10EDD00061773A20307825303878202872633D25D5
:10EDE000642C2070696E3D256429004661696C655C
:10EDF0006420746F207265616420495251207374DD
:10EE000061747573202872633D256429004952514D
:10EE1000206861726477617265204552524F523AA0
:10EE200020307825303878005258206F6B3A2072A5
:10EE300061775F6C656E3D25752073745F6C656EE0
:10EE40003D257520727373693D2564207369673DA4
:10EE5000256420736E723D256420646174613D25D4
:10EE60003032782025303278202530327820253015
:10EE70003278202530327820253032782025303203
:10EE800078202530327820253032782025303278AD
:10EE900020253032782025303278202530327820F5
:10EEA00025303278202530327820253032782025E0
:10EEB00030327820253032782025303278202530C5
:10EEC00032782025303278202530327820253032B3
:10EED000782025303278202530327820253032785D
:10EEE00020253032782025303278202530327820A5
:10EEF0002530327820253032782025303278005283
:10EF0000583A20696E76616C6964206C656E2028C1
:10EF10007261773D25642073743D25642900525841
:10EF2000206572726F723A204352433D2564204837
:10EF300044523D2564205258444F4E453D256400BF
:10EF400044494F31207361666574793A206E6F20B1
:10EF50004952512068616E646C65642028307825C0
:10EF60003038782072633D2564292C2072657374D3
:10EF7000617274696E672052580044494F312073A2
:10EF80007475636B204849474820666F722025647A
:10EF9000206379636C657320E28094204857207267
:10EFA000657365740073746172745F72783A20449B
:10EFB000494F2D737475636B2D48572D72657365BA
:10EFC00074006C6F72614030006C72323078785F20
:10EFD0006C6F7261004750494F20706F72743A2015
:10EFE0002573206E6F7420726561647900766261AA
:10EFF000742D70777200726673772D70777200725D
:10F000006673772D63746C0070646D2D696D752D5A
:10F0100070777200726567756C61746F725F666994
:10F020007865640074656D7040643730303000740A
:10F03000656D705F6E72663500617474725F7365C2
:10F04000742829206E6F7420737570706F727465E8
:10F0500064206F6E2074686973206368616E6E65EA
:10F060006C2E004661696C656420746F20696E695E
:10F070007469616C697A65206368697000466169CA
:10F080006C656420746F20696E697469616C697A5B
:10F09000652073656E736F722062757300466169D7
:10F0A0006C656420746F20726573756D6520616393
:10F0B00063656C65726F6D65746572004661696C3D
:10F0C000656420746F20726573756D652067797251
:10F0D0006F004661696C656420746F20737573708E
:10F0E000656E6420616363656C65726F6D657465E0
:10F0F00072004661696C656420746F20737573706B
:10F10000656E64206779726F006C736D366473335B
:10F1100074722D63403661004C534D3644534C009D
:10F1200075617274406337303030007561727440BD
:10F13000633630303000756172745F6E7266785F6E
:10F140007561727465004661696C656420746F2036
:10F15000616C6C6F63617465204750494F54452062
:10F160006368616E6E656C20666F722057414B4517
:10F17000004661696C656420746F20636F6E666918
:10F18000677572652057414B452070696E00435387
:10F19000204750494F20706F72742025732070698A
:10F1A0006E202564206973206E6F7420726561641F
:10F1B0007900557064617465206578636565647372
:10F1C0002063757272656E74206275666665720082
:10F1D00048616C662D6475706C6578206E6F742064
:10F1E000737570706F7274656400536C617665201E
:10F1F0006D6F6465206973206E6F74207375707015
:10F200006F72746564206F6E202573004C6F6F7091
:10F210006261636B206D6F6465206973206E6F742B
:10F2200020737570706F7274656400576F7264201C
:10F2300073697A6573206F74686572207468616E93
:10F240002038206269747320617265206E6F7420AB
:10F25000737570706F727465640046726571756560
:10F260006E63696573206C6F776572207468616E78
:10F2700020313235206B487A20617265206E6F74C0
:10F2800020737570706F72746564004661696C6597
:10F290006420746F20696E697469616C697A652095
:10F2A0006E726678206472697665723A2025640011
:10F2B00057616974696E6720666F722057414B45CC
:10F2C0002061636B6E6F776C6564676D656E74202B
:10F2D00074696D6564206F75740054696D656F7530
:10F2E000742077616974696E6720666F722074722A
:10F2F000616E7366657220636F6D706C6574650016
:10F30000737069403461303030007370695F6E72C1
:10F3100066785F7370696D0025733A25643A2043FF
:10F320006F727275707465642064697220706169AF
:10F3300072206174207B307825782C2030782578F5
:10F340007D00574553545F544F504449522F6D6FC1
:10F3500064756C65732F66732F6C6974746C656665
:10F36000732F6C66732E630025733A25643A20432D
:10F3700079636C6520646574656374656420696E87
:10F38000207461696C206C6973740025733A25647C
:10F390003A204E6F206D6F7265206672656520732E
:10F3A0007061636520307825780025733A25643ACA
:10F3B000205375706572626C6F636B2030782578AE
:10F3C00020686173206265636F6D6520756E77726A
:10F3D000697461626C650025733A25643A20556E44
:10F3E00061626C6520746F2073706C6974207B306F
:10F3F0007825782C20307825787D0025733A25648F
:10F400003A20556E61626C6520746F20657870617A
:10F410006E64207375706572626C6F636B00257328
:10F420003A25643A20496E76616C6964207665728B
:10F4300073696F6E20762568752E25687520213DCD
:10F4400020762568752E2568750025733A25643A5F
:10F4500020556E737570706F72746564206E616D87
:10F46000655F6D617820282575203E20257529006F
:10F4700025733A25643A20556E737570706F7274F7
:10F4800065642066696C655F6D617820282575204C
:10F490003E202575290025733A25643A20556E7360
:10F4A0007570706F7274656420617474725F6D61E1
:10F4B0007820282575203E202575290025733A25BA
:10F4C000643A20496E76616C696420626C6F636B8C
:10F4D00020636F756E742028257520213D202575C9
:10F4E000290025733A25643A20496E76616C696477
:10F4F00020626C6F636B2073697A65202825752004
:10F50000213D2025752900556E6B6E6F776E206545
:10F5100072726F72003E3E3E205A4550485952204A
:10F52000464154414C204552524F522025643A20C6
:10F530002573206F6E204350552025640046617569
:10F540006C7420647572696E6720696E746572727E
:10F550007570742068616E646C696E670A0043752B
:10F560007272656E74207468726561643A202570E9
:10F5700020282573290043505520657863657074F1
:10F58000696F6E00556E68616E646C656420696EAB
:10F590007465727275707400537461636B206F765A
:10F5A0006572666C6F77004B65726E656C206F6F6D
:10F5B0007073004B65726E656C2070616E696300DC
:10F5C0006F73002A2A2A20426F6F74696E67205A6F
:10F5D0006570687972204F53206275696C642037BA
:10F5E0003232613666393935666134202A2A2A0A70
:10F5F00000737973776F726B71004145532D32350B
:10F60000362D454342004145532D3139322D454376
:10F6100042004145532D3132382D454342006E6141
:10F620006E00286E756C6C290030313233343536FB
:10F6300037383941424344454600206D6573736154
:10F640006765732064726F70706564202D2D2D0DB9
:10F650000A1B5B306D001B5B313B33316D2D2D2D53
:10F6600020000001010301000301D9FBFBFBFBFBB0
:10F67000FBFBFBFBFBFBFBFBFBFBFBFBFBFBFBFBDA
:10F68000FBFBFBFBFBFBFBFBFBFBFBFBFBFBFBFBCA
:10F69000FBFBFBFBFBFBFBFBFBFBFBFBFBFBFBFBBA
:10F6A000FBFBFBFBFBFBFBFBE4E5FBFBFBFBEAEBF8
:10F6B000ECFBFBEFFBFBACFBF4FBFBF7FBFBFBFB0F
:10F6C000FBFBFEF2FBFBFBFBFBFBFBFBFBFBFBFB90
:10F6D000FBFBFBFBFBFBFBFBFBFBFBFBFBFBFBFB7A
:10F6E000FBFBFBFBFBFBFBFBFBFBFBFBFBFBFBFB6A
:10F6F000A6FBFBFBFBFBFBFBFBFBFBE4E5FBFBFBDC
:10F70000FBEAEBECFBFBEFFBFBFBFBF4FBFBF7FB90
:10F71000FBFBFBFBFBFE30303237373B3D4100014A
:10F720000405020608090F000718232323232323B7
:10F73000232323232323230001028E4ACC46BA1815
:10F74000766BB8E7BE39FAAD7763FFFFFFFFFFFFC7
:10F75000FFFFFFFFFFFFFFFFFF07F7E97A2E8D3165
:10F76000092C6BCE7B51EF7C6F0A0000000000007B
:10F770000000000000000000000801000000000080
:10F780000000000000000000000000000000000079
:10F790000000000000000000000010141400001C15
:10F7A0002030401C2000001C2030401014140000A9
:10F7B0001C2030401C2000001C20304040404000F5
:10F7C00000404080808080000090886848101414B9
:10F7D00000001C2030401C2000001C203040616EC6
:10F7E000006E66696E69747900616E006E66696E9E
:04F7F00069747900BF
:10F7F400000000003FF401000000000000010000D0
:10F8040000000000000000000000000000000000F4
:10F8140000000000000000000000000000000000E4
:10F824000000000039F401000000000000010000A5
:10F8340000000000000000000000000000000000C4
:10F8440000000000000000000000000000000000B4
:10F85400000000006700000000000000000000003D
:10F864000000000000000000000000000000000094
:10F874000000000000000000000000000000000084
:10F884000000000000000000000000000000000074
:10F894000000000000000000000000000000000064
:10F8A4000000000000000000000000000000000054
:10F8B4000000000000000000000000000000000044
:10F8C4000000000000000000000000000000000034
:10F8D4000000000000000000000000000000000024
:10F8E40078950200589502003C9402000000000044
:10F8F400000000004D5F0000000000000000000058
:10F90400BF0B020009140200A498020000000000CA
:10F91400DC980200000000008718020000000000CC
:10F924000000000034010020340100200000000029
:10F93400000000000E00000000C010500000000095
:10F9440000000000000000000000000000000000B3
:10F9540000000000000000000000000000000000A3
:10F964000000000000000000000000000000000093
:10F974000000000000000000000000000000000083
:10F984000000000000000000000000000000000073
:10F994000000000000000000000000000000000063
:10F9A4000000000000000000000000000001000052
:10F9B40000A00D5000000000000000000000000046
:10F9C4000000000000000000000000000000000033
:10F9D4000000000000000000000000000000000023
:10F9E4000000000000000000000000000000000013
:10F9F4000000000000000000000000000000000003
:10FA040000000000000000000000000000000000F2
:10FA140000000000000000000000000000000000E2
:10FA2400000000000000000038020020380200201E
:10FA34000000000000000000010000005DE502007D
:10FA4400640200200000000000000000000000002C
:10FA5400040000000000000000000000000000009E
:10FA64000000000000000000100000001000000072
:10FA74000000000000000000000200004000000040
:10FA8400200000000000000038640020F86300201B
:10FA9400D863002000000000000000000000000007
:10FAA4000000000000000000000000000000000052
:10FAB4000000000000000000000000000000000042
:10FAC4000000000000000000000000000000000032
:10FAD4000000000000000000000000000000000022
:10FAE4000000000000000000000000000000000012
:10FAF4000000000000000000000000000000000002
:10FB040000000000000000000000000000000000F1
:10FB140000000000000000000000000000000000E1
:10FB240000000000000000000000000000000000D1
:10FB340000000000000000000000000000000000C1
:10FB440000000000000000000000000000000000B1
:10FB540000000000000000000000000000000000A1
:10FB64000000000000000000000000000000000091
:10FB74000000000000000000000000001000000071
:10FB84001000000000000000000000000000000061
:10FB94000001000020000000000000009865002023
:10FBA4009864002078640020000000000000000039
:10FBB4000000000000000000000000000000000041
:10FBC4000000000000000000000000000000000031
:10FBD4000000000000000000000000000000000021
:10FBE4000000000000000000000000000000000011
:10FBF4000000000000000000000000000000000001
:10FC040000000000000000000000000000000000F0
:10FC140000000000000000000000000000000000E0
:10FC240000000000000000000000000000000000D0
:10FC340000000000000000000000000000000000C0
:10FC440000000000000000000000000000000000B0
:10FC540000000000000000000000000000000000A0
:10FC64000000000000000000000000000000000090
:10FC74000000000000000000000000000000000080
:10FC840000000000291E0200000000000000000027
:10FC940000000000291E0200000000000000000017
:10FCA40000000000291E0200000000008001000086
:10FCB40000000000231F02000000000000000000FC
:10FCC400000000000060180600000101311E02005F
:10FCD4001000000015000100089A02006FB2002015
:10FCE400FFFF000000000000000000000000000012
:10FCF40000000000B5030100000000000000000047
:10FD040000000000C1240100000000000000000009
:10FD140000000000892C02000000000038050020CB
:10FD240000000000000000000000000000000000CF
:10FD34000FB40020200000000000000000000000BC
:10FD44000000000000000000892C020000000000F8
:10FD54006C0500200000000000000000000000000E
:10FD64000000000031B4002020000000000000006A
:10FD74000000000000000000000000008F2E0200C0
:10FD84000000000000A0045000000000000000007B
:10FD9400000000000000000000000000000000005F
:10FDA400000000000000000000000000000000004F
:10FDB40000000000B89C020001000000CC050020F7
:10FDC400CC0500200000000001000000DC0500203C
:10FDD400DC050020E4050020E4050020000000000C
:10FDE40001000000F4050020F405002000000000DC
:10FDF40000000000000000000000000000000000FF
:10FE040000000000000000000000000000000000EE
:10FE14008C810200000000000000000059B40020A2
:10FE240051B40020A52C010000000000FF000000D8
:10FE34000090D003FF0000000F00000071020000DA
:10FE440050060020500600205806002058060020C6
:10FE5400C9E60000E5E6000000010101000201011D
:04FE64000004020193
:10FE6800000000000000000000000000000000008A
:10FE7800000000000000000000000000000000007A
:04FE88000000000076
:10FE8C000000000000000000000000000000000066
:10FE9C000000000000000000000000000000000056
:10FEAC000000000000000000000000000000000046
:10FEBC000000000000000000000000000000000036
:04FECC000000000032
:04FED000000000002E
:10FED40000000000000000008D8801000000000008
:10FEE4000000000000000000F8060020F8060020D2
:10FEF40045F40100000000000000000000000000C4
:10FF040000000000000000000000000000000000ED
:10FF14008D880100000000000000000000000000C7
:10FF240030070020300700204BF4010000000000DF
:10FF340000000000000000000000000000000000BD
:10FF4400500700205007002000000000C82A0120AC
:10FF54000000000008000000640000000000000031
:10FF6400700700207007002000000000F82901201D
:10FF74000000000004000000340000000000000045
:10FF840000000000B0FD0020440800000000000054
:10FF940000000000000000000000000070C100200C
:10FFA4000009000000000000000000000000000044
:10FFB400C0070020C007002000000000000000006F
:04FFC4000E0000002B
:10FFC800D4070020D4070020000000000001000032
:10FFD80004000000F8250120F8290120F825012057
:10FFE800F825012000000000FC070020FC07002085
:04FFF8000000000005
:04FFFC0008080020D1
:020000023000CC
:10000000080800200000000001000000180800207F
:0400100018080020AC
:0400140015E015E0FE
:040000030000DED546
:00000001FF
